Fold,Date,Actual_Close,Predicted_GANN,Data,Predicted_GADAM,Predicted_ADAM
1,2022-01-05,6662.3,6692.784241307396,Latih,6701.765275186021,6641.476805313091
1,2022-01-06,6653.35,6664.832771722688,Latih,6670.44948786141,6654.045064095718
1,2022-01-07,6701.32,6654.023615294856,Latih,6665.377104940429,6628.823853835472
1,2022-01-10,6691.12,6698.425771799106,Latih,6711.45786485674,6634.664553270945
1,2022-01-11,6647.97,6691.723237811344,Latih,6696.955310378093,6665.4223025119445
1,2022-01-12,6647.06,6651.36050348298,Latih,6657.178039690567,6647.490899260204
1,2022-01-13,6658.36,6651.387359322917,Latih,6665.017518378808,6617.288703502423
1,2022-01-14,6693.4,6661.917021944536,Latih,6675.433258643464,6619.496938261099
1,2022-01-17,6645.05,6690.430939646679,Latih,6702.555051051695,6636.153920865665
1,2022-01-18,6614.06,6648.862984220993,Latih,6654.698134188068,6648.340695897203
1,2022-01-19,6591.98,6622.652217232741,Latih,6636.644268095205,6606.965534384331
1,2022-01-20,6626.87,6613.916705129451,Latih,6628.302952878782,6579.888826131673
1,2022-01-21,6726.37,6653.390611911428,Latih,6667.526036349549,6578.022643961926
1,2022-01-24,6655.17,6730.6065376714105,Latih,6743.514189702893,6622.567192202665
1,2022-01-25,6568.17,6660.736926434649,Latih,6666.208164208843,6673.78655412437
1,2022-01-26,6600.82,6577.569449025394,Latih,6591.990491730574,6599.629110786249
1,2022-01-27,6611.16,6638.477096087197,Latih,6653.010821486723,6576.46240063524
1,2022-01-28,6645.51,6636.014767418066,Latih,6650.268909333658,6578.613653114793
1,2022-01-31,6631.15,6663.287719538225,Latih,6677.1269331878575,6591.329619676474
1,2022-02-02,6707.65,6637.913708991269,Latih,6651.723845958572,6611.580785121178
1,2022-02-03,6683.85,6712.161033144315,Latih,6725.24288151177,6620.834787433006
1,2022-02-04,6731.39,6685.556554583924,Latih,6690.827631684261,6667.9919595879455
1,2022-02-07,6804.94,6727.266928781293,Latih,6732.152623787248,6663.4092697766555
1,2022-02-08,6789.52,6798.440232528481,Latih,6802.104569722447,6714.919614803216
1,2022-02-09,6834.61,6790.094486177595,Latih,6793.395955660375,6762.133985518841
1,2022-02-10,6823.64,6830.218514237441,Latih,6833.101473620572,6762.756496608881
1,2022-02-11,6815.61,6823.711625386512,Latih,6826.390056263244,6791.320137969883
1,2022-02-14,6734.49,6815.485983880197,Latih,6818.340605103409,6781.681618689925
1,2022-02-15,6807.5,6740.483525837684,Latih,6744.3561580023415,6755.713461588648
1,2022-02-16,6850.2,6801.031306754384,Latih,6804.642428133521,6717.716462473294
1,2022-02-17,6835.12,6845.9270125103385,Latih,6848.492512760202,6779.1646921140255
1,2022-02-18,6892.82,6835.463901308217,Latih,6837.8911712634945,6805.035068848167
1,2022-02-21,6902.96,6887.175493691609,Latih,6889.032687647984,6809.063413187895
1,2022-02-22,6861.99,6901.014981649565,Latih,6902.3247616947165,6851.692530364434
1,2022-02-23,6920.06,6864.252348890942,Latih,6865.97114374761,6848.437988705675
1,2022-02-24,6817.82,6914.26460120802,Latih,6915.600820355465,6834.575226741471
1,2022-02-25,6888.17,6825.104056639708,Latih,6827.218003187216,6849.2136904442705
1,2022-03-01,6921.44,6881.550231793567,Latih,6883.59057930772,6795.8774331605755
1,2022-03-02,6868.4,6917.591138251473,Latih,6918.717068417718,6853.1076237053085
1,2022-03-04,6928.33,6871.584061771078,Latih,6873.090141072912,6862.8860191297945
1,2022-03-07,6869.07,6922.351168394139,Latih,6923.542172935059,6841.106550133863
1,2022-03-08,6814.18,6872.740862174077,Latih,6874.187944085641,6867.840449471516
1,2022-03-09,6864.44,6817.752066044247,Latih,6820.286907063758,6812.879379583035
1,2022-03-10,6924.01,6859.508123127859,Latih,6861.855864769857,6787.3841933340145
1,2022-03-11,6922.6,6918.078858451297,Latih,6919.350235331108,6837.269947312512
1,2022-03-14,6952.2,6921.476589055111,Latih,6922.323188945105,6878.294888310476
1,2022-03-15,6918.19,6948.502626757675,Latih,6949.009928351695,6884.755672262356
1,2022-03-16,6992.4,6919.6531561232105,Latih,6920.342936054518,6896.768140179561
1,2022-03-17,6964.38,6985.010490385353,Latih,6985.0754381561865,6891.796913728163
1,2022-03-18,6954.96,6965.165127179678,Latih,6965.011219109353,6936.302658550791
1,2022-03-21,6955.18,6954.322689766938,Latih,6954.487738975341,6914.471239778448
1,2022-03-22,7000.82,6953.782682180459,Latih,6954.014958028848,6907.983088296103
1,2022-03-23,6996.12,6995.6424278104905,Latih,6995.333725442946,6919.607916350415
1,2022-03-24,7049.69,6994.9270739031435,Latih,6994.335791760743,6950.129612728411
1,2022-03-25,7002.53,7043.669552989073,Latih,7042.480109895535,6960.330126462038
1,2022-03-28,7049.6,7004.651683795513,Latih,7003.622436763109,6985.687567731201
1,2022-03-29,7011.69,7044.091819002695,Latih,7042.855870097943,6964.760079288539
1,2022-03-30,7053.19,7013.042353409592,Latih,7011.905619715515,6987.927485101282
1,2022-03-31,7071.44,7048.104316761562,Latih,7046.758095910616,6972.025325151739
1,2022-04-01,7078.76,7068.103419232439,Latih,7066.233944703411,7005.439919314446
1,2022-04-04,7116.22,7076.25130487926,Latih,7074.160104821992,7019.956906631057
1,2022-04-05,7148.3,7111.170754506665,Latih,7108.582718772965,7034.457604253358
1,2022-04-06,7104.22,7143.530907472453,Latih,7140.286262013993,7068.5421437454925
1,2022-04-07,7127.37,7105.644623416738,Latih,7102.683064148501,7079.7460773278
1,2022-04-08,7210.83,7123.397647130568,Latih,7120.4891348720375,7054.945608559916
1,2022-04-11,7203.79,7201.735926498264,Latih,7197.669664307921,7092.004789717271
1,2022-04-12,7214.78,7201.853203857034,Latih,7197.251660623639,7148.209299237809
1,2022-04-13,7262.78,7211.374403576941,Latih,7206.695252188534,7146.081595072827
1,2022-04-14,7235.53,7256.245801395275,Latih,7250.917931921578,7165.780815243805
1,2022-04-18,7275.29,7235.0425697852115,Latih,7229.6811080921625,7192.273766369907
1,2022-04-19,7199.23,7269.3487082017455,Latih,7263.719268376925,7183.338995645133
1,2022-04-20,7227.36,7202.748124213308,Latih,7197.722753518909,7191.839261984913
1,2022-04-21,7276.19,7222.548627457711,Latih,7217.754561982247,7146.076108906351
1,2022-04-22,7225.61,7269.530553519824,Latih,7263.951037809947,7177.8900084961315
1,2022-04-25,7215.98,7227.003943253849,Latih,7221.660248299929,7199.0952657676635
1,2022-04-26,7232.15,7214.192647296281,Latih,7209.337558769078,7161.540092959487
1,2022-04-27,7196.76,7228.25896713743,Latih,7223.284153577181,7158.91525770911
1,2022-04-28,7228.91,7197.086822421639,Latih,7192.410456317751,7161.251942615592
1,2022-05-09,6909.75,7223.775207678172,Latih,7218.981142202707,7144.749975864968
1,2022-05-10,6819.79,6933.703017464928,Latih,6932.441958798221,7086.858807762934
1,2022-05-11,6816.2,6826.098339911139,Latih,6828.265417870916,6842.547196350136
1,2022-05-12,6599.84,6815.723788096344,Latih,6818.599953073299,6779.155576637417
1,2022-05-13,6597.99,6617.083821560301,Latih,6622.543163848527,6722.277851188204
1,2022-05-17,6644.47,6624.479875567861,Latih,6638.877464911352,6577.444389486724
1,2022-05-18,6793.41,6667.107251941576,Latih,6681.026363165693,6581.9198788137755
1,2022-05-19,6823.33,6784.76674330774,Latih,6796.878131026658,6651.643842880887
1,2022-05-20,6918.14,6820.183366221821,Latih,6823.170815975702,6762.623309367326
1,2022-05-23,6840.77,6909.460365223933,Latih,6911.105729852367,6807.2380811983685
1,2022-05-24,6914.14,6845.993247420231,Latih,6847.850251470843,6853.648707424442
1,2022-05-25,6883.5,6907.166388013411,Latih,6908.7297977549315,6818.347019698059
1,2022-05-27,7026.26,6884.852840710923,Latih,6886.234595040128,6861.610717530888
1,2022-05-30,7037.56,7013.321641484562,Latih,7013.243569115463,6876.211094577952
1,2022-05-31,7148.97,7034.922071547574,Latih,7033.6524882221875,6978.217350248156
1,2022-06-02,7148.72,7137.95168717154,Latih,7135.2820341611705,7014.0706298125415
1,2022-06-03,7182.96,7146.494703408561,Latih,7143.002294231734,7091.396964672877
1,2022-06-06,7096.58,7177.865995967474,Latih,7173.970817768659,7099.829835567549
1,2022-06-07,7141.04,7101.369422686175,Latih,7098.241252762154,7101.901749639586
1,2022-06-08,7193.31,7135.328666576227,Latih,7132.31519973286,7053.074614784786
1,2022-06-09,7182.83,7186.750125155536,Latih,7182.789619374362,7097.096627428606
1,2022-06-10,7086.65,7181.257797291365,Latih,7177.033702311602,7130.770928272088
1,2022-06-13,6995.44,7092.255423122719,Latih,7089.245543388201,7099.31544415839
1,2022-06-14,7049.88,7001.061705257954,Latih,6999.842425859035,7009.5791053176545
1,2022-06-15,7007.05,7043.790248651571,Latih,7042.603506439991,6959.905497176703
1,2022-06-16,7050.33,7008.810493394199,Latih,7007.726426898303,6986.955716213047
1,2022-06-17,6936.97,7045.116972510882,Latih,7043.838906728096,6968.0833035314645
1,2022-06-20,6976.38,6944.597109245115,Latih,6944.337782375866,6969.653064565715
1,2022-06-21,7044.07,6971.802164779959,Latih,6971.917205470857,6900.815369592356
1,2022-06-22,6984.31,7036.962967678374,Latih,7035.986092435187,6945.205356302315
1,2022-06-23,6998.27,6987.505134685099,Latih,6986.732851250231,6977.203970897255
1,2022-06-24,7042.94,6995.598243069709,Latih,6995.10377066499,6939.201591118626
1,2022-06-27,7016.06,7037.65055314309,Latih,7036.524833983249,6960.126927295978
1,2022-06-28,6996.46,7016.524338870112,Latih,7015.385284105602,6984.399669050037
1,2022-06-29,6942.35,6996.438723774017,Latih,6995.730417480529,6960.801261558588
1,2022-06-30,6911.58,6945.287817604595,Latih,6945.364159721189,6933.585444697193
1,2022-07-01,6794.33,6912.817603699017,Latih,6913.658506416131,6888.264497737334
1,2022-07-04,6639.17,6802.900865685973,Latih,6805.355271064673,6837.418812329807
1,2022-07-05,6703.27,6651.419279316527,Latih,6656.5759540203335,6716.97213738682
1,2022-07-06,6646.41,6705.309402032216,Latih,6718.395270071647,6625.30479982511
1,2022-07-07,6652.59,6650.886968188595,Latih,6656.632904648495,6655.538577966256
1,2022-07-08,6740.22,6656.9431051615,Latih,6670.523361203089,6617.595090074695
1,2022-07-11,6722.15,6733.816620281064,Latih,6746.4441613126055,6643.914498984675
1,2022-07-12,6718.29,6723.234237709663,Latih,6727.811367502235,6700.243233249802
1,2022-07-13,6640.99,6718.27260149928,Latih,6723.029276640139,6686.7209512174295
1,2022-07-14,6690.09,6647.100600716632,Latih,6652.799271742267,6664.609632451548
1,2022-07-15,6651.9,6692.753814184087,Latih,6705.968586035092,6623.256122833201
1,2022-07-18,6659.25,6654.882390254301,Latih,6660.661132934702,6647.763261049997
1,2022-07-19,6736.09,6660.971744910194,Latih,6674.453281606153,6623.082680845119
1,2022-07-20,6874.74,6729.6389045086735,Latih,6740.318065166795,6647.502641766529
1,2022-07-21,6864.13,6862.802418392938,Latih,6865.607157702488,6735.729213968539
1,2022-07-22,6886.96,6863.992304599923,Latih,6865.894928234858,6829.373328090347
1,2022-07-25,6858.41,6884.0872883803095,Latih,6885.7987191135135,6827.741763280666
1,2022-07-26,6871.54,6859.710436067026,Latih,6861.590081104678,6836.423959341087
1,2022-07-27,6898.22,6869.49997262959,Latih,6871.435998578114,6819.892514995968
1,2022-07-28,6956.82,6894.993808437632,Latih,6896.517295767711,6835.719303458371
1,2022-07-29,6951.12,6950.818590835387,Latih,6951.451947654539,6868.981762004537
1,2022-08-01,6968.78,6950.206925474459,Latih,6950.473384360129,6908.254569134164
1,2022-08-02,6988.16,6965.948678356465,Latih,6966.0486531901915,6908.7341444868325
1,2022-08-03,7046.63,6985.106624902545,Latih,6984.846749416649,6925.872738655856
1,2022-08-04,7057.35,7040.237491643496,Latih,7039.1430858338545,6954.031669735963
1,2022-08-05,7084.65,7054.669274574587,Latih,7053.014984375307,6997.3414935684805
1,2022-08-08,7086.85,7080.541740272118,Latih,7078.4854406739,7011.650006558957
1,2022-08-09,7102.88,7084.708314906431,Latih,7082.42362197764,7031.166537386244
1,2022-08-10,7086.24,7099.577725117281,Latih,7097.087385348156,7036.724024027652
1,2022-08-11,7160.38,7085.5844556928405,Latih,7083.171935085131,7043.67638959653
1,2022-08-12,7129.28,7152.245218707405,Latih,7149.079911656461,7050.753417748281
1,2022-08-15,7093.28,7129.570597248156,Latih,7126.223402677853,7094.436258699968
1,2022-08-16,7133.45,7094.11734362252,Latih,7091.425956952646,7063.784286968777
1,2022-08-18,7186.56,7128.110348537047,Latih,7125.211036157686,7048.87453233368
1,2022-08-19,7172.43,7179.9641170347595,Latih,7176.13962598094,7090.127676756456
1,2022-08-22,7107.98,7171.191610233868,Latih,7167.140456101979,7123.4679966653175
1,2022-08-23,7163.27,7110.991778875666,Latih,7107.806890430526,7097.452721834257
1,2022-08-24,7194.71,7156.606510050379,Latih,7153.245979875408,7066.581176840137
1,2022-08-25,7174.21,7189.7839752174295,Latih,7185.642172734824,7112.890203483182
1,2022-08-26,7135.25,7173.465204225864,Latih,7169.332686024989,7129.576674232562
1,2022-08-29,7132.04,7136.132811977943,Latih,7132.612592157205,7105.543762356118
1,2022-08-30,7159.47,7130.1223367906405,Latih,7126.9286704791375,7077.67395224936
1,2022-09-02,7177.18,7152.842493431651,Uji,7149.0788144231665,7113.073019430714
1,2022-09-05,7231.88,7172.911776632156,Uji,7169.052511723126,7101.41947340496
1,2022-09-06,7233.15,7224.956379320714,Uji,7220.272290382477,7131.8956346011955
1,2022-09-07,7186.76,7230.427690947149,Uji,7225.323235052916,7170.211316686953
1,2022-09-08,7232.02,7187.997679412452,Uji,7183.431965066281,7159.432940818155
1,2022-09-09,7242.66,7225.8390191043345,Uji,7221.082301762196,7138.585381600937
1,2022-09-12,7254.46,7239.157363448237,Uji,7233.93959711561,7172.698955574121
1,2022-09-13,7318.02,7250.813357148267,Uji,7245.377241389847,7183.055909454909
1,2022-09-14,7278.08,7310.013735578164,Uji,7303.739164776905,7207.228887381643
1,2022-09-15,7305.6,7278.4016847134635,Uji,7272.127915736536,7241.340688901042
1,2022-09-16,7168.87,7300.486965289219,Uji,7294.184035227401,7220.5143569279635
1,2022-09-19,7195.49,7177.30083641776,Uji,7172.409623594369,7205.262392108531
1,2022-09-20,7196.95,7190.939994896738,Uji,7186.747466474859,7116.976215872842
1,2022-09-21,7188.31,7194.3745461178705,Uji,7189.967424184171,7135.834364521584
1,2022-09-22,7218.91,7186.568364240018,Uji,7182.252608078805,7134.676825596174
1,2022-09-23,7178.58,7213.941887286992,Uji,7209.328612097592,7136.3667336762755
1,2022-09-26,7127.5,7179.377012819138,Uji,7175.013484808292,7147.48520966538
1,2022-09-27,7112.45,7129.371787015279,Uji,7125.910691188652,7106.631247155742
1,2022-09-28,7077.03,7111.552169680672,Uji,7108.647413336114,7067.366416068147
1,2022-09-29,7036.2,7077.894327336621,Uji,7075.5196612776035,7048.0090262699805
1,2022-09-30,7040.8,7037.672751016683,Uji,7036.043064163989,7013.1421172369155
1,2022-10-03,7009.72,7038.675158034629,Uji,7037.293656913108,6985.936470884144
1,2022-10-04,7072.26,7010.543404579224,Uji,7009.495124769273,6981.319524183332
1,2022-10-05,7075.38,7065.432415781092,Uji,7063.875441734861,6975.4502966821765
1,2022-10-06,7076.62,7073.217117207121,Uji,7071.159846979451,7019.676943335597
1,2022-10-07,7026.78,7074.599631159377,Uji,7072.504548584294,7022.155846557681
1,2022-10-10,6994.4,7029.004312573737,Uji,7027.488948990172,7010.4895135439065
1,2022-10-11,6939.15,6995.394199878037,Uji,6994.630820913375,6967.7299522090525
1,2022-10-12,6909.21,6942.191889458947,Uji,6942.321278585248,6931.350085065416
1,2022-10-13,6880.63,6910.392865820575,Uji,6911.285465106416,6885.445916407749
1,2022-10-14,6814.53,6881.833465688273,Uji,6883.285675055429,6857.464758222144
1,2022-10-17,6831.12,6818.983140701091,Uji,6821.428177395499,6820.997302320635
1,2022-10-18,6834.49,6828.988157002366,Uji,6831.726999012269,6779.252048764854
1,2022-10-19,6860.42,6833.384011194147,Uji,6835.960082864799,6791.623100963267
1,2022-10-20,6980.65,6857.4217973185,Uji,6859.666504533928,6800.481740577849
1,2022-10-21,7017.77,6969.689442069587,Uji,6970.3213640451995,6848.7144703954855
1,2022-10-24,7053.04,7013.187483613554,Uji,7012.489769841495,6941.5607271063855
1,2022-10-25,7048.38,7048.445514115163,Uji,7047.055994750329,6976.210974764881
1,2022-10-26,7043.94,7046.950364945003,Uji,7045.354523519345,6999.5393784630905
1,2022-10-27,7091.76,7042.512900290556,Uji,7041.004077905483,6995.186400772393
1,2022-10-28,7056.04,7086.00431623347,Uji,7083.963335700108,7004.122184327902
1,2022-10-31,7098.89,7057.021742760012,Uji,7055.048495282003,7028.361038453644
1,2022-11-01,7052.3,7093.493819701745,Uji,7091.278885489776,7014.319448562923
1,2022-11-02,7015.69,7054.154376750061,Uji,7052.17243580825,7032.373705017632
1,2022-11-03,7034.57,7016.92217034227,Uji,7015.718083404366,6990.808439923584
1,2022-11-04,7045.53,7031.348551509445,Uji,7030.192742836541,6970.123524441776
1,2022-11-07,7102.4,7042.883174326486,Uji,7041.45791047699,6985.993105002701
1,2022-11-08,7050.13,7095.884226838425,Uji,7093.705712331607,7007.901097998681
1,2022-11-09,7070.08,7052.441300166914,Uji,7050.458937212296,7034.2664324522675
1,2022-11-10,6966.84,7066.615613085101,Uji,7064.78496373422,7002.972494840683
1,2022-11-11,7089.21,6973.536806217489,Uji,6972.778153796253,6990.880182100594
1,2022-11-14,7019.39,7077.5957954777,Uji,7076.156267595363,6949.924936517531
1,2022-11-15,7035.5,7023.220500464504,Uji,7021.699186500375,7017.377437757317
1,2022-11-16,7014.38,7032.492543823784,Uji,7031.2982897842585,6972.9274619269945
1,2022-11-17,7044.99,7014.398364957634,Uji,7013.334217466178,6978.809307611046
1,2022-11-18,7082.18,7040.798431065149,Uji,7039.529143148727,6971.832760708389
1,2022-11-21,7063.25,7077.304142427516,Uji,7075.368538491797,7002.443501788439
1,2022-11-22,7030.59,7062.8775080526575,Uji,7060.889996541808,7023.5187369144605
1,2022-11-23,7054.12,7031.444475020236,Uji,7029.983213478392,7002.159951384128
1,2022-11-24,7080.52,7050.445052990981,Uji,7048.947793756791,6985.38764323002
1,2022-11-25,7053.15,7076.501136460376,Uji,7074.517507467342,7008.368266174855
1,2022-11-28,7017.36,7053.487132302591,Uji,7051.631373189755,7019.826926686827
1,2022-11-29,7012.07,7018.520121831957,Uji,7017.2900389052065,6991.818654178441
1,2022-11-30,7081.31,7010.852233550611,Uji,7009.949843567672,6965.627990825232
1,2022-12-01,7020.8,7073.914451167655,Uji,7072.233152148795,6979.357502245961
1,2022-12-02,7019.64,7023.891163215701,Uji,7022.411670720641,7012.244200589719
1,2022-12-05,6987.33,7018.063250768248,Uji,7017.045904496971,6969.920325275716
1,2022-12-06,6892.57,6988.350299731552,Uji,6987.7233575070495,6960.993192982729
1,2022-12-07,6818.75,6898.930976910638,Uji,6899.663190229582,6914.730798754741
1,2022-12-08,6804.23,6823.792145429886,Uji,6826.098846326507,6830.351975787319
1,2022-12-09,6715.12,6804.667875505719,Uji,6807.693179808292,6775.424371514349
1,2022-12-12,6734.45,6721.829177723251,Uji,6726.015059443436,6742.939693119849
1,2022-12-13,6810.32,6732.534450423741,Uji,6737.152251700485,6685.899629894511
1,2022-12-14,6801.75,6803.613497610721,Uji,6807.191617588434,6718.397496189198
1,2022-12-15,6751.86,6801.730455369982,Uji,6804.847568558488,6768.945230005412
1,2022-12-16,6812.19,6755.316875054266,Uji,6759.087010858682,6750.451911427404
1,2022-12-19,6779.7,6806.698748832378,Uji,6810.125703823004,6730.96112338128
1,2022-12-20,6768.32,6781.662438207895,Uji,6785.026217881472,6764.701722436575
1,2022-12-21,6820.66,6768.671132687955,Uji,6772.410145047932,6739.272612842644
1,2022-12-22,6824.43,6815.760038996374,Uji,6818.964909747874,6744.523802589501
1,2022-12-23,6800.67,6823.337468832768,Uji,6826.109966363943,6781.828563548953
1,2022-12-26,6835.81,6801.851319837603,Uji,6804.876624140176,6778.47503878656
1,2022-12-27,6923.03,6832.196614862718,Uji,6834.982743407525,6770.8032890880395
1,2022-12-28,6850.52,6914.92614848261,Uji,6916.42127655213,6817.1362227565405
1,2022-12-29,6860.08,6855.31702954952,Uji,6857.022594304722,6859.496180165451
1,2022-12-30,6850.62,6858.372233459394,Uji,6860.502174292248,6811.531280775104
1,2023-01-02,6850.98,6850.452108123938,Uji,6852.623005299608,6815.794116530454
1,2023-01-03,6888.76,6850.037311736981,Uji,6852.274021809737,6809.313371372853
1,2023-01-04,6813.24,6884.702118837282,Uji,6886.489743982598,6819.0597782266495
1,2023-01-05,6653.84,6818.440622138416,Uji,6820.840651167071,6826.320445250905
1,2023-01-06,6684.56,6666.357556742146,Uji,6671.200765608862,6733.795087077641
1,2023-01-09,6688.27,6683.1189453149,Uji,6696.324517286736,6630.792158488491
1,2023-01-10,6622.5,6687.790732579844,Uji,6693.180669586975,6653.06386322127
1,2023-01-11,6584.45,6627.785391098419,Uji,6633.925007479498,6639.109086639891
1,2023-01-12,6629.93,6604.06972998642,Uji,6618.490870282061,6583.858806100341
1,2023-01-13,6641.83,6658.873592191947,Uji,6673.016317451611,6576.755195098185
1,2023-01-16,6688.06,6653.183994441641,Uji,6666.963556581153,6603.4429038154385
1,2023-01-17,6767.34,6690.617764715867,Uji,6703.849469830711,6623.329363155671
1,2023-01-18,6765.79,6760.55709246817,Uji,6764.9868131876265,6675.370020024494
1,2023-01-19,6819.91,6765.378441071538,Uji,6769.238950918345,6730.051010563992
1,2023-01-20,6874.93,6814.873242386614,Uji,6818.105733876264,6742.577869890357
1,2023-01-24,6860.85,6869.576441350026,Uji,6871.757783342643,6794.001227527293
1,2023-01-25,6829.93,6861.000191604537,Uji,6862.940121171516,6828.680826176442
1,2023-01-26,6864.82,6831.5443307692185,Uji,6833.953981689849,6811.1283640486345
1,2023-01-27,6898.98,6861.096642631333,Uji,6863.323161094826,6798.420208020839
1,2023-01-30,6872.48,6895.161453024791,Uji,6896.725748993204,6831.24240170721
1,2023-01-31,6839.34,6873.556106512589,Uji,6875.180412702008,6848.310097724835
1,2023-02-01,6862.26,6841.087053142229,Uji,6843.299328673521,6821.572252567446
1,2023-02-02,6890.57,6859.4905673951325,Uji,6861.677606560629,6804.313237044248
1,2023-02-03,6911.73,6887.249641341612,Uji,6888.932311902091,6827.350198698677
1,2023-02-06,6873.79,6908.8780297530175,Uji,6910.100896260787,6852.334032030742
1,2023-02-07,6935.3,6875.761039021058,Uji,6877.275389773889,6857.495923867862
1,2023-02-08,6940.12,6929.165662379316,Uji,6930.234325407794,6846.602591710726
1,2023-02-09,6897.37,6938.427746236376,Uji,6938.98366370564,6890.541088020251
1,2023-02-10,6880.33,6899.614384448575,Uji,6900.639685661244,6883.143667746231
1,2023-02-13,6900.14,6880.626171453043,Uji,6882.169641089484,6849.164884663263
1,2023-02-14,6941.85,6897.446167054222,Uji,6898.8818124187455,6842.307725183407
1,2023-02-15,6914.54,6937.245392957978,Uji,6938.04139351254,6866.552614092273
1,2023-02-16,6895.66,6915.491941051532,Uji,6916.301572619725,6888.661231976197
1,2023-02-17,6895.71,6896.032529657529,Uji,6897.26763453667,6864.945104012531
1,2023-02-20,6894.72,6894.591799038694,Uji,6895.966231445716,6851.842956829111
1,2023-02-21,6873.4,6893.688143017338,Uji,6895.073885367558,6851.628869732658
1,2023-02-22,6809.97,6874.064146629019,Uji,6875.7091314459285,6845.582206947247
1,2023-02-23,6839.45,6814.233302167689,Uji,6816.785783322489,6814.8289099413505
1,2023-02-24,6856.58,6836.265978847184,Uji,6838.940210696497,6778.178342683344
1,2023-02-27,6854.78,6854.291833840053,Uji,6856.5452134186435,6802.961952039633
1,2023-02-28,6843.24,6853.990411193411,Uji,6856.138076564114,6814.408542985355
1,2023-03-01,6844.94,6843.268859348932,Uji,6845.566233762542,6810.25754062358
1,2023-03-02,6857.42,6843.9188012713585,Uji,6846.28162987117,6802.668779743347
1,2023-03-03,6813.64,6855.494232726734,Uji,6857.696949667971,6806.986603767309
1,2023-03-06,6807.0,6816.33965248469,Uji,6818.967230818307,6804.651142697963
1,2023-03-07,6766.76,6806.805032757555,Uji,6809.83546451572,6772.571058530836
1,2023-03-08,6776.37,6769.390474616317,Uji,6772.945658198028,6757.843993239429
1,2023-03-09,6799.79,6775.032427120834,Uji,6778.772241305142,6732.307491936706
1,2023-03-10,6765.3,6797.260390226277,Uji,6800.652233751449,6744.869737036849
1,2023-03-13,6786.96,6767.484263872532,Uji,6771.110092397957,6752.468710626986
1,2023-03-14,6641.81,6784.626318546564,Uji,6788.2517883611035,6733.955219836855
1,2023-03-15,6628.14,6653.2593237275005,Uji,6658.439404316558,6712.516262423715
1,2023-03-16,6565.73,6636.533310378203,Uji,6650.394437042784,6608.254055534383
1,2023-03-17,6678.24,6585.725399073179,Uji,6599.721056826343,6579.601769064704
1,2023-03-20,6612.49,6709.2481847042045,Uji,6722.981546991788,6576.617024808546
1,2023-03-21,6691.61,6617.8185511306,Uji,6624.15077943147,6629.625799495438
1,2023-03-24,6762.25,6704.423143488784,Uji,6717.771186983904,6603.841128287022
1,2023-03-27,6708.93,6756.170163847234,Uji,6760.633687792448,6676.556561779991
1,2023-03-28,6760.33,6712.848819065114,Uji,6717.418922344467,6712.223058476468
1,2023-03-29,6839.44,6755.773661715415,Uji,6760.1315558553015,6688.105005516427
1,2023-03-30,6808.95,6832.348244063892,Uji,6835.390471079983,6743.694188714946
1,2023-03-31,6805.28,6810.624206450019,Uji,6813.440424507891,6790.982759832175
1,2023-04-03,6827.17,6804.858878501687,Uji,6807.9444040316685,6768.880873052506
1,2023-04-04,6833.18,6824.638492112196,Uji,6827.49260692004,6771.8338232595015
1,2023-04-05,6819.67,6831.872002612389,Uji,6834.492870942392,6788.55000371042
1,2023-04-06,6792.77,6819.959361824429,Uji,6822.695313046611,6789.328912746341
1,2023-04-10,6771.23,6794.233862086567,Uji,6797.3877747917495,6773.182871596246
1,2023-04-11,6811.31,6772.368112572461,Uji,6775.975900050431,6749.08294408622
2,2022-01-05,6662.3,6705.087518124301,Latih,6704.644869069326,6764.944382627633
2,2022-01-06,6653.35,6673.061729521467,Latih,6672.790425233259,6765.474234230247
2,2022-01-07,6701.32,6664.68498262064,Latih,6664.224913234128,6762.370097058143
2,2022-01-10,6691.12,6710.89586470278,Latih,6710.385002830942,6764.33272048476
2,2022-01-11,6647.97,6700.7449680137815,Latih,6700.507786948997,6767.5460878438025
2,2022-01-12,6647.06,6659.306068513554,Latih,6659.010410512176,6764.34227140012
2,2022-01-13,6658.36,6658.734997760964,Latih,6658.19312343919,6760.890871016707
2,2022-01-14,6693.4,6669.612167577161,Latih,6669.065164682878,6761.447626606252
2,2022-01-17,6645.05,6703.241388961094,Latih,6702.759067735392,6764.287073386934
2,2022-01-18,6614.06,6656.480903265935,Latih,6656.198237648246,6764.359579631712
2,2022-01-19,6591.98,6627.009177402415,Latih,6627.470653643243,6758.82533984008
2,2022-01-20,6626.87,6612.5633338447715,Latih,6618.279242808155,6755.154851323093
2,2022-01-21,6726.37,6639.706900779242,Latih,6638.845418302724,6755.355173925783
2,2022-01-24,6655.17,6735.181084805749,Latih,6734.519257937245,6763.63895634177
2,2022-01-25,6568.17,6665.9839183196555,Latih,6665.889451695544,6771.880970318047
2,2022-01-26,6600.82,6627.821733857699,Latih,6630.246001675063,6757.070616972472
2,2022-01-27,6611.16,6621.406063404239,Latih,6626.684311760225,6752.029773881162
2,2022-01-28,6645.51,6624.531320206083,Latih,6629.518517868452,6755.1781232717885
2,2022-01-31,6631.15,6657.503535019171,Latih,6656.751596609441,6757.9035195678725
2,2022-02-02,6707.65,6643.4467175075515,Latih,6642.890718592639,6759.812088400748
2,2022-02-03,6683.85,6717.142006408592,Latih,6716.504505228271,6762.93510320368
2,2022-02-04,6731.39,6693.7064814728665,Latih,6693.505374170559,6767.640632937875
2,2022-02-07,6804.94,6739.608472155058,Latih,6739.271791178607,6768.408965964642
2,2022-02-08,6789.52,6810.029164706799,Latih,6809.96421399835,6794.744897631437
2,2022-02-09,6834.61,6794.676157944828,Latih,6795.030797332555,6830.0291177714225
2,2022-02-10,6823.64,6838.162058500684,Latih,6838.428968471027,6828.3086526471725
2,2022-02-11,6815.61,6827.290740301643,Latih,6827.814874807035,6849.734023779371
2,2022-02-14,6734.49,6819.643125076625,Latih,6820.104618132446,6843.070332196392
2,2022-02-15,6807.5,6741.661302407854,Latih,6742.076520606153,6827.987665663099
2,2022-02-16,6850.2,6812.470096181068,Latih,6812.422812424037,6796.667411697537
2,2022-02-17,6835.12,6853.033013076821,Latih,6853.402629017272,6839.559899981654
2,2022-02-18,6892.82,6838.224655110276,Latih,6838.837864232398,6859.213307274619
2,2022-02-21,6902.96,6893.839186854406,Latih,6894.366617098196,6859.375874615649
2,2022-02-22,6861.99,6903.18697711353,Latih,6904.043756997332,6890.07229238425
2,2022-02-23,6920.06,6863.701789094249,Latih,6864.616188350062,6889.668463540418
2,2022-02-24,6817.82,6919.8548713967675,Latih,6920.535811305987,6876.724776068073
2,2022-02-25,6888.17,6821.089079854224,Latih,6822.1007818627695,6892.367426669343
2,2022-03-01,6921.44,6889.487848108156,Latih,6889.916563139899,6849.953941452541
2,2022-03-02,6868.4,6920.9977751815795,Latih,6921.828121898222,6890.21573547457
2,2022-03-04,6928.33,6869.737967602055,Latih,6870.757852906625,6899.92874735628
2,2022-03-07,6869.07,6927.765517934013,Latih,6928.483069685448,6881.103781080884
2,2022-03-08,6814.18,6870.333890912573,Latih,6871.39312329803,6903.520878011331
2,2022-03-09,6864.44,6817.947008060548,Latih,6818.667743450436,6865.962374176125
2,2022-03-10,6924.01,6866.6849480051205,Latih,6867.092745187025,6844.885768394507
2,2022-03-11,6922.6,6923.637549539256,Latih,6924.332457101691,6878.505528543037
2,2022-03-14,6952.2,6921.860899922299,Latih,6922.895784199583,6908.585710490987
2,2022-03-15,6918.19,6950.34643772488,Latih,6951.3734077460085,6911.8837805688845
2,2022-03-16,6992.4,6917.419612179743,Latih,6918.615270198929,6922.312797222781
2,2022-03-17,6964.38,6989.050468483623,Latih,6990.052507476863,6914.799051752733
2,2022-03-18,6954.96,6961.571408832126,Latih,6962.996782059722,6946.8407585478335
2,2022-03-21,6955.18,6952.706903858236,Latih,6953.972243203572,6933.344777063776
2,2022-03-22,7000.82,6952.985001403144,Latih,6954.196622454576,6928.732200604428
2,2022-03-23,6996.12,6996.889707355556,Latih,6998.102897806225,6932.334801394392
2,2022-03-24,7049.69,6992.04631710833,Latih,6993.519848472533,6952.916710116318
2,2022-03-25,7002.53,7043.61448921806,Latih,7045.061564995114,6954.507228983693
2,2022-03-28,7049.6,6997.868070840297,Latih,6999.620551708995,6975.754876862223
2,2022-03-29,7011.69,7043.482704522077,Latih,7044.9663248813795,6957.437745760135
2,2022-03-30,7053.19,7006.6807407993665,Latih,7008.432773268281,6976.257577858026
2,2022-03-31,7071.44,7046.8717100758,Latih,7048.407613849704,6961.885378359609
2,2022-04-01,7078.76,7064.1356846094795,Latih,7065.90847798831,6978.472089862283
2,2022-04-04,7116.22,7071.048933091231,Latih,7072.92593457944,6985.499590608533
2,2022-04-05,7148.3,7107.034271130634,Latih,7108.953332518411,6988.810933319983
2,2022-04-06,7104.22,7137.631458027439,Latih,7139.764406111317,7003.47903183466
2,2022-04-07,7127.37,7094.999579696726,Latih,7097.315295531821,7015.019407348693
2,2022-04-08,7210.83,7117.581172087266,Latih,7119.64551500447,6998.628153311071
2,2022-04-11,7203.79,7197.707388244356,Latih,7199.9043229771505,7008.601012866556
2,2022-04-12,7214.78,7190.346233220183,Latih,7193.019323681677,7040.16073473579
2,2022-04-13,7262.78,7200.9683308202875,Latih,7203.601379181232,7037.6469607169065
2,2022-04-14,7235.53,7247.0675053066925,Latih,7249.763464157077,7042.500933198992
2,2022-04-18,7275.29,7220.514032485573,Latih,7223.483784242956,7060.320654422707
2,2022-04-19,7199.23,7258.955883891675,Latih,7261.770354804489,7050.550875128572
2,2022-04-20,7227.36,7185.504771092021,Latih,7188.545639054859,7062.841154438323
2,2022-04-21,7276.19,7213.102656685796,Latih,7215.709742699352,7036.096663309994
2,2022-04-22,7225.61,7259.879318403098,Latih,7262.647155738566,7047.464449747865
2,2022-04-25,7215.98,7210.87630692729,Latih,7213.922466007558,7065.266100460358
2,2022-04-26,7232.15,7201.968845254268,Latih,7204.726414234723,7045.94141504771
2,2022-04-27,7196.76,7217.592528544751,Latih,7220.295213391868,7042.519048550193
2,2022-04-28,7228.91,7183.432805378519,Latih,7186.2275467009185,7048.148080055778
2,2022-05-09,6909.75,7214.611163233009,Latih,7217.204124653426,7035.181793234411
2,2022-05-10,6819.79,6907.348396132038,Latih,6910.122981884228,7013.0147016025185
2,2022-05-11,6816.2,6823.056949558292,Latih,6824.009821515416,6887.395412944598
2,2022-05-12,6599.84,6820.23788254771,Latih,6820.677448854182,6841.1939136279
2,2022-05-13,6597.99,6697.652825535851,Latih,6691.596715657727,6802.874183902474
2,2022-05-17,6644.47,6617.075367862961,Latih,6622.617353760831,6754.368380525137
2,2022-05-18,6793.41,6656.595929020059,Latih,6655.7688388068345,6756.807720180179
2,2022-05-19,6823.33,6799.5502635771345,Latih,6798.989248189659,6768.754704616693
2,2022-05-20,6918.14,6827.283117505347,Latih,6827.57217842493,6828.755527870094
2,2022-05-23,6840.77,6918.280494921552,Latih,6918.740822137939,6856.818673077861
2,2022-05-24,6914.14,6843.180817902721,Latih,6844.181713476516,6894.504387931272
2,2022-05-25,6883.5,6914.3094440305695,Latih,6914.869248738633,6865.138596516292
2,2022-05-27,7026.26,6884.315848080558,Latih,6885.294144305331,6898.267089863463
2,2022-05-30,7037.56,7021.868893381418,Latih,7022.673232910694,6901.271906483814
2,2022-05-31,7148.97,7031.732702109875,Latih,7033.35164952344,6967.468404047542
2,2022-06-02,7148.72,7138.830837764816,Latih,7140.514937666731,6973.649281165058
2,2022-06-03,7182.96,7137.804450663404,Latih,7140.124246936517,7015.908584116757
2,2022-06-06,7096.58,7170.745557741604,Latih,7173.064143335304,7016.30232396549
2,2022-06-07,7141.04,7087.405346465776,Latih,7089.9188514447915,7027.410397249521
2,2022-06-08,7193.31,7130.785738552884,Latih,7132.806586691217,6995.925020064173
2,2022-06-09,7182.83,7180.7565761185515,Latih,7183.031397893511,7013.536638948977
2,2022-06-10,7086.65,7170.305991435132,Latih,7172.878999065242,7033.215470509592
2,2022-06-13,6995.44,7077.853489465781,Latih,7080.366142485211,7026.043136633696
2,2022-06-14,7049.88,6990.786717280206,Latih,6992.750035726485,6990.080487623271
2,2022-06-15,7007.05,7043.802010006968,Latih,7045.245184705917,6954.208953448586
2,2022-06-16,7050.33,7002.215082528649,Latih,7003.9685947168455,6976.157853746468
2,2022-06-17,6936.97,7044.1530621964375,Latih,7045.662510383193,6959.559663209371
2,2022-06-20,6976.38,6934.794005159785,Latih,6936.549781766881,6970.87642175203
2,2022-06-21,7044.07,6973.50655551439,Latih,6974.615627535636,6922.2836512369395
2,2022-06-22,6984.31,7038.347226656739,Latih,7039.681574728552,6945.070386527827
2,2022-06-23,6998.27,6980.379851575549,Latih,6982.100137339886,6971.906709931547
2,2022-06-24,7042.94,6994.231100207028,Latih,6995.6104676169725,6945.502733597806
2,2022-06-27,7016.06,7037.105787019793,Latih,7038.565059270922,6955.020557054333
2,2022-06-28,6996.46,7010.931794934332,Latih,7012.64575826174,6973.607893865163
2,2022-06-29,6942.35,6992.265898481664,Latih,6993.82641940361,6959.92282219296
2,2022-06-30,6911.58,6940.349611201038,Latih,6941.797987337461,6947.161229872158
2,2022-07-01,6794.33,6911.130155054972,Latih,6912.2696061614615,6916.41086960976
2,2022-07-04,6639.17,6798.551184022457,Latih,6799.51439159456,6884.872289790255
2,2022-07-05,6703.27,6678.067451699838,Latih,6672.675444319113,6804.245906096133
2,2022-07-06,6646.41,6712.871828022917,Latih,6712.280052410383,6763.3235967749615
2,2022-07-07,6652.59,6657.719618874205,Latih,6657.493283479151,6765.213108617094
2,2022-07-08,6740.22,6664.065933091355,Latih,6663.515186058891,6761.07547720703
2,2022-07-11,6722.15,6748.323525481546,Latih,6747.8085607517005,6766.436343222883
2,2022-07-12,6718.29,6730.321843626223,Latih,6730.30679981353,6788.00340868625
2,2022-07-13,6640.99,6726.7359457281445,Latih,6726.6177475455615,6778.2973245811745
2,2022-07-14,6690.09,6653.081091277461,Latih,6652.258911041852,6766.095424868491
2,2022-07-15,6651.9,6700.179647988397,Latih,6699.598185570853,6762.7339959013725
2,2022-07-18,6659.25,6663.094037773472,Latih,6662.7925337599345,6764.479683513369
2,2022-07-19,6736.09,6670.434207687838,Latih,6669.914837430133,6761.878583636906
2,2022-07-20,6874.74,6744.303442074382,Latih,6743.826434386098,6766.731547219481
2,2022-07-21,6864.13,6877.144545524162,Latih,6877.106767842513,6806.600072212549
2,2022-07-22,6886.96,6865.959594097475,Latih,6866.712928151528,6875.618259925585
2,2022-07-25,6858.41,6887.997143032296,Latih,6888.690100055678,6873.323013540547
2,2022-07-26,6871.54,6860.370671952406,Latih,6861.193732172588,6881.052259945911
2,2022-07-27,6898.22,6873.203245958726,Latih,6873.863492217999,6868.32490294848
2,2022-07-28,6956.82,6898.777144615695,Latih,6899.512452998504,6878.61565552954
2,2022-07-29,6951.12,6954.962892842344,Latih,6955.850769251041,6900.121312642738
2,2022-08-01,6968.78,6949.066121826819,Latih,6950.288325113109,6929.126747572768
2,2022-08-02,6988.16,6966.095493594461,Latih,6967.2852775764995,6928.235485745717
2,2022-08-03,7046.63,6984.6146736384,Latih,6985.905347571429,6937.681004737367
2,2022-08-04,7057.35,7040.726884300772,Latih,7042.128492339913,6950.646417179159
2,2022-08-05,7084.65,7050.6272376114775,Latih,7052.362544768517,6975.782498288805
2,2022-08-08,7086.85,7076.814592010447,Latih,7078.611240257689,6980.238650484141
2,2022-08-09,7102.88,7078.738406435916,Latih,7080.690873607466,6990.626190158186
2,2022-08-10,7086.24,7094.143943232369,Latih,7096.109010437798,6991.68948056167
2,2022-08-11,7160.38,7078.0229845834465,Latih,7080.0794805044625,6997.532981683074
2,2022-08-12,7129.28,7149.46401083954,Latih,7151.425939246494,6992.2785881955
2,2022-08-15,7093.28,7119.022508347109,Latih,7121.407322588637,7019.959517428935
2,2022-08-16,7133.45,7084.609349623987,Latih,7086.816552711794,7007.648163329422
2,2022-08-18,7186.56,7123.5073132885245,Latih,7125.50923895605,6994.564933844862
2,2022-08-19,7172.43,7174.316479086957,Latih,7176.547985442959,7010.561102834403
2,2022-08-22,7107.98,7160.348646512111,Latih,7162.8831814409095,7030.506508065524
2,2022-08-23,7163.27,7098.446608182263,Latih,7100.899982750487,7024.226669116081
2,2022-08-24,7194.71,7152.090916123469,Latih,7154.176871910174,7000.566809769331
2,2022-08-25,7174.21,7181.946539460503,Latih,7184.34825837382,7021.9894680828465
2,2022-08-26,7135.25,7162.003510748227,Latih,7164.58449989446,7033.623559151354
2,2022-08-29,7132.04,7124.668130644634,Latih,7127.131908087806,7025.2910356790435
2,2022-08-30,7159.47,7121.854870411232,Latih,7124.096331242397,7010.465907560646
2,2022-08-31,7178.59,7148.265527901727,Latih,7150.488783701736,7009.639641282021
2,2022-09-01,7153.1,7166.465716340622,Latih,7168.845643024525,7020.317968214811
2,2022-09-02,7177.18,7141.809109118061,Latih,7144.297996949034,7027.207272148194
2,2022-09-05,7231.88,7165.1542366577,Latih,7167.497753279289,7017.88136379844
2,2022-09-06,7233.15,7217.606428937999,Latih,7220.087738812653,7027.796603981914
2,2022-09-07,7186.76,7218.44233581194,Latih,7221.235776774971,7048.564912493293
2,2022-09-08,7232.02,7173.805662055097,Latih,7176.606053214751,7048.384700620834
2,2022-09-09,7242.66,7217.67359922537,Latih,7220.209524193493,7031.432722655597
2,2022-09-12,7254.46,7227.590184608191,Latih,7230.3843878508505,7048.75373364157
2,2022-09-13,7318.02,7238.866856210321,Latih,7241.721907303424,7052.958333559101
2,2022-09-14,7278.08,7299.929086588123,Latih,7302.851846048335,7058.341597144074
2,2022-09-15,7305.6,7261.058071750495,Latih,7264.343183074687,7081.882899588415
2,2022-09-16,7168.87,7287.814355793096,Latih,7290.871724867918,7067.124493357606
2,2022-09-19,7195.49,7156.084185223658,Latih,7159.297866462548,7065.848751137323
2,2022-09-20,7196.95,7182.657432475173,Latih,7185.09107745298,7024.1249720454825
2,2022-09-21,7188.31,7183.874210124099,Latih,7186.459772948109,7034.24396508998
2,2022-09-22,7218.91,7175.552134366713,Latih,7178.145902906738,7034.674473720852
2,2022-09-23,7178.58,7205.050696957197,Latih,7207.595365721073,7031.833592060866
2,2022-09-26,7127.5,7166.036866788944,Latih,7168.755873388132,7042.866109981601
2,2022-09-27,7112.45,7117.181647881343,Latih,7119.670356352403,7026.8381494475025
2,2022-09-28,7077.03,7103.063691059422,Latih,7105.260760312152,7007.246441964566
2,2022-09-29,7036.2,7069.095344920225,Latih,7071.206411094733,7001.031890023409
2,2022-09-30,7040.8,7030.066269159379,Latih,7031.974882832232,6987.012805353459
2,2022-10-03,7009.72,7034.779488949838,Latih,7036.455203775826,6971.589780965502
2,2022-10-04,7072.26,7004.847637649833,Latih,7006.549494183122,6972.184359076673
2,2022-10-05,7075.38,7065.231214957304,Latih,7066.75599841661,6961.993622067027
2,2022-10-06,7076.62,7067.7914880336,Latih,7069.673197719522,6985.762442560848
2,2022-10-07,7026.78,7068.962439224787,Latih,7070.861950382062,6986.963660737332
2,2022-10-10,6994.4,7021.00697932011,Latih,7022.913216474117,6986.722870054301
2,2022-10-11,6939.15,6990.208550601062,Latih,6991.830233253298,6964.690298357063
2,2022-10-12,6909.21,6937.285740329375,Latih,6938.722323551526,6945.99382103925
2,2022-10-13,6880.63,6908.87275361155,Latih,6909.993932426915,6914.463312415825
2,2022-10-14,6814.53,6881.589644664866,Latih,6882.539781383318,6895.37257958953
2,2022-10-17,6831.12,6818.2021699565985,Latih,6818.988887374435,6871.884233159463
2,2022-10-18,6834.49,6834.628219817317,Latih,6835.0378330183385,6840.544541063346
2,2022-10-19,6860.42,6837.753162739313,Latih,6838.257500394321,6849.43207136605
2,2022-10-20,6980.65,6862.674393093327,Latih,6863.198079198936,6854.661421725788
2,2022-10-21,7017.77,6978.1543089366505,Latih,6978.826639570053,6884.144649043721
2,2022-10-24,7053.04,7013.016136481821,Latih,7014.374698141873,6945.188674390367
2,2022-10-25,7048.38,7046.684458326761,Latih,7048.255157923762,6964.660524611526
2,2022-10-26,7043.94,7041.952809305254,Latih,7043.724616204564,6978.086107329781
2,2022-10-27,7091.76,7037.714265524211,Latih,7039.459482316438,6976.25497713929
2,2022-10-28,7056.04,7083.749049801896,Latih,7085.469201046298,6975.253072665984
2,2022-10-31,7098.89,7049.04864617831,Latih,7051.041514170234,6992.883703701553
2,2022-11-01,7052.3,7090.522845951389,Latih,7092.312140442204,6979.944948626812
2,2022-11-02,7015.69,7045.400420710508,Latih,7047.433913722699,6995.53504677361
2,2022-11-03,7034.57,7010.509761059344,Latih,7012.277173640788,6977.338893932755
2,2022-11-04,7045.53,7028.93083123094,Latih,7030.489468873801,6962.416732101493
2,2022-11-07,7102.4,7039.341239293877,Latih,7041.00776192433,6971.038921833092
2,2022-11-08,7050.13,7093.9736409950965,Latih,7095.702984435033,6976.008088219221
2,2022-11-09,7070.08,7043.28809901661,Latih,7045.341635499064,6996.835585501847
2,2022-11-10,6966.84,7062.848956594534,Latih,7064.604307221837,6977.291901635583
2,2022-11-11,7089.21,6963.390073508674,Latih,6965.258645080978,6982.602434775885
2,2022-11-14,7019.39,7081.8397635293695,Latih,7083.119989747474,6943.854326318553
2,2022-11-15,7035.5,7013.808862456739,Latih,7015.78697809583,6991.393357345519
2,2022-11-16,7014.38,7029.799381609025,Latih,7031.379138881626,6964.176925446444
2,2022-11-17,7044.99,7009.368000693977,Latih,7011.039590241969,6970.081767658049
2,2022-11-18,7082.18,7038.964224757019,Latih,7040.515463803474,6962.544750239305
2,2022-11-21,7063.25,7074.52560080237,Latih,7076.251670923897,6975.514713938886
2,2022-11-22,7030.59,7056.052336896128,Latih,7057.990544954604,6989.352465736923
2,2022-11-23,7054.12,7024.7664976138485,Latih,7026.596506804885,6981.705366171654
2,2022-11-24,7080.52,7047.633048065965,Latih,7049.276791987483,6969.65170742696
2,2022-11-25,7053.15,7072.864189929433,Latih,7074.642408945629,6978.9544335079745
2,2022-11-28,7017.36,7046.347665250365,Latih,7048.276412073438,6988.5786173928345
2,2022-11-29,7012.07,7012.110324081838,Latih,7013.882669060886,6977.685193084533
2,2022-11-30,7081.31,7007.273749511301,Latih,7008.841803549587,6961.609343453699
2,2022-12-01,7020.8,7073.920754336186,Latih,7075.459034628936,6963.014224811249
2,2022-12-02,7019.64,7015.221007890761,Latih,7017.154059351743,6988.416655391511
2,2022-12-05,6987.33,7014.5319071055055,Latih,7016.119601054252,6963.714490751081
2,2022-12-06,6892.57,6983.457443480547,Latih,6985.038366592582,6960.924906026177
2,2022-12-07,6818.75,6892.52501677279,Latih,6893.920997394665,6936.689884278823
2,2022-12-08,6804.23,6822.1776600054245,Latih,6823.032489350174,6878.524092294019
2,2022-12-09,6715.12,6808.729948757919,Latih,6809.16348408732,6839.041975813247
2,2022-12-12,6734.45,6723.107393800786,Latih,6723.457549190691,6819.577658708427
2,2022-12-13,6810.32,6742.33164887222,Latih,6742.173453429066,6776.916656811862
2,2022-12-14,6801.75,6815.18320632312,Latih,6815.135765626165,6797.0295617816155
2,2022-12-15,6751.86,6806.403605847987,Latih,6806.78902788076,6834.4217765576
2,2022-12-16,6812.19,6758.469220733072,Latih,6758.80545330974,6823.30034096006
2,2022-12-19,6779.7,6816.859369548891,Latih,6816.911294243667,6806.130351020725
2,2022-12-20,6768.32,6785.178041658729,Latih,6785.574001086383,6832.381445448732
2,2022-12-21,6820.66,6774.459493265477,Latih,6774.670016963211,6814.327726798687
2,2022-12-22,6824.43,6824.891510007118,Latih,6825.037396876251,6815.643533539507
2,2022-12-23,6800.67,6828.149112004672,Latih,6828.593655548727,6842.752237390912
2,2022-12-26,6835.81,6805.2651188010295,Latih,6805.731028594704,6841.4455107456815
2,2022-12-27,6923.03,6839.237814418114,Latih,6839.5683523175485,6834.13744625572
2,2022-12-28,6850.52,6922.896703419136,Latih,6923.428303780901,6863.823821094969
2,2022-12-29,6860.08,6852.52596260313,Latih,6853.554793483355,6898.3117056417905
2,2022-12-30,6850.62,6862.234266287128,Latih,6862.8493811083235,6862.7612032911575
2,2023-01-02,6850.98,6853.066172240713,Latih,6853.735812475422,6866.336227494518
2,2023-01-03,6888.76,6853.479215700068,Latih,6854.094891020992,6861.577809006015
2,2023-01-04,6813.24,6889.8215472260545,Latih,6890.439486965878,6866.88475494806
2,2023-01-05,6653.84,6816.903828387293,Latih,6817.736910342607,6875.840688637536
2,2023-01-06,6684.56,6685.738888163284,Latih,6680.258243355617,6815.622884729538
2,2023-01-09,6688.27,6694.769088066684,Latih,6694.260927803533,6763.439171818819
2,2023-01-10,6622.5,6698.121470568198,Latih,6697.788623409884,6766.066660022464
2,2023-01-11,6584.45,6636.551578772002,Latih,6634.511640012944,6762.701060937371
2,2023-01-12,6629.93,6610.970001268765,Latih,6614.386034119359,6755.401224583413
2,2023-01-13,6641.83,6642.703775118451,Latih,6641.7993359428,6754.931884531404
2,2023-01-16,6688.06,6653.830922208216,Latih,6653.186072876465,6759.178185628678
2,2023-01-17,6767.34,6698.220835959929,Latih,6697.644149000066,6762.687295064058
2,2023-01-18,6765.79,6774.163145849434,Latih,6773.85070088121,6770.7402412721785
2,2023-01-19,6819.91,6772.112770585445,Latih,6772.252738577453,6807.703651336464
2,2023-01-20,6874.93,6824.18785864893,Latih,6824.319284625088,6814.256139773462
2,2023-01-24,6860.85,6876.736075742584,Latih,6877.176606108587,6849.220314568915
2,2023-01-25,6829.93,6862.802792370955,Latih,6863.557247424464,6875.269965394777
2,2023-01-26,6864.82,6833.156683832144,Latih,6833.830606284773,6863.921370467583
2,2023-01-27,6898.98,6866.939437301497,Latih,6867.437116219739,6852.94093418155
2,2023-01-30,6872.48,6899.555701157495,Latih,6900.25262651895,6875.303864418309
2,2023-01-31,6839.34,6873.821387478452,Latih,6874.713120125275,6889.0686839917735
2,2023-02-01,6862.26,6842.127212934531,Latih,6842.8675433949,6871.107604736726
2,2023-02-02,6890.57,6864.410305590073,Latih,6864.9616579622425,6857.375585607329
2,2023-02-03,6911.73,6891.483204718871,Latih,6892.165512247427,6872.862350024324
2,2023-02-06,6873.79,6911.639716567443,Latih,6912.483672217475,6890.118410301848
2,2023-02-07,6935.3,6874.991733329934,Latih,6875.956174001437,6895.725470218106
2,2023-02-08,6940.12,6934.432729455281,Latih,6935.181063851764,6884.788102731151
2,2023-02-09,6897.37,6938.635759973576,Latih,6939.735124139537,6916.699145829724
2,2023-02-10,6880.33,6897.475709087893,Latih,6898.6023359606115,6913.350406576441
2,2023-02-13,6900.14,6881.384524184507,Latih,6882.267131895763,6889.315214192016
2,2023-02-14,6941.85,6900.562224148556,Latih,6901.347686047003,6883.342865393204
2,2023-02-15,6914.54,6940.548050524642,Latih,6941.446800628057,6899.06665393506
2,2023-02-16,6895.66,6913.981260229992,Latih,6915.117863997863,6916.558258618163
2,2023-02-17,6895.71,6896.011100879356,Latih,6896.991728782996,6900.119608723566
2,2023-02-20,6894.72,6896.192388911291,Latih,6897.065288767262,6890.532216040833
2,2023-02-21,6873.4,6895.239629054113,Latih,6896.112820369943,6890.423322153731
2,2023-02-22,6809.97,6874.736459333938,Latih,6875.603955972534,6887.028689182742
2,2023-02-23,6839.45,6813.866413102779,Latih,6814.611810480687,6867.591746884625
2,2023-02-24,6856.58,6842.673946788944,Latih,6843.057597642578,6839.357066340184
2,2023-02-27,6854.78,6858.945253884831,Latih,6859.497256436685,6856.661105394402
2,2023-02-28,6843.24,6857.092824704686,Latih,6857.742533569077,6865.121826364438
2,2023-03-01,6844.94,6846.003898091353,Latih,6846.643248920776,6862.641996209065
2,2023-03-02,6857.42,6847.720731177367,Latih,6848.2942120787875,6857.008346185723
2,2023-03-03,6813.64,6859.714663071075,Latih,6860.297941507736,6859.564852703848
2,2023-03-06,6807.0,6817.509683752987,Latih,6818.163943875167,6859.968995427528
2,2023-03-07,6766.76,6811.430750325951,Latih,6811.835139669511,6836.8209395921585
2,2023-03-08,6776.37,6772.766178748039,Latih,6773.132454110113,6827.989055702423
2,2023-03-09,6799.79,6782.29496557924,Latih,6782.431682672827,6808.843842302593
2,2023-03-10,6765.3,6804.757530247601,Latih,6804.949198734494,6816.903716287348
2,2023-03-13,6786.96,6771.412504645613,Latih,6771.737639327673,6824.127167738412
2,2023-03-14,6641.81,6792.492989085346,Latih,6792.621433202952,6809.538234205278
2,2023-03-15,6628.14,6673.4871712348,Latih,6668.2130705768,6800.858761401506
2,2023-03-16,6565.73,6640.577166286493,Latih,6640.000030926848,6759.3530615437285
2,2023-03-17,6678.24,6616.552516901947,Latih,6619.274348419763,6754.804583833243
2,2023-03-20,6612.49,6689.310661468224,Latih,6688.299688109324,6756.143415902878
2,2023-03-21,6691.61,6628.571250908606,Latih,6625.187940032117,6761.353821371819
2,2023-03-24,6762.25,6701.842942140418,Latih,6701.098867541868,6760.572350231435
2,2023-03-27,6708.93,6769.24144258025,Latih,6768.949242862192,6770.73692311379
2,2023-03-28,6760.33,6717.448622179647,Latih,6717.559219985922,6797.405298379094
2,2023-03-29,6839.44,6767.272205256846,Latih,6767.078810430792,6777.281160994796
2,2023-03-30,6808.95,6843.014484003521,Latih,6843.114858294763,6814.130363634559
2,2023-03-31,6805.28,6813.124692603084,Latih,6813.676314015123,6850.196077334918
2,2023-04-03,6827.17,6809.809179773661,Latih,6810.186777230236,6834.204347503221
2,2023-04-04,6833.18,6830.8934980315325,Latih,6831.250356998181,6835.308262926972
2,2023-04-05,6819.67,6836.520825617945,Latih,6837.002563923931,6847.2471537474175
2,2023-04-06,6792.77,6823.481628991995,Latih,6823.997580201362,6848.468908633925
2,2023-04-10,6771.23,6797.69879845652,Latih,6798.137490383418,6837.955211681164
2,2023-04-11,6811.31,6777.166774210362,Latih,6777.451866791872,6821.3641058606245
2,2023-04-14,6818.57,6790.947220516235,Uji,6791.267714260548,6826.458622405861
2,2023-04-17,6787.58,6822.759032743012,Uji,6823.003477884267,6824.141157811617
2,2023-04-18,6821.81,6792.713669038147,Uji,6793.146105788082,6836.692293694651
2,2023-04-26,6910.15,6825.861959235703,Uji,6826.117748891447,6825.586776289379
2,2023-04-27,6945.48,6910.604742610202,Uji,6911.056348450826,6854.962611859479
2,2023-04-28,6915.72,6943.969565062574,Uji,6944.92537403827,6904.645711284921
2,2023-05-02,6863.3,6915.090825490998,Uji,6916.2481453288065,6918.5629419443485
2,2023-05-03,6812.72,6864.872022845785,Uji,6865.859242226224,6896.33031668429
2,2023-05-04,6844.03,6816.583177703056,Uji,6817.270955708955,6862.832229816655
2,2023-05-05,6787.63,6847.060552178063,Uji,6847.459919444062,6841.375694899595
2,2023-05-08,6769.63,6792.582198222011,Uji,6793.159871661395,6849.636990066507
2,2023-05-09,6779.98,6775.6637829804695,Uji,6775.919550216226,6818.535129214857
2,2023-05-10,6811.9,6785.747576642066,Uji,6785.9006827476915,6810.791892736289
2,2023-05-11,6755.94,6816.382047980759,Uji,6816.594387697611,6820.380630618368
2,2023-05-12,6707.76,6762.322656361189,Uji,6762.716822189715,6829.011586565708
2,2023-05-15,6711.74,6716.367586354782,Uji,6716.4421664485535,6794.040080433816
2,2023-05-16,6676.56,6720.5362582397665,Uji,6720.335913217088,6770.096451284912
2,2023-05-17,6663.11,6686.664553463624,Uji,6686.486729320005,6767.557522038248
2,2023-05-19,6700.56,6673.973640158489,Uji,6673.59500017242,6764.036821468499
2,2023-05-22,6729.65,6710.095908281375,Uji,6709.640726452489,6765.059666211631
2,2023-05-23,6736.68,6737.816677835457,Uji,6737.575382702671,6769.629151451913
2,2023-05-24,6745.8,6744.374446179891,Uji,6744.299159856462,6784.60276715818
2,2023-05-25,6704.23,6753.0984002420555,Uji,6753.0633129591,6789.41207902196
2,2023-05-26,6687.0,6713.043217629661,Uji,6713.0599093115525,6788.408515469461
2,2023-05-29,6681.1,6696.760958369094,Uji,6696.540345676261,6767.546289623704
2,2023-05-30,6636.42,6691.20660784723,Uji,6690.88764987217,6765.860194342758
2,2023-05-31,6633.26,6648.265496211733,Uji,6647.912605583157,6762.910172175791
2,2023-06-05,6633.44,6645.54069404536,Uji,6644.932832090642,6759.2130262917535
2,2023-06-06,6618.92,6645.7361459054155,Uji,6645.110252674455,6758.974006787862
2,2023-06-07,6619.75,6631.766452471474,Uji,6631.141500880056,6758.180608213272
2,2023-06-08,6666.33,6632.667332473853,Uji,6632.6044780343855,6757.082409886743
2,2023-06-09,6694.02,6677.472055259063,Uji,6676.769255860462,6759.738505996491
2,2023-06-12,6722.37,6703.781632228661,Uji,6703.344789950866,6764.949696165051
2,2023-06-13,6719.01,6730.859374075107,Uji,6730.580704820476,6768.7088108989865
2,2023-06-14,6699.72,6727.427019472441,Uji,6727.3100992292375,6778.506772119431
2,2023-06-15,6713.79,6708.893513055463,Uji,6708.757311621625,6774.183077219752
2,2023-06-16,6698.55,6722.5650878942215,Uji,6722.318893993815,6768.680853172567
2,2023-06-19,6686.06,6707.804753544349,Uji,6707.638778364975,6771.371767525402
2,2023-06-20,6660.46,6695.896712628918,Uji,6695.643703051823,6767.046346286562
2,2023-06-21,6702.63,6671.357294689431,Uji,6671.032855027033,6764.638147996392
2,2023-06-22,6652.26,6712.105938774963,Uji,6711.635668293406,6764.965928237167
2,2023-06-23,6639.73,6663.351901278211,Uji,6663.121961869908,6765.488022523548
2,2023-06-26,6664.67,6651.653184591096,Uji,6651.135742452454,6760.821301790502
2,2023-06-27,6661.88,6675.734169803276,Uji,6675.145376049294,6761.220870836403
2,2023-07-03,6696.72,6672.874231152548,Uji,6672.427737069442,6763.031307376948
2,2023-07-04,6681.75,6706.410432001669,Uji,6705.948221506197,6764.749149362471
2,2023-07-05,6718.98,6691.763363436775,Uji,6691.4998613047765,6766.66240397307
2,2023-07-06,6757.33,6727.6846924072715,Uji,6727.335971896669,6767.553239820329
2,2023-07-07,6716.46,6764.3152777332325,Uji,6764.17921081933,6781.981332351594
2,2023-07-10,6731.04,6724.727294063887,Uji,6724.809844463786,6795.926408637494
2,2023-07-11,6796.92,6739.041739670359,Uji,6738.891167023503,6777.13511718574
2,2023-07-12,6808.21,6802.316307313474,Uji,6802.249293966027,6793.47931166622
2,2023-07-13,6810.21,6812.712725303206,Uji,6813.021740013096,6828.488505799805
2,2023-07-14,6869.57,6814.5571281272505,Uji,6814.93055546585,6834.496973201072
2,2023-07-17,6867.14,6871.648105834167,Uji,6872.033258827071,6843.564132456519
2,2023-07-18,6830.2,6868.891702693145,Uji,6869.615576881509,6873.399286343496
2,2023-07-20,6864.19,6833.372072667515,Uji,6834.081889522708,6867.154355317096
2,2023-07-21,6880.8,6866.331474456827,Uji,6866.830677934329,6852.992701936402
2,2023-07-24,6899.4,6882.070710371178,Uji,6882.763981274408,6872.518001411598
2,2023-07-25,6917.71,6899.8470040759885,Uji,6900.635156373128,6883.481331245941
2,2023-07-26,6948.28,6917.330268523144,Uji,6918.224624308693,6895.416545188173
2,2023-07-27,6896.66,6946.60983266001,Uji,6947.608867374709,6908.867193454252
2,2023-07-28,6900.23,6896.735109587654,Uji,6897.9083027777515,6917.4007345489135
2,2023-07-31,6931.36,6900.533616242453,Uji,6901.412278035626,6891.653417276188
2,2023-08-01,6886.5,6930.45587178712,Uji,6931.355092710305,6897.689640623971
2,2023-08-02,6854.51,6887.080412097616,Uji,6888.156997554643,6907.424601675019
2,2023-08-03,6898.08,6856.622049773374,Uji,6857.4424420148525,6880.2895767564
2,2023-08-04,6852.84,6898.762571622774,Uji,6899.400711772784,6869.942617262643
2,2023-08-07,6886.37,6854.933824593463,Uji,6855.820288542845,6885.947619727893
2,2023-08-08,6868.81,6887.509216809315,Uji,6888.137716364009,6867.50578864638
2,2023-08-09,6875.11,6870.37976221029,Uji,6871.199504272085,6882.162946206373
2,2023-08-10,6893.28,6876.56429378603,Uji,6877.283885756475,6874.0940369660075
2,2023-08-11,6879.98,6893.999646716459,Uji,6894.755267609402,6879.759814833742
2,2023-08-14,6910.17,6881.07669773404,Uji,6881.935943816644,6887.189350824697
2,2023-08-15,6915.1,6910.213670740173,Uji,6910.997182099567,6884.525340458793
2,2023-08-16,6900.54,6914.7434501797425,Uji,6915.699259155439,6900.535499521538
2,2023-08-18,6859.91,6900.7017661607715,Uji,6901.685644962832,6901.066023723825
2,2023-08-21,6866.03,6861.7178890979685,Uji,6862.6184552205,6888.15659399484
2,2023-08-22,6916.45,6867.891995378773,Uji,6868.560761233906,6868.339857081215
2,2023-08-23,6921.41,6916.353519277619,Uji,6917.057462095665,6878.288144328636
2,2023-08-24,6899.39,6920.769427592503,Uji,6921.761130970764,6904.582599015579
2,2023-08-25,6895.44,6899.550925699815,Uji,6900.570811004385,6904.1165771219585
2,2023-08-28,6921.73,6895.90630985026,Uji,6896.800531115874,6892.391034917875
2,2023-08-29,6957.83,6921.225472590971,Uji,6922.097318707454,6893.949448360844
2,2023-08-30,6966.66,6955.768712090901,Uji,6956.790749714427,6912.205260792719
2,2023-08-31,6953.26,6964.008641008191,Uji,6965.236718331628,6931.161540944327
2,2023-09-01,6977.65,6951.055402620486,Uji,6952.333745559506,6934.270588094045
2,2023-09-04,6996.75,6974.613385536725,Uji,6975.815455672796,6929.83582456832
2,2023-09-05,6991.71,6992.815815974531,Uji,6994.157159082946,6942.345192011645
2,2023-09-06,6995.95,6987.832569835242,Uji,6989.282874090728,6950.7438096118485
2,2023-09-07,6954.81,6991.9470413965555,Uji,6993.368603226003,6948.730987829617
2,2023-09-08,6924.78,6952.3399334765,Uji,6953.785439854316,6947.798361122659
2,2023-09-11,6963.39,6923.7408608490705,Uji,6924.951473000991,6924.5329142243145
2,2023-09-12,6933.97,6961.096015383057,Uji,6962.135406078153,6914.50925097351
2,2023-09-13,6935.48,6932.521246023823,Uji,6933.780868271936,6930.139391220857
2,2023-09-14,6959.33,6934.18137895738,Uji,6935.273142747034,6915.393943743752
2,2023-09-15,6982.79,6957.11476339703,Uji,6958.215226142459,6919.396001479673
2,2023-09-18,6936.08,6979.5153367955045,Uji,6980.752023394759,6932.976080342878
2,2023-09-19,6980.32,6934.414210544278,Uji,6935.784542698611,6940.283987892916
2,2023-09-20,7011.68,6977.303156470115,Uji,6978.407206413801,6922.151238781261
2,2023-09-21,6991.47,7007.159766286671,Uji,7008.516444667637,6944.6118977505475
2,2023-09-22,7016.84,6987.496314838585,Uji,6989.031859892663,6957.5673332971855
2,2023-09-25,6998.38,7012.045171593487,Uji,7013.4654779035445,6950.080985053829
2,2023-09-26,6923.8,6994.107476387081,Uji,6995.672481306849,6960.414358034186
2,2023-09-27,6937.83,6922.490767096328,Uji,6923.94997208749,6946.540779093554
2,2023-09-29,6939.89,6936.513864944329,Uji,6937.547605802169,6910.544612199412
2,2023-10-02,6961.46,6938.396650789728,Uji,6939.510475848665,6917.953566640364
2,2023-10-03,6940.89,6959.132696936779,Uji,6960.258404589944,6921.925873050737
2,2023-10-04,6886.58,6939.191932643404,Uji,6940.440613936832,6930.097151961375
2,2023-10-05,6874.83,6887.090164792879,Uji,6888.221118723495,6912.278260277258
2,2023-10-06,6888.52,6876.169589877766,Uji,6876.990587458949,6883.086156517906
2,2023-10-09,6891.46,6889.422404159946,Uji,6890.176455653651,6878.971953996462
2,2023-10-10,6922.19,6892.154190152927,Uji,6892.986352888687,6886.327481603367
2,2023-10-11,6931.75,6921.696113002347,Uji,6922.545225249874,6891.989335973009
2,2023-10-12,6935.15,6930.676170600105,Uji,6931.700696842421,6908.901832337425
2,2023-10-13,6926.78,6933.879583483983,Uji,6934.958657559801,6914.221019593524
2,2023-10-16,6896.29,6925.803567107069,Uji,6926.902012053478,6914.813624745654
2,2023-10-17,6939.62,6896.530818646892,Uji,6897.581329656586,6906.424984040604
2,2023-10-18,6927.91,6938.4298996335765,Uji,6939.306678147664,6896.807750352367
2,2023-10-19,6846.43,6926.859077774334,Uji,6927.9830590883375,6917.238368987786
2,2023-10-20,6849.17,6848.5568622512,Uji,6849.613583597877,6900.236820426628
2,2023-10-23,6741.96,6851.76753921155,Uji,6852.359269984105,6859.203083759585
2,2023-10-24,6806.76,6748.610804011995,Uji,6749.217578597242,6846.0548587265985
2,2023-10-25,6834.39,6811.7054624525035,Uji,6811.700843934747,6800.363055442304
2,2023-10-26,6714.52,6837.828807782567,Uji,6838.19409666512,6837.03957932595
2,2023-10-27,6758.79,6722.317447904518,Uji,6722.839699130824,6834.8225338629245
2,2023-10-30,6735.89,6765.751278035667,Uji,6765.589809274104,6779.912931416361
2,2023-10-31,6752.21,6743.40890692892,Uji,6743.499909664714,6799.3035540169785
2,2023-11-01,6642.42,6759.270511143829,Uji,6759.230895023074,6789.880006614655
2,2023-11-02,6751.39,6659.277012207669,Uji,6655.499322512757,6783.282723039418
2,2023-11-03,6788.85,6759.140968446757,Uji,6758.568003205087,6766.256086510446
2,2023-11-06,6878.84,6794.409315234453,Uji,6794.458415010602,6802.725965354474
2,2023-11-07,6843.79,6880.716587868971,Uji,6880.979955481034,6833.966987078524
2,2023-11-08,6804.11,6846.3632905167715,Uji,6847.139941359497,6874.943059533577
2,2023-11-09,6838.23,6808.437861139806,Uji,6809.014256639811,6851.75016371999
2,2023-11-10,6809.26,6841.541625238991,Uji,6841.891825468875,6836.213761447108
2,2023-11-13,6838.31,6813.431465314064,Uji,6813.976158949467,6849.623246613182
2,2023-11-14,6862.06,6841.582272679247,Uji,6841.961843094862,6838.841653210557
2,2023-11-15,6958.21,6864.225161320011,Uji,6864.770662075023,6856.825040354767
2,2023-11-16,6958.01,6956.555160468869,Uji,6957.236683297805,6881.93453135733
2,2023-11-17,6977.67,6955.684547451787,Uji,6956.914732254199,6930.731099573422
2,2023-11-20,6994.89,6974.599126423652,Uji,6975.8282799065655,6932.013478110482
2,2023-11-21,6961.79,6991.026297283825,Uji,6992.367774912176,6942.224348270347
2,2023-11-22,6906.95,6959.062253330998,Uji,6960.501795991711,6947.800558281591
2,2023-11-23,7004.34,6906.538922425256,Uji,6907.789240377889,6925.661670995998
2,2023-11-24,7009.63,7000.616178585349,Uji,7001.554141249715,6910.483786768959
2,2023-11-27,7013.41,7005.0182537669525,Uji,7006.512007961332,6955.473620194249
2,2023-11-28,7041.07,7008.617379458606,Uji,7010.141355798303,6958.161418168597
2,2023-11-29,7036.09,7035.199998265567,Uji,7036.745632314744,6961.826368948274
2,2023-11-30,7080.74,7030.214061727585,Uji,7031.917487660113,6973.369972940738
2,2023-12-01,7059.91,7073.203090484806,Uji,7074.878446590968,6972.117951068933
2,2023-12-04,7093.6,7052.849372412031,Uji,7054.779374754494,6988.758515385445
2,2023-12-05,7100.85,7085.406514756749,Uji,7087.217825676868,6981.337498990352
2,2023-12-06,7087.4,7092.1434524441465,Uji,7094.146992350888,6994.221100891886
3,2022-01-05,6662.3,6683.06987813981,Latih,6699.056126284169,6822.222163683806
3,2022-01-06,6653.35,6674.28150023894,Latih,6679.749264762863,6822.222163683806
3,2022-01-07,6701.32,6656.19415160523,Latih,6666.522110158218,6822.222163683806
3,2022-01-10,6691.12,6682.153416244999,Latih,6701.257545014787,6822.222163683806
3,2022-01-11,6647.97,6694.195887415128,Latih,6702.817729636896,6822.222163683806
3,2022-01-12,6647.06,6663.019457679701,Latih,6668.02825139658,6822.222163683806
3,2022-01-13,6658.36,6646.8798007598625,Latih,6658.956731453252,6822.222163683806
3,2022-01-14,6693.4,6653.451693697434,Latih,6667.37185016544,6822.222163683806
3,2022-01-17,6645.05,6679.214099622831,Latih,6696.20856346743,6822.222163683806
3,2022-01-18,6614.06,6661.349190911067,Latih,6666.250828289999,6822.222163683806
3,2022-01-19,6591.98,6625.561182405807,Latih,6633.298477587262,6822.222163683806
3,2022-01-20,6626.87,6600.2275027221485,Latih,6610.492009903459,6822.222163683806
3,2022-01-21,6726.37,6613.172490553862,Latih,6632.24149841071,6822.222163683806
3,2022-01-24,6655.17,6687.396095288263,Latih,6707.347486656476,6822.222163683806
3,2022-01-25,6568.17,6676.255961419805,Latih,6680.3481587219385,6822.222163683806
3,2022-01-26,6600.82,6595.452428984236,Latih,6600.371783759561,6822.222163683806
3,2022-01-27,6611.16,6588.145294923822,Latih,6607.141336926115,6822.222163683806
3,2022-01-28,6645.51,6606.923599596886,Latih,6622.504149630822,6822.222163683806
3,2022-01-31,6631.15,6631.897547752791,Latih,6650.629812978219,6822.222163683806
3,2022-02-02,6707.65,6636.200498557547,Latih,6646.382009741675,6822.222163683806
3,2022-02-03,6683.85,6677.565793233528,Latih,6697.23437885912,6822.222163683806
3,2022-02-04,6731.39,6692.157775885181,Latih,6698.5193244849315,6822.222163683806
3,2022-02-07,6804.94,6712.192457512934,Latih,6730.0439702812055,6822.222163683806
3,2022-02-08,6789.52,6775.3498807129545,Latih,6795.169128665359,6844.061250875033
3,2022-02-09,6834.61,6793.948180898458,Latih,6797.757875127823,6827.723490931427
3,2022-02-10,6823.64,6815.677477403018,Latih,6829.047032568489,6857.0909414256
3,2022-02-11,6815.61,6826.115843192373,Latih,6829.46247496668,6846.135010187663
3,2022-02-14,6734.49,6817.051733055446,Latih,6821.22658164743,6842.169541873968
3,2022-02-15,6807.5,6755.353156126763,Latih,6757.988446486617,6822.222163683806
3,2022-02-16,6850.2,6778.09915429744,Latih,6797.7475619328325,6845.362103483118
3,2022-02-17,6835.12,6832.077587336337,Latih,6844.392416534163,6865.095707077126
3,2022-02-18,6892.82,6838.160220061577,Latih,6841.218710135854,6851.812782749572
3,2022-02-21,6902.96,6868.702836704891,Latih,6882.1618252069175,6888.9643189424705
3,2022-02-22,6861.99,6896.908617883369,Latih,6901.076807738587,6889.92936495368
3,2022-02-23,6920.06,6869.980776084106,Latih,6871.89488265429,6863.602177082637
3,2022-02-24,6817.82,6895.6252304468,Latih,6908.091529091046,6903.369879384682
3,2022-02-25,6888.17,6840.835776721871,Latih,6841.631439715363,6834.650034466719
3,2022-03-01,6921.44,6859.260344411769,Latih,6875.26660239641,6887.677277047676
3,2022-03-02,6868.4,6906.4509015480135,Latih,6914.224920671629,6901.811600461647
3,2022-03-04,6928.33,6878.886623517912,Latih,6880.357419643444,6865.871236920397
3,2022-03-07,6869.07,6903.132541379973,Latih,6915.624331551837,6907.904501541899
3,2022-03-08,6814.18,6880.923636468393,Latih,6882.204871586007,6865.651296827237
3,2022-03-09,6864.44,6826.7443651670565,Latih,6828.961679669951,6837.094934279061
3,2022-03-10,6924.01,6843.343161043859,Latih,6856.5168551844745,6873.305481109064
3,2022-03-11,6922.6,6898.977758678242,Latih,6911.570618161009,6905.59214870517
3,2022-03-14,6952.2,6919.904172952818,Latih,6922.066939622211,6899.226351517484
3,2022-03-15,6918.19,6938.410618442943,Latih,6944.299094062498,6917.701812582659
3,2022-03-16,6992.4,6922.9022411564465,Latih,6924.188251731742,6893.894227927669
3,2022-03-17,6964.38,6961.343263022953,Latih,6974.008359710629,6943.023531202128
3,2022-03-18,6954.96,6966.337539796883,Latih,6967.115020179206,6918.815682481574
3,2022-03-21,6955.18,6953.0573282880105,Latih,6954.511219741754,6915.56056910281
3,2022-03-22,7000.82,6951.120017029099,Latih,6952.849181109123,6916.565388174699
3,2022-03-23,6996.12,6980.600598788316,Latih,6987.593796951231,6944.831837843707
3,2022-03-24,7049.69,6991.900407819208,Latih,6992.8833449817275,6937.7112044626965
3,2022-03-25,7002.53,7026.130619431199,Latih,7032.702007919016,6971.346120523865
3,2022-03-28,7049.6,7007.585835759699,Latih,7007.247562964021,6937.178550361445
3,2022-03-29,7011.69,7028.519200230899,Latih,7033.878384747568,6970.699393518025
3,2022-03-30,7053.19,7014.400974369109,Latih,7014.194755309284,6942.863990559628
3,2022-03-31,7071.44,7034.2094383067515,Latih,7038.386865197483,6972.079881927425
3,2022-04-01,7078.76,7059.787507081694,Latih,7060.322223821944,6979.564884971435
3,2022-04-04,7116.22,7069.321114210554,Latih,7069.432048316665,6982.419173784908
3,2022-04-05,7148.3,7098.371097658944,Latih,7099.335829790306,7004.96121731466
3,2022-04-06,7104.22,7131.201943230704,Latih,7131.002136287765,7021.390181773962
3,2022-04-07,7127.37,7105.4659032125,Latih,7103.716202422453,6991.11274876183
3,2022-04-08,7210.83,7112.9068733979,Latih,7112.757870150282,7009.524537057936
3,2022-04-11,7203.79,7174.831107516966,Latih,7180.7115119404425,7059.117059727377
3,2022-04-12,7214.78,7193.715105623687,Latih,7191.566418707454,7047.059455064599
3,2022-04-13,7262.78,7200.345279322947,Latih,7198.55531223246,7054.519840960567
3,2022-04-14,7235.53,7238.614810692758,Latih,7237.18593994686,7083.256079081366
3,2022-04-18,7275.29,7228.988967728703,Latih,7225.788155563561,7061.9417989952035
3,2022-04-19,7199.23,7252.5789215494115,Latih,7250.727344328852,7089.096486244272
3,2022-04-20,7227.36,7204.692604891147,Latih,7200.61723379084,7038.2905040842925
3,2022-04-21,7276.19,7208.715289017048,Latih,7207.234897136178,7062.737036008901
3,2022-04-22,7225.61,7251.427879308554,Latih,7249.825074287148,7090.407472687433
3,2022-04-25,7215.98,7224.578283271281,Latih,7220.849839082448,7054.557327182358
3,2022-04-26,7232.15,7206.108472043361,Latih,7203.705183730806,7053.251945736473
3,2022-04-27,7196.76,7216.026268105594,Latih,7214.129716386881,7064.1615572769115
3,2022-04-28,7228.91,7193.225497901523,Latih,7190.361478812778,7040.736838775936
3,2022-05-09,6909.75,7209.320852922883,Latih,7207.933817876663,7063.925429951615
3,2022-05-10,6819.79,6978.334879528935,Latih,6971.50727540558,6863.152656301001
3,2022-05-11,6816.2,6840.005743885076,Latih,6841.127146900333,6836.821500091886
3,2022-05-12,6599.84,6815.9452393329475,Latih,6820.927543832693,6842.890142743922
3,2022-05-13,6597.99,6655.008481691193,Latih,6655.723320623946,6822.222163683806
3,2022-05-17,6644.47,6598.486192613024,Latih,6612.30016801261,6822.222163683806
3,2022-05-18,6793.41,6626.239925156095,Latih,6645.466752921278,6822.222163683806
3,2022-05-19,6823.33,6735.1533961192,Latih,6755.762926267708,6844.928590573705
3,2022-05-20,6918.14,6810.253902677628,Latih,6821.225841787789,6849.741198175885
3,2022-05-23,6840.77,6879.711141037386,Latih,6899.124004267201,6905.744066551373
3,2022-05-24,6914.14,6857.53283941094,Latih,6858.708409119883,6849.050976391174
3,2022-05-25,6883.5,6883.910741297347,Latih,6899.469429039404,6901.657126736685
3,2022-05-27,7026.26,6888.525739115519,Latih,6890.420945634885,6875.902926527303
3,2022-05-30,7037.56,6968.850282496268,Latih,6989.829832145032,6967.207390534335
3,2022-05-31,7148.97,7028.498439320983,Latih,7029.332238715949,6961.049471485668
3,2022-06-02,7148.72,7102.716629628015,Latih,7116.236017580702,7029.057369649472
3,2022-06-03,7182.96,7138.821421369391,Latih,7137.681454603152,7018.631177914203
3,2022-06-06,7096.58,7164.3157290650215,Latih,7163.666939420184,7039.875462794367
3,2022-06-07,7141.04,7107.497154225779,Latih,7104.638157214595,6983.182305374201
3,2022-06-08,7193.31,7120.3615646166345,Latih,7121.668111901953,7018.701307640136
3,2022-06-09,7182.83,7169.315386636337,Latih,7170.045067601881,7046.998248494331
3,2022-06-10,7086.65,7174.16617547997,Latih,7172.227339661798,7035.684045830431
3,2022-06-13,6995.44,7100.058381199312,Latih,7097.062756774496,6977.039900957997
3,2022-06-14,7049.88,7010.540566124379,Latih,7009.034301576077,6929.37684255128
3,2022-06-15,7007.05,7025.987714420618,Latih,7032.714383753004,6971.526511756236
3,2022-06-16,7050.33,7011.001072700679,Latih,7010.721181556642,6939.962440409114
3,2022-06-17,6936.97,7030.689365496697,Latih,7035.311201411549,6970.735086140687
3,2022-06-20,6976.38,6958.807517414742,Latih,6957.523973038249,6896.486808208271
3,2022-06-21,7044.07,6958.694027429871,Latih,6965.47472893601,6931.363253586341
3,2022-06-22,6984.31,7015.164016278446,Latih,7024.595477936925,6969.682826371843
3,2022-06-23,6998.27,6992.7362698531715,Latih,6992.302801783738,6926.404265875268
3,2022-06-24,7042.94,6989.82158158904,Latih,6991.311883105096,6940.565851995995
3,2022-06-27,7016.06,7022.817348600687,Latih,7027.987263569297,6966.964357852393
3,2022-06-28,6996.46,7016.176144266785,Latih,7016.224123043477,6946.186453585675
3,2022-06-29,6942.35,6995.553969244418,Latih,6996.1014653784605,6936.516936482836
3,2022-06-30,6911.58,6950.804343582443,Latih,6951.153198612979,6904.787629815981
3,2022-07-01,6794.33,6915.772415579902,Latih,6917.249511722373,6890.705567396624
3,2022-07-04,6639.17,6821.415694255565,Latih,6822.124278011356,6822.222163683806
3,2022-07-05,6703.27,6679.477725064769,Latih,6681.380363810525,6822.222163683806
3,2022-07-06,6646.41,6677.941484991029,Latih,6697.468320235478,6822.222163683806
3,2022-07-07,6652.59,6664.5658988484865,Latih,6669.201635156585,6822.222163683806
3,2022-07-08,6740.22,6649.6710109339765,Latih,6662.8584597379095,6822.222163683806
3,2022-07-11,6722.15,6705.681569365728,Latih,6725.531106723419,6822.222163683806
3,2022-07-12,6718.29,6728.02508389192,Latih,6733.965327266328,6822.222163683806
3,2022-07-13,6640.99,6718.772769156417,Latih,6727.52128431665,6822.222163683806
3,2022-07-14,6690.09,6663.872258015437,Latih,6667.997423911555,6822.222163683806
3,2022-07-15,6651.9,6670.565420674099,Latih,6689.906001859025,6822.222163683806
3,2022-07-18,6659.25,6665.722254626764,Latih,6670.816367612197,6822.222163683806
3,2022-07-19,6736.09,6655.841799056393,Latih,6668.9884771101315,6822.222163683806
3,2022-07-20,6874.74,6705.6918489307345,Latih,6725.417437378636,6822.222163683806
3,2022-07-21,6864.13,6819.879162721965,Latih,6840.530394050217,6886.88856425081
3,2022-07-22,6886.96,6865.282129286567,Latih,6868.041783326011,6867.530181594531
3,2022-07-25,6858.41,6876.174432595413,Latih,6883.339861114663,6882.657912305934
3,2022-07-26,6871.54,6863.739992755691,Latih,6866.065707905928,6862.858461203912
3,2022-07-27,6898.22,6864.552336221079,Latih,6870.504641549628,6873.628261692267
3,2022-07-28,6956.82,6885.893699654085,Latih,6893.340297256752,6888.953467667742
3,2022-07-29,6951.12,6931.944940203775,Latih,6943.077339175989,6922.81283023988
3,2022-08-01,6968.78,6948.505397899202,Latih,6950.123403673223,6913.87763504033
3,2022-08-02,6988.16,6959.43514258986,Latih,6962.444129328184,6925.348418908167
3,2022-08-03,7046.63,6978.033779075201,Latih,6980.608983864244,6935.731609104325
3,2022-08-04,7057.35,7021.22239057547,Latih,7028.829537720146,6970.183419888669
3,2022-08-05,7084.65,7047.81007629997,Latih,7048.335107604926,6971.436966319734
3,2022-08-08,7086.85,7070.572956722446,Latih,7071.174215990372,6987.36861058062
3,2022-08-09,7102.88,7078.304893526503,Latih,7078.148491682478,6986.215281500872
3,2022-08-10,7086.24,7090.757269357513,Latih,7090.763950514267,6995.947529733238
3,2022-08-11,7160.38,7081.916529572079,Latih,7081.2249177480435,6984.156543580945
3,2022-08-12,7129.28,7128.261247779206,Latih,7134.365000134187,7031.641049194398
3,2022-08-15,7093.28,7126.860671059564,Latih,7125.116261386946,7005.530774717986
3,2022-08-16,7133.45,7093.0593538392295,Latih,7091.70451389737,6986.085918163713
3,2022-08-18,7186.56,7114.456229165269,Latih,7115.256219216659,7014.301384777486
3,2022-08-19,7172.43,7162.288872369607,Latih,7163.438748771032,7043.514451226656
3,2022-08-22,7107.98,7164.89981462129,Latih,7163.009047259768,7029.860677859249
3,2022-08-23,7163.27,7113.6547593946,Latih,7111.261111677361,6991.218526270446
3,2022-08-24,7194.71,7138.318765213566,Latih,7140.7842465759095,7031.427969617906
3,2022-08-25,7174.21,7176.32952506908,Latih,7175.426582427703,7045.816490868394
3,2022-08-26,7135.25,7168.046235892853,Latih,7165.945079353532,7030.212492328348
3,2022-08-29,7132.04,7134.400872116761,Latih,7132.341192557291,7007.955855259954
3,2022-08-30,7159.47,7123.314052982405,Latih,7122.334658178165,7009.5581670415995
3,2022-08-31,7178.59,7143.066197907406,Latih,7142.567397989707,7026.854650559487
3,2022-09-01,7153.1,7163.453007884105,Latih,7162.431956740102,7036.175985231463
3,2022-09-02,7177.18,7148.697695611793,Latih,7146.763881871182,7018.615125202001
3,2022-09-05,7231.88,7160.979724365552,Latih,7160.122742701848,7035.889368090692
3,2022-09-06,7233.15,7206.708969031658,Latih,7206.389573866811,7067.571323740549
3,2022-09-07,7186.76,7220.319606340019,Latih,7217.977838477579,7063.315471727914
3,2022-09-08,7232.02,7185.986576657974,Latih,7182.952345011912,7034.446865991416
3,2022-09-09,7242.66,7209.410667399254,Latih,7208.356434671368,7066.77487604744
3,2022-09-12,7254.46,7227.447234757631,Latih,7225.23586155185,7069.196683270999
3,2022-09-13,7318.02,7238.626065527291,Latih,7236.274118989795,7075.529164354869
3,2022-09-14,7278.08,7288.687210809089,Latih,7286.892759720779,7113.8344331873195
3,2022-09-15,7305.6,7273.063258478736,Latih,7268.867985276674,7083.22074517853
3,2022-09-16,7168.87,7284.68865059147,Latih,7282.03636587987,7103.959235104394
3,2022-09-19,7195.49,7188.799657531464,Latih,7183.4194430650105,7016.679652382196
3,2022-09-20,7196.95,7178.160789779507,Latih,7177.1070951313595,7045.783668004338
3,2022-09-21,7188.31,7185.188828605496,Latih,7183.386665040933,7044.234312236968
3,2022-09-22,7218.91,7179.06736445912,Latih,7177.100907214365,7038.744867583577
3,2022-09-23,7178.58,7199.973735263432,Latih,7198.68942860731,7058.506653103894
3,2022-09-26,7127.5,7176.705777326308,Latih,7173.967355016551,7030.68981389648
3,2022-09-27,7112.45,7129.592636412457,Latih,7127.297277927473,7002.749664748965
3,2022-09-28,7077.03,7106.967011163307,Latih,7105.9345706648355,6998.131191832481
3,2022-09-29,7036.2,7077.1790065134255,Latih,7076.0806512469735,6977.566098102386
3,2022-09-30,7040.8,7038.80970619208,Latih,7038.157508708898,6955.5259932888075
3,2022-10-03,7009.72,7033.133637549344,Latih,7033.726018501582,6962.141190435343
3,2022-10-04,7072.26,7010.967801436841,Latih,7010.987979427039,6942.454332518628
3,2022-10-05,7075.38,7045.134654159609,Latih,7052.503970059817,6984.0807191777785
3,2022-10-06,7076.62,7066.981857386894,Latih,7067.021316567726,6980.248694639261
3,2022-10-07,7026.78,7068.603181319304,Latih,7068.570044575401,6980.729558565672
3,2022-10-10,6994.4,7031.6890279710915,Latih,7030.915493506851,6949.72540402656
3,2022-10-11,6939.15,6996.408260509429,Latih,6996.616945768056,6934.251867403139
3,2022-10-12,6909.21,6947.956960125616,Latih,6948.320074269226,6902.994254887149
3,2022-10-13,6880.63,6913.29005196576,Latih,6914.8260902595985,6889.531701606853
3,2022-10-14,6814.53,6885.284301930113,Latih,6887.281295200033,6874.578667450588
3,2022-10-17,6831.12,6829.584417287444,Latih,6831.472740870154,6836.246113491392
3,2022-10-18,6834.49,6823.075266689394,Latih,6831.2503345781915,6852.622189196386
3,2022-10-19,6860.42,6831.463324474727,Latih,6837.034422728455,6853.181366144755
3,2022-10-20,6980.65,6848.624615458288,Latih,6857.4044625533015,6868.941564748923
3,2022-10-21,7017.77,6932.125039976288,Latih,6952.77649550443,6941.067073272517
3,2022-10-24,7053.04,7000.688819350062,Latih,7005.427732448041,6952.988947321228
3,2022-10-25,7048.38,7036.43547418541,Latih,7039.4535185993345,6971.426339244897
3,2022-10-26,7043.94,7042.546580296818,Latih,7042.759659873311,6965.286580387407
3,2022-10-27,7091.76,7038.193873931233,Latih,7038.47878715283,6962.964362755471
3,2022-10-28,7056.04,7070.120028102465,Latih,7073.975997189351,6993.011587319431
3,2022-10-31,7098.89,7056.900485084122,Latih,7056.103185431427,6966.464392095261
3,2022-11-01,7052.3,7079.0985163009855,Latih,7081.746989614437,6996.315038194713
3,2022-11-02,7015.69,7055.700298227137,Latih,7054.644137380188,6963.489080180579
3,2022-11-03,7034.57,7017.988127786577,Latih,7017.760430377186,6945.094196556261
3,2022-11-04,7045.53,7023.909202070297,Latih,7025.0061224574465,6960.170832112484
3,2022-11-07,7102.4,7036.299519371453,Latih,7037.005883548322,6965.222997298294
3,2022-11-08,7050.13,7077.240930523344,Latih,7082.374838989446,6999.459441667257
3,2022-11-09,7070.08,7054.864122313326,Latih,7053.675862890547,6961.820584591083
3,2022-11-10,6966.84,7058.09004486627,Latih,7058.693949692911,6979.004026523883
3,2022-11-11,7089.21,6985.502594887074,Latih,6984.070719862636,6913.1788039798
3,2022-11-14,7019.39,7039.1656010991965,Latih,7057.064554564422,6998.539190794287
3,2022-11-15,7035.5,7028.983249165478,Latih,7027.741540488662,6943.984586455276
3,2022-11-16,7014.38,7025.428604732217,Latih,7026.431719884934,6960.406107478194
3,2022-11-17,7044.99,7013.262756362021,Latih,7013.501887965858,6945.831141598275
3,2022-11-18,7082.18,7030.214196247521,Latih,7032.67447617239,6966.749708876663
3,2022-11-21,7063.25,7064.654662517376,Latih,7066.895854308672,6986.977292090711
3,2022-11-22,7030.59,7060.143446828789,Latih,7059.724865632123,6971.816222855503
3,2022-11-23,7054.12,7031.5493962789205,Latih,7031.216011040869,6953.319417960695
3,2022-11-24,7080.52,7041.821473009054,Latih,7042.764323231046,6970.913818293864
3,2022-11-25,7053.15,7066.770526569552,Latih,7067.406716180511,6985.106702719387
3,2022-11-28,7017.36,7052.23640990979,Latih,7051.723036999171,6965.7094662219815
3,2022-11-29,7012.07,7019.423948729099,Latih,7019.195309680164,6946.050902331522
3,2022-11-30,7081.31,7007.492209885179,Latih,7008.222832490264,6946.07184260135
3,2022-12-01,7020.8,7051.571702072685,Latih,7059.841404735512,6989.472995598373
3,2022-12-02,7019.64,7028.273028750481,Latih,7027.279419673147,6945.586763716987
3,2022-12-05,6987.33,7013.908362368405,Latih,7014.646607769788,6950.446430876306
3,2022-12-06,6892.57,6989.539807165917,Latih,6989.854718332943,6930.528288351942
3,2022-12-07,6818.75,6911.621556376264,Latih,6911.530486380504,6874.776748054366
3,2022-12-08,6804.23,6835.397046083844,Latih,6837.000097725129,6837.760807955599
3,2022-12-09,6715.12,6808.093893666895,Latih,6811.6243245119185,6835.567258641159
3,2022-12-12,6734.45,6738.360452251308,Latih,6741.05069400447,6822.222163683806
3,2022-12-13,6810.32,6725.987230191848,Latih,6738.443159591131,6822.222163683806
3,2022-12-14,6801.75,6779.8105393261,Latih,6799.66487456146,6847.113553032316
3,2022-12-15,6751.86,6803.487460284563,Latih,6808.10158372316,6834.807400370276
3,2022-12-16,6812.19,6765.222704372432,Latih,6768.503981878486,6822.222163683806
3,2022-12-19,6779.7,6787.5927865857175,Latih,6804.686772761973,6846.667462509014
3,2022-12-20,6768.32,6788.326054749518,Latih,6791.699254210919,6822.222163683806
3,2022-12-21,6820.66,6771.3454016182095,Latih,6776.737117539076,6822.222163683806
3,2022-12-22,6824.43,6799.053952278227,Latih,6814.323332480821,6850.399516316094
3,2022-12-23,6800.67,6821.316014983986,Latih,6827.354076770876,6847.910718165077
3,2022-12-26,6835.81,6806.704504521819,Latih,6810.020555430981,6832.83719898734
3,2022-12-27,6923.03,6820.662987961206,Latih,6832.124758993423,6856.806723223665
3,2022-12-28,6850.52,6887.463031631751,Latih,6905.265623983786,6907.624251678036
3,2022-12-29,6860.08,6865.899194646816,Latih,6867.0712892574475,6854.64301491473
3,2022-12-30,6850.62,6854.527619230786,Latih,6860.258885886708,6867.252980849187
3,2023-01-02,6850.98,6851.930465272405,Latih,6854.9226594388865,6860.508510045448
3,2023-01-03,6888.76,6848.99396235887,Latih,6853.359223918357,6861.603748933414
3,2023-01-04,6813.24,6872.263355175297,Latih,6882.154785330337,6884.985847035093
3,2023-01-05,6653.84,6830.435547333991,Latih,6832.070726819669,6834.69707160387
3,2023-01-06,6684.56,6694.643121357875,Latih,6696.206825918274,6822.222163683806
3,2023-01-09,6688.27,6672.078332749172,Latih,6688.609409048871,6822.222163683806
3,2023-01-10,6622.5,6686.0613997066175,Latih,6697.3960157706015,6822.222163683806
3,2023-01-11,6584.45,6643.377860116,Latih,6648.108943032782,6822.222163683806
3,2023-01-12,6629.93,6598.834607651275,Latih,6606.405681033475,6822.222163683806
3,2023-01-13,6641.83,6612.175395168221,Latih,6631.364181816884,6822.222163683806
3,2023-01-16,6688.06,6636.800087536284,Latih,6651.4768457717555,6822.222163683806
3,2023-01-17,6767.34,6669.642714812322,Latih,6688.938276659117,6822.222163683806
3,2023-01-18,6765.79,6735.809113540672,Latih,6755.619550437356,6824.752259454762
3,2023-01-19,6819.91,6765.084260939684,Latih,6772.413198439506,6822.222163683806
3,2023-01-20,6874.93,6797.630215709836,Latih,6813.261723576519,6850.167917828598
3,2023-01-24,6860.85,6851.950486322679,Latih,6865.605582469443,6879.278726707441
3,2023-01-25,6829.93,6862.8769801149165,Latih,6865.584709459583,6865.479783910553
3,2023-01-26,6864.82,6836.663282228744,Latih,6839.340722168125,6847.614281069078
3,2023-01-27,6898.98,6849.580245074071,Latih,6859.864428598324,6872.088994919996
3,2023-01-30,6872.48,6883.79718405251,Latih,6892.613172169968,6890.044043197973
3,2023-01-31,6839.34,6876.920569832962,Latih,6879.097954335254,6870.470608006161
3,2023-02-01,6862.26,6846.279551857449,Latih,6848.754068475403,6852.374201696851
3,2023-02-02,6890.57,6851.600241252818,Latih,6859.745333616176,6869.634813232165
3,2023-02-03,6911.73,6877.671863668006,Latih,6885.721558977706,6885.067724835319
3,2023-02-06,6873.79,6901.420551011607,Latih,6907.30806257163,6895.572274432524
3,2023-02-07,6935.3,6880.742460536402,Latih,6882.569981108648,6870.107067882757
3,2023-02-08,6940.12,6909.45504556869,Latih,6921.970623348999,6911.727468404816
3,2023-02-09,6897.37,6935.4962888986365,Latih,6937.5805631861585,6909.044019908355
3,2023-02-10,6880.33,6904.671359752461,Latih,6906.012075101183,6882.104093734962
3,2023-02-13,6900.14,6882.419072161955,Latih,6884.753934667749,6875.4842780706695
3,2023-02-14,6941.85,6890.420340295179,Latih,6896.507165558382,6889.333105343325
3,2023-02-15,6914.54,6923.510966280746,Latih,6932.067958684016,6913.35773791288
3,2023-02-16,6895.66,6917.86962620114,Latih,6919.403063776242,6892.586223343058
3,2023-02-17,6895.71,6897.688788664385,Latih,6899.74429810588,6883.402569824201
3,2023-02-20,6894.72,6893.514186692281,Latih,6896.115891908451,6885.174130103631
3,2023-02-21,6873.4,6892.786613205715,Latih,6895.372871049389,6884.555966163916
3,2023-02-22,6809.97,6876.656731401127,Latih,6878.970205237311,6871.433524118404
3,2023-02-23,6839.45,6824.568819103872,Latih,6826.601549836431,6834.086463200486
3,2023-02-24,6856.58,6826.437166476284,Latih,6836.698436771667,6858.205349404255
3,2023-02-27,6854.78,6848.1643779218575,Latih,6855.447982203701,6866.104315127174
3,2023-02-28,6843.24,6853.592795364895,Latih,6857.405942272582,6863.4094772762455
3,2023-03-01,6844.94,6845.241125221885,Latih,6848.282105284668,6856.423162049988
3,2023-03-02,6857.42,6842.4822558820615,Latih,6847.333627645411,6858.540662761369
3,2023-03-03,6813.64,6850.771665715315,Latih,6857.152775755563,6866.118798440139
3,2023-03-06,6807.0,6823.742418305312,Latih,6826.288723728393,6837.834278259909
3,2023-03-07,6766.76,6807.967624288233,Latih,6812.738104730877,6837.755158118343
3,2023-03-08,6776.37,6777.5123559224885,Latih,6780.85257557991,6822.222163683806
3,2023-03-09,6799.79,6771.34111940029,Latih,6780.344942186503,6823.093292360638
3,2023-03-10,6765.3,6789.344482754796,Latih,6800.018325689764,6836.722560679948
3,2023-03-13,6786.96,6774.814424113063,Latih,6778.342343919306,6822.222163683806
3,2023-03-14,6641.81,6777.268628220884,Latih,6788.113401152819,6829.79137620691
3,2023-03-15,6628.14,6679.8035659764855,Latih,6681.956434220687,6822.222163683806
3,2023-03-16,6565.73,6632.946965788015,Latih,6643.374861442457,6822.222163683806
3,2023-03-17,6678.24,6587.601634009166,Latih,6593.2673964631595,6822.222163683806
3,2023-03-20,6612.49,6634.6181910111845,Latih,6654.6194220151865,6822.222163683806
3,2023-03-21,6691.61,6633.670795136401,Latih,6638.550147046158,6822.222163683806
3,2023-03-24,6762.25,6660.6309217199805,Latih,6680.297646486476,6822.222163683806
3,2023-03-27,6708.93,6734.045938337169,Latih,6753.7538149936745,6822.222163683806
3,2023-03-28,6760.33,6724.376241874417,Latih,6728.191821350923,6822.222163683806
3,2023-03-29,6839.44,6739.473324460708,Latih,6756.918676706279,6822.222163683806
3,2023-03-30,6808.95,6807.5066020521845,Latih,6827.050846418177,6862.775574504177
3,2023-03-31,6805.28,6816.231632273826,Latih,6819.23106809679,6836.585148566699
3,2023-04-03,6827.17,6805.1265184283575,Latih,6810.519534708592,6837.121524386144
3,2023-04-04,6833.18,6817.130315117273,Latih,6826.450663309728,6851.026850031354
3,2023-04-05,6819.67,6829.1553435358755,Latih,6835.2712923649315,6852.7336165422585
3,2023-04-06,6792.77,6822.834408746396,Latih,6826.166243327891,6843.806335598863
3,2023-04-10,6771.23,6799.747626741261,Latih,6803.0895054778775,6828.379791272615
3,2023-04-11,6811.31,6777.67335386428,Latih,6781.487868391304,6822.222163683806
3,2023-04-12,6798.96,6794.438461220295,Latih,6807.77925153974,6844.3362993014225
3,2023-04-13,6785.6,6802.15660973105,Latih,6806.172500600251,6832.9869420946
3,2023-04-14,6818.57,6789.268232371836,Latih,6793.616051179797,6825.845278763805
3,2023-04-17,6787.58,6804.361996799739,Latih,6816.089937942657,6847.511081859208
3,2023-04-18,6821.81,6795.629433461756,Latih,6798.929723118575,6825.264533785914
3,2023-04-26,6910.15,6807.100643309387,Latih,6818.937949159179,6849.336629472413
3,2023-04-27,6945.48,6874.239542695324,Latih,6892.753700661703,6900.932176388845
3,2023-04-28,6915.72,6929.549745507289,Latih,6936.771896598984,6914.684687388288
3,2023-05-02,6863.3,6919.5599812800165,Latih,6921.005173777985,6892.982877790375
3,2023-05-03,6812.72,6873.8049087864565,Latih,6875.368882386725,6863.237717739681
3,2023-05-04,6844.03,6824.367666961585,Latih,6826.731092533504,6836.722000180221
3,2023-05-05,6787.63,6830.289817404782,Latih,6840.714820880628,6860.790396568516
3,2023-05-08,6769.63,6801.346553104551,Latih,6803.9119827783425,6822.94830229107
3,2023-05-09,6779.98,6775.170677740006,Latih,6779.273154607145,6822.222163683806
3,2023-05-10,6811.9,6774.645601595072,Latih,6783.647115122407,6825.066116882299
3,2023-05-11,6755.94,6798.135517424375,Latih,6809.9270864963855,6843.895298115648
3,2023-05-12,6707.76,6770.531556013551,Latih,6773.577289114026,6822.222163683806
3,2023-05-15,6711.74,6722.095501222333,Latih,6726.076831678322,6822.222163683806
3,2023-05-16,6676.56,6709.276345579494,Latih,6719.746547753384,6822.222163683806
3,2023-05-17,6663.11,6688.953477411733,Latih,6693.770714741664,6822.222163683806
3,2023-05-19,6700.56,6667.606441721482,Latih,6676.712286668137,6822.222163683806
3,2023-05-22,6729.65,6685.4089219735715,Latih,6702.57505567478,6822.222163683806
3,2023-05-23,6736.68,6717.497497755905,Latih,6731.96600231754,6822.222163683806
3,2023-05-24,6745.8,6732.891936657748,Latih,6742.960383836799,6822.222163683806
3,2023-05-25,6704.23,6741.156045533293,Latih,6751.259905085141,6822.222163683806
3,2023-05-26,6687.0,6717.199289480765,Latih,6721.423663828691,6822.222163683806
3,2023-05-29,6681.1,6692.782654611634,Latih,6700.250237324107,6822.222163683806
3,2023-05-30,6636.42,6682.601524567322,Latih,6692.418217688666,6822.222163683806
3,2023-05-31,6633.26,6652.165470132243,Latih,6657.3004771778105,6822.222163683806
3,2023-06-05,6633.44,6634.02701513336,Latih,6646.221073454853,6822.222163683806
3,2023-06-06,6618.92,6632.932527315029,Latih,6645.744261941473,6822.222163683806
3,2023-06-07,6619.75,6624.110771655373,Latih,6634.739096407452,6822.222163683806
3,2023-06-08,6666.33,6619.083453422493,Latih,6632.550434650639,6822.222163683806
3,2023-06-09,6694.02,6647.920116279508,Latih,6667.189015154256,6822.222163683806
3,2023-06-12,6722.37,6682.632150272444,Latih,6698.227752526569,6822.222163683806
3,2023-06-13,6719.01,6710.546785472352,Latih,6725.160694873354,6822.222163683806
3,2023-06-14,6699.72,6719.297486581525,Latih,6728.111423269978,6822.222163683806
3,2023-06-15,6713.79,6706.205569351185,Latih,6712.791990441699,6822.222163683806
3,2023-06-16,6698.55,6707.4664246986995,Latih,6719.7439134046635,6822.222163683806
3,2023-06-19,6686.06,6703.499162785876,Latih,6710.888679096271,6822.222163683806
3,2023-06-20,6660.46,6690.041710053102,Latih,6698.432469447123,6822.222163683806
3,2023-06-21,6702.63,6669.605609730346,Latih,6676.542264680727,6822.222163683806
3,2023-06-22,6652.26,6685.666090458647,Latih,6703.634332900215,6822.222163683806
3,2023-06-23,6639.73,6668.788412337317,Latih,6673.525318846269,6822.222163683806
3,2023-06-26,6664.67,6644.027238285552,Latih,6654.216551625889,6822.222163683806
3,2023-06-27,6661.88,6654.5207628531125,Latih,6670.746125786318,6822.222163683806
3,2023-07-03,6696.72,6662.320458469254,Latih,6673.468058194085,6822.222163683806
3,2023-07-04,6681.75,6682.588823643491,Latih,6699.416482769119,6822.222163683806
3,2023-07-05,6718.98,6686.705100013927,Latih,6694.800027651655,6822.222163683806
3,2023-07-06,6757.33,6703.793413932937,Latih,6720.200339542946,6822.222163683806
3,2023-07-07,6716.46,6741.467851531826,Latih,6756.589327066268,6822.222163683806
3,2023-07-10,6731.04,6728.897546558103,Latih,6732.961707663856,6822.222163683806
3,2023-07-11,6796.92,6724.410185737929,Latih,6736.110606344216,6822.222163683806
3,2023-07-12,6808.21,6770.305898823169,Latih,6789.033181206018,6839.122889553941
3,2023-07-13,6810.21,6802.334288144739,Latih,6810.41113406125,6840.046548265255
3,2023-07-14,6869.57,6807.862990199062,Latih,6814.1243102375,6840.245256628728
3,2023-07-17,6867.14,6844.970695313253,Latih,6859.6464614642055,6876.8509557667785
3,2023-07-18,6830.2,6866.112879563014,Latih,6869.3263814419915,6869.8723530167745
3,2023-07-20,6864.19,6838.267970529235,Latih,6840.767530275024,6847.201730849482
3,2023-07-21,6880.8,6849.297461751439,Latih,6859.437865885535,6871.673619781774
3,2023-07-24,6899.4,6872.425631056469,Latih,6878.667849264187,6878.834519463223
3,2023-07-25,6917.71,6890.146435288234,Latih,6896.0357628673755,6888.831121787174
3,2023-07-26,6948.28,6908.448320797727,Latih,6913.569674069928,6898.464475447579
3,2023-07-27,6896.66,6934.1462692544355,Latih,6940.36895965164,6915.7230916038625
3,2023-07-28,6900.23,6905.961944005535,Latih,6907.056869013652,6880.911753874165
3,2023-07-31,6931.36,6896.701008784219,Latih,6899.746853984639,6887.883339167578
3,2023-08-01,6886.5,6917.122435224103,Latih,6924.109467890013,6906.847959555134
3,2023-08-02,6854.51,6894.605905641957,Latih,6896.046031222388,6876.174724055272
3,2023-08-03,6898.08,6860.72714977924,Latih,6863.011074069778,6860.483713537494
3,2023-08-04,6852.84,6879.315562749547,Latih,6889.926674554987,6890.436729307218
3,2023-08-07,6886.37,6862.06436760966,Latih,6863.9900877342025,6858.3810996988805
3,2023-08-08,6868.81,6871.509057061713,Latih,6880.698763977629,6883.333090277953
3,2023-08-09,6875.11,6871.3688648698135,Latih,6873.85867192034,6869.358554126363
3,2023-08-10,6893.28,6870.703013613264,Latih,6875.238689509969,6874.8820547432115
3,2023-08-11,6879.98,6884.2300243622485,Latih,6890.277502544565,6885.5626460949015
3,2023-08-14,6910.17,6881.245497832042,Latih,6883.693558862848,6875.644424052875
3,2023-08-15,6915.1,6896.428112676784,Latih,6904.065369866833,6895.581713247939
3,2023-08-16,6900.54,6910.956131099509,Latih,6913.676662257956,6895.853936755701
3,2023-08-18,6859.91,6901.45518989478,Latih,6903.563543250606,6886.375437960071
3,2023-08-21,6866.03,6867.888811740319,Latih,6869.843431230824,6862.536151440481
3,2023-08-22,6916.45,6861.750532602111,Latih,6866.60643320326,6870.074984878342
3,2023-08-23,6921.41,6894.955074552341,Latih,6906.131259763286,6900.760035712466
3,2023-08-24,6899.39,6917.213796679723,Latih,6919.693963134932,6899.185793757185
3,2023-08-25,6895.44,6902.004726247832,Latih,6903.914505760118,6885.0809750488825
3,2023-08-28,6921.73,6894.144860985919,Latih,6896.634959496304,6884.662931931955
3,2023-08-29,6957.83,6909.400004495428,Latih,6915.857185558723,6901.321095939919
3,2023-08-30,6966.66,6941.526144969514,Latih,6948.410875225118,6921.271388728666
3,2023-08-31,6953.26,6960.32669587677,Latih,6962.135181878262,6923.415860686946
3,2023-09-01,6977.65,6952.297470017127,Latih,6953.661412474565,6914.296776736723
3,2023-09-04,6996.75,6965.681934475356,Latih,6969.6038631702,6930.648549173523
3,2023-09-05,6991.71,6986.67484643763,Latih,6988.862813174781,6940.237757875373
3,2023-09-06,6995.95,6987.701681938824,Latih,6988.739906794485,6935.353204528143
3,2023-09-07,6954.81,6989.7412283480735,Latih,6990.984954823908,6938.445705725898
3,2023-09-08,6924.78,6959.988288561158,Latih,6960.527982538991,6912.557097681807
3,2023-09-11,6963.39,6928.401999004829,Latih,6929.705743791509,6897.7379557005015
3,2023-09-12,6933.97,6946.093186430981,Latih,6953.2306796438015,6924.43614955132
3,2023-09-13,6935.48,6937.173662803819,Latih,6938.359456027796,6902.642709457919
3,2023-09-14,6959.33,6931.73721900468,Latih,6933.794297845412,6906.2908676657535
3,2023-09-15,6982.79,6947.686530216983,Latih,6952.221600773982,6920.933384972858
3,2023-09-18,6936.08,6971.143129942471,Latih,6974.690779339129,6933.274647337843
3,2023-09-19,6980.32,6943.076038816622,Latih,6943.731195738366,6902.161890371486
3,2023-09-20,7011.68,6960.767114142828,Latih,6968.297629764729,6933.887251120259
3,2023-09-21,6991.47,6996.834150622544,Latih,7000.73316608852,6949.244943659953
3,2023-09-22,7016.84,6990.85330464786,Latih,6991.45671623474,6933.828017509032
3,2023-09-25,6998.38,7004.24427090293,Latih,7006.82180737084,6951.415019245795
3,2023-09-26,6923.8,6997.160720183907,Latih,6997.712789995728,6937.634998919715
3,2023-09-27,6937.83,6937.390643458416,Latih,6937.421762403299,6893.113720846815
3,2023-09-29,6939.89,6930.06959779476,Latih,6933.606104456831,6908.684941362784
3,2023-10-02,6961.46,6935.8890871078265,Latih,6937.896976492454,6908.668238470898
3,2023-10-03,6940.89,6950.6718862867865,Latih,6954.69752985125,6921.846954689073
3,2023-10-04,6886.58,6941.9068363845845,Latih,6943.246206533959,6907.1094887280915
3,2023-10-05,6874.83,6896.791630380198,Latih,6897.957537073835,6875.345677697997
3,2023-10-06,6888.52,6875.907858924907,Latih,6878.476651597064,6873.0702505833315
3,2023-10-09,6891.46,6881.208796309871,Latih,6886.603897649093,6882.638317235453
3,2023-10-10,6922.19,6888.228001660152,Latih,6891.4978673917485,6883.198346143407
3,2023-10-11,6931.75,6908.164371635661,Latih,6915.434053104268,6901.973114063188
3,2023-10-12,6935.15,6925.7331010812995,Latih,6928.670568054366,6905.065099601195
3,2023-10-13,6926.78,6930.995722704876,Latih,6933.112236936738,6906.2909797656985
3,2023-10-16,6896.29,6925.508452790427,Latih,6927.408479607451,6900.790011237904
3,2023-10-17,6939.62,6900.88951114957,Latih,6902.600335678503,6882.664571042699
3,2023-10-18,6927.91,6920.677841936993,Latih,6929.624717950869,6912.330566111849
3,2023-10-19,6846.43,6927.348909696389,Latih,6929.135737988401,6901.07824261789
3,2023-10-20,6849.17,6863.935876200537,Latih,6864.909195187727,6851.658219344654
3,2023-10-23,6741.96,6846.288362913169,Latih,6851.169351482131,6860.868261190692
3,2023-10-24,6806.76,6768.4141001421485,Latih,6770.185481061664,6822.222163683806
3,2023-10-25,6834.39,6780.493855754165,Latih,6798.6355728614635,6844.214782960452
3,2023-10-26,6714.52,6822.115242755745,Latih,6832.227734003401,6855.365207603911
3,2023-10-27,6758.79,6744.641064690375,Latih,6746.451512440914,6822.222163683806
3,2023-10-30,6735.89,6740.661494203531,Latih,6756.833301387753,6822.222163683806
3,2023-10-31,6752.21,6743.517397256219,Latih,6748.018647259647,6822.222163683806
3,2023-11-01,6642.42,6744.7796314330635,Latih,6755.980265642132,6822.222163683806
3,2023-11-02,6751.39,6672.506442441209,Latih,6675.671887073531,6822.222163683806
3,2023-11-03,6788.85,6708.643664696831,Latih,6728.743936002723,6822.222163683806
3,2023-11-06,6878.84,6773.122880774764,Latih,6786.849182806938,6832.245154334938
3,2023-11-07,6843.79,6842.503420351781,Latih,6862.5467112553515,6884.565561919255
3,2023-11-08,6804.11,6851.019003035166,Latih,6853.372675911823,6854.54586910192
3,2023-11-09,6838.23,6813.590423036847,Latih,6816.395769014093,6833.184372518694
3,2023-11-10,6809.26,6823.456137464379,Latih,6834.632793495095,6857.989444909134
3,2023-11-13,6838.31,6816.19302505258,Latih,6819.231785536442,6836.88884973917
3,2023-11-14,6862.06,6825.468510846828,Latih,6835.693752219713,6857.564249815681
3,2023-11-15,6958.21,6851.08509716306,Latih,6859.393250107209,6869.6058241862465
3,2023-11-16,6958.01,6919.010579446899,Latih,6937.112052673747,6927.007991341997
3,2023-11-17,6977.67,6953.956773411087,Latih,6955.632039837293,6918.019728028225
3,2023-11-20,6994.89,6967.504993469769,Latih,6970.541467114741,6930.223040200222
3,2023-11-21,6961.79,6985.543623467143,Latih,6987.452461339887,6939.0831284362575
3,2023-11-22,6906.95,6964.960324705892,Latih,6965.629292340928,6916.980875412868
3,2023-11-23,7004.34,6916.654328271496,Latih,6917.504382158564,6886.043756641192
3,2023-11-24,7009.63,6964.368885393195,Latih,6980.904030920919,6951.459904063991
3,2023-11-27,7013.41,7002.766883300601,Latih,7003.83914169973,6945.759890872887
3,2023-11-28,7041.07,7006.767685517131,Latih,7007.740488844573,6947.614965611747
3,2023-11-29,7036.09,7027.444251433077,Latih,7029.50559007174,6964.409600093418
3,2023-11-30,7080.74,7030.7054182089,Latih,7031.0905487818145,6958.773035471491
3,2023-12-01,7059.91,7060.379977713889,Latih,7064.072594760127,6986.905279085692
3,2023-12-04,7093.6,7057.329872715539,Latih,7056.905686521595,6969.87891159659
3,2023-12-05,7100.85,7077.33491511769,Latih,7078.476361603209,6992.679592120704
3,2023-12-06,7087.4,7090.748301361869,Latih,7090.5312758672935,6994.067075566706
3,2023-12-11,7088.79,7143.738842420655,Uji,7143.1672672183095,7026.697351915897
3,2023-12-12,7125.31,7096.472931701016,Uji,7094.178649375509,6980.5078248733835
3,2023-12-13,7075.34,7107.76058909781,Uji,7108.1951333267225,7009.670356667101
3,2023-12-14,7176.02,7078.786788772413,Uji,7077.293034578034,6975.333067187125
3,2023-12-15,7190.99,7133.681907906012,Uji,7144.139980865794,7042.339329917494
3,2023-12-18,7119.52,7176.398040555797,Uji,7175.0740505189515,7042.335473679368
3,2023-12-19,7187.85,7126.406442080215,Uji,7123.639725744202,6996.6597231072765
3,2023-12-20,7219.67,7157.768195445617,Uji,7161.714427408656,7045.598209854428
3,2023-12-21,7209.62,7200.438187757815,Uji,7199.177960169996,7059.0201156944695
3,2023-12-22,7237.52,7200.037497712458,Uji,7197.715907840217,7049.857738745277
3,2023-12-26,7237.52,7218.614566168276,Uji,7216.977637923446,7068.0761322153285
3,2023-12-27,7245.92,7224.83875870475,Uji,7222.395742171494,7065.503931704826
3,2023-12-28,7303.89,7231.1068495799,Uji,7228.782569308965,7070.710077375837
3,2023-12-29,7272.8,7276.238153136467,Uji,7274.490828865265,7105.864306418967
3,2024-01-02,7323.59,7265.971098483895,Uji,7262.109434719775,7081.25092493541
3,2024-01-03,7279.09,7296.934986722567,Uji,7294.68953513334,7115.595837211682
3,2024-01-04,7359.76,7275.059579148983,Uji,7270.717634378169,7083.333203843901
3,2024-01-05,7350.62,7323.859510363442,Uji,7323.412455780607,7137.433355003672
3,2024-01-08,7283.58,7336.504563580855,Uji,7332.128809466464,7120.383312006071
3,2024-01-09,7200.2,7284.440057752228,Uji,7279.380718169904,7081.320157861778
3,2024-01-10,7227.3,7207.26579188117,Uji,7202.964651490535,7038.127376243535
3,2024-01-11,7219.96,7208.886936453667,Uji,7207.377667626824,7062.610407910413
3,2024-01-12,7241.14,7209.455417697515,Uji,7207.059483141389,7055.56281885392
3,2024-01-15,7224.0,7223.622608815519,Uji,7221.738163890926,7069.366447428532
3,2024-01-16,7242.79,7215.557600653258,Uji,7212.818998983589,7056.790806497401
3,2024-01-17,7200.63,7225.755108499615,Uji,7223.777261900394,7070.016627112695
3,2024-01-18,7252.97,7198.486931265677,Uji,7195.37028373965,7042.154454687301
3,2024-01-19,7227.4,7228.137860102146,Uji,7226.979105385034,7078.480531721183
3,2024-01-22,7247.93,7220.733838058797,Uji,7217.701489691822,7057.807418483561
3,2024-01-23,7256.23,7230.349009108036,Uji,7228.345648561209,7072.888807077476
3,2024-01-24,7227.82,7241.122486474605,Uji,7238.643328918904,7076.140333257981
3,2024-01-25,7178.04,7221.774484273283,Uji,7218.653935669152,7057.767152183122
3,2024-01-26,7137.09,7178.290601516448,Uji,7175.287040415487,7029.53374957806
3,2024-01-29,7157.17,7136.628208354788,Uji,7134.484005436377,7008.743155597507
3,2024-01-30,7192.22,7142.476597033816,Uji,7141.799244322854,7024.963569318117
3,2024-01-31,7207.94,7173.110597552738,Uji,7172.348721482835,7044.835616344873
3,2024-02-01,7201.7,7192.660155456149,Uji,7191.10779541024,7051.347233141725
3,2024-02-02,7238.79,7191.510727454507,Uji,7189.416072712028,7046.030512084429
3,2024-02-05,7198.62,7217.79538460621,Uji,7216.405300441471,7069.593427398272
3,2024-02-06,7247.41,7196.094763267721,Uji,7193.065194979394,7041.277474393312
3,2024-02-07,7235.15,7223.54055165538,Uji,7222.361215388267,7075.219858185121
3,2024-02-12,7297.67,7225.276531412093,Uji,7222.51438875386,7063.123287581272
3,2024-02-13,7209.74,7269.091333208178,Uji,7267.669950738643,7103.0021706093075
3,2024-02-15,7303.28,7217.527958976118,Uji,7212.954550237742,7042.741096122329
3,2024-02-16,7335.54,7262.839070845339,Uji,7267.000893423651,7108.82177202232
3,2024-02-19,7296.7,7312.651757807831,Uji,7309.694650924305,7120.192114338949
3,2024-02-20,7352.6,7290.86611987064,Uji,7286.427858826614,7091.93427394576
3,2024-02-21,7349.02,7323.914125456911,Uji,7321.388110123974,7131.37215578802
3,2024-02-22,7339.64,7333.713364616735,Uji,7329.521813132865,7120.673023105338
3,2024-02-23,7295.1,7325.915333684785,Uji,7321.694636215072,7115.612517683579
3,2024-02-26,7283.82,7290.586721966363,Uji,7286.007528870798,7090.241923487853
3,2024-02-27,7285.32,7272.233360161876,Uji,7268.781354438756,7088.891298503945
3,2024-02-28,7328.64,7270.836236120556,Uji,7267.731336668823,7090.860849707196
3,2024-02-29,7316.11,7303.496375895241,Uji,7300.960540607074,7117.571441811993
3,2024-03-01,7311.91,7303.810614462594,Uji,7299.84613262842,7104.92463983543
3,2024-03-04,7276.75,7297.881244782903,Uji,7294.219432801701,7104.363915907812
3,2024-03-05,7247.46,7270.70781442294,Uji,7266.670198584293,7082.959686825345
3,2024-03-06,7329.8,7241.007696130366,Uji,7237.571922479361,7068.047883029051
3,2024-03-07,7373.96,7293.45701865206,Uji,7294.490266270139,7121.780794767215
3,2024-03-08,7381.91,7347.237191727266,Uji,7344.056961112126,7139.817137925702
3,2024-03-13,7421.21,7363.021043419944,Uji,7358.677394729959,7136.8668467188645
3,2024-03-14,7433.31,7394.120438072792,Uji,7390.102596664539,7159.310107776602
3,2024-03-15,7328.05,7411.916887347811,Uji,7406.934717368,7159.7331729710895
3,2024-03-18,7302.45,7336.070781631573,Uji,7329.25115902434,7093.743701586794
3,2024-03-19,7336.75,7293.485850758054,Uji,7289.345282329417,7096.7411644507165
3,2024-03-20,7331.13,7313.3695561791465,Uji,7310.45347787569,7121.018604817465
3,2024-03-21,7338.35,7316.827794659238,Uji,7312.8413860757155,7112.609494662358
3,2024-03-22,7350.15,7320.961592251163,Uji,7317.239649859172,7117.9789475340385
3,2024-03-25,7377.76,7331.377560471398,Uji,7327.613692699772,7123.866929913834
3,2024-03-26,7365.66,7354.612650704489,Uji,7350.89819658886,7138.54036438592
3,2024-03-27,7310.09,7351.743071458444,Uji,7347.059894453391,7126.339316632822
3,2024-03-28,7288.81,7307.577127792934,Uji,7302.458061359623,7094.755919255089
3,2024-04-01,7205.06,7279.300903008676,Uji,7275.4864557416195,7090.6019885129435
3,2024-04-02,7236.98,7212.059095872727,Uji,7207.675494762148,7040.657382334534
3,2024-04-03,7166.84,7217.194304698197,Uji,7215.681583193032,7068.161866253681
3,2024-04-04,7254.4,7171.976594503602,Uji,7168.55010272809,7021.747735760273
3,2024-04-05,7286.88,7216.555648888437,Uji,7221.504457924453,7082.482051377366
3,2024-04-16,7164.81,7265.437054343317,Uji,7263.204157947991,7094.540059599947
3,2024-04-17,7130.84,7181.59382819184,Uji,7176.697078370534,7015.889168406189
3,2024-04-18,7166.81,7129.013034854011,Uji,7127.162713152841,7006.089211806713
3,2024-04-19,7087.32,7148.275661736805,Uji,7147.915193151909,7031.514465935888
3,2024-04-22,7073.82,7096.984466172527,Uji,7094.461141238283,6978.9320135188655
3,2024-04-23,7110.81,7069.177491760321,Uji,7068.759762523241,6977.893429943378
3,2024-04-24,7174.53,7093.175354862879,Uji,7094.263083054494,7002.063657922206
3,2024-04-25,7155.29,7146.292030780392,Uji,7149.89532659002,7038.145805474583
3,2024-04-26,7036.08,7149.426076217967,Uji,7147.640593125302,7020.34666580087
3,2024-04-29,7155.78,7056.179009834594,Uji,7053.264187050527,6948.236627069762
3,2024-04-30,7234.2,7106.32198807664,Uji,7121.1265346450355,7033.414470332923
3,2024-05-01,7234.2,7199.971089704717,Uji,7203.997764588679,7070.982121523686
3,2024-05-02,7117.42,7221.620638308017,Uji,7219.226766390888,7063.752302795715
3,2024-05-03,7134.72,7134.479117878751,Uji,7130.434282803611,6991.374569394645
3,2024-05-06,7135.89,7121.3362512231615,Uji,7120.909778190329,7012.8629631162285
3,2024-05-07,7123.61,7126.068662524298,Uji,7125.159038726166,7011.993157218754
3,2024-05-08,7088.79,7117.166312608792,Uji,7116.049259071424,7004.274448208271
3,2024-05-13,7099.26,7088.443974881242,Uji,7087.189486810635,6983.825848741587
3,2024-05-14,7083.76,7088.48881485946,Uji,7088.388328468273,6993.525049910007
3,2024-05-15,7179.83,7079.258415663311,Uji,7078.636260965535,6982.9532627654635
3,2024-05-16,7246.7,7139.224712133484,Uji,7148.672002304274,7043.924423147504
3,2024-05-17,7317.24,7216.793300772993,Uji,7218.172443983046,7076.512146357366
3,2024-05-20,7266.69,7285.4770270885,Uji,7284.79281386087,7114.066435234619
3,2024-05-21,7186.04,7264.390040851925,Uji,7260.056301797125,7076.233331372806
3,2024-05-22,7222.38,7192.931616684282,Uji,7188.9183041138285,7030.908453630271
3,2024-05-27,7176.42,7202.056641931618,Uji,7200.8869910998,7060.866581157512
3,2024-05-28,7253.63,7175.868211373172,Uji,7172.998901166997,7029.0312279421705
3,2024-05-29,7140.23,7219.7364175833145,Uji,7222.779437865107,7081.121606438229
3,2024-05-30,7034.14,7155.83451622494,Uji,7151.550908265788,7003.72036059743
3,2024-05-31,6970.74,7051.371670929854,Uji,7048.864488387769,6948.4226232994115
3,2024-06-03,7036.19,6980.395052328165,Uji,6980.056600172575,6918.909353196072
3,2024-06-04,7099.31,7008.1890679866665,Uji,7017.508743579448,6965.318910011702
3,2024-06-05,6947.67,7071.7882546520905,Uji,7078.211536691853,6998.405388299285
3,2024-06-06,6974.9,6977.71873338824,Uji,6975.171419065649,6898.6028516203605
3,2024-06-07,6897.95,6961.8670388085175,Uji,6966.4273542732535,6929.459527471114
3,2024-06-10,6921.55,6912.863175373123,Uji,6913.207232525991,6879.2570914179505
3,2024-06-11,6855.69,6910.24671780412,Uji,6916.207744508432,6900.978137366518
3,2024-06-12,6850.1,6869.426912673156,Uji,6870.714851367514,6857.983705391923
3,2024-06-13,6831.56,6850.388014861681,Uji,6853.674762845078,6860.590970765392
3,2024-06-14,6734.83,6835.481390082872,Uji,6838.492484300173,6849.615578976907
3,2024-06-19,6726.92,6759.165092355039,Uji,6761.344427396383,6822.222163683806
3,2024-06-20,6819.32,6728.89084298136,Uji,6736.545419612997,6822.222163683806
3,2024-06-21,6879.98,6782.450448203712,Uji,6802.499657984407,6853.385791605451
3,2024-06-24,6889.17,6854.8175993699215,Uji,6869.330730919878,6882.46297050063
3,2024-06-25,6882.7,6883.570136822802,Uji,6888.098234763188,6882.566349070412
3,2024-06-26,6905.64,6882.358269151491,Uji,6884.96351672594,6877.709125689906
3,2024-06-27,6967.95,6894.691415480419,Uji,6901.149269143388,6892.523357693596
3,2024-06-28,7063.58,6941.588427699258,Uji,6952.980876125149,6929.026911361266
3,2024-07-01,7139.63,7023.895929436745,Uji,7037.792556126181,6982.551855280455
3,2024-07-02,7125.14,7106.9175526673325,Uji,7114.187503175808,7020.869724146784
3,2024-07-03,7196.75,7119.142320768907,Uji,7117.938860593512,7004.877859795152
3,2024-07-04,7220.89,7165.360007317742,Uji,7169.572902631244,7050.596163506572
3,2024-07-05,7253.37,7203.334132911052,Uji,7201.8339217598095,7058.95568064577
3,2024-07-08,7250.98,7232.95613996157,Uji,7231.217649166077,7076.860552988121
3,2024-07-09,7269.8,7238.418590948076,Uji,7235.708014264792,7072.384895402261
3,2024-07-10,7287.04,7251.928921225162,Uji,7249.553433699103,7084.269507429073
3,2024-07-11,7300.41,7268.991967816447,Uji,7266.316500836108,7093.219432561468
3,2024-07-12,7327.58,7282.814743061757,Uji,7279.8301941115615,7099.91650750823
3,2024-07-15,7278.86,7306.071760044197,Uji,7303.085013935069,7115.523286126925
3,2024-07-16,7224.29,7275.7780052799935,Uji,7271.317593286728,7082.512183842728
3,2024-07-17,7224.22,7224.188892900435,Uji,7220.364625678149,7053.493050299352
3,2024-07-18,7321.07,7211.962779599515,Uji,7209.714009851899,7058.48060107655
3,2024-07-19,7294.5,7279.2518929124835,Uji,7283.339325966931,7118.512677794769
3,2024-07-22,7321.98,7285.996363716222,Uji,7281.945116524196,7093.116300611567
3,2024-07-23,7313.86,7300.574647754529,Uji,7297.679464880922,7112.597387868239
3,2024-07-24,7262.76,7300.64585363994,Uji,7296.842078287699,7104.731917609048
3,2024-07-25,7240.28,7260.70338752279,Uji,7256.411798047516,7074.109261604615
3,2024-07-26,7288.17,7232.528949489087,Uji,7229.395845691054,7064.887606204218
3,2024-07-29,7288.9,7263.249580845926,Uji,7261.442978123519,7096.641305819225
3,2024-07-30,7241.86,7274.478049471473,Uji,7271.298132736181,7092.678662424158
3,2024-07-31,7255.76,7239.53954556355,Uji,7235.673532321543,7063.456941859193
3,2024-08-01,7325.98,7239.417670502753,Uji,7237.107200945109,7076.408566007683
3,2024-08-02,7308.12,7294.282343291142,Uji,7293.197529698112,7118.648049689009
3,2024-08-05,7059.65,7297.254964807131,Uji,7293.254476470448,7100.545477882695
3,2024-08-06,7129.21,7107.86152388878,Uji,7100.864514327716,6948.754977217964
3,2024-08-07,7212.13,7099.03930301435,Uji,7105.501550995184,7014.773998147905
3,2024-08-08,7195.12,7176.328538589559,Uji,7182.057204526745,7059.753114818401
4,2022-01-05,6662.3,6692.407925454392,Latih,6699.6577902144345,6879.530452606118
4,2022-01-06,6653.35,6671.530974224669,Latih,6676.704927041245,6879.530452606118
4,2022-01-07,6701.32,6658.017711885731,Latih,6664.586558125775,6879.530452606118
4,2022-01-10,6691.12,6694.9139050275235,Latih,6702.848395205454,6879.530452606118
4,2022-01-11,6647.97,6695.859481104627,Latih,6701.315993647889,6879.530452606118
4,2022-01-12,6647.06,6659.187814124535,Latih,6664.282589714836,6879.530452606118
4,2022-01-13,6658.36,6650.2212404959,Latih,6657.347210252593,6879.530452606118
4,2022-01-14,6693.4,6659.141305826466,Latih,6666.532085235279,6879.530452606118
4,2022-01-17,6645.05,6689.496292684093,Latih,6697.037566352204,6879.530452606118
4,2022-01-18,6614.06,6657.273029678772,Latih,6662.202262876641,6879.530452606118
4,2022-01-19,6591.98,6623.107090176797,Latih,6629.7246230743895,6879.530452606118
4,2022-01-20,6626.87,6599.424314978871,Latih,6607.080485797529,6879.530452606118
4,2022-01-21,6726.37,6623.288721402294,Latih,6632.677580035038,6879.530452606118
4,2022-01-24,6655.17,6710.01987780811,Latih,6719.703028281647,6879.530452606118
4,2022-01-25,6568.17,6671.708765849185,Latih,6675.270816683185,6879.530452606118
4,2022-01-26,6600.82,6588.108060685697,Latih,6593.345160071257,6879.530452606118
4,2022-01-27,6611.16,6596.373994399089,Latih,6589.24132311661,6879.530452606118
4,2022-01-28,6645.51,6612.33294358701,Latih,6620.993945738977,6879.530452606118
4,2022-01-31,6631.15,6641.949447189429,Latih,6650.793030771176,6879.530452606118
4,2022-02-02,6707.65,6636.948140673496,Latih,6643.878950105616,6879.530452606118
4,2022-02-03,6683.85,6695.771609832361,Latih,6704.884443816856,6879.530452606118
4,2022-02-04,6731.39,6691.216834689691,Latih,6696.230228838339,6879.530452606118
4,2022-02-07,6804.94,6724.933172430414,Latih,6732.0089623514,6879.530452606118
4,2022-02-08,6789.52,6793.194917308714,Latih,6799.455431954887,6879.530452606118
4,2022-02-09,6834.61,6794.821046499636,Latih,6797.286535735157,6879.530452606118
4,2022-02-10,6823.64,6828.164865377576,Latih,6832.246787841947,6887.272303409613
4,2022-02-11,6815.61,6827.941185996562,Latih,6829.666834542186,6883.721564531363
4,2022-02-14,6734.49,6819.385624200135,Latih,6821.4747032600935,6879.530452606118
4,2022-02-15,6807.5,6752.571512314997,Latih,6753.451233417712,6879.530452606118
4,2022-02-16,6850.2,6795.846646583703,Latih,6802.010175753263,6879.530452606118
4,2022-02-17,6835.12,6844.142130237849,Latih,6847.675959358247,6895.427564179935
4,2022-02-18,6892.82,6840.154788651498,Latih,6841.3652325564935,6889.815877459682
4,2022-02-21,6902.96,6883.71145487491,Latih,6886.76945788864,6916.9065506226225
4,2022-02-22,6861.99,6902.882517929712,Latih,6903.399377347866,6923.953963694614
4,2022-02-23,6920.06,6871.846648295557,Latih,6871.078598820006,6904.696671217123
4,2022-02-24,6817.82,6910.760551752488,Latih,6913.076723172108,6930.983768899483
4,2022-02-25,6888.17,6839.56382622722,Latih,6837.117599636347,6884.168975005186
4,2022-03-01,6921.44,6876.6680236113425,Latih,6880.456326488293,6914.021807987134
4,2022-03-02,6868.4,6916.866991097371,Latih,6917.967056170147,6932.6373053431935
4,2022-03-04,6928.33,6880.531696433462,Latih,6879.011757419145,6908.46987424914
4,2022-03-07,6869.07,6918.639102693241,Latih,6920.813066669148,6935.191376888199
4,2022-03-08,6814.18,6882.385693661011,Latih,6880.551708899176,6909.0521490914025
4,2022-03-09,6864.44,6826.904157605201,Latih,6826.807921949655,6880.4919559169175
4,2022-03-10,6924.01,6856.876574119363,Latih,6860.37242092434,6902.50747811679
4,2022-03-11,6922.6,6914.406854032914,Latih,6916.684164036553,6932.970277608675
4,2022-03-14,6952.2,6924.639843123597,Latih,6924.060670989197,6934.551339967889
4,2022-03-15,6918.19,6948.191541842266,Latih,6948.259775559351,6948.688518074199
4,2022-03-16,6992.4,6926.470337339085,Latih,6924.466091483277,6933.505236156029
4,2022-03-17,6964.38,6979.701091543484,Latih,6980.767130253363,6967.793752010511
4,2022-03-18,6954.96,6971.313334530639,Latih,6968.305802231477,6957.172381463096
4,2022-03-21,6955.18,6958.385488525674,Latih,6956.523837952062,6951.594669393941
4,2022-03-22,7000.82,6956.764892497108,Latih,6955.354918620631,6951.343220777556
4,2022-03-23,6996.12,6993.535910768558,Latih,6993.0104671919835,6973.231893937635
4,2022-03-24,7049.69,6998.462984998872,Latih,6995.67807198887,6972.707898291396
4,2022-03-25,7002.53,7040.676850971038,Latih,7039.165625394638,6998.211898365071
4,2022-03-28,7049.6,7012.947226835541,Latih,7007.967329003862,6977.632542067217
4,2022-03-29,7011.69,7041.827645317371,Latih,7040.010182474906,6998.411609327843
4,2022-03-30,7053.19,7020.301626994662,Latih,7015.505719739251,6982.020546662259
4,2022-03-31,7071.44,7046.464693930205,Latih,7044.282714625652,7000.479770965626
4,2022-04-01,7078.76,7069.070868283568,Latih,7065.276049720106,7010.801394077591
4,2022-04-04,7116.22,7078.444303872644,Latih,7073.926399241745,7015.002150253109
4,2022-04-05,7148.3,7109.987311106983,Latih,7105.856365858379,7033.238264005238
4,2022-04-06,7104.22,7142.952289354867,Latih,7137.671583995885,7050.037100051697
4,2022-04-07,7127.37,7113.6004661250745,Latih,7105.93191679484,7030.120094314867
4,2022-04-08,7210.83,7123.818872488801,Latih,7118.697542890374,7039.548344409521
4,2022-04-11,7203.79,7195.4014455927145,Latih,7190.817401572538,7080.437121421158
4,2022-04-12,7214.78,7205.662462477758,Latih,7196.9771040690675,7080.224275661766
4,2022-04-13,7262.78,7213.163258736208,Latih,7205.027803584411,7085.226254431069
4,2022-04-14,7235.53,7253.888781602463,Latih,7246.172709130127,7108.654439520898
4,2022-04-18,7275.29,7241.1189668513125,Latih,7230.589100329953,7097.4090885663645
4,2022-04-19,7199.23,7267.915917003236,Latih,7259.459796993813,7115.438096568648
4,2022-04-20,7227.36,7214.293575210646,Latih,7202.457882373406,7080.480455907643
4,2022-04-21,7276.19,7222.4169815135765,Latih,7214.74460551031,7091.0845288587225
4,2022-04-22,7225.61,7267.081185164533,Latih,7259.030537360986,7115.559929564062
4,2022-04-25,7215.98,7235.694761253673,Latih,7224.333679295854,7093.16142979032
4,2022-04-26,7232.15,7218.29286222227,Latih,7209.144734935835,7086.6282646906975
4,2022-04-27,7196.76,7229.468143690901,Latih,7221.094348863439,7094.015501841368
4,2022-04-28,7228.91,7204.07356578119,Latih,7194.237878432346,7077.661800949632
4,2022-05-09,6909.75,7223.192917038278,Latih,7215.668385064677,7091.734029038013
4,2022-05-10,6819.79,6972.482434853362,Latih,6957.172562454388,6939.943199836059
4,2022-05-11,6816.2,6839.181753609808,Latih,6837.263711320789,6884.722782502807
4,2022-05-12,6599.84,6819.125720704823,Latih,6821.409236124187,6879.593230728543
4,2022-05-13,6597.99,6644.323820237377,Latih,6642.53513501034,6879.530452606118
4,2022-05-17,6644.47,6601.547304050181,Latih,6609.996598102306,6879.530452606118
4,2022-05-18,6793.41,6638.599291910537,Latih,6648.047884133616,6879.530452606118
4,2022-05-19,6823.33,6767.329283705675,Latih,6777.4912466421965,6879.530452606118
4,2022-05-20,6918.14,6819.829544127612,Latih,6823.505580691724,6882.011920787132
4,2022-05-23,6840.77,6901.838017183581,Latih,6905.952362945119,6928.598562229913
4,2022-05-24,6914.14,6857.666575253043,Latih,6855.76153848115,6895.09872885827
4,2022-05-25,6883.5,6901.947025653162,Latih,6905.154786033074,6927.34168113057
4,2022-05-27,7026.26,6891.290439371504,Latih,6890.413278002777,6915.432428261081
4,2022-05-30,7037.56,7000.330323870232,Latih,7003.707569667152,6982.712269524384
4,2022-05-31,7148.97,7036.66680790549,Latih,7033.486377210671,6993.538625637938
4,2022-06-02,7148.72,7128.480897899931,Latih,7126.948573910063,7047.377975989636
4,2022-06-03,7182.96,7149.53995868928,Latih,7142.712243189879,7051.47929037815
4,2022-06-06,7096.58,7177.047015247415,Latih,7170.90261944301,7067.884858202992
4,2022-06-07,7141.04,7114.066285998884,Latih,7104.602044493022,7027.770620497518
4,2022-06-08,7193.31,7133.361871062582,Latih,7128.871425396269,7045.812401313837
4,2022-06-09,7182.83,7183.910722158027,Latih,7178.33396675713,7072.555778043328
4,2022-06-10,7086.65,7185.451423459124,Latih,7177.187154219221,7069.512021629868
4,2022-06-13,6995.44,7106.0502333880095,Latih,7096.397450667681,7023.005119779163
4,2022-06-14,7049.88,7014.294577724985,Latih,7007.420580166629,6975.633906941461
4,2022-06-15,7007.05,7040.699966144616,Latih,7039.224731979425,6998.277210365583
4,2022-06-16,7050.33,7016.621039792351,Latih,7011.720726417355,6979.806687034416
4,2022-06-17,6936.97,7043.27759241348,Latih,7041.259901490266,6998.932838392903
4,2022-06-20,6976.38,6960.309684518621,Latih,6954.0137990028115,6946.226596952721
4,2022-06-21,7044.07,6970.39276110773,Latih,6970.252699703621,6960.825147718237
4,2022-06-22,6984.31,7032.38713952666,Latih,7031.703199290091,6994.769702550222
4,2022-06-23,6998.27,6997.212205891659,Latih,6992.141864125778,6968.684746285127
4,2022-06-24,7042.94,6997.042642906954,Latih,6995.083877577235,6973.113111938285
4,2022-06-27,7016.06,7035.655014871413,Latih,7033.909379715973,6995.0573494250075
4,2022-06-28,6996.46,7022.5475220811895,Latih,7018.153467205815,6983.863244862008
4,2022-06-29,6942.35,7001.644837768128,Latih,6998.1428889710205,6973.448333666967
4,2022-06-30,6911.58,6954.359363091036,Latih,6950.726997140095,6946.764761631533
4,2022-07-01,6794.33,6919.271227708499,Latih,6917.605099442046,6929.963133147997
4,2022-07-04,6639.17,6819.041895880729,Latih,6816.5377262205175,6879.530452606118
4,2022-07-05,6703.27,6671.80142046274,Latih,6671.822512412232,6879.530452606118
4,2022-07-06,6646.41,6693.777228001966,Latih,6702.423337156192,6879.530452606118
4,2022-07-07,6652.59,6660.250963437717,Latih,6664.738177116673,6879.530452606118
4,2022-07-08,6740.22,6654.373833595822,Latih,6661.682339534472,6879.530452606118
4,2022-07-11,6722.15,6726.073844192344,Latih,6734.807229933162,6879.530452606118
4,2022-07-12,6718.29,6728.254259215016,Latih,6732.472028571982,6879.530452606118
4,2022-07-13,6640.99,6721.699633719343,Latih,6726.699789647776,6879.530452606118
4,2022-07-14,6690.09,6658.755451783846,Latih,6662.423130428653,6879.530452606118
4,2022-07-15,6651.9,6683.517852966501,Latih,6691.819083213821,6879.530452606118
4,2022-07-18,6659.25,6662.153944665652,Latih,6667.374696659159,6879.530452606118
4,2022-07-19,6736.09,6660.7811580357065,Latih,6667.959550627333,6879.530452606118
4,2022-07-20,6874.74,6724.021131454128,Latih,6732.357280092854,6879.530452606118
4,2022-07-21,6864.13,6850.263721139464,Latih,6857.669807240401,6904.486669606606
4,2022-07-22,6886.96,6868.183668960368,Latih,6868.797668990527,6904.653388442436
4,2022-07-25,6858.41,6884.531526418961,Latih,6886.096997671164,6915.196363904516
4,2022-07-26,6871.54,6865.912435092961,Latih,6865.83393658403,6902.374165102282
4,2022-07-27,6898.22,6871.030687839424,Latih,6872.565442283785,6907.58710215036
4,2022-07-28,6956.82,6895.007147264519,Latih,6896.441554965415,6920.875275961797
4,2022-07-29,6951.12,6947.257083801671,Latih,6948.573666171475,6949.979658239528
4,2022-08-01,6968.78,6953.852587473437,Latih,6952.274576110289,6949.467297747776
4,2022-08-02,6988.16,6966.97683488612,Latih,6966.015874549196,6957.717734081791
4,2022-08-03,7046.63,6985.9429899424795,Latih,6984.523501095224,6967.677840015935
4,2022-08-04,7057.35,7036.6953011060305,Latih,7035.502103085572,6996.443329027345
4,2022-08-05,7084.65,7056.480028064308,Latih,7052.720425235089,7003.797910177758
4,2022-08-08,7086.85,7080.495504040778,Latih,7076.762170804798,7017.292000367694
4,2022-08-09,7102.88,7087.475665919841,Latih,7082.488993842661,7019.381105283551
4,2022-08-10,7086.24,7100.79569419867,Latih,7096.018920308413,7027.149406671577
4,2022-08-11,7160.38,7090.46357359177,Latih,7084.599300595582,7019.779441261344
4,2022-08-12,7129.28,7146.952714026042,Latih,7143.332474491663,7054.692454640922
4,2022-08-15,7093.28,7136.072862057752,Latih,7128.322142680949,7042.591842263992
4,2022-08-16,7133.45,7101.166881482663,Latih,7094.187081586184,7024.154673042351
4,2022-08-18,7186.56,7126.624082379406,Latih,7122.14139348275,7042.048661540802
4,2022-08-19,7172.43,7177.03015720136,Latih,7171.681502540181,7069.032187858878
4,2022-08-22,7107.98,7175.793883253406,Latih,7167.646120693753,7064.270410389958
4,2022-08-23,7163.27,7121.231058995788,Latih,7112.490368963543,7032.836980454976
4,2022-08-24,7194.71,7153.4270310998645,Latih,7148.831145078011,7056.90168606287
4,2022-08-25,7174.21,7189.279440996719,Latih,7182.674551633668,7074.069227227032
4,2022-08-26,7135.25,7178.781635789942,Latih,7170.281767599652,7065.4325296199895
4,2022-08-29,7132.04,7143.51646506793,Latih,7135.226029658384,7045.977982490118
4,2022-08-30,7159.47,7133.4984419203465,Latih,7126.995217951601,7042.962874412592
4,2022-08-31,7178.59,7154.960337613889,Latih,7149.147414432831,7055.991506711302
4,2022-09-01,7153.1,7175.581658035588,Latih,7168.841025203536,7066.1971402609925
4,2022-09-02,7177.18,7158.717148006031,Latih,7150.568713193007,7054.701349070128
4,2022-09-05,7231.88,7173.231356829475,Latih,7166.76567562587,7065.27982468134
4,2022-09-06,7233.15,7221.846703808384,Latih,7215.31017744191,7092.4159525144705
4,2022-09-07,7186.76,7233.3070207060155,Latih,7224.197884115057,7095.097364361347
4,2022-09-08,7232.02,7196.216837219073,Latih,7186.137587302995,7072.905556643068
4,2022-09-09,7242.66,7223.787447576598,Latih,7216.798753250912,7092.846091247858
4,2022-09-12,7254.46,7240.986946631748,Latih,7232.057560249644,7099.661861321988
4,2022-09-13,7318.02,7252.513454630454,Latih,7243.310254279453,7105.7220703197145
4,2022-09-14,7278.08,7305.915607588377,Latih,7297.398312522258,7136.640554173058
4,2022-09-15,7305.6,7285.902676466787,Latih,7273.583943727099,7119.901031558577
4,2022-09-16,7168.87,7300.427796479548,Latih,7290.545413377369,7131.581175308293
4,2022-09-19,7195.49,7195.645163295342,Latih,7181.774869777036,7067.073965503036
4,2022-09-20,7196.95,7190.975794808937,Latih,7184.120258362364,7074.655328742325
4,2022-09-21,7188.31,7197.230543589665,Latih,7189.139612295699,7076.363886538803
4,2022-09-22,7218.91,7190.556153570486,Latih,7182.2263654828785,7072.2771031654465
4,2022-09-23,7178.58,7213.5328429544725,Latih,7206.213503394201,7086.619732244075
4,2022-09-26,7127.5,7186.916522111965,Latih,7177.353149089884,7068.444483277855
4,2022-09-27,7112.45,7138.113409595556,Latih,7129.463525480097,7042.428019288834
4,2022-09-28,7077.03,7116.254367295567,Latih,7109.7350092459355,7033.277564971501
4,2022-09-29,7036.2,7084.877923761666,Latih,7078.378681601345,7015.726580827288
4,2022-09-30,7040.8,7045.260636432226,Latih,7039.642718440349,6994.810218743732
4,2022-10-03,7009.72,7041.171008909995,Latih,7037.582106725032,6995.468484072735
4,2022-10-04,7072.26,7017.037009493165,Latih,7012.620253138593,6980.7426964289425
4,2022-10-05,7075.38,7061.43541450387,Latih,7059.720961562452,7009.5474864066155
4,2022-10-06,7076.62,7075.880691500961,Latih,7071.257553361713,7013.41283986216
4,2022-10-07,7026.78,7077.474035412132,Latih,7072.727047517358,7014.125531858257
4,2022-10-10,6994.4,7037.60160207277,Latih,7031.818413175398,6990.278636342336
4,2022-10-11,6939.15,7002.0327796745805,Latih,6997.981315459063,6972.866912069368
4,2022-10-12,6909.21,6951.391002478644,Latih,6947.793774694248,6945.1525946259935
4,2022-10-13,6880.63,6916.753328565996,Latih,6915.1926665109795,6928.70565736298
4,2022-10-14,6814.53,6888.040016758479,Latih,6887.340640550293,6913.869697734158
4,2022-10-17,6831.12,6829.391805346042,Latih,6828.753449059159,6881.0977596271405
4,2022-10-18,6834.49,6830.128905310661,Latih,6832.954722352654,6886.546735175885
4,2022-10-19,6860.42,6836.006778509648,Latih,6838.110905702742,6888.790949628987
4,2022-10-20,6980.65,6857.517154013548,Latih,6859.969741155539,6901.349754389563
4,2022-10-21,7017.77,6959.221099464939,Latih,6962.799891993449,6959.971851344154
4,2022-10-24,7053.04,7012.036944060377,Latih,7010.634364970973,6982.322983111191
4,2022-10-25,7048.38,7047.504204487856,Latih,7045.030518932398,7000.638215913823
4,2022-10-26,7043.94,7050.484562237319,Latih,7046.244711942728,6999.740499105504
4,2022-10-27,7091.76,7046.022196077164,Latih,7041.916537897641,6997.435342298796
4,2022-10-28,7056.04,7083.658352724374,Latih,7080.701213572085,7020.192566813283
4,2022-10-31,7098.89,7064.037914147434,Latih,7058.109518522081,7004.879824409535
4,2022-11-01,7052.3,7091.705277278484,Latih,7088.313397042812,7024.0692451525265
4,2022-11-02,7015.69,7062.388721494732,Latih,7056.048389688787,7003.356963678649
4,2022-11-03,7034.57,7024.035942754798,Latih,7019.19018532639,6984.040512904573
4,2022-11-04,7045.53,7032.243484152609,Latih,7029.506430411392,6991.704692587901
4,2022-11-07,7102.4,7044.666416164692,Latih,7041.247749217803,6997.674354227831
4,2022-11-08,7050.13,7092.52434044248,Latih,7089.700359169306,7025.353766207748
4,2022-11-09,7070.08,7061.3122370017145,Latih,7054.76262755042,7002.449680187752
4,2022-11-10,6966.84,7067.392510176955,Latih,7063.71631847745,7010.0334738815345
4,2022-11-11,7089.21,6988.116566079903,Latih,6981.468574933458,6961.294923544571
4,2022-11-14,7019.39,7066.89333619362,Latih,7067.547387011109,7016.048848750644
4,2022-11-15,7035.5,7034.057016898448,Latih,7027.531039738708,6987.2127989912515
4,2022-11-16,7014.38,7033.697878463322,Latih,7030.803414009863,6992.290716535498
4,2022-11-17,7044.99,7019.775769723707,Latih,7015.702121146969,6982.775952603269
4,2022-11-18,7082.18,7040.378991016204,Latih,7037.908511592204,6996.650512344887
4,2022-11-21,7063.25,7076.149179154693,Latih,7072.95437258011,7015.639601583533
4,2022-11-22,7030.59,7068.012017513572,Latih,7062.680014051256,7007.973430995992
4,2022-11-23,7054.12,7038.116341307218,Latih,7033.04274169808,6991.598605834891
4,2022-11-24,7080.52,7050.819758110102,Latih,7047.758574820812,7001.641735060265
4,2022-11-25,7053.15,7076.555530461132,Latih,7072.894593741952,7015.189708943419
4,2022-11-28,7017.36,7059.567222387847,Latih,7054.115919808206,7003.0684635592015
4,2022-11-29,7012.07,7025.542100575023,Latih,7020.688689800553,6984.873305550862
4,2022-11-30,7081.31,7014.455142856888,Latih,7011.197609871677,6980.981191240001
4,2022-12-01,7020.8,7069.167000515519,Latih,7067.518376692591,7013.975205662302
4,2022-12-02,7019.64,7033.684174836928,Latih,7027.561032581382,6987.589467725802
4,2022-12-05,6987.33,7021.2036358821915,Latih,7017.931106475644,6984.7406906456235
4,2022-12-06,6892.57,6994.9806091171995,Latih,6991.129605685522,6969.206957874345
4,2022-12-07,6818.75,6912.556321495811,Latih,6908.381472930948,6922.553737492006
4,2022-12-08,6804.23,6835.0663994682145,Latih,6833.943788051636,6883.573255095518
4,2022-12-09,6715.12,6809.294377146987,Latih,6811.392505771546,6879.530452606118
4,2022-12-12,6734.45,6734.811780571361,Latih,6735.8520538780285,6879.530452606118
4,2022-12-13,6810.32,6733.362932350952,Latih,6739.013816613873,6879.530452606118
4,2022-12-14,6801.75,6798.108417192128,Latih,6804.329165465859,6879.530452606118
4,2022-12-15,6751.86,6805.689857999114,Latih,6808.139704415826,6879.530452606118
4,2022-12-16,6812.19,6763.905212875925,Latih,6765.783708567642,6879.530452606118
4,2022-12-19,6779.7,6802.935635941056,Latih,6808.366305513409,6879.530452606118
4,2022-12-20,6768.32,6788.301843585397,Latih,6790.230512648846,6879.530452606118
4,2022-12-21,6820.66,6772.943698223256,Latih,6776.192065292323,6879.530452606118
4,2022-12-22,6824.43,6812.8930011499215,Latih,6817.708067626386,6879.781254825032
4,2022-12-23,6800.67,6825.9149109149275,Latih,6828.318449416787,6883.571755453385
4,2022-12-26,6835.81,6807.513345266012,Latih,6809.271960082678,6879.530452606118
4,2022-12-27,6923.03,6831.258316828639,Latih,6834.834291064174,6888.2700566906105
4,2022-12-28,6850.52,6908.154794265667,Latih,6911.7723964983625,6931.415717545789
4,2022-12-29,6860.08,6866.446100845372,Latih,6864.500056617891,6899.95824162487
4,2022-12-30,6850.62,6860.302558285628,Latih,6861.987225231563,6901.794113867321
4,2023-01-02,6850.98,6854.513887937698,Latih,6855.559086793099,6897.6210752153775
4,2023-01-03,6888.76,6852.998370282087,Latih,6854.499848184619,6897.435274726191
4,2023-01-04,6813.24,6883.47073645655,Latih,6885.695946823991,6915.561061357896
4,2023-01-05,6653.84,6829.905096650154,Latih,6828.855373012454,6880.787333705462
4,2023-01-06,6684.56,6687.215737765147,Latih,6686.6265206140415,6879.530452606118
4,2023-01-09,6688.27,6681.519709102822,Latih,6689.102287569358,6879.530452606118
4,2023-01-10,6622.5,6690.367610619678,Latih,6696.564144844129,6879.530452606118
4,2023-01-11,6584.45,6638.146839536436,Latih,6642.877505895057,6879.530452606118
4,2023-01-12,6629.93,6594.97510300726,Latih,6602.082831427309,6879.530452606118
4,2023-01-13,6641.83,6624.31433441431,Latih,6631.516566144683,6879.530452606118
4,2023-01-16,6688.06,6642.569814234683,Latih,6650.449897137442,6879.530452606118
4,2023-01-17,6767.34,6682.044493353976,Latih,6690.266035721018,6879.530452606118
4,2023-01-18,6765.79,6754.6675078278995,Latih,6762.248328093313,6879.530452606118
4,2023-01-19,6819.91,6768.54903573426,Latih,6772.334714237475,6879.530452606118
4,2023-01-20,6874.93,6811.80663970354,Latih,6816.727146535544,6879.530452606118
4,2023-01-24,6860.85,6866.411893491184,Latih,6869.841368203794,6907.753588283102
4,2023-01-25,6829.93,6865.58034192804,Latih,6866.120988773142,6903.088124037424
4,2023-01-26,6864.82,6838.010455535681,Latih,6838.613337529333,6887.731245614327
4,2023-01-27,6898.98,6860.187913230096,Latih,6862.943272947703,6903.286412925759
4,2023-01-30,6872.48,6894.336393536367,Latih,6896.1048077386995,6920.985034252446
4,2023-01-31,6839.34,6879.529030531681,Latih,6879.155671352184,6909.574903654496
4,2023-02-01,6862.26,6847.802523983153,Latih,6848.037709239157,6892.683167363442
4,2023-02-02,6890.57,6859.923459096584,Latih,6862.181765014563,6902.4156121081505
4,2023-02-03,6911.73,6887.079832098521,Latih,6888.804937670268,6916.856183331649
4,2023-02-06,6873.79,6909.510832737128,Latih,6910.306496312658,6928.073144509238
4,2023-02-07,6935.3,6883.016344890035,Latih,6882.063218890465,6910.6860091960825
4,2023-02-08,6940.12,6925.276803191941,Latih,6927.33149390642,6938.7370997220705
4,2023-02-09,6897.37,6940.89358511035,Latih,6940.12188995306,6943.378414558216
4,2023-02-10,6880.33,6907.410092666784,Latih,6905.571169428268,6923.066175551456
4,2023-02-13,6900.14,6885.539182509221,Latih,6885.3961993885405,6913.277287379543
4,2023-02-14,6941.85,6898.229645506778,Latih,6899.284281765261,6922.1287957942895
4,2023-02-15,6914.54,6935.576293654484,Latih,6936.508166105194,6942.8756207490405
4,2023-02-16,6895.66,6921.557897547525,Latih,6919.973525633257,6931.36323007111
4,2023-02-17,6895.71,6901.152629016677,Latih,6900.49488080565,6921.277205909531
4,2023-02-20,6894.72,6897.589996424951,Latih,6897.829784030952,6920.585845029991
4,2023-02-21,6873.4,6896.802813584247,Latih,6897.02083052341,6920.113095775288
4,2023-02-22,6809.97,6879.456504735386,Latih,6879.30348952595,6909.854561056534
4,2023-02-23,6839.45,6824.342406858235,Latih,6823.958007209927,6879.530452606118
4,2023-02-24,6856.58,6835.962358075411,Latih,6839.168075839312,6890.367461350002
4,2023-02-27,6854.78,6855.373441439304,Latih,6857.515188965235,6899.696760919728
4,2023-02-28,6843.24,6857.193774286542,Latih,6858.48675022069,6899.482829212585
4,2023-03-01,6844.94,6847.563408630523,Latih,6848.715521627697,6893.882234672942
4,2023-03-02,6857.42,6846.7292973333915,Latih,6848.462806072268,6894.259989355244
4,2023-03-03,6813.64,6857.097073224816,Latih,6858.994560074244,6900.307451394835
4,2023-03-06,6807.0,6824.246455617576,Latih,6824.692831855446,6879.791700608171
4,2023-03-07,6766.76,6810.548362385659,Latih,6812.943549432187,6879.530452606118
4,2023-03-08,6776.37,6776.897918403173,Latih,6778.819321959043,6879.530452606118
4,2023-03-09,6799.79,6776.952694124901,Latih,6780.97336396488,6879.530452606118
4,2023-03-10,6765.3,6797.6339097363025,Latih,6801.6575012928515,6879.530452606118
4,2023-03-13,6786.96,6774.347104701424,Latih,6776.582217878127,6879.530452606118
4,2023-03-14,6641.81,6785.196420853163,Latih,6789.494110793497,6879.530452606118
4,2023-03-15,6628.14,6672.519568053496,Latih,6672.942396031481,6879.530452606118
4,2023-03-16,6565.73,6633.819757903077,Latih,6640.867248542764,6879.530452606118
4,2023-03-17,6678.24,6580.986357152315,Latih,6587.459176199997,6879.530452606118
4,2023-03-20,6612.49,6658.826006067853,Latih,6642.391925650545,6879.530452606118
4,2023-03-21,6691.61,6628.177231559463,Latih,6633.187891446806,6879.530452606118
4,2023-03-24,6762.25,6679.302462352229,Latih,6688.98686683686,6879.530452606118
4,2023-03-27,6708.93,6751.248737457416,Latih,6758.561186420641,6879.530452606118
4,2023-03-28,6760.33,6721.819346531051,Latih,6724.731742050368,6879.530452606118
4,2023-03-29,6839.44,6753.008774348518,Latih,6759.461100980364,6879.530452606118
4,2023-03-30,6808.95,6826.481542938382,Latih,6832.0443361538955,6888.4818682140485
4,2023-03-31,6805.28,6817.04103714767,Latih,6818.249231589465,6879.530452606118
4,2023-04-03,6827.17,6808.269190757303,Latih,6810.853306856779,6879.530452606118
4,2023-04-04,6833.18,6825.184973034293,Latih,6828.372617524892,6884.30259829048
4,2023-04-05,6819.67,6834.198778926165,Latih,6836.464789902003,6888.013230047263
4,2023-04-06,6792.77,6824.473418697745,Latih,6826.189112722307,6881.764091996587
4,2023-04-10,6771.23,6800.24742399278,Latih,6802.077142531303,6879.530452606118
4,2023-04-11,6811.31,6777.779682121897,Latih,6780.464442307675,6879.530452606118
4,2023-04-12,6798.96,6805.923828027872,Latih,6810.417376402049,6879.530452606118
4,2023-04-13,6785.6,6803.633538363007,Latih,6805.981641817716,6879.530452606118
4,2023-04-14,6818.57,6790.525244039919,Latih,6793.197864881184,6879.530452606118
4,2023-04-17,6787.58,6814.50858113411,Latih,6818.462103204756,6879.530452606118
4,2023-04-18,6821.81,6795.860841472175,Latih,6797.640994252589,6879.530452606118
4,2023-04-26,6910.15,6817.493773936658,Latih,6821.41686361435,6881.062337045706
4,2023-04-27,6945.48,6895.1179139352225,Latih,6899.147788475194,6924.710455583376
4,2023-04-28,6915.72,6940.407752770825,Latih,6940.935471666498,6944.995158057853
4,2023-05-02,6863.3,6923.200212531131,Latih,6921.466652080458,6932.066458808225
4,2023-05-03,6812.72,6875.335875990427,Latih,6873.987568432724,6905.808164597192
4,2023-05-04,6844.03,6824.6281145406065,Latih,6824.777251365214,6879.57339925412
4,2023-05-05,6787.63,6840.172887780698,Latih,6843.3378566480005,6892.6673694092415
4,2023-05-08,6769.63,6800.7595517814425,Latih,6801.331742823151,6879.530452606118
4,2023-05-09,6779.98,6775.5112148356675,Latih,6778.408704429293,6879.530452606118
4,2023-05-10,6811.9,6780.405529642129,Latih,6784.3607064903035,6879.530452606118
4,2023-05-11,6755.94,6808.068419702677,Latih,6812.15799551311,6879.530452606118
4,2023-05-12,6707.76,6769.125531783127,Latih,6770.6020458153125,6879.530452606118
4,2023-05-15,6711.74,6719.673643052595,Latih,6722.862735473532,6879.530452606118
4,2023-05-16,6676.56,6713.682456376868,Latih,6719.237505750673,6879.530452606118
4,2023-05-17,6663.11,6686.13065618576,Latih,6690.8068764853615,6879.530452606118
4,2023-05-19,6700.56,6668.593343348068,Latih,6674.6764024964095,6879.530452606118
4,2023-05-22,6729.65,6696.164787558332,Latih,6703.620904823557,6879.530452606118
4,2023-05-23,6736.68,6726.72165081026,Latih,6732.969819264729,6879.530452606118
4,2023-05-24,6745.8,6737.9302993163665,Latih,6742.934915387353,6879.530452606118
4,2023-05-25,6704.23,6746.611171726605,Latih,6751.460807539842,6879.530452606118
4,2023-05-26,6687.0,6714.897864614444,Latih,6718.499268126505,6879.530452606118
4,2023-05-29,6681.1,6693.099182910338,Latih,6698.336734774128,6879.530452606118
4,2023-05-30,6636.42,6685.063156617595,Latih,6691.003213253333,6879.530452606118
4,2023-05-31,6633.26,6647.980794540057,Latih,6653.324892099063,6879.530452606118
4,2023-06-05,6633.44,6636.9115351846895,Latih,6644.3153782864,6879.530452606118
4,2023-06-06,6618.92,6636.453368656941,Latih,6644.010802261838,6879.530452606118
4,2023-06-07,6619.75,6624.802674776024,Latih,6632.06683138416,6879.530452606118
4,2023-06-08,6666.33,6622.699782202101,Latih,6630.669727281339,6879.530452606118
4,2023-06-09,6694.02,6660.343676227044,Latih,6669.1876153274,6879.530452606118
4,2023-06-12,6722.37,6691.516142574861,Latih,6698.6911286518125,6879.530452606118
4,2023-06-13,6719.01,6719.615014801937,Latih,6726.030988039988,6879.530452606118
4,2023-06-14,6699.72,6722.3210414645255,Latih,6727.3248689305965,6879.530452606118
4,2023-06-15,6713.79,6706.156127418296,Latih,6710.941252763884,6879.530452606118
4,2023-06-16,6698.55,6713.797941749112,Latih,6719.774985248166,6879.530452606118
4,2023-06-19,6686.06,6704.218421718196,Latih,6709.228493383841,6879.530452606118
4,2023-06-20,6660.46,6691.258811741485,Latih,6696.747657086268,6879.530452606118
4,2023-06-21,6702.63,6668.273615766775,Latih,6673.85359022708,6879.530452606118
4,2023-06-22,6652.26,6697.324915884152,Latih,6704.94748049827,6879.530452606118
4,2023-06-23,6639.73,6664.83666223542,Latih,6669.468972754788,6879.530452606118
4,2023-06-26,6664.67,6645.141021776655,Latih,6651.919559356431,6879.530452606118
4,2023-06-27,6661.88,6662.820542058062,Latih,6670.6831334452445,6879.530452606118
4,2023-07-03,6696.72,6665.334549887788,Latih,6671.958113673788,6879.530452606118
4,2023-07-04,6681.75,6692.839809460952,Latih,6700.279029896275,6879.530452606118
4,2023-07-05,6718.98,6687.441071923687,Latih,6692.932321867063,6879.530452606118
4,2023-07-06,6757.33,6714.545397001224,Latih,6721.477583259958,6879.530452606118
4,2023-07-07,6716.46,6752.512341090462,Latih,6758.428610299252,6879.530452606118
4,2023-07-10,6731.04,6726.940275363047,Latih,6730.233954894859,6879.530452606118
4,2023-07-11,6796.92,6730.874431365449,Latih,6736.394807978888,6879.530452606118
4,2023-07-12,6808.21,6786.673982049252,Latih,6792.793866461541,6879.530452606118
4,2023-07-13,6810.21,6808.331503473548,Latih,6811.544331609635,6879.530452606118
4,2023-07-14,6869.57,6812.095450093774,Latih,6814.811379565625,6879.530452606118
4,2023-07-17,6867.14,6860.247381797467,Latih,6864.032323407565,6904.8164357406295
4,2023-07-18,6830.2,6869.619395312106,Latih,6870.537900263106,6905.90054772381
4,2023-07-20,6864.19,6839.428031046422,Latih,6839.73755201164,6888.099019919671
4,2023-07-21,6880.8,6859.732435715829,Latih,6862.462637643848,6902.994577395359
4,2023-07-24,6899.4,6879.585706661976,Latih,6881.027509149945,6912.245481879751
4,2023-07-25,6917.71,6897.723800701537,Latih,6898.741644015947,6921.791841720384
4,2023-07-26,6948.28,6916.008316696327,Latih,6916.50187994961,6931.274596049828
4,2023-07-27,6896.66,6944.103698377056,Latih,6944.3273001903735,6946.623950406357
4,2023-07-28,6900.23,6908.3959522343075,Latih,6906.155616166035,6923.034993337434
4,2023-07-31,6931.36,6901.418324233332,Latih,6901.699248574415,6922.790655093234
4,2023-08-01,6886.5,6927.151614418071,Latih,6927.8734594023645,6937.849983832283
4,2023-08-02,6854.51,6896.990760113039,Latih,6895.354676401057,6917.523084530871
4,2023-08-03,6898.08,6862.686084321771,Latih,6862.552952298556,6900.487046468296
4,2023-08-04,6852.84,6891.6446393299475,Latih,6893.885027110018,6920.162920092385
4,2023-08-07,6886.37,6863.5519208068,Latih,6862.836151958738,6900.125167307892
4,2023-08-08,6868.81,6881.902317631877,Latih,6883.992301648295,6914.485740380327
4,2023-08-09,6875.11,6874.169283689892,Latih,6874.32271259371,6907.337696149984
4,2023-08-10,6893.28,6875.88826141361,Latih,6876.9991601080055,6909.692651417891
4,2023-08-11,6879.98,6891.712898902931,Latih,6892.880887422003,6918.6422571129015
4,2023-08-14,6910.17,6884.47702218417,Latih,6884.52136505071,6912.95452819411
4,2023-08-15,6915.1,6906.234554225245,Latih,6907.502475793401,6926.924030796331
4,2023-08-16,6900.54,6915.963094729225,Latih,6915.894085335176,6930.4313834763
4,2023-08-18,6859.91,6905.186666356364,Latih,6904.598056818882,6923.637952898782
4,2023-08-21,6866.03,6869.710976905858,Latih,6869.017030436431,6903.607801748553
4,2023-08-22,6916.45,6866.88275526527,Latih,6868.238173195158,6905.002391365209
4,2023-08-23,6921.41,6908.626354149023,Latih,6910.679881348054,6929.406171230716
4,2023-08-24,6899.39,6922.239510753196,Latih,6921.996025753659,6933.694397912068
4,2023-08-25,6895.44,6905.465341234246,Latih,6904.5545413411055,6923.325717064184
4,2023-08-28,6921.73,6898.084464634695,Latih,6898.141890586056,6920.597712887567
4,2023-08-29,6957.83,6918.487742261331,Latih,6919.248215958517,6933.051775401873
4,2023-08-30,6966.66,6952.556276128336,Latih,6952.776206404015,6951.354623228952
4,2023-08-31,6953.26,6966.551143367336,Latih,6965.230010359333,6956.955605607078
4,2023-09-01,6977.65,6957.452452559516,Latih,6955.449266795561,6950.866050164148
4,2023-09-04,6996.75,6974.52334437375,Latih,6973.634728841828,6962.051182730243
4,2023-09-05,6991.71,6994.548479479601,Latih,6992.876197509218,6972.13206156795
4,2023-09-06,6995.95,6994.137344831874,Latih,6991.459190828253,6970.439482716964
4,2023-09-07,6954.81,6996.587760078361,Latih,6994.232080845286,6972.281250104355
4,2023-09-08,6924.78,6964.289243479417,Latih,6960.925468605802,6952.718909732148
4,2023-09-11,6963.39,6932.271728789253,Latih,6930.272757536811,6936.76344139461
4,2023-09-12,6933.97,6957.61278498833,Latih,6957.796904844091,6954.135709565922
4,2023-09-13,6935.48,6941.304771469875,Latih,6939.078526866479,6941.494321064396
4,2023-09-14,6959.33,6936.905726406021,Latih,6936.106210301561,6941.10353500907
4,2023-09-15,6982.79,6956.387344661996,Latih,6955.983759936736,6952.5947238499375
4,2023-09-18,6936.08,6979.81814119761,Latih,6978.742018687177,6964.745341535257
4,2023-09-19,6980.32,6946.704827657982,Latih,6943.598784384175,6943.240912888094
4,2023-09-20,7011.68,6973.393596729087,Latih,6973.373144713091,6962.680308461235
4,2023-09-21,6991.47,7007.072973462394,Latih,7005.566712218574,6979.3908207571985
4,2023-09-22,7016.84,6996.793288618376,Latih,6993.401434238603,6970.890125178145
4,2023-09-25,6998.38,7013.353267871193,Latih,7011.418677806905,6982.287043411779
4,2023-09-26,6923.8,7003.338812837651,Latih,6999.837510438016,6974.398356958674
4,2023-09-27,6937.83,6939.797501845999,Latih,6935.710278922362,6937.944435430808
4,2023-09-29,6939.89,6936.856186503811,Latih,6936.5857079458665,6941.844823629303
4,2023-10-02,6961.46,6941.191264073892,Latih,6940.29496934001,6943.363986966653
4,2023-10-03,6940.89,6958.942967560933,Latih,6958.371759043381,6953.782957537815
4,2023-10-04,6886.58,6946.5053493983,Latih,6944.506455713554,6944.738719252988
4,2023-10-05,6874.83,6898.873793515006,Latih,6896.786705359258,6917.922532312315
4,2023-10-06,6888.52,6879.054005957878,Latih,6879.315538374818,6910.231695197264
4,2023-10-09,6891.46,6887.828825776614,Latih,6888.916816144623,6916.349640417139
4,2023-10-10,6922.19,6892.807275677957,Latih,6893.302778123655,6918.27781821851
4,2023-10-11,6931.75,6918.098429992239,Latih,6919.056934018772,6933.121508761091
4,2023-10-12,6935.15,6931.656022269768,Latih,6931.342778055114,6938.86901651804
4,2023-10-13,6926.78,6936.216537421984,Latih,6935.515920130653,6940.86123938088
4,2023-10-16,6896.29,6930.129541713041,Latih,6929.103346943301,6936.977373101754
4,2023-10-17,6939.62,6903.995329960623,Latih,6902.768726118842,6922.042980065983
4,2023-10-18,6927.91,6933.046992060585,Latih,6934.117943391247,6941.660652061744
4,2023-10-19,6846.43,6931.891983202738,Latih,6930.675644152802,6937.6884620321225
4,2023-10-20,6849.17,6864.085870974098,Latih,6861.827875326906,6898.182355067768
4,2023-10-23,6741.96,6850.742184547815,Latih,6852.407123442921,6896.408769685664
4,2023-10-24,6806.76,6764.987256387197,Latih,6764.419784047031,6879.530452606118
4,2023-10-25,6834.39,6796.676646792915,Latih,6802.470927870897,6879.530452606118
4,2023-10-26,6714.52,6831.277708752782,Latih,6834.536689668328,6887.820034771003
4,2023-10-27,6758.79,6740.084328394254,Latih,6739.680627317448,6879.530452606118
4,2023-10-30,6735.89,6752.836173295698,Latih,6758.992850652061,6879.530452606118
4,2023-10-31,6752.21,6742.855279218873,Latih,6746.4606386834585,6879.530452606118
4,2023-11-01,6642.42,6751.618890505454,Latih,6756.631754608176,6879.530452606118
4,2023-11-02,6751.39,6666.379141129564,Latih,6668.464128493529,6879.530452606118
4,2023-11-03,6788.85,6733.1222268605425,Latih,6742.557587327381,6879.530452606118
4,2023-11-06,6878.84,6784.0629758149635,Latih,6789.058232050564,6879.530452606118
4,2023-11-07,6843.79,6863.63132427219,Latih,6868.6124114752165,6908.451258001963
4,2023-11-08,6804.11,6852.597345290813,Latih,6852.61777145091,6895.057514555492
4,2023-11-09,6838.23,6813.976130608945,Latih,6814.882871125965,6879.530452606118
4,2023-11-10,6809.26,6833.862290258438,Latih,6837.322378355296,6889.560550458468
4,2023-11-13,6838.31,6817.05957582715,Latih,6818.331349924236,6879.530452606118
4,2023-11-14,6862.06,6834.909454162152,Latih,6838.1265226656515,6889.794029225148
4,2023-11-15,6958.21,6859.565975438986,Latih,6861.869270620976,6902.280747739711
4,2023-11-16,6958.01,6941.475368690534,Latih,6944.536293420835,6949.275989952132
4,2023-11-17,6977.67,6959.662563082025,Latih,6958.153742104218,6952.823109004542
4,2023-11-20,6994.89,6975.445908700871,Latih,6974.332062434005,6962.240758180664
4,2023-11-21,6961.79,6993.055430600097,Latih,6991.345735144068,6971.241093149232
4,2023-11-22,6906.95,6969.704140953469,Latih,6966.527614499377,6956.02505180721
4,2023-11-23,7004.34,6919.254964348119,Latih,6916.574871152084,6928.480012933654
4,2023-11-24,7009.63,6987.164939722467,Latih,6988.998872772504,6973.092065236616
4,2023-11-27,7013.41,7010.006997441104,Latih,7007.319845584682,6979.318113969612
4,2023-11-28,7041.07,7014.058461656622,Latih,7011.194248604826,6981.33073713665
4,2023-11-29,7036.09,7037.039339696224,Latih,7034.53793661719,6994.734486815979
4,2023-11-30,7080.74,7038.309898566062,Latih,7034.3974356628005,6993.394996119787
4,2023-12-01,7059.91,7073.2918954837905,Latih,7070.4914947903735,7014.6120364511535
4,2023-12-04,7093.6,7065.049396910725,Latih,7059.720289309082,7006.317619233182
4,2023-12-05,7100.85,7088.186599714816,Latih,7084.507201883853,7021.679798115544
4,2023-12-06,7087.4,7100.450104254546,Latih,7095.313002557816,7026.43195719009
4,2023-12-07,7134.62,7091.009701887429,Latih,7085.264572873176,7020.258602778964
4,2023-12-08,7159.6,7126.443556493586,Latih,7122.263174766366,7042.386804986055
4,2023-12-11,7088.79,7155.557298606702,Latih,7149.624404054947,7056.151606437024
4,2023-12-12,7125.31,7103.339500951829,Latih,7094.831824280085,7023.150947048717
4,2023-12-13,7075.34,7119.216522492235,Latih,7114.787510441605,7037.976098911817
4,2023-12-14,7176.02,7085.971990265906,Latih,7078.828884512245,7015.403640650563
4,2023-12-15,7190.99,7157.4590516794415,Latih,7154.663098200628,7061.77748804575
4,2023-12-18,7119.52,7188.718781685901,Latih,7181.435588672232,7072.768934073507
4,2023-12-19,7187.85,7134.059773484534,Latih,7124.663998398845,7039.072544158752
4,2023-12-20,7219.67,7175.410130002569,Latih,7170.748156303237,7069.122838640271
4,2023-12-21,7209.62,7214.056786888913,Latih,7206.774110993221,7086.966614983142
4,2023-12-22,7237.52,7212.041061014012,Latih,7203.050344439818,7083.354183930218
4,2023-12-26,7237.52,7232.575971021729,Latih,7224.609510024862,7096.348996713223
4,2023-12-27,7245.92,7237.900010867196,Latih,7228.608797036486,7097.406089282097
4,2023-12-28,7303.89,7244.66003562339,Latih,7235.533368733007,7101.433093817296
4,2023-12-29,7272.8,7292.914641101444,Latih,7284.525901564442,7129.542903089588
4,2024-01-02,7323.59,7278.957109780394,Latih,7267.205965732417,7116.83436681873
4,2024-01-03,7279.09,7313.897788971749,Latih,7304.618934260692,7140.005699409313
4,2024-01-04,7359.76,7287.778418505275,Latih,7275.215088962399,7120.596296678846
4,2024-01-05,7350.62,7344.206125323863,Latih,7335.337810574859,7157.584349365303
4,2024-01-08,7283.58,7352.2448794139345,Latih,7339.366521599382,7156.2589759898865
4,2024-01-09,7200.2,7296.54987705716,Latih,7282.790919039332,7123.773004124229
4,2024-01-10,7227.3,7216.6561321128165,Latih,7204.445839012935,7081.259597563803
4,2024-01-11,7219.96,7222.553810930328,Latih,7214.834273767547,7091.09249247557
4,2024-01-12,7241.14,7221.818365743236,Latih,7212.668014849499,7088.600397520126
4,2024-01-15,7224.0,7237.462322211343,Latih,7229.0759614170365,7098.476213223996
4,2024-01-16,7242.79,7227.7105631101895,Latih,7217.982332876996,7091.061568820537
4,2024-01-17,7200.63,7239.561148945171,Latih,7231.015205543118,7099.420315514864
4,2024-01-18,7252.97,7209.218320823982,Latih,7198.953373842312,7079.920262003005
4,2024-01-19,7227.4,7243.293861639578,Latih,7236.057364379245,7103.41525873548
4,2024-01-22,7247.93,7232.704216280061,Latih,7222.480845583753,7093.139762547077
4,2024-01-23,7256.23,7244.346403570254,Latih,7235.739802229482,7102.013300187649
4,2024-01-24,7227.82,7254.9435471404395,Latih,7245.524812016566,7106.770268459382
4,2024-01-25,7178.04,7233.664349228221,Latih,7223.294375585394,7093.464667772116
4,2024-01-26,7137.09,7188.182220072818,Latih,7178.18508849151,7068.523136922179
4,2024-01-29,7157.17,7145.727971808978,Latih,7137.291812553472,7047.005185639914
4,2024-01-30,7192.22,7154.073066588709,Latih,7147.975211402245,7055.080189700183
4,2024-01-31,7207.94,7186.111576268745,Latih,7179.747457035851,7072.644360352813
4,2024-02-01,7201.7,7205.450857801511,Latih,7197.730648385359,7081.508745005191
4,2024-02-02,7238.79,7203.428978222682,Latih,7194.839958893133,7079.112833993494
4,2024-02-05,7198.62,7232.086673991757,Latih,7224.521186274366,7096.657716145577
4,2024-02-06,7247.41,7206.837406233623,Latih,7196.7229922951,7078.805097085296
4,2024-02-07,7235.15,7238.4358485151115,Latih,7231.185751051979,7100.673602644267
4,2024-02-12,7297.67,7237.880101825077,Latih,7228.072649117785,7096.644581348957
4,2024-02-13,7209.74,7285.853860529744,Latih,7277.854562541329,7126.1528844786335
4,2024-02-15,7303.28,7227.022279082613,Latih,7214.329928604439,7086.367068400443
4,2024-02-16,7335.54,7285.51959546932,Latih,7278.836983274304,7127.879644827908
4,2024-02-19,7296.7,7329.331123287766,Latih,7318.839058090535,7146.889522209234
4,2024-02-20,7352.6,7304.230578659858,Latih,7291.444991810406,7129.49150156266
4,2024-02-21,7349.02,7341.804629438013,Latih,7331.959633965581,7154.819009270736
4,2024-02-22,7339.64,7349.590926531644,Latih,7337.021184725851,7155.220654803583
4,2024-02-23,7295.1,7341.359184012503,Latih,7328.775480021327,7150.588156828948
4,2024-02-26,7283.82,7303.725302684393,Latih,7290.7137869907265,7128.879750995701
4,2024-02-27,7285.32,7286.14804894694,Latih,7275.030426132761,7121.784426943128
4,2024-02-28,7328.64,7285.202705572927,Latih,7274.650085860572,7122.076184905832
4,2024-02-29,7316.11,7320.350904208509,Latih,7310.576598763552,7142.901146386928
4,2024-03-01,7311.91,7318.534113619415,Latih,7306.456926686849,7138.535377864904
4,2024-03-04,7276.75,7312.763076994505,Latih,7301.198509112682,7136.0471095824905
4,2024-03-05,7247.46,7283.666451486432,Latih,7271.611759185873,7119.031963086192
4,2024-03-06,7329.8,7253.385625810703,Latih,7242.426292809327,7103.657787066761
4,2024-03-07,7373.96,7314.059698610392,Latih,7306.105855292168,7142.022821502752
4,2024-03-08,7381.91,7365.310589071605,Latih,7354.312627357336,7166.313300819466
4,2024-03-13,7421.21,7380.135378952121,Latih,7367.196311487052,7171.797802373241
4,2024-03-14,7433.31,7413.279331731895,Latih,7400.73337735305,7190.939906821323
4,2024-03-15,7328.05,7430.516425263982,Latih,7416.341652680734,7198.229822368695
4,2024-03-18,7302.45,7348.116933449597,Latih,7331.30335954079,7148.225444791384
4,2024-03-19,7336.75,7307.428539654103,Latih,7295.111565115536,7131.964308017557
4,2024-03-20,7331.13,7330.146463202326,Latih,7319.717641533701,7147.438132671185
4,2024-03-21,7338.35,7332.169170169919,Latih,7320.0012807441635,7146.043465486832
4,2024-03-22,7350.15,7336.9069533647,Latih,7325.147638852684,7149.291897195645
4,2024-03-25,7377.76,7347.78091018805,Latih,7335.910105040162,7155.222464716502
4,2024-03-26,7365.66,7372.252070525978,Latih,7360.362235436532,7168.906130356858
4,2024-03-27,7310.09,7367.783292102907,Latih,7354.3451023663,7164.15133398063
4,2024-03-28,7288.81,7320.753945959894,Latih,7306.800758429851,7137.052024947471
4,2024-04-01,7205.06,7293.024476959789,Latih,7281.292828259551,7124.74466880328
4,2024-04-02,7236.98,7221.5653399170205,Latih,7209.201876472309,7083.787683930457
4,2024-04-03,7166.84,7231.271230653601,Latih,7223.5106860352325,7095.917358337702
4,2024-04-04,7254.4,7180.916919341158,Latih,7170.265219824384,7063.500835416375
4,2024-04-05,7286.88,7237.996556793529,Latih,7232.3926526988325,7102.820521349969
4,2024-04-16,7164.81,7280.843969855391,Latih,7271.71906116613,7121.709341412847
4,2024-04-17,7130.84,7188.805657506061,Latih,7175.744601910184,7064.418254419623
4,2024-04-18,7166.81,7138.173653839893,Latih,7130.243080830639,7043.507554777916
4,2024-04-19,7087.32,7160.638189579317,Latih,7155.026166732379,7059.464936451969
4,2024-04-22,7073.82,7103.532334245506,Latih,7094.653470289768,7022.719360384994
4,2024-04-23,7110.81,7077.499167345822,Latih,7072.130345083534,7013.235520107798
4,2024-04-24,7174.53,7104.690833649697,Latih,7100.688443930211,7030.4574620831545
4,2024-04-25,7155.29,7163.028619140456,Latih,7158.519143532583,7062.407027471123
4,2024-04-26,7036.08,7159.7047916305755,Latih,7151.792162615128,7055.597462812719
4,2024-04-29,7155.78,7060.098354262171,Latih,7050.761737473067,6997.7178438497085
4,2024-04-30,7234.2,7133.678864382571,Latih,7132.350388299292,7050.586693037804
4,2024-05-01,7234.2,7219.62992246397,Latih,7214.155142728166,7092.717380583347
4,2024-05-02,7117.42,7234.594696180898,Latih,7225.395994756298,7095.688637056412
4,2024-05-03,7134.72,7140.615433216161,Latih,7129.126623117989,7039.702962684686
4,2024-05-06,7135.89,7132.25270471341,Latih,7126.648697195118,7043.572142813261
4,2024-05-07,7123.61,7136.495657715864,Latih,7130.092961481875,7044.788559430893
4,2024-05-08,7088.79,7126.836514444416,Latih,7120.137561321322,7038.945695118959
4,2024-05-13,7099.26,7096.471553673806,Latih,7089.6729519165165,7021.78735865479
4,2024-05-14,7083.76,7098.252663122477,Latih,7093.312841934026,7025.487441204839
4,2024-05-15,7179.83,7087.776938853324,Latih,7082.035946782887,7018.453292208962
4,2024-05-16,7246.7,7162.131884856293,Latih,7159.010922728846,7063.923062244711
4,2024-05-17,7317.24,7234.278840520459,Latih,7227.907067941504,7099.621215848984
4,2024-05-20,7266.69,7303.806903901185,Latih,7295.64290383705,7135.972541170186
4,2024-05-21,7186.04,7276.587675209128,Latih,7264.082676574073,7114.410996842447
4,2024-05-22,7222.38,7202.037775728776,Latih,7190.351736834122,7073.831197822153
4,2024-05-27,7176.42,7215.892193725184,Latih,7208.748674277142,7088.197252345146
4,2024-05-28,7253.63,7185.840399601531,Latih,7176.069920829605,7067.5404059184175
4,2024-05-29,7140.23,7239.205009794313,Latih,7233.131045458394,7102.814419357839
4,2024-05-30,7034.14,7162.679719641277,Latih,7150.715574698515,7051.374573987779
4,2024-05-31,6970.74,7055.663291931209,Latih,7047.003737709578,6996.217219191839
4,2024-06-03,7036.19,6984.396729623128,Latih,6979.5318388295655,6961.802914389417
4,2024-06-04,7099.31,7024.969392415338,Latih,7024.398649303966,6990.7782498759525
4,2024-06-05,6947.67,7088.255324693979,Latih,7085.814269282878,7023.51851450687
4,2024-06-06,6974.9,6978.267330240059,Latih,6969.855372105883,6953.212085146949
4,2024-06-07,6897.95,6971.243497747826,Latih,6970.566435180353,6960.52100477998
4,2024-06-10,6921.55,6914.513897454182,Latih,6911.034753559868,6924.662001628917
4,2024-06-11,6855.69,6918.821852186363,Latih,6919.459639643472,6933.060592263383
4,2024-06-12,6850.1,6870.324201259052,Latih,6868.549840199982,6902.380732500592
4,2024-06-13,6831.56,6853.257679091725,Latih,6854.50116683546,6897.205467497149
4,2024-06-14,6734.83,6837.270769981177,Latih,6838.416160444649,6888.10538047079
4,2024-06-19,6726.92,6755.888849994264,Latih,6756.017806289814,6879.530452606118
4,2024-06-20,6819.32,6731.064368798454,Latih,6735.631645268221,6879.530452606118
4,2024-06-21,6879.98,6803.914281712798,Latih,6810.669057721524,6879.530452606118
4,2024-06-24,6889.17,6870.363321234023,Latih,6873.919825977719,6910.152265875975
4,2024-06-25,6882.7,6889.334699181952,Latih,6890.190865560808,6916.85639017884
4,2024-06-26,6905.64,6885.881618033684,Latih,6886.1745136559375,6914.102814518254
4,2024-06-27,6967.95,6903.108058935442,Latih,6904.158015276233,6924.85535204057
4,2024-06-28,7063.58,6957.629927449271,Latih,6958.812395271704,6955.596645419047
4,2024-07-01,7139.63,7046.47927665716,Latih,7046.578097902592,7003.803598475507
4,2024-07-02,7125.14,7125.929851495092,Latih,7122.978762623136,7043.886136848982
4,2024-07-03,7196.75,7128.781498580044,Latih,7121.934908274477,7039.820917295272
4,2024-07-04,7220.89,7183.644871805977,Latih,7178.890592547726,7073.602528252661
4,2024-07-05,7253.37,7216.736854229049,Latih,7209.055532084778,7087.888739759982
4,2024-07-08,7250.98,7247.4818967128585,Latih,7239.291213361103,7104.374667718473
4,2024-07-09,7269.8,7251.756755894502,Latih,7241.976658728201,7104.459475066724
4,2024-07-10,7287.04,7266.446112576804,Latih,7257.14864161857,7113.3914470387135
4,2024-07-11,7300.41,7283.911565407598,Latih,7274.058399471127,7122.369545934264
4,2024-07-12,7327.58,7297.961040304984,Latih,7287.551300289714,7129.432550113266
4,2024-07-15,7278.86,7322.377541272728,Latih,7311.865825592366,7142.9647001863195
4,2024-07-16,7224.29,7288.354746490801,Latih,7275.597445994697,7120.6372007108375
4,2024-07-17,7224.22,7235.141962136107,Latih,7223.628175239639,7092.629780798019
4,2024-07-18,7321.07,7224.672184723692,Latih,7215.7483315039435,7090.5286270332945
4,2024-07-19,7294.5,7302.59938171276,Latih,7295.578057242717,7136.956926951474
4,2024-07-22,7321.98,7299.698866978969,Latih,7287.557247146451,7127.888539257115
4,2024-07-23,7313.86,7316.74312721738,Latih,7306.4022673166655,7140.056014988489
4,2024-07-24,7262.76,7315.452400746432,Latih,7303.647373005237,7137.204419615335
4,2024-07-25,7240.28,7272.779876984439,Latih,7260.358496326288,7112.398839081588
4,2024-07-26,7288.17,7244.937727977116,Latih,7234.501925215798,7099.685545325341
4,2024-07-29,7288.9,7279.187537551009,Latih,7270.758359388195,7121.792804254357
4,2024-07-30,7241.86,7288.913957871282,Latih,7278.22487072476,7123.957304971283
4,2024-07-31,7255.76,7251.197492802223,Latih,7239.551323703606,7101.43345579988
4,2024-08-01,7325.98,7253.407034494956,Latih,7244.267284519751,7106.314997792307
4,2024-08-02,7308.12,7312.569416312066,Latih,7304.146495276775,7140.5059076286025
4,2024-08-05,7059.65,7311.596562261668,Latih,7299.488917080249,7134.604143579072
4,2024-08-06,7129.21,7108.230816474023,Latih,7092.098959194483,7014.808127588086
4,2024-08-07,7212.13,7116.794290175501,Latih,7113.825619292323,7038.741743788773
4,2024-08-08,7195.12,7196.798646655156,Latih,7192.15280703671,7081.130111222326
4,2024-08-13,7356.64,7289.991166329468,Uji,7280.953547154748,7126.961553571289
4,2024-08-14,7436.04,7345.233225050063,Uji,7335.423341888279,7156.791090388367
4,2024-08-15,7409.5,7420.39156554232,Uji,7409.336462291577,7197.092111107184
4,2024-08-16,7432.09,7414.185115580657,Uji,7398.839174202777,7187.376860535217
4,2024-08-19,7466.83,7427.300003157954,Uji,7413.657293261388,7197.201274712159
4,2024-08-20,7533.98,7459.568009796246,Uji,7445.533738167388,7214.711923654155
4,2024-08-21,7554.59,7520.236807992569,Uji,7505.8696158100265,7248.220651455004
4,2024-08-22,7488.68,7549.636930041427,Uji,7532.485160975568,7260.6455485154
4,2024-08-23,7544.3,7500.528407647718,Uji,7481.105559849845,7229.828419785576
4,2024-08-26,7606.19,7532.711348378771,Uji,7517.508907239548,7253.996031870922
4,2024-08-27,7597.88,7593.131723098873,Uji,7576.501519224761,7285.774172649467
4,2024-08-28,7658.88,7598.254500627638,Uji,7578.522519703029,7284.135218932712
4,2024-08-29,7627.6,7645.758819632655,Uji,7627.6175970293325,7313.064453351584
4,2024-08-30,7670.73,7632.226566136007,Uji,7610.575353551032,7300.379652795877
4,2024-09-02,7694.53,7660.966535375245,Uji,7641.6464906312285,7319.871587555495
4,2024-09-03,7616.52,7688.350207584034,Uji,7667.448609218725,7332.9155782581265
4,2024-09-04,7672.9,7630.11300153983,Uji,7606.551555147292,7296.418529090966
4,2024-09-05,7681.04,7660.598450799115,Uji,7641.847132406359,7320.491922280876
4,2024-09-06,7721.85,7677.908044271599,Uji,7656.639188718922,7326.530619170754
4,2024-09-09,7702.74,7712.303525979652,Uji,7691.448261385094,7346.4038767267175
4,2024-09-10,7761.39,7704.7124409223925,Uji,7681.544417886864,7338.788487124532
4,2024-09-11,7760.96,7748.264530651706,Uji,7727.1541200472275,7366.181881151292
4,2024-09-12,7798.15,7759.110666527887,Uji,7735.206681187288,7368.1979172969795
4,2024-09-13,7812.13,7788.957475085401,Uji,7765.803103964468,7386.010873408412
4,2024-09-17,7831.78,7807.304820914413,Uji,7782.658357582233,7394.122179150677
4,2024-09-18,7829.13,7825.7862037231,Uji,7800.861324072028,7404.0723564196605
4,2024-09-19,7905.39,7827.403231637624,Uji,7801.493242240095,7403.546344013311
4,2024-09-20,7743.0,7888.268224394475,Uji,7863.9795032788825,7440.005850415331
4,2024-09-23,7775.73,7772.136454677721,Uji,7741.04215071215,7363.571986720654
4,2024-09-24,7778.49,7767.48735721602,Uji,7744.746370206016,7374.582048995589
4,2024-09-25,7740.9,7775.954543550155,Uji,7751.713190441269,7377.145299384688
4,2024-09-26,7744.52,7746.230395376819,Uji,7721.120904607907,7359.228816254231
4,2024-09-27,7696.92,7741.9703774811205,Uji,7718.716926555768,7359.540017852875
4,2024-09-30,7527.93,7704.354802129401,Uji,7679.996063239703,7336.857258327096
4,2024-10-01,7642.13,7559.275802288171,Uji,7533.863694079035,7253.617811782439
4,2024-10-02,7563.26,7618.930635554912,Uji,7603.782698650481,7302.383950363483
4,2024-10-03,7543.83,7577.252167680381,Uji,7555.134721527214,7268.899682242952
4,2024-10-04,7496.09,7546.565249257202,Uji,7527.812069239728,7256.596463042578
4,2024-10-07,7504.13,7504.438336672892,Uji,7485.671711588013,7232.973169339973
4,2024-10-08,7557.14,7501.79844939958,Uji,7485.456487085926,7235.01883634575
4,2024-10-09,7501.29,7545.992799656505,Uji,7530.30850798618,7260.737078397355
4,2024-10-10,7480.08,7511.163145694842,Uji,7491.866267836202,7235.970436847288
4,2024-10-11,7520.6,7483.436520843612,Uji,7466.375867965326,7223.685989029484
4,2024-10-14,7559.65,7511.9976706863545,Uji,7496.738863687623,7242.3081313515495
4,2024-10-15,7626.95,7551.155602116699,Uji,7534.738554272764,7262.564366481385
4,2024-10-16,7648.94,7612.76762350333,Uji,7595.815772247433,7296.308279538239
4,2024-10-17,7735.04,7643.306956455833,Uji,7623.590385646943,7309.400517348137
4,2024-10-18,7760.06,7716.792627139224,Uji,7697.720281906259,7351.510933868976
4,2024-10-21,7772.6,7753.358039302963,Uji,7730.687587185041,7366.768086090181
4,2024-10-22,7788.98,7768.2241469098535,Uji,7744.611609261173,7373.727873520945
4,2024-10-23,7787.56,7783.7991198398095,Uji,7759.912199392457,7382.055748272037
4,2024-10-24,7716.55,7785.781957011364,Uji,7761.0894701792195,7381.995659163093
4,2024-10-25,7694.66,7728.36531377329,Uji,7702.34786726011,7347.898864798636
4,2024-10-28,7634.63,7697.198613290918,Uji,7674.1237749148695,7334.714011159032
4,2024-10-29,7606.6,7644.711965999728,Uji,7621.49936739457,7305.105593988981
4,2024-10-30,7569.85,7610.69915159476,Uji,7589.787624564289,7289.3931711007
4,2024-10-31,7574.02,7575.775382161258,Uji,7555.474364614602,7270.712853006206
4,2024-11-01,7505.26,7572.118323826907,Uji,7553.644180669899,7271.319587528787
4,2024-11-04,7479.5,7517.579235284438,Uji,7497.558599104989,7238.513209364492
4,2024-11-05,7491.93,7483.727244570362,Uji,7466.466777305707,7223.558364312725
4,2024-11-06,7383.87,7488.814651229489,Uji,7473.021247665987,7228.541416564064
4,2024-11-07,7243.86,7404.224802799322,Uji,7385.722114729976,7177.207166684937
4,2024-11-08,7287.19,7270.930042556606,Uji,7254.813336833795,7105.990557973448
4,2024-11-11,7266.46,7279.082148907267,Uji,7270.463757276617,7121.458694329326
4,2024-11-12,7321.99,7270.668122301183,Uji,7259.585715221247,7113.1621569276485
4,2024-11-13,7308.67,7311.400264277545,Uji,7302.391138303365,7138.998508725233
4,2024-11-14,7214.56,7311.277707316962,Uji,7299.37034192809,7134.716668450898
4,2024-11-15,7161.26,7233.00036974557,Uji,7219.880155853109,7089.094555459083
4,2024-11-18,7134.28,7172.1480463791595,Uji,7162.451515477965,7059.976262707767
4,2024-11-19,7195.71,7140.264516956872,Uji,7132.570060015983,7045.022245044764
4,2024-11-20,7180.33,7184.552051873278,Uji,7179.34343276031,7073.450237008392
4,2024-11-21,7140.91,7183.897587361407,Uji,7175.470167399715,7068.404406634627
4,2024-11-22,7195.56,7149.239202873774,Uji,7140.769172390766,7048.9232796407305
4,2024-11-25,7314.11,7185.696640803885,Uji,7180.170149270367,7073.629521811067
4,2024-11-26,7245.89,7291.529178617085,Uji,7285.73223438152,7132.53437887556
4,2024-11-28,7200.16,7259.25150187262,Uji,7246.487271995623,7104.320680601659
4,2024-11-29,7114.27,7209.431683701351,Uji,7199.010308531596,7079.812391192972
4,2024-12-02,7046.99,7131.5846399987395,Uji,7121.650493387048,7036.903079109246
4,2024-12-03,7196.02,7061.050471881686,Uji,7053.875666796025,7001.394035549214
4,2024-12-04,7326.76,7168.144157017539,Uji,7167.086650754283,7070.29157698041
4,2024-12-05,7313.31,7301.797073171224,Uji,7296.226419762457,7138.616358540125
4,2024-12-06,7382.79,7315.921995581475,Uji,7303.879145282593,7137.121835874385
4,2024-12-09,7437.73,7369.2697994400005,Uji,7359.228144000861,7169.921750063966
4,2024-12-10,7453.29,7426.7417743016285,Uji,7414.478062914708,7198.8931295979755
4,2024-12-11,7464.75,7449.747939410312,Uji,7435.180415723425,7208.434318258836
4,2024-12-12,7394.24,7461.939719686612,Uji,7446.857973883254,7214.518004412726
4,2024-12-13,7324.79,7407.38330769191,Uji,7390.374676882124,7181.148846753907
4,2024-12-16,7258.63,7338.037735245317,Uji,7323.015664856522,7145.182205495901
4,2024-12-17,7157.73,7271.542051682554,Uji,7258.520555611929,7110.832954135004
4,2024-12-18,7107.88,7177.717096722196,Uji,7165.858702405761,7059.953716363964
4,2024-12-19,6977.24,7118.345437259738,Uji,7110.300839736525,7032.232055845315
4,2024-12-20,6983.87,7003.699347491315,Uji,6995.460236040999,6967.71300403838
4,2024-12-23,7096.44,6984.104997516322,Uji,6982.199624617744,6965.9416939753755
4,2024-12-24,7065.75,7075.961517040789,Uji,7075.948692514955,7020.160246939711
4,2024-12-27,7036.57,7072.745146646558,Uji,7066.784896553812,7009.712240194133
4,2024-12-30,7079.9,7043.405837671812,Uji,7038.330790132339,6994.560218057682
4,2025-01-02,7163.21,7072.707500457822,Uji,7069.867850509941,7014.22750752335
4,2025-01-03,7164.43,7148.020304089852,Uji,7144.756669112511,7055.809015777168
4,2025-01-06,7080.47,7164.900017387936,Uji,7157.704165600607,7059.550364341792
4,2025-01-07,7083.28,7097.565620178046,Uji,7088.665399249852,7019.345269007735
4,2025-01-08,7080.35,7083.805007382691,Uji,7078.946890834629,7017.511258390002
4,2025-01-09,7064.59,7081.9832524610165,Uji,7076.934267667591,7016.213033708386
4,2025-01-10,7088.87,7068.74120557314,Uji,7063.522295812426,7008.546501138261
4,2025-01-13,7016.88,7085.273208743394,Uji,7081.278782640755,7019.58950382834
4,2025-01-14,6956.67,7031.972255773598,Uji,7025.413131351524,6985.996589220811
4,2025-01-15,7079.56,6969.780079728412,Uji,6965.458964343713,6954.40362838988
4,2025-01-16,7107.52,7057.186669780072,Uji,7058.134443608579,7011.037199875168
4,2025-01-17,7154.66,7103.138600617709,Uji,7098.79894655353,7029.097700362259
4,2025-01-20,7170.74,7146.410308979817,Uji,7141.66745802886,7052.756520069894
4,2025-01-21,7181.82,7168.346453570197,Uji,7161.68038915045,7062.251530095396
4,2025-01-22,7257.13,7180.331696926426,Uji,7173.11924565203,7068.172634357272
4,2025-01-23,7232.64,7243.052212408859,Uji,7236.790430823642,7104.696935641828
4,2025-01-24,7166.06,7237.715037766773,Uji,7227.396775921659,7095.809539239468
4,2025-01-30,7073.48,7179.46107710011,Uji,7169.0001941169,7062.9624638903715
4,2025-01-31,7109.2,7092.251457285942,Uji,7083.136787532628,7016.055881555132
4,2025-02-03,7030.06,7103.330347963633,Uji,7099.312444704832,7029.672735552841
4,2025-02-04,7073.46,7046.458436802681,Uji,7039.192412105854,6993.085501010467
4,2025-02-05,7024.23,7066.282568150817,Uji,7063.625771119652,7010.893441077522
4,2025-02-06,6875.54,7034.94651153093,Uji,7029.263384962135,6988.936404920865
4,2025-02-07,6742.58,6905.892946089545,Uji,6899.631836757699,6915.787455608289
4,2025-02-10,6648.14,6770.518363198661,Uji,6768.710829021358,6879.530452606118
4,2025-02-11,6531.99,6669.144668679398,Uji,6671.799099895817,6879.530452606118
4,2025-02-12,6645.78,6557.650492165348,Uji,6562.511957860309,6879.530452606118
4,2025-02-13,6613.57,6604.341702943076,Uji,6581.136895043442,6879.530452606118
4,2025-02-14,6638.46,6622.852073446369,Uji,6629.425328117169,6879.530452606118
4,2025-02-17,6830.88,6636.735824960031,Uji,6645.3267123782725,6879.530452606118
4,2025-02-18,6873.55,6796.336538299349,Uji,6807.518697437075,6879.760621817744
4,2025-02-19,6794.87,6867.39472791854,Uji,6870.276186854874,6907.507646973172
4,2025-02-20,6788.04,6812.219248137502,Uji,6811.531584651499,6879.530452606118
4,2025-02-21,6803.0,6791.708332403924,Uji,6794.623042026188,6879.530452606118
4,2025-02-24,6749.6,6802.444141159681,Uji,6805.976496493844,6879.530452606118
4,2025-02-25,6587.09,6762.325003761373,Uji,6764.0998302266225,6879.530452606118
4,2025-02-26,6606.18,6621.353989130563,Uji,6622.477919197982,6879.530452606118
4,2025-02-27,6485.45,6605.70518468142,Uji,6614.920530840909,6879.530452606118
4,2025-02-28,6270.6,6565.73,Uji,6570.364235167839,6879.530452606118
4,2025-03-03,6519.66,6569.821915769279,Uji,6580.2021784438575,6879.530452606118
4,2025-03-04,6380.4,6495.571181966654,Uji,6403.541919181924,6879.530452606118
4,2025-03-05,6531.4,6568.532569356933,Uji,6573.70111021068,6879.530452606118
4,2025-03-06,6617.85,6521.320645016128,Uji,6461.612309430676,6879.530452606118
4,2025-03-07,6636.0,6582.732483569832,Uji,6562.918182311244,6879.530452606118
4,2025-03-10,6598.21,6635.572878341235,Uji,6643.912278359243,6879.530452606118
4,2025-03-11,6545.85,6608.624719660808,Uji,6615.361199389105,6879.530452606118
4,2025-03-12,6665.04,6564.728683957939,Uji,6569.572875791471,6879.530452606118
4,2025-03-13,6647.42,6632.0532505732845,Uji,6610.332530868207,6879.530452606118
4,2025-03-14,6515.63,6653.768385404209,Uji,6660.090824928146,6879.530452606118
4,2025-03-17,6471.95,6558.145424973274,Uji,6561.823479105494,6879.530452606118
4,2025-03-18,6223.39,6559.517864972575,Uji,6550.257156254535,6879.530452606118
4,2025-03-19,6311.66,6570.6711721591655,Uji,6583.66679778699,6879.530452606118
4,2025-03-20,6381.67,6502.305169832699,Uji,6425.599172802551,6879.530452606118
4,2025-03-21,6258.18,6517.691511052542,Uji,6458.247952799337,6879.530452606118
4,2025-03-24,6161.22,6545.600355350968,Uji,6525.6223103009115,6879.530452606118
4,2025-03-25,6235.62,6523.9885212999525,Uji,6479.718523146947,6879.530452606118
4,2025-03-26,6472.36,6493.8134462505495,Uji,6408.797777022105,6879.530452606118
4,2025-03-27,6510.62,6491.189537922731,Uji,6395.135028803924,6879.530452606118
