Fold,Date,Actual_Close,Predicted_GANN,Data,Predicted_GADAM,Predicted_ADAM
1,2022-01-05,6662.3,6715.311432592889,Latih,6709.427856656333,6751.412876787807
1,2022-01-06,6653.35,6683.68459017934,Latih,6678.0428592315475,6744.6358891907585
1,2022-01-07,6701.32,6675.3181441003235,Latih,6669.577841511383,6734.59798754158
1,2022-01-10,6691.12,6721.032459746919,Latih,6715.079293898662,6751.327820106771
1,2022-01-11,6647.97,6711.096347586533,Latih,6705.371786075254,6756.94221517506
1,2022-01-12,6647.06,6670.06083516778,Latih,6664.455144113614,6738.25976100775
1,2022-01-13,6658.36,6669.396523709312,Latih,6663.622428444935,6729.317615609191
1,2022-01-14,6693.4,6680.159569962934,Latih,6674.34008722128,6733.497146036648
1,2022-01-17,6645.05,6713.468344414553,Latih,6707.564374709149,6749.268946230437
1,2022-01-18,6614.06,6667.270022280826,Latih,6661.684186929179,6737.586872139001
1,2022-01-19,6591.98,6637.990784355114,Latih,6632.32701906369,6716.001507933161
1,2022-01-20,6626.87,6617.113483785398,Latih,6611.407952414087,6701.310809595306
1,2022-01-21,6726.37,6647.995246764582,Latih,6643.377862225484,6710.378915266117
1,2022-01-24,6655.17,6745.006680192377,Latih,6738.855548136855,6755.722619266537
1,2022-01-25,6568.17,6676.750888126806,Latih,6671.25889787288,6748.056376835133
1,2022-01-26,6600.82,6597.869631257508,Latih,6592.6886855422,6700.3072947937435
1,2022-01-27,6611.16,6618.976279961772,Latih,6614.384485224194,6695.585710017699
1,2022-01-28,6645.51,6635.312543384144,Latih,6629.607732072183,6706.076399756689
1,2022-01-31,6631.15,6668.09316880913,Latih,6662.178279522373,6721.3907802701215
1,2022-02-02,6707.65,6654.260069070024,Latih,6648.534990593057,6722.6881425884585
1,2022-02-03,6683.85,6727.163261335514,Latih,6721.098325395606,6749.350647909667
1,2022-02-04,6731.39,6704.144889345188,Latih,6698.472404214162,6755.396973084834
1,2022-02-07,6804.94,6749.5193686294815,Latih,6743.57648934337,6769.004290697603
1,2022-02-08,6789.52,6819.323958243167,Latih,6813.298480500614,6806.852403695021
1,2022-02-09,6834.61,6804.2980234825945,Latih,6798.622331054243,6815.5452555787915
1,2022-02-10,6823.64,6847.300558690468,Latih,6841.396873843709,6829.875502228774
1,2022-02-11,6815.61,6836.644840843715,Latih,6830.9611301720515,6834.619390381612
1,2022-02-14,6734.49,6829.050804803408,Latih,6823.353125507868,6829.336507473029
1,2022-02-15,6807.5,6751.8537957674525,Latih,6746.42390469792,6796.433392831119
1,2022-02-16,6850.2,6821.746797063983,Latih,6815.72423120979,6808.457508301769
1,2022-02-17,6835.12,6862.059675854486,Latih,6856.169896329682,6839.471482617893
1,2022-02-18,6892.82,6847.501964302102,Latih,6841.837919427195,6842.153458402196
1,2022-02-21,6902.96,6902.508970284509,Latih,6896.571693218397,6861.417625571531
1,2022-02-22,6861.99,6911.893079144407,Latih,6906.147965609479,6876.818476508899
1,2022-02-23,6920.06,6872.837882918162,Latih,6867.284553102893,6863.026908105057
1,2022-02-24,6817.82,6928.318429470113,Latih,6922.3873770928885,6877.279314492985
1,2022-02-25,6888.17,6830.703385850824,Latih,6825.38136125449,6849.386145977418
1,2022-03-01,6921.44,6898.162723698067,Latih,6892.173771163867,6856.1788430011675
1,2022-03-02,6868.4,6929.509729419998,Latih,6923.677807850888,6883.024174820229
1,2022-03-04,6928.33,6878.8543084860285,Latih,6873.350839483781,6869.179812614364
1,2022-03-07,6869.07,6936.162297091536,Latih,6930.22622276192,6881.746910861775
1,2022-03-08,6814.18,6879.459960164471,Latih,6873.981411018414,6870.810153586907
1,2022-03-09,6864.44,6827.476528232134,Latih,6821.964956584013,6837.829578494468
1,2022-03-10,6924.01,6875.5863257194,Latih,6869.67057130639,6846.296695728342
1,2022-03-11,6922.6,6932.067760043195,Latih,6926.131896719983,6879.29140824978
1,2022-03-14,6952.2,6930.446260238937,Latih,6924.752674467614,6890.6074073327045
1,2022-03-15,6918.19,6958.635196429546,Latih,6952.826569967324,6901.749347233819
1,2022-03-16,6992.4,6926.115480421832,Latih,6920.550460851839,6894.5180734014975
1,2022-03-17,6964.38,6996.930410894216,Latih,6990.955722392857,6912.5635097885615
1,2022-03-18,6954.96,6969.904921808299,Latih,6964.329119811114,6920.346523163368
1,2022-03-21,6955.18,6961.067256230172,Latih,6955.414858908708,6911.132675370026
1,2022-03-22,7000.82,6961.3208859265405,Latih,6955.630127641017,6909.342117235708
1,2022-03-23,6996.12,7004.773898704114,Latih,6998.915348126949,6922.118259526541
1,2022-03-24,7049.69,7000.085252027572,Latih,6994.425722689689,6931.015091300062
1,2022-03-25,7002.53,7051.111411211558,Latih,7045.235178297825,6940.274600879006
1,2022-03-28,7049.6,7005.959332675995,Latih,7000.470634121955,6942.734893336349
1,2022-03-29,7011.69,7050.99569530017,Latih,7045.145331771441,6941.633397711568
1,2022-03-30,7053.19,7014.680986933771,Latih,7009.158105342451,6944.471391630225
1,2022-03-31,7071.44,7054.370784916946,Latih,7048.543674293824,6944.287984864764
1,2022-04-01,7078.76,7071.552361090254,Latih,7065.822988632987,6956.604090995843
1,2022-04-04,7116.22,7078.436276182008,Latih,7072.752523309064,6960.826835534628
1,2022-04-05,7148.3,7114.067830218153,Latih,7108.27473382719,6966.120057756957
1,2022-04-06,7104.22,7144.435829532227,Latih,7138.673286868414,6976.565845333395
1,2022-04-07,7127.37,7102.316841435508,Latih,7096.844896789864,6978.051246007739
1,2022-04-08,7210.83,7124.564554740269,Latih,7118.8315951741515,6972.108883687315
1,2022-04-11,7203.79,7203.918661133141,Latih,7197.96946220526,6984.865191376268
1,2022-04-12,7214.78,7196.824879072993,Latih,7191.233884614794,7000.285961318077
1,2022-04-13,7262.78,7207.321603595108,Latih,7201.661947653382,7000.097237191261
1,2022-04-14,7235.53,7252.971108625032,Latih,7247.177801227665,7007.185068870845
1,2022-04-18,7275.29,7226.801419308278,Latih,7221.299933766219,7013.443096770111
1,2022-04-19,7199.23,7264.78476630936,Latih,7259.027752013304,7012.422838610473
1,2022-04-20,7227.36,7192.181472169249,Latih,7186.863942009298,7012.029902486864
1,2022-04-21,7276.19,7219.320356096121,Latih,7213.596089993806,7000.544444161715
1,2022-04-22,7225.61,7265.679855470756,Latih,7259.887054488756,7010.967907260719
1,2022-04-25,7215.98,7217.293723998161,Latih,7211.8822537876085,7014.9509063244495
1,2022-04-26,7232.15,7208.361865161747,Latih,7202.784628321022,7004.35863810307
1,2022-04-27,7196.76,7223.802554107997,Latih,7218.12719928989,7004.219036266865
1,2022-04-28,7228.91,7190.0319077409185,Latih,7184.551649442998,7003.594541716637
1,2022-05-09,6909.75,7220.807698029372,Latih,7215.067817453237,7000.2378518582
1,2022-05-10,6819.79,6916.783764451791,Latih,6912.351279548455,6946.3527247191005
1,2022-05-11,6816.2,6832.627321132459,Latih,6827.256954969204,6848.09368955795
1,2022-05-12,6599.84,6829.630608197487,Latih,6823.91543647114,6828.7976815224065
1,2022-05-13,6597.99,6630.823798898617,Latih,6626.121442081042,6744.589140722181
1,2022-05-17,6644.47,6622.90222289414,Latih,6617.117883268899,6700.798960813303
1,2022-05-18,6793.41,6665.508540828838,Latih,6660.848833680464,6718.367353924534
1,2022-05-19,6823.33,6808.753297077451,Latih,6802.424476529989,6785.097580246956
1,2022-05-20,6918.14,6836.542650442757,Latih,6830.696106129922,6826.297044640816
1,2022-05-23,6840.77,6926.671440092376,Latih,6920.593632761886,6868.8413583440015
1,2022-05-24,6914.14,6852.563142783086,Latih,6847.14863408033,6857.86031082515
1,2022-05-25,6883.5,6922.781368248513,Latih,6916.787773573447,6870.769977967781
1,2022-05-27,7026.26,6893.265243984507,Latih,6887.676929307625,6873.553532234473
1,2022-05-30,7037.56,7029.331119290655,Latih,7023.093179200951,6905.289275052595
1,2022-05-31,7148.97,7039.421234474248,Latih,7033.709839762515,6944.419737262779
1,2022-06-02,7148.72,7145.442119067989,Latih,7139.364121831736,6957.105822020824
1,2022-06-03,7182.96,7144.682369413457,Latih,7139.048625058016,6982.817880650817
1,2022-06-06,7096.58,7177.283407288875,Latih,7171.522257267322,6986.340337139427
1,2022-06-07,7141.04,7094.88051158078,Latih,7089.574713376834,6983.8250564134705
1,2022-06-08,7193.31,7137.615553971609,Latih,7131.801736751874,6972.08584178811
1,2022-06-09,7182.83,7187.173783811418,Latih,7181.343719098654,6985.963606307565
1,2022-06-10,7086.65,7176.950903399076,Latih,7171.367589573945,6994.779496024907
1,2022-06-13,6995.44,7085.426707305981,Latih,7080.157033398224,6982.765086848794
1,2022-06-14,7049.88,6999.0358327830445,Latih,6993.720370485842,6949.3102326644
1,2022-06-15,7007.05,7051.295493197509,Latih,7045.415884181328,6940.165046354585
1,2022-06-16,7050.33,7010.261879836383,Latih,7004.75727139956,6943.642094265276
1,2022-06-17,6936.97,7051.669565348693,Latih,7045.8345208848195,6942.743671202712
1,2022-06-20,6976.38,6943.536422258669,Latih,6938.292491132073,6921.302508772661
1,2022-06-21,7044.07,6981.589696781693,Latih,6975.74899734622,6913.524306343843
1,2022-06-22,6984.31,7045.852962844439,Latih,7039.9189985788535,6934.959644997171
1,2022-06-23,6998.27,6988.638281270325,Latih,6983.194569281398,6938.035949547343
1,2022-06-24,7042.94,7002.209537888826,Latih,6996.476409517587,6927.882912254384
1,2022-06-27,7016.06,7044.674660888977,Latih,7038.831935792035,6939.442265021853
1,2022-06-28,6996.46,7018.872840135161,Latih,7013.30729304916,6943.879349864774
1,2022-06-29,6942.35,7000.337531282963,Latih,6994.737379146874,6934.351904355339
1,2022-06-30,6911.58,6948.911050751263,Latih,6943.432860316091,6912.653440717508
1,2022-07-01,6794.33,6919.868256050398,Latih,6914.288402730275,6890.0061656880835
1,2022-07-04,6639.17,6808.378169894252,Latih,6803.109192307625,6838.632964273133
1,2022-07-05,6703.27,6663.561067782952,Latih,6658.679614005698,6755.412439854172
1,2022-07-06,6646.41,6722.9554877010205,Latih,6716.938650670669,6749.257150972511
1,2022-07-07,6652.59,6668.518652670397,Latih,6662.967084758593,6740.07675824436
1,2022-07-08,6740.22,6674.668972351268,Latih,6668.868237528517,6731.141080192053
1,2022-07-11,6722.15,6758.0728296834495,Latih,6751.9729299825685,6766.188114841012
1,2022-07-12,6718.29,6740.457920210683,Latih,6734.77353431853,6776.661586457521
1,2022-07-13,6640.99,6736.867435257756,Latih,6731.125402416312,6771.57432758513
1,2022-07-14,6690.09,6663.287909443988,Latih,6657.816144153787,6740.975571668769
1,2022-07-15,6651.9,6710.398222351989,Latih,6704.437354770024,6744.533308427955
1,2022-07-18,6659.25,6673.807433207944,Latih,6668.183120838716,6739.571281855727
1,2022-07-19,6736.09,6680.98425683798,Latih,6675.1807683816705,6734.804214649522
1,2022-07-20,6874.74,6754.109454215195,Latih,6748.051312681462,6765.9203055143635
1,2022-07-21,6864.13,6885.758754500792,Latih,6879.494058799191,6834.724112859406
1,2022-07-22,6886.96,6875.007577357335,Latih,6869.333973892373,6858.234256372492
1,2022-07-25,6858.41,6896.793777457522,Latih,6890.993591251418,6864.932021615547
1,2022-07-26,6871.54,6869.50429826085,Latih,6863.9004957139905,6858.459843317907
1,2022-07-27,6898.22,6882.139171764895,Latih,6876.373147495432,6857.842565186661
1,2022-07-28,6956.82,6907.4797536224605,Latih,6901.667434548186,6870.7525488388965
1,2022-07-29,6951.12,6963.148074772414,Latih,6957.225420450027,6898.678317843722
1,2022-08-01,6968.78,6957.4466395629,Latih,6951.778247956092,6908.145626528311
1,2022-08-02,6988.16,6974.287398194132,Latih,6968.531143521127,6913.825834493686
1,2022-08-03,7046.63,6992.656602805912,Latih,6986.898913289368,6922.611128282597
1,2022-08-04,7057.35,7048.2352251339635,Latih,7042.338651202984,6937.979231026225
1,2022-08-05,7084.65,7058.167929540941,Latih,7052.46451087124,6952.58606486922
1,2022-08-08,7086.85,7084.110153955294,Latih,7078.348539719654,6958.769987319763
1,2022-08-09,7102.88,7086.076902436091,Latih,7080.415811650825,6964.174494319018
1,2022-08-10,7086.24,7101.3288672555245,Latih,7095.617219336107,6966.2627824879255
1,2022-08-11,7160.38,7085.410797423197,Latih,7079.824529508424,6967.566633253154
1,2022-08-12,7129.28,7156.077601400697,Latih,7150.151148963057,6972.142138296423
1,2022-08-15,7093.28,7126.1199673391175,Latih,7120.603542543728,6982.953979780732
1,2022-08-16,7133.45,7091.989892665221,Latih,7086.482709950282,6973.305121187029
1,2022-08-18,7186.56,7130.404536753972,Latih,7124.605574385007,6970.668933792171
1,2022-08-19,7172.43,7180.782610871878,Latih,7174.94731320032,6983.8210472918145
1,2022-08-22,7107.98,7167.080699088658,Latih,7161.508948414409,6992.4156334937215
1,2022-08-23,7163.27,7105.783676636294,Latih,7100.393982286529,6983.017492708026
1,2022-08-24,7194.71,7158.727419809186,Latih,7152.876803072773,6976.564579294977
1,2022-08-25,7174.21,7188.402516297189,Latih,7182.65584131488,6990.323589410841
1,2022-08-26,7135.25,7168.73726815709,Latih,7163.1914712704065,6994.1461392057545
1,2022-08-29,7132.04,7131.739236655315,Latih,7126.255771060069,6986.198076622545
1,2022-08-30,7159.47,7128.865498251994,Latih,7123.2388015104125,6978.477943155824
1,2022-09-02,7177.18,7148.713815547309,Uji,7143.18181847938,6988.8894210911385
1,2022-09-05,7231.88,7171.759934879627,Uji,7166.037356828535,6986.568013048231
1,2022-09-06,7233.15,7223.727140419575,Uji,7217.898341745229,6996.835795623125
1,2022-09-07,7186.76,7224.680214140508,Uji,7219.064405329319,7007.337373292508
1,2022-09-08,7232.02,7180.506023678866,Uji,7175.066785025682,7002.741485030712
1,2022-09-09,7242.66,7223.815636504981,Uji,7218.024439171644,6998.666402772726
1,2022-09-12,7254.46,7233.733950275277,Uji,7228.083663017843,7008.355436985555
1,2022-09-13,7318.02,7244.9189776838775,Uji,7239.2674243880265,7011.6026989234115
1,2022-09-14,7278.08,7305.379359748467,Uji,7299.539968552693,7019.503749280039
1,2022-09-15,7305.6,7267.054688789943,Uji,7261.615787747004,7028.350910146301
1,2022-09-16,7168.87,7293.4435715581,Uji,7287.744119808775,7023.648970066373
1,2022-09-19,7195.49,7163.133571113432,Uji,7158.048865418517,7014.610257587496
1,2022-09-20,7196.95,7189.119051840393,Uji,7183.391747245875,6991.466442290604
1,2022-09-21,7188.31,7190.38441503772,Uji,7184.757633893577,6996.66488043672
1,2022-09-22,7218.91,7182.15140940794,Uji,7176.562398409929,6996.040850100578
1,2022-09-23,7178.58,7211.326167513223,Uji,7205.589705240816,6997.593393012346
1,2022-09-26,7127.5,7172.784539771165,Uji,7167.318925317611,6999.189234438003
1,2022-09-27,7112.45,7124.340043927509,Uji,7118.9025355268295,6986.218459841072
1,2022-09-28,7077.03,7110.2500491679475,Uji,7104.664920687751,6974.966374597607
1,2022-09-29,7036.2,7076.597102172446,Uji,7071.082914044928,6968.420533964691
1,2022-09-30,7040.8,7037.888652768202,Uji,7032.384381941622,6955.058089282567
1,2022-10-03,7009.72,7042.459473469324,Uji,7036.775678395099,6947.174679061228
1,2022-10-04,7072.26,7012.846581668917,Uji,7007.295973836245,6942.204634245687
1,2022-10-05,7075.38,7072.536621557545,Uji,7066.631185357641,6947.5204341531335
1,2022-10-06,7076.62,7075.214377213788,Uji,7069.546281015943,6960.629882158097
1,2022-10-07,7026.78,7076.380398596597,Uji,7070.720109635662,6961.350595628079
1,2022-10-10,6994.4,7028.921766868894,Uji,7023.450581846301,6953.164433419759
1,2022-10-11,6939.15,6998.325965042175,Uji,6992.776116832554,6936.258347206168
1,2022-10-12,6909.21,6945.873866788202,Uji,6940.399347864442,6911.008392598677
1,2022-10-13,6880.63,6917.626756132295,Uji,6912.042914791155,6888.454466801927
1,2022-10-14,6814.53,6890.555816267178,Uji,6884.95847051625,6871.464442241235
1,2022-10-17,6831.12,6827.755647501982,Uji,6822.28878811065,6840.266174932756
1,2022-10-18,6834.49,6843.860605705419,Uji,6838.069345070162,6833.508104059733
1,2022-10-19,6860.42,6846.991518712679,Uji,6841.253832603135,6838.111588552036
1,2022-10-20,6980.65,6871.663758889479,Uji,6865.843674779577,6848.788976756374
1,2022-10-21,7017.77,6986.01369922763,Uji,6979.852565468607,6897.9094949138625
1,2022-10-24,7053.04,7020.792702993218,Uji,7014.9729775942,6930.835060637049
1,2022-10-25,7048.38,7054.1996165228575,Uji,7048.397235850163,6945.5644047976075
1,2022-10-26,7043.94,7049.597566874095,Uji,7043.952807984419,6952.242757451589
1,2022-10-27,7091.76,7045.392040457793,Uji,7039.745129302806,6950.391260668093
1,2022-10-28,7056.04,7090.942456880882,Uji,7085.101040023638,6956.9692164755415
1,2022-10-31,7098.89,7056.7093688810555,Uji,7051.190327606269,6962.0231996381835
1,2022-11-01,7052.3,7097.674236356094,Uji,7091.854721963479,6960.006316036041
1,2022-11-02,7015.69,7053.115043611595,Uji,7047.638330221243,6962.836966931875
1,2022-11-03,7034.57,7018.476781116788,Uji,7012.949848202529,6945.817739085012
1,2022-11-04,7045.53,7036.623922590084,Uji,7030.881509937113,6941.577523216061
1,2022-11-07,7102.4,7046.970537157126,Uji,7041.262813956804,6947.731398354822
1,2022-11-08,7050.13,7101.065404660777,Uji,7095.19107080467,6958.379920883233
1,2022-11-09,7070.08,7051.032579219409,Uji,7045.577768293686,6963.174492774066
1,2022-11-10,6966.84,7070.271847633194,Uji,7064.535258756946,6955.777536714131
1,2022-11-11,7089.21,6971.883275641259,Uji,6966.607609151658,6936.761555275969
1,2022-11-14,7019.39,7088.875649163796,Uji,7082.736924284769,6937.334142251067
1,2022-11-15,7035.5,7021.826676569049,Uji,7016.432973097626,6954.450601848418
1,2022-11-16,7014.38,7037.492087334461,Uji,7031.760900222128,6942.550051727348
1,2022-11-17,7044.99,7017.308227657143,Uji,7011.719216659131,6941.960120025926
1,2022-11-18,7082.18,7046.550972025462,Uji,7040.7648388457965,6943.293638291412
1,2022-11-21,7063.25,7081.816387751174,Uji,7076.01468229897,6956.169417805726
1,2022-11-22,7030.59,7063.61885794885,Uji,7058.035122110912,6961.245683244522
1,2022-11-23,7054.12,7032.611762441462,Uji,7027.073392980164,6951.024533084685
1,2022-11-24,7080.52,7055.167756100962,Uji,7049.41242985613,6948.523558592849
1,2022-11-25,7053.15,7080.193115493132,Uji,7074.4339067304845,6957.7270670724465
1,2022-11-28,7017.36,7054.010385980674,Uji,7048.4573726750095,6959.056280807312
1,2022-11-29,7012.07,7020.0627896440665,Uji,7014.533071445289,6946.320314135604
1,2022-11-30,7081.31,7015.193732492987,Uji,7009.541166366401,6937.623136620574
1,2022-12-01,7020.8,7081.142222293687,Uji,7075.212689162564,6949.759676302725
1,2022-12-02,7019.64,7023.206194230383,Uji,7017.775817846123,6953.024958187396
1,2022-12-05,6987.33,7022.3851683164285,Uji,7016.71825375444,6939.812665661626
1,2022-12-06,6892.57,6991.628115396559,Uji,6986.075903915225,6933.370386971286
1,2022-12-07,6818.75,6901.558048828887,Uji,6896.2275206745135,6891.625471025751
1,2022-12-08,6804.23,6831.717567026057,Uji,6826.282675104773,6844.271878285447
1,2022-12-09,6715.12,6818.238794513976,Uji,6812.563671802913,6823.971374268568
1,2022-12-12,6734.45,6733.464830406034,Uji,6728.061241284631,6786.692746452124
1,2022-12-13,6810.32,6752.28635889354,Uji,6746.456652891661,6776.410868649512
1,2022-12-14,6801.75,6824.431916843689,Uji,6818.398779568707,6809.537797783051
1,2022-12-15,6751.86,6815.917027760183,Uji,6810.217554910217,6821.335946496761
1,2022-12-16,6812.19,6768.456771283178,Uji,6762.907513891486,6800.377060301336
1,2022-12-19,6779.7,6826.130834897197,Uji,6820.160071114933,6813.725662963425
1,2022-12-20,6768.32,6794.914421038064,Uji,6789.303824085028,6813.1991175854555
1,2022-12-21,6820.66,6784.231652170451,Uji,6778.533804069787,6802.338955634866
1,2022-12-22,6824.43,6834.1180180675165,Uji,6828.181500624455,6820.271376992499
1,2022-12-23,6800.67,6837.462321850099,Uji,6831.720225706734,6832.146859552898
1,2022-12-26,6835.81,6814.822706353103,Uji,6809.183349227344,6823.728421496189
1,2022-12-27,6923.03,6848.390849875252,Uji,6842.527150741854,6832.55853304509
1,2022-12-28,6850.52,6931.268805398992,Uji,6925.222627928308,6873.213136705203
1,2022-12-29,6860.08,6861.82328538124,Uji,6856.39219157521,6862.59647614364
1,2022-12-30,6850.62,6871.264977888508,Uji,6865.50996815328,6851.8492870212
1,2023-01-02,6850.98,6862.213309616488,Uji,6856.531308096688,6850.1019851994915
1,2023-01-03,6888.76,6862.600337560814,Uji,6856.879384259026,6848.3574686623015
1,2023-01-04,6813.24,6898.569143130826,Uji,6892.710001735733,6863.008529447358
1,2023-01-05,6653.84,6826.489313675202,Uji,6821.059591410792,6841.386998744049
1,2023-01-06,6684.56,6676.770944285408,Uji,6671.917047944382,6764.83851788762
1,2023-01-09,6688.27,6705.072916606088,Uji,6699.183632946331,6744.957642304326
1,2023-01-10,6622.5,6708.461341827531,Uji,6702.680620962103,6752.505573445585
1,2023-01-11,6584.45,6645.824117481869,Uji,6640.301183138947,6727.8634227818475
1,2023-01-12,6629.93,6610.54906931386,Uji,6605.211643887689,6700.08533715846
1,2023-01-13,6641.83,6649.259412500572,Uji,6644.61335219131,6710.060591006597
1,2023-01-16,6688.06,6664.501502220346,Uji,6658.674940213872,6723.707693876646
1,2023-01-17,6767.34,6708.461531733295,Uji,6702.511509880443,6743.917169731284
1,2023-01-18,6765.79,6783.7277899808,Uji,6777.668804421454,6783.715657112629
1,2023-01-19,6819.91,6781.880703231126,Uji,6776.1430171215825,6798.901809034976
1,2023-01-20,6874.93,6833.415830959715,Uji,6827.471991594471,6819.478246125018
1,2023-01-24,6860.85,6885.5470939779725,Uji,6879.615324178978,6851.485596385042
1,2023-01-25,6829.93,6871.8837963664955,Uji,6866.223043191475,6857.006325711052
1,2023-01-26,6864.82,6842.510692242423,Uji,6836.908219035902,6842.270988968649
1,2023-01-27,6898.98,6875.874370560094,Uji,6870.019913507146,6849.579069131652
1,2023-01-30,6872.48,6908.234818934846,Uji,6902.392980064797,6869.7079405403565
1,2023-01-31,6839.34,6882.844080855295,Uji,6877.236121482297,6866.282631399674
1,2023-02-01,6862.26,6851.415521158616,Uji,6845.824505599776,6848.217803524176
1,2023-02-02,6890.57,6873.392935261173,Uji,6867.585342730326,6850.464663004915
1,2023-02-03,6911.73,6900.239617521213,Uji,6894.418647184418,6865.952807291192
1,2023-02-06,6873.79,6920.253511540939,Uji,6914.467082952309,6879.754883813902
1,2023-02-07,6935.3,6884.031603790566,Uji,6878.469601612135,6869.32660976891
1,2023-02-08,6940.12,6942.773254300409,Uji,6936.832833238892,6885.509788045928
1,2023-02-09,6897.37,6947.074324415976,Uji,6941.360988445334,6899.616199103641
1,2023-02-10,6880.33,6906.349223516631,Uji,6900.8130696225635,6884.078489413306
1,2023-02-13,6900.14,6890.32567158346,Uji,6884.682284235403,6868.991404997153
1,2023-02-14,6941.85,6909.266640245366,Uji,6903.482237318205,6873.243521627231
1,2023-02-15,6914.54,6948.886067593151,Uji,6943.02633538013,6893.283601541565
1,2023-02-16,6895.66,6922.68877863889,Uji,6917.095990626265,6891.048874928997
1,2023-02-17,6895.71,6904.840970848846,Uji,6899.209315456795,6878.32575854723
1,2023-02-20,6894.72,6904.977006676841,Uji,6899.270000898288,6874.586113168044
1,2023-02-21,6873.4,6904.034187867092,Uji,6898.331022405075,6874.214066678329
1,2023-02-22,6809.97,6883.740014042302,Uji,6878.111650350137,6865.789509435934
1,2023-02-23,6839.45,6823.447909584082,Uji,6817.969128330981,6837.067022454777
1,2023-02-24,6856.58,6851.81299391989,Uji,6845.972800899784,6835.814783855714
1,2023-02-27,6854.78,6867.9844824421825,Uji,6862.198328161877,6848.294630955497
1,2023-02-28,6843.24,6866.1904216015755,Uji,6860.479090191763,6851.010515468756
1,2023-03-01,6844.94,6855.211610750596,Uji,6849.535728416483,6846.198830958644
1,2023-03-02,6857.42,6856.884237406294,Uji,6851.156194289367,6844.557285546103
1,2023-03-03,6813.64,6868.758496129555,Uji,6862.991121419113,6849.711834360401
1,2023-03-06,6807.0,6827.0169773871075,Uji,6821.461031092441,6835.301742887535
1,2023-03-07,6766.76,6820.900070570146,Uji,6815.194373031293,6824.022944233454
1,2023-03-08,6776.37,6782.618508219749,Uji,6777.035109992057,6807.172247200642
1,2023-03-09,6799.79,6791.956680985721,Uji,6786.177574319274,6802.869172524247
1,2023-03-10,6765.3,6814.20996485952,Uji,6808.382579928074,6813.820320435797
1,2023-03-13,6786.96,6781.262201262743,Uji,6775.6555079281625,6805.173362444672
1,2023-03-14,6641.81,6802.046310854587,Uji,6796.222259824308,6806.665198814307
1,2023-03-15,6628.14,6665.540729855611,Uji,6660.626665038778,6754.963903543379
1,2023-03-16,6565.73,6651.411572307658,Uji,6645.682880346041,6720.789939537666
1,2023-03-17,6678.24,6594.791000361744,Uji,6589.522194217819,6693.984139768201
1,2023-03-20,6612.49,6690.017873512225,Uji,6685.168081245737,6724.976454277061
1,2023-03-21,6691.61,6636.521404341916,Uji,6631.3049778999475,6722.003606166265
1,2023-03-24,6762.25,6711.978913517913,Uji,6705.898964472432,6739.445669744039
1,2023-03-27,6708.93,6778.864915317326,Uji,6772.838931159406,6782.458227756054
1,2023-03-28,6760.33,6727.767921283864,Uji,6722.220098735712,6775.94602154377
1,2023-03-29,6839.44,6776.95579268518,Uji,6771.005813033609,6785.165608711273
1,2023-03-30,6808.95,6852.035964385907,Uji,6845.998206070701,6825.927846737541
1,2023-03-31,6805.28,6822.635788140333,Uji,6817.025613200103,6829.91213294033
1,2023-04-03,6827.17,6819.28441564325,Uji,6813.566416431104,6822.4254569578525
1,2023-04-04,6833.18,6840.143115998545,Uji,6834.329615288414,6830.142151020206
1,2023-04-05,6819.67,6845.762744025627,Uji,6840.014212186971,6836.819638547935
1,2023-04-06,6792.77,6832.871687647737,Uji,6827.19696584884,6832.802646352686
1,2023-04-10,6771.23,6807.323369986449,Uji,6801.694288872513,6819.732129029071
1,2023-04-11,6811.31,6786.941037686498,Uji,6781.284504639536,6806.064104874167
2,2022-01-05,6662.3,6706.370232961196,Latih,6705.361535231192,6765.46105127665
2,2022-01-06,6653.35,6676.47578941302,Latih,6676.322089177683,6764.676015357997
2,2022-01-07,6701.32,6667.4848132805655,Latih,6666.805936010344,6761.457536241438
2,2022-01-10,6691.12,6711.605726397951,Latih,6710.322921881098,6765.124347880211
2,2022-01-11,6647.97,6703.2307955162405,Latih,6702.922240416127,6767.705337026444
2,2022-01-12,6647.06,6663.144325809044,Latih,6663.043929097814,6763.07551959547
2,2022-01-13,6658.36,6661.3607372054585,Latih,6660.476414365035,6759.845695964422
2,2022-01-14,6693.4,6671.780225363984,Latih,6670.775608071996,6760.796886422362
2,2022-01-17,6645.05,6704.39840612905,Latih,6703.280164332259,6764.776636269119
2,2022-01-18,6614.06,6660.496536305261,Latih,6660.464767180693,6762.978911862399
2,2022-01-19,6591.98,6630.810295985945,Latih,6630.174784579658,6756.661003771449
2,2022-01-20,6626.87,6609.7347831787965,Latih,6609.6058402164335,6752.411888965542
2,2022-01-21,6726.37,6640.44700703972,Latih,6639.757654029588,6753.942983651782
2,2022-01-24,6655.17,6734.16922585728,Latih,6732.170640768132,6765.4483839828035
2,2022-01-25,6568.17,6670.566216583713,Latih,6671.047058090135,6766.295456011322
2,2022-01-26,6600.82,6591.598001271601,Latih,6593.677273099053,6753.266830410237
2,2022-01-27,6611.16,6611.8542680592145,Latih,6602.118712878455,6749.860180325085
2,2022-01-28,6645.51,6627.16467123688,Latih,6625.743630672179,6753.173193325723
2,2022-01-31,6631.15,6659.124438576785,Latih,6657.578440202785,6757.0207549166935
2,2022-02-02,6707.65,6646.608726276542,Latih,6645.825029952239,6758.233541807558
2,2022-02-03,6683.85,6716.968520532866,Latih,6715.220075262208,6764.074845770027
2,2022-02-04,6731.39,6696.65282676162,Latih,6696.527106672692,6767.512457860139
2,2022-02-07,6804.94,6740.051995589607,Latih,6739.053599844598,6770.0572163039715
2,2022-02-08,6789.52,6809.0390755677545,Latih,6808.239511496159,6816.025256274078
2,2022-02-09,6834.61,6796.400703507096,Latih,6797.0928982508485,6816.809395393167
2,2022-02-10,6823.64,6837.719532755649,Latih,6837.715407477654,6842.5190246642005
2,2022-02-11,6815.61,6828.570361180042,Latih,6829.494647651051,6842.062172546125
2,2022-02-14,6734.49,6820.912208560143,Latih,6821.708678673242,6835.559770364797
2,2022-02-15,6807.5,6745.795043949806,Latih,6747.1874934233965,6791.408399692207
2,2022-02-16,6850.2,6811.471846165988,Latih,6810.705755138131,6818.042539634142
2,2022-02-17,6835.12,6852.515066488423,Latih,6852.698192959466,6854.6778555778055
2,2022-02-18,6892.82,6839.516651822663,Latih,6840.622002125717,6851.345169036725
2,2022-02-21,6902.96,6892.49257504855,Latih,6892.792218202992,6884.897377758069
2,2022-02-22,6861.99,6903.121129605517,Latih,6904.387253650471,6899.258344841942
2,2022-02-23,6920.06,6865.4930565441055,Latih,6867.32084615622,6875.3549371535
2,2022-02-24,6817.82,6918.245026498782,Latih,6918.788397354829,6905.504553807721
2,2022-02-25,6888.17,6825.060825764869,Latih,6827.607377807831,6850.449624991753
2,2022-03-01,6921.44,6887.818679918988,Latih,6887.843341907008,6879.596507633072
2,2022-03-02,6868.4,6920.092030041563,Latih,6921.10344059025,6910.029602629588
2,2022-03-04,6928.33,6871.818699531298,Latih,6873.927052887123,6881.909264029605
2,2022-03-07,6869.07,6926.025278379369,Latih,6926.61055219506,6911.51573402767
2,2022-03-08,6814.18,6872.588220817487,Latih,6874.816969514828,6883.289819698972
2,2022-03-09,6864.44,6820.583845399652,Latih,6822.227544481192,6841.047780138887
2,2022-03-10,6924.01,6865.816464887003,Latih,6865.991744361858,6864.4172333667075
2,2022-03-11,6922.6,6921.9477325401185,Latih,6922.499892031896,6908.289901154683
2,2022-03-14,6952.2,6921.946813320565,Latih,6923.605623474765,6915.7735141593685
2,2022-03-15,6918.19,6949.261579291871,Latih,6950.623279750398,6933.8729920071855
2,2022-03-16,6992.4,6918.488709360408,Latih,6920.705553043532,6917.001367282914
2,2022-03-17,6964.38,6986.303526578005,Latih,6987.21584077483,6958.104157516413
2,2022-03-18,6954.96,6962.0391794848965,Latih,6964.57084465509,6951.1921645540515
2,2022-03-21,6955.18,6952.724346609763,Latih,6954.827834827952,6941.439088151803
2,2022-03-22,7000.82,6952.721745891026,Latih,6954.650313354186,6940.253877847543
2,2022-03-23,6996.12,6994.8905617666815,Latih,6996.404807831106,6968.4971676678
2,2022-03-24,7049.69,6991.5457684314815,Latih,6993.9411200678915,6971.99320624953
2,2022-03-25,7002.53,7040.933058520619,Latih,7042.751185117428,7004.448337643801
2,2022-03-28,7049.6,6998.535424236117,Latih,7001.769373145162,6982.810043875034
2,2022-03-29,7011.69,7040.990005292956,Latih,7042.9265991122165,7005.291777634083
2,2022-03-30,7053.19,7006.995876166283,Latih,7010.144180716931,6988.459656930622
2,2022-03-31,7071.44,7044.506759944622,Latih,7046.578635978167,7008.795708051979
2,2022-04-01,7078.76,7062.273614834017,Latih,7064.940203498669,7022.077085400285
2,2022-04-04,7116.22,7069.434873235293,Latih,7072.36956012971,7027.17113112575
2,2022-04-05,7148.3,7104.2017745465755,Latih,7106.927507142496,7047.446424076621
2,2022-04-06,7104.22,7134.657087752299,Latih,7137.776560196953,7066.909216622181
2,2022-04-07,7127.37,7094.635299713682,Latih,7098.747798315953,7045.789766241376
2,2022-04-08,7210.83,7115.058923312499,Latih,7118.149922370984,7055.048414623802
2,2022-04-11,7203.79,7192.668226652229,Latih,7195.419428355778,7100.681701736521
2,2022-04-12,7214.78,7187.988188445651,Latih,7192.33627629348,7102.5813025737525
2,2022-04-13,7262.78,7197.987234548415,Latih,7202.10542782792,7107.91134110458
2,2022-04-14,7235.53,7242.5716248906565,Latih,7246.451762725802,7133.999823351578
2,2022-04-18,7275.29,7218.445967850176,Latih,7223.457104455916,7122.83982537277
2,2022-04-19,7199.23,7254.582326936218,Latih,7258.728679722044,7142.00290750392
2,2022-04-20,7227.36,7185.184030727827,Latih,7190.7575055004,7104.511798155976
2,2022-04-21,7276.19,7209.509539551224,Latih,7213.4287330073985,7114.24785778649
2,2022-04-22,7225.61,7255.235241859051,Latih,7259.223354361746,7141.928338620143
2,2022-04-25,7215.98,7209.574467839685,Latih,7214.922756241646,7118.503620119169
2,2022-04-26,7232.15,7199.57268649825,Latih,7204.0805391884705,7110.0136186433565
2,2022-04-27,7196.76,7214.300780903784,Latih,7218.4834989119445,7117.904827050044
2,2022-04-28,7228.91,7181.959498214208,Latih,7186.76347412058,7100.303790400099
2,2022-05-09,6909.75,7210.8875169218445,Latih,7214.747073206988,7114.900189789607
2,2022-05-10,6819.79,6916.738044510828,Latih,6924.112875728357,6948.515755934171
2,2022-05-11,6816.2,6826.655492330228,Latih,6828.994704313909,6850.221322242655
2,2022-05-12,6599.84,6821.373141116235,Latih,6822.093517786298,6835.384490889943
2,2022-05-13,6597.99,6626.323288280599,Latih,6630.906825249054,6767.866200448301
2,2022-05-17,6644.47,6614.976318802616,Latih,6613.657972998029,6751.915723396564
2,2022-05-18,6793.41,6657.022850452673,Latih,6656.097588712138,6755.966342828895
2,2022-05-19,6823.33,6796.1040422112055,Latih,6794.198074097068,6796.706691518457
2,2022-05-20,6918.14,6827.3836487365115,Latih,6827.554332113598,6836.091886386311
2,2022-05-23,6840.77,6915.626483870791,Latih,6915.477637563096,6898.895297958299
2,2022-05-24,6914.14,6846.220923585929,Latih,6848.521931908168,6864.366900491158
2,2022-05-25,6883.5,6912.312248980747,Latih,6912.520239219712,6898.868797531172
2,2022-05-27,7026.26,6885.609100312335,Latih,6887.445050800486,6890.219457192762
2,2022-05-30,7037.56,7016.826592990816,Latih,7016.791617807806,6974.169155872519
2,2022-05-31,7148.97,7030.385529804292,Latih,7032.86822971827,7001.177575112639
2,2022-06-02,7148.72,7133.557118246631,Latih,7135.226331275778,7061.968658142156
2,2022-06-03,7182.96,7135.760644456224,Latih,7139.477654450612,7069.335238803692
2,2022-06-06,7096.58,7167.387402092894,Latih,7170.786048241935,7087.400593428085
2,2022-06-07,7141.04,7088.334520494412,Latih,7093.1535177934875,7044.087909708087
2,2022-06-08,7193.31,7127.520850058869,Latih,7130.346306766347,7061.753246886797
2,2022-06-09,7182.83,7176.781332689605,Latih,7179.9441205532175,7092.349536984037
2,2022-06-10,7086.65,7168.241693357906,Latih,7172.4602833486415,7090.333172843526
2,2022-06-13,6995.44,7079.158018952081,Latih,7084.065575208137,7038.835130459729
2,2022-06-14,7049.88,6992.793082105574,Latih,6996.770567533431,6983.611289445814
2,2022-06-15,7007.05,7041.093720162574,Latih,7042.897587646309,7004.470443753063
2,2022-06-16,7050.33,7002.715362165629,Latih,7005.9113316131225,6985.630702704843
2,2022-06-17,6936.97,7041.763136197392,Latih,7043.77604765958,7006.376994786917
2,2022-06-20,6976.38,6937.98264327084,Latih,6941.829128702333,6942.373799917748
2,2022-06-21,7044.07,6971.914018847996,Latih,6973.317913726027,6950.835417687348
2,2022-06-22,6984.31,7035.3098113722235,Latih,7036.816972720089,6998.205671036301
2,2022-06-23,6998.27,6981.580307472404,Latih,6984.877973990496,6970.759030689055
2,2022-06-24,7042.94,6993.171262481866,Latih,6995.243811115084,6971.006592208797
2,2022-06-27,7016.06,7034.744110207024,Latih,7036.6635751546055,7000.577436844168
2,2022-06-28,6996.46,7010.887448195875,Latih,7013.873432025373,6990.226890152153
2,2022-06-29,6942.35,6992.1929438371035,Latih,6994.865002979097,6974.340937829072
2,2022-06-30,6911.58,6941.775724288275,Latih,6944.5838279241825,6938.143730892589
2,2022-07-01,6794.33,6912.166900191353,Latih,6914.263415792929,6911.53384937887
2,2022-07-04,6639.17,6803.174566916557,Latih,6805.78071129057,6834.739871363079
2,2022-07-05,6703.27,6657.2698458676905,Latih,6660.641885094655,6769.812434862879
2,2022-07-06,6646.41,6713.09733948337,Latih,6711.536302901674,6764.265505357411
2,2022-07-07,6652.59,6661.968632790161,Latih,6662.105618923617,6763.821410213139
2,2022-07-08,6740.22,6666.435468110306,Latih,6665.471812138421,6760.229884897794
2,2022-07-11,6722.15,6747.526405188763,Latih,6745.873121561879,6768.571892025498
2,2022-07-12,6718.29,6732.747507087908,Latih,6732.868810438983,6776.065683705238
2,2022-07-13,6640.99,6728.786634871981,Latih,6728.61151233705,6772.137567093399
2,2022-07-14,6690.09,6657.289648323071,Latih,6657.752083018434,6764.42908159795
2,2022-07-15,6651.9,6700.960939768868,Latih,6699.554107872265,6763.21140714946
2,2022-07-18,6659.25,6666.752497966303,Latih,6666.59718349175,6763.354289740052
2,2022-07-19,6736.09,6672.708199923201,Latih,6671.784305802002,6761.230130291905
2,2022-07-20,6874.74,6743.856488381499,Latih,6742.363361946815,6768.685852830139
2,2022-07-21,6864.13,6873.625638553541,Latih,6872.272704310756,6859.831403954366
2,2022-07-22,6886.96,6866.853434223274,Latih,6868.14345797662,6872.7196916336225
2,2022-07-25,6858.41,6887.712790310426,Latih,6888.598783440037,6885.343916681153
2,2022-07-26,6871.54,6861.8360872805515,Latih,6863.402953059414,6870.897820898633
2,2022-07-27,6898.22,6873.3422050512245,Latih,6874.264518563193,6875.0097590011765
2,2022-07-28,6956.82,6898.277111598595,Latih,6899.196017272218,6893.3436154151395
2,2022-07-29,6951.12,6952.997018517307,Latih,6953.868707693867,6933.309353480984
2,2022-08-01,6968.78,6949.011596413306,Latih,6951.011504281811,6938.005063259949
2,2022-08-02,6988.16,6965.202057028466,Latih,6966.935436066443,6948.122150605372
2,2022-08-03,7046.63,6983.491880583819,Latih,6985.371931190547,6962.5788734627295
2,2022-08-04,7057.35,7037.932142978373,Latih,7039.632116232578,7001.440337384997
2,2022-08-05,7084.65,7049.113395106857,Latih,7051.788682727282,7014.194620789349
2,2022-08-08,7086.85,7074.56837814159,Latih,7077.190395867893,7029.333314875426
2,2022-08-09,7102.88,7077.197390904495,Latih,7080.300451917121,7032.3325713384775
2,2022-08-10,7086.24,7092.054534767341,Latih,7095.051100831698,7040.946062114302
2,2022-08-11,7160.38,7077.032200424739,Latih,7080.475552032062,7033.237442098918
2,2022-08-12,7129.28,7145.161883969384,Latih,7147.620235775191,7071.270801303454
2,2022-08-15,7093.28,7118.05064665921,Latih,7122.155298265293,7059.8370104176465
2,2022-08-16,7133.45,7084.112881385157,Latih,7087.97647326834,7038.732133029763
2,2022-08-18,7186.56,7120.436806100085,Latih,7123.271185963228,7057.52286398179
2,2022-08-19,7172.43,7170.37952899941,Latih,7173.46487822064,7088.2739416838385
2,2022-08-22,7107.98,7158.4863076967795,Latih,7162.676200101455,7084.386584612201
2,2022-08-23,7163.27,7098.636146770191,Latih,7103.157316933942,7049.399474167888
2,2022-08-24,7194.71,7148.306825521666,Latih,7151.137887226421,7074.260282651254
2,2022-08-25,7174.21,7178.560493345342,Latih,7182.118590456926,7094.585078938078
2,2022-08-26,7135.25,7160.308783771475,Latih,7164.63207511135,7085.875182209084
2,2022-08-29,7132.04,7123.868140593246,Latih,7128.172061062531,7063.920632073946
2,2022-08-30,7159.47,7120.051271967366,Latih,7123.669275289848,7059.603125091261
2,2022-08-31,7178.59,7145.322052371579,Latih,7148.629673364836,7073.872865239449
2,2022-09-01,7153.1,7163.585151299914,Latih,7167.221225133619,7085.816352157663
2,2022-09-02,7177.18,7140.454358856158,Latih,7144.67505632587,7073.641984191605
2,2022-09-05,7231.88,7162.143411480268,Latih,7165.675411724528,7084.642979607651
2,2022-09-06,7233.15,7213.203412116853,Latih,7216.676268429843,7115.15075558789
2,2022-09-07,7186.76,7215.571994286266,Latih,7220.037562877027,7119.50310323365
2,2022-09-08,7232.02,7172.7429545713285,Latih,7177.656967784248,7095.09006677277
2,2022-09-09,7242.66,7213.542133312312,Latih,7217.189596500484,7115.869540438725
2,2022-09-12,7254.46,7224.360764536946,Latih,7228.7417200888085,7124.534776549413
2,2022-09-13,7318.02,7235.4945311284955,Latih,7239.962745277971,7131.482551814393
2,2022-09-14,7278.08,7294.471523159244,Latih,7298.573887926438,7165.842799363217
2,2022-09-15,7305.6,7258.96229600856,Latih,7264.597694791053,7149.028480131108
2,2022-09-16,7168.87,7283.513574122287,Latih,7288.163435023524,7160.873543297132
2,2022-09-19,7195.49,7157.798596950848,Latih,7164.206857597907,7090.518720673393
2,2022-09-20,7196.95,7179.403440095864,Latih,7183.057180880986,7095.37390383489
2,2022-09-21,7188.31,7181.333890838109,Latih,7185.463069912278,7097.936643109989
2,2022-09-22,7218.91,7173.383897219977,Latih,7177.619033162676,7093.472150678705
2,2022-09-23,7178.58,7201.464485179271,Latih,7205.260637735214,7109.050455911232
2,2022-09-26,7127.5,7164.874838753422,Latih,7169.602317656955,7089.811773576806
2,2022-09-27,7112.45,7116.803871064856,Latih,7121.25903678067,7060.121968479222
2,2022-09-28,7077.03,7101.783958081079,Latih,7105.439178585482,7048.7360218501735
2,2022-09-29,7036.2,7068.732768856354,Latih,7072.436282017298,7029.017731108727
2,2022-09-30,7040.8,7030.2384995157145,Latih,7033.665843250814,7005.071478821098
2,2022-10-03,7009.72,7033.595937724772,Latih,7036.231497124496,7004.574562182484
2,2022-10-04,7072.26,7004.98359246379,Latih,7007.988364244162,6986.007627561745
2,2022-10-05,7075.38,7062.081251327461,Latih,7063.942244943447,7019.584296491206
2,2022-10-06,7076.62,7066.330242823429,Latih,7069.310890695519,7025.441294446053
2,2022-10-07,7026.78,7067.5439265138575,Latih,7070.570490523644,7026.306167945923
2,2022-10-10,6994.4,7021.526988547505,Latih,7025.033116124334,7000.069130851089
2,2022-10-11,6939.15,6990.524044687804,Latih,6993.411828965006,6974.571146277243
2,2022-10-12,6909.21,6938.774450026204,Latih,6941.574078906228,6935.876711273839
2,2022-10-13,6880.63,6909.907458528922,Latih,6911.966981148467,6909.6199894285655
2,2022-10-14,6814.53,6882.849961932641,Latih,6884.621701571984,6887.753886150463
2,2022-10-17,6831.12,6821.159770079885,Latih,6823.0125355598675,6842.885501806177
2,2022-10-18,6834.49,6835.041868616378,Latih,6835.528942879772,6843.8695599681505
2,2022-10-19,6860.42,6838.51772920791,Latih,6839.278506698347,6848.279616665877
2,2022-10-20,6980.65,6862.546442215482,Latih,6863.131514251271,6864.7809304300345
2,2022-10-21,7017.77,6974.186060544307,Latih,6974.145345844085,6942.73812474077
2,2022-10-24,7053.04,7011.106087929666,Latih,7012.932689282357,6982.5471470827415
2,2022-10-25,7048.38,7044.500975587432,Latih,7046.685893206064,7009.5557456827755
2,2022-10-26,7043.94,7040.966598824326,Latih,7043.841827907626,7009.888996400892
2,2022-10-27,7091.76,7036.762940546337,Latih,7039.593239971462,7007.230568612276
2,2022-10-28,7056.04,7080.843777933189,Latih,7083.154382010767,7032.185496209922
2,2022-10-31,7098.89,7048.889284895723,Latih,7052.40527726776,7016.54037940985
2,2022-11-01,7052.3,7087.695192084978,Latih,7090.162601566384,7036.765227385226
2,2022-11-02,7015.69,7045.589914458458,Latih,7049.271052470272,7015.045145496189
2,2022-11-03,7034.57,7010.750193022549,Latih,7013.9114114869235,6991.310941465554
2,2022-11-04,7045.53,7027.392281898322,Latih,7029.7083116132635,6997.846771850644
2,2022-11-07,7102.4,7037.930080339375,Latih,7040.492281534735,7007.140754135906
2,2022-11-08,7050.13,7090.708214421342,Latih,7092.950482372116,7037.911471748415
2,2022-11-09,7070.08,7043.661974754993,Latih,7047.427456765835,7014.135432018102
2,2022-11-10,6966.84,7060.950252556867,Latih,7063.573167082734,7021.152888609232
2,2022-11-11,7089.21,6966.009266316348,Latih,6969.94460216468,6963.6081303227475
2,2022-11-14,7019.39,7076.803337175914,Latih,7077.721659929821,7024.7709367716925
2,2022-11-15,7035.5,7014.974970930279,Latih,7018.780001801909,6997.013914095221
2,2022-11-16,7014.38,7028.332217521729,Latih,7030.7076602078105,6998.940598279295
2,2022-11-17,7044.99,7009.172901948749,Latih,7012.037593637168,6988.144835443553
2,2022-11-18,7082.18,7036.990010196033,Latih,7039.186541369025,7004.104145970999
2,2022-11-21,7063.25,7072.016400461264,Latih,7074.434082406827,7027.196958953204
2,2022-11-22,7030.59,7055.340860961741,Latih,7058.614807131356,7019.703122433484
2,2022-11-23,7054.12,7024.754615019621,Latih,7027.9803582126515,7001.181341670809
2,2022-11-24,7080.52,7045.778870126669,Latih,7048.18928799576,7011.409251022398
2,2022-11-25,7053.15,7070.682366269298,Latih,7073.282860806056,7026.934824440541
2,2022-11-28,7017.36,7045.973789511983,Latih,7049.309839051431,7014.257620958746
2,2022-11-29,7012.07,7012.311610744059,Latih,7015.473098248303,6992.4624769461725
2,2022-11-30,7081.31,7006.64240261799,Latih,7009.1952770978805,6984.172641133126
2,2022-12-01,7020.8,7070.4932760811525,Latih,7072.314496636458,7024.5218058527125
2,2022-12-02,7019.64,7016.104893541396,Latih,7019.751998009742,6997.226769471822
2,2022-12-05,6987.33,7013.7109767842885,Latih,7016.257708187163,6989.334529745635
2,2022-12-06,6892.57,6983.836475816424,Latih,6986.657986605819,6969.1993168867175
2,2022-12-07,6818.75,6895.587609705075,Latih,6898.6842810208045,6906.091621222541
2,2022-12-08,6804.23,6825.319305819307,Latih,6827.352574631606,6847.168795885481
2,2022-12-09,6715.12,6810.292083919081,Latih,6811.103037345144,6827.8393798551315
2,2022-12-12,6734.45,6727.651645343325,Latih,6729.012661992184,6784.228622379928
2,2022-12-13,6810.32,6743.562237234437,Latih,6743.109958794141,6775.516080092219
2,2022-12-14,6801.75,6814.076174520883,Latih,6813.283515805932,6819.780088790093
2,2022-12-15,6751.86,6807.8167601815185,Latih,6808.49565987173,6825.123960454201
2,2022-12-16,6812.19,6761.539234681752,Latih,6762.518001726296,6794.043690052063
2,2022-12-19,6779.7,6816.1841691568825,Latih,6815.694068194959,6823.3779589623555
2,2022-12-20,6768.32,6787.487009077102,Latih,6788.402349972456,6811.756019527945
2,2022-12-21,6820.66,6776.263764309017,Latih,6776.686851923494,6800.164459178777
2,2022-12-22,6824.43,6824.368765541051,Latih,6824.103245610033,6830.922330137526
2,2022-12-23,6800.67,6828.995332073604,Latih,6829.6562509325495,6840.593909879363
2,2022-12-26,6835.81,6807.127367936405,Latih,6808.075240235957,6826.4354177171335
2,2022-12-27,6923.03,6839.071794398761,Latih,6839.261377826668,6844.824696344174
2,2022-12-28,6850.52,6920.416761163819,Latih,6920.4522071666,6903.668491219625
2,2022-12-29,6860.08,6855.335209658482,Latih,6857.636643960514,6871.079736690263
2,2022-12-30,6850.62,6862.582628077904,Latih,6863.465123689214,6866.819109219949
2,2023-01-02,6850.98,6854.0520015818265,Latih,6855.196721385756,6862.312265429238
2,2023-01-03,6888.76,6854.177889820674,Latih,6855.145603810587,6861.207946445683
2,2023-01-04,6813.24,6889.088346322222,Latih,6889.716419897122,6884.612195496601
2,2023-01-05,6653.84,6820.145691552494,Latih,6822.159544654224,6843.228415539599
2,2023-01-06,6684.56,6671.235767138465,Latih,6673.746043639048,6772.513012231019
2,2023-01-09,6688.27,6696.132918424177,Latih,6695.012692458348,6763.650838935997
2,2023-01-10,6622.5,6700.231651153135,Latih,6699.641467359828,6766.226021305051
2,2023-01-11,6584.45,6639.551911394531,Latih,6639.632600935334,6760.574009310629
2,2023-01-12,6629.93,6602.962713368465,Latih,6604.229154095766,6752.349527765835
2,2023-01-13,6641.83,6640.9954896532845,Latih,6635.265282341847,6753.669224374766
2,2023-01-16,6688.06,6656.134873154026,Latih,6654.96723451623,6758.058688312496
2,2023-01-17,6767.34,6699.103903280961,Latih,6697.731082507837,6763.0898683885
2,2023-01-18,6765.79,6773.355958981541,Latih,6772.1054168290175,6786.705380996793
2,2023-01-19,6819.91,6773.656409255592,Latih,6773.875721589056,6796.866949600608
2,2023-01-20,6874.93,6823.620588084494,Latih,6823.315474452708,6830.103866015112
2,2023-01-24,6860.85,6875.632720818561,Latih,6875.817102808994,6871.705321646374
2,2023-01-25,6829.93,6863.8273410332595,Latih,6865.15094993029,6870.718797285597
2,2023-01-26,6864.82,6834.954654858744,Latih,6836.303105103708,6849.630734889545
2,2023-01-27,6898.98,6866.511731169264,Latih,6866.9726861453455,6866.861213959495
2,2023-01-30,6872.48,6898.832387468859,Latih,6899.620943325803,6892.870867524786
2,2023-01-31,6839.34,6875.097152118724,Latih,6876.755738073032,6881.281123194736
2,2023-02-01,6862.26,6843.902136212326,Latih,6845.377864735461,6857.078744951526
2,2023-02-02,6890.57,6864.352305078248,Latih,6865.009502219002,6866.598586207072
2,2023-02-03,6911.73,6891.006959310217,Latih,6891.825580372556,6887.313154004557
2,2023-02-06,6873.79,6911.173963713692,Latih,6912.31845931773,6904.363936861799
2,2023-02-07,6935.3,6876.585973915499,Latih,6878.466652281922,6883.879196372671
2,2023-02-08,6940.12,6932.582138714243,Latih,6933.202522232879,6916.58023020749
2,2023-02-09,6897.37,6938.379163198222,Latih,6940.084741449704,6928.187036149252
2,2023-02-10,6880.33,6898.990425972089,Latih,6901.176285230264,6902.437118157789
2,2023-02-13,6900.14,6882.314079352957,Latih,6883.8711700165695,6885.9077794072455
2,2023-02-14,6941.85,6900.242985923633,Latih,6901.305648567423,6895.763337579711
2,2023-02-15,6914.54,6939.20912877505,Latih,6940.2532276678585,6924.324946405339
2,2023-02-16,6895.66,6914.890547728287,Latih,6916.950787787484,6913.293437384115
2,2023-02-17,6895.71,6896.851693531021,Latih,6898.583570429727,6897.792279334112
2,2023-02-20,6894.72,6896.485373328968,Latih,6897.870076696321,6895.175081905469
2,2023-02-21,6873.4,6895.571826032742,Latih,6896.966573555215,6894.570123339339
2,2023-02-22,6809.97,6875.854006111067,Latih,6877.425961227458,6881.252291088742
2,2023-02-23,6839.45,6816.789082883033,Latih,6818.550912887189,6839.052670148051
2,2023-02-24,6856.58,6842.6378057665,Latih,6842.964778887666,6848.379161417522
2,2023-02-27,6854.78,6859.107305566112,Latih,6859.8186021405845,6863.102906345169
2,2023-02-28,6843.24,6857.818716692069,Latih,6858.86099956576,6864.3928628385465
2,2023-03-01,6844.94,6847.118328489996,Latih,6848.233319388368,6857.006956146398
2,2023-03-02,6857.42,6848.436646269597,Latih,6849.324208798446,6856.439237182179
2,2023-03-03,6813.64,6860.003298010865,Latih,6860.807682380119,6864.392190238873
2,2023-03-06,6807.0,6819.830399245653,Latih,6821.265144028697,6839.079955274797
2,2023-03-07,6766.76,6812.739449930224,Latih,6813.431218694183,6828.834917051529
2,2023-03-08,6776.37,6775.419158479301,Latih,6776.357771323351,6803.0292181271625
2,2023-03-09,6799.79,6783.417893153755,Latih,6783.529611959486,6803.3256103831845
2,2023-03-10,6765.3,6805.264177161487,Latih,6805.337714725764,6819.150602755878
2,2023-03-13,6786.96,6773.9127818310535,Latih,6774.732389372913,6801.115447856815
2,2023-03-14,6641.81,6793.169422576755,Latih,6793.157315782637,6809.667081882688
2,2023-03-15,6628.14,6659.547739181158,Latih,6662.1988972883055,6769.512522668568
2,2023-03-16,6565.73,6643.7471341516175,Latih,6642.923081846918,6757.692547470357
2,2023-03-17,6678.24,6588.069376636951,Latih,6589.721366910714,6751.075220424856
2,2023-03-20,6612.49,6676.910882931664,Latih,6650.79554714271,6756.653919054891
2,2023-03-21,6691.61,6630.085121438214,Latih,6630.733585993209,6758.940892463948
2,2023-03-24,6762.25,6700.985074887144,Latih,6699.798362443614,6761.269141072955
2,2023-03-27,6708.93,6768.731186048117,Latih,6767.592474801269,6784.056907683342
2,2023-03-28,6760.33,6721.015754546842,Latih,6721.662694542578,6775.874508458106
2,2023-03-29,6839.44,6767.335878025916,Latih,6766.532771596041,6785.299333799809
2,2023-03-30,6808.95,6841.543867237902,Latih,6840.959467801787,6841.410535562671
2,2023-03-31,6805.28,6815.10469152126,Latih,6816.252303503785,6833.658981268143
2,2023-04-03,6827.17,6811.047973851892,Latih,6811.669366270038,6827.113891427552
2,2023-04-04,6833.18,6831.190585307216,Latih,6831.544014015531,6840.1304662844905
2,2023-04-05,6819.67,6837.221158817744,Latih,6837.921402337587,6846.915808728375
2,2023-04-06,6792.77,6824.871444116865,Latih,6825.805864422951,6839.407556155658
2,2023-04-10,6771.23,6799.725027392239,Latih,6800.657900719078,6820.884385353658
2,2023-04-11,6811.31,6779.237753444342,Latih,6779.874122415214,6803.796474994452
2,2023-04-14,6818.57,6792.648561389774,Uji,6793.266904689402,6813.547488757703
2,2023-04-17,6787.58,6822.815531115566,Uji,6822.886423121129,6832.054068767762
2,2023-04-18,6821.81,6794.906254293055,Uji,6795.866524846584,6817.521902647051
2,2023-04-26,6910.15,6825.852049600517,Uji,6825.929577922856,6834.334585219955
2,2023-04-27,6945.48,6908.211834752605,Uji,6908.108254402921,6893.743094781084
2,2023-04-28,6915.72,6942.78139531975,Uji,6943.976022019437,6927.972813153315
2,2023-05-02,6863.3,6916.059974360214,Uji,6918.176062612282,6914.531962422477
2,2023-05-03,6812.72,6866.982102540771,Uji,6869.03223118488,6877.954422790747
2,2023-05-04,6844.03,6819.108923996125,Uji,6820.660073362623,6839.335969130433
2,2023-05-05,6787.63,6846.929036521949,Uji,6847.2645516589655,6851.596003874876
2,2023-05-08,6769.63,6795.5087915003605,Uji,6796.936048007042,6821.123808417354
2,2023-05-09,6779.98,6777.647279416947,Uji,6778.2039677465245,6802.086502425106
2,2023-05-10,6811.9,6786.8156649232205,Uji,6786.9470012194215,6805.959690063628
2,2023-05-11,6755.94,6816.530714928541,Uji,6816.559547034535,6827.142745953535
2,2023-05-12,6707.76,6765.53026178303,Uji,6766.658032075194,6797.028082062335
2,2023-05-15,6711.74,6719.796981518884,Uji,6720.338794185688,6774.552244760422
2,2023-05-16,6676.56,6722.421061884185,Uji,6722.0417605084385,6770.031993816224
2,2023-05-17,6663.11,6690.00741867976,Uji,6690.023617121891,6767.154365794089
2,2023-05-19,6700.56,6676.813064519181,Uji,6676.306585755214,6763.3767321491505
2,2023-05-22,6729.65,6711.116880955417,Uji,6710.020229608137,6765.767913667586
2,2023-05-23,6736.68,6738.809636733107,Uji,6738.134021571302,6771.881530817775
2,2023-05-24,6745.8,6745.9398770794505,Uji,6745.733949479484,6778.431889355807
2,2023-05-25,6704.23,6754.518908332015,Uji,6754.358470889951,6782.076594885319
2,2023-05-26,6687.0,6716.314260410686,Uji,6716.702249532213,6772.130796256689
2,2023-05-29,6681.1,6699.48818189429,Uji,6699.2708088898835,6767.546625923541
2,2023-05-30,6636.42,6693.661036154943,Uji,6693.1813716979495,6765.758362752225
2,2023-05-31,6633.26,6652.255049198728,Uji,6652.076518825453,6761.304452555802
2,2023-06-05,6633.44,6648.359396731119,Uji,6647.389463162283,6757.760390357401
2,2023-06-06,6618.92,6648.456632223885,Uji,6647.427033459033,6757.546100101496
2,2023-06-07,6619.75,6635.046452038148,Uji,6634.153217252055,6756.251682030285
2,2023-06-08,6666.33,6635.495944794798,Uji,6634.328513541901,6755.26715304854
2,2023-06-09,6694.02,6678.546432347163,Uji,6676.967370094224,6759.522287621524
2,2023-06-12,6722.37,6705.1453504862075,Uji,6704.167760491091,6765.413902039554
2,2023-06-13,6719.01,6731.941205809585,Uji,6731.212219863704,6769.986884798136
2,2023-06-14,6699.72,6729.456588986537,Uji,6729.278932992837,6772.372349219349
2,2023-06-15,6713.79,6711.562366139014,Uji,6711.499780739416,6769.770285283354
2,2023-06-16,6698.55,6724.139240169546,Uji,6723.5935376346315,6769.6300706714665
2,2023-06-19,6686.06,6710.367403139491,Uji,6710.219711461235,6769.284130239514
2,2023-06-20,6660.46,6698.495648976433,Uji,6698.182587458508,6767.047601805952
2,2023-06-21,6702.63,6674.572489277585,Uji,6674.264718877092,6763.831118068423
2,2023-06-22,6652.26,6712.971327934582,Uji,6711.807035480161,6765.76100831094
2,2023-06-23,6639.73,6667.359104401631,Uji,6667.430713846846,6764.30151185992
2,2023-06-26,6664.67,6654.682747274425,Uji,6653.944361748111,6759.498589693036
2,2023-06-27,6661.88,6677.449455910041,Uji,6676.252441481515,6760.83038188609
2,2023-07-03,6696.72,6675.416926957383,Uji,6674.703399593994,6762.398548024323
2,2023-07-04,6681.75,6707.542462091763,Uji,6706.458421988356,6765.332405379143
2,2023-07-05,6718.98,6694.4739289100635,Uji,6694.16677505927,6766.525978339341
2,2023-07-06,6757.33,6728.541270511172,Uji,6727.618060199639,6768.7864961612495
2,2023-07-07,6716.46,6764.783967605557,Uji,6764.192887012687,6784.854476375906
2,2023-07-10,6731.04,6727.864736129812,Uji,6728.352359682939,6777.188925159601
2,2023-07-11,6796.92,6740.441229020529,Uji,6740.044798773103,6774.780480249552
2,2023-07-12,6808.21,6801.622251710625,Uji,6800.889768246443,6811.0185812461705
2,2023-07-13,6810.21,6813.491932024691,Uji,6813.865650823149,6827.237761867379
2,2023-07-14,6869.57,6815.586295307312,Uji,6816.148969773982,6830.057568737601
2,2023-07-17,6867.14,6870.469016186933,Uji,6870.5243711400435,6867.031538616757
2,2023-07-18,6830.2,6869.521211147348,Uji,6870.688754500191,6873.85517440204
2,2023-07-20,6864.19,6835.341534190809,Uji,6836.803003600871,6850.679855859913
2,2023-07-21,6880.8,6865.935604709129,Uji,6866.407276440004,6866.509668530266
2,2023-07-24,6899.4,6882.023269674224,Uji,6882.966837335867,6881.54451322679
2,2023-07-25,6917.71,6899.569601550743,Uji,6900.64768914704,6895.3718173099005
2,2023-07-26,6948.28,6916.891486916291,Uji,6918.143262168216,6909.299002444492
2,2023-07-27,6896.66,6945.53331446295,Uji,6946.84111726766,6930.763989697445
2,2023-07-28,6900.23,6898.512812944099,Uji,6900.85502920632,6903.142742475018
2,2023-07-31,6931.36,6900.682955789908,Uji,6902.044611408457,6898.109387660071
2,2023-08-01,6886.5,6929.52001660173,Uji,6930.661911487032,6917.853147509145
2,2023-08-02,6854.51,6888.756889203234,Uji,6890.881541891141,6894.489164758666
2,2023-08-03,6898.08,6858.223061195651,Uji,6859.81721210126,6868.42251958106
2,2023-08-04,6852.84,6897.7756437021935,Uji,6898.383113307103,6890.868471037491
2,2023-08-07,6886.37,6856.933328902164,Uji,6858.755356577078,6869.01438487355
2,2023-08-08,6868.81,6886.92100597505,Uji,6887.605129522724,6883.395686887545
2,2023-08-09,6875.11,6871.43110275958,Uji,6872.891809890013,6877.243843655926
2,2023-08-10,6893.28,6876.867568978709,Uji,6877.948122773808,6878.675247860592
2,2023-08-11,6879.98,6893.791365017636,Uji,6894.821092697426,6890.790696095271
2,2023-08-14,6910.17,6881.901372193438,Uji,6883.3865619519775,6885.117766251011
2,2023-08-15,6915.1,6909.501387686179,Uji,6910.465716257737,6901.9142840117665
2,2023-08-16,6900.54,6914.715604553269,Uji,6916.189046237515,6909.196206794427
2,2023-08-18,6859.91,6901.372303195044,Uji,6903.06972057049,6900.887403670594
2,2023-08-21,6866.03,6863.518595363239,Uji,6865.321027967671,6873.729756982963
2,2023-08-22,6916.45,6868.284659068028,Uji,6869.2849941420955,6871.81412585352
2,2023-08-23,6921.41,6914.998275775956,Uji,6915.6489038599,6903.839690256462
2,2023-08-24,6899.39,6920.682236254858,Uji,6922.21316279118,6913.977538511799
2,2023-08-25,6895.44,6900.447747684166,Uji,6902.271546538219,6901.0615397260035
2,2023-08-28,6921.73,6896.317402770563,Uji,6897.773087823435,6895.531380372389
2,2023-08-29,6957.83,6920.518794534253,Uji,6921.661003299403,6911.2285339671835
2,2023-08-30,6966.66,6954.443825254492,Uji,6955.737907025866,6937.231192495872
2,2023-08-31,6953.26,6963.390073508674,Uji,6965.2661781973175,6947.752758864811
2,2023-09-01,6977.65,6951.203643588475,Uji,6953.36461665874,6940.708061986914
2,2023-09-04,6996.75,6973.443241465146,Uji,6975.134605443533,6953.905297116093
2,2023-09-05,6991.71,6991.621503154692,Uji,6993.585628720579,6969.132864038998
2,2023-09-06,6995.95,6987.382780013737,Uji,6989.74382906681,6968.696346851045
2,2023-09-07,6954.81,6991.189649324474,Uji,6993.419317241368,6970.610386161262
2,2023-09-08,6924.78,6953.275654141955,Uji,6955.960133957915,6945.7743293458725
2,2023-09-11,6963.39,6924.633804175305,Uji,6926.838227184463,6921.441040786254
2,2023-09-12,6933.97,6959.646966646962,Uji,6960.946115335874,6941.0958829585215
2,2023-09-13,6935.48,6933.311393699993,Uji,6935.589017973592,6928.325255382109
2,2023-09-14,6959.33,6934.063472234656,Uji,6935.787120997359,6925.132245373177
2,2023-09-15,6982.79,6956.130032635383,Uji,6957.66284245079,6940.086961028625
2,2023-09-18,6936.08,6978.324386974032,Uji,6980.080141161139,6957.933944959097
2,2023-09-19,6980.32,6935.684571967174,Uji,6938.299123837103,6932.350585066725
2,2023-09-20,7011.68,6975.534443529303,Uji,6976.885920472796,6953.146066604904
2,2023-09-21,6991.47,7005.472751786171,Uji,7007.349080674707,6978.736331853922
2,2023-09-22,7016.84,6987.487212323006,Uji,6990.124610161838,6970.641998345905
2,2023-09-25,6998.38,7010.483395152151,Uji,7012.517202044189,6983.4899076247775
2,2023-09-26,6923.8,6993.983718047199,Uji,6996.652503870783,6975.637216759379
2,2023-09-27,6937.83,6924.680549852597,Uji,6927.69388606881,6926.946336371947
2,2023-09-29,6939.89,6936.01230736797,Uji,6937.527674431851,6925.158476760435
2,2023-10-02,6961.46,6938.22195423459,Uji,6939.976116602471,6928.39973458593
2,2023-10-03,6940.89,6958.194151352696,Uji,6959.788391938262,6942.022164808562
2,2023-10-04,6886.58,6939.662169494976,Uji,6941.840988876572,6932.332178255667
2,2023-10-05,6874.83,6889.039044766171,Uji,6891.337923189445,6895.875280585333
2,2023-10-06,6888.52,6876.997201355737,Uji,6878.406589131098,6880.9945508939445
2,2023-10-09,6891.46,6889.387787696762,Uji,6890.455965657873,6887.808994483693
2,2023-10-10,6922.19,6892.403007192059,Uji,6893.695631664141,6891.546518768116
2,2023-10-11,6931.75,6920.856798290061,Uji,6921.921702932763,6910.954651380227
2,2023-10-12,6935.15,6930.360183273602,Uji,6931.901736884762,6921.174310175824
2,2023-10-13,6926.78,6933.7101332062975,Uji,6935.396026707341,6924.616899503517
2,2023-10-16,6896.29,6926.051913326431,Uji,6927.876967699874,6919.919866945194
2,2023-10-17,6939.62,6897.7011869183625,Uji,6899.652039850696,6899.898457950994
2,2023-10-18,6927.91,6937.064813756694,Uji,6938.058691873898,6922.406467937279
2,2023-10-19,6846.43,6927.193516751874,Uji,6929.090292670477,6921.245336701321
2,2023-10-20,6849.17,6851.663331102171,Uji,6854.091841902473,6869.235961625915
2,2023-10-23,6741.96,6852.41422137741,Uji,6853.321558336654,6859.50142655466
2,2023-10-24,6806.76,6753.429453801239,Uji,6755.369634818758,6798.787445867689
2,2023-10-25,6834.39,6810.951410958799,Uji,6810.329256261023,6818.632813107405
2,2023-10-26,6714.52,6837.893041051364,Uji,6838.20745897863,6844.801088095643
2,2023-10-27,6758.79,6727.756369112453,Uji,6729.676652389638,6788.828352185517
2,2023-10-30,6735.89,6766.035316877689,Uji,6765.3489737510945,6785.131430501371
2,2023-10-31,6752.21,6745.84681170466,Uji,6746.183156381273,6782.81764278534
2,2023-11-01,6642.42,6760.423436663773,Uji,6760.189753117289,6784.061324421196
2,2023-11-02,6751.39,6659.351939811271,Uji,6660.424063690466,6767.0323786333465
2,2023-11-03,6788.85,6757.623449063923,Uji,6755.681070887472,6770.547362105874
2,2023-11-06,6878.84,6794.611543536216,Uji,6794.326697574586,6808.884377642902
2,2023-11-07,6843.79,6878.566241873545,Uji,6878.144432198446,6869.7658580685065
2,2023-11-08,6804.11,6848.152159027793,Uji,6849.703891314008,6860.721544781963
2,2023-11-09,6838.23,6810.728376907143,Uji,6812.00021804932,6831.277260985112
2,2023-11-10,6809.26,6841.38264509622,Uji,6841.613212264217,6846.803103443123
2,2023-11-13,6838.31,6815.36465129498,Uji,6816.487197729681,6833.680908017492
2,2023-11-14,6862.06,6841.56908972565,Uji,6841.893529388047,6847.574889148213
2,2023-11-15,6958.21,6864.145032278935,Uji,6864.785167807976,6866.330487977306
2,2023-11-16,6958.01,6953.490975717357,Uji,6953.685984782628,6929.096816887308
2,2023-11-17,6977.67,6955.407257026486,Uji,6957.369499313288,6942.459085556318
2,2023-11-20,6994.89,6973.565520085746,Uji,6975.343918461854,6954.583905346445
2,2023-11-21,6961.79,6989.903593909201,Uji,6991.885162226615,6967.985902236158
2,2023-11-22,6906.95,6959.70086430078,Uji,6962.301941757255,6949.940366882137
2,2023-11-23,7004.34,6908.314294102834,Uji,6910.810266650365,6911.398432644652
2,2023-11-24,7009.63,6997.088527818975,Uji,6997.684989209232,6963.908378816896
2,2023-11-27,7013.41,7004.103697571217,Uji,7006.439905276357,6980.838160992916
2,2023-11-28,7041.07,7007.711477378665,Uji,7010.110102333486,6983.916784217413
2,2023-11-29,7036.09,7033.347389725509,Uji,7035.561991409722,7001.544993894158
2,2023-11-30,7080.74,7029.3510715068005,Uji,7032.119133042159,7002.3461049450025
2,2023-12-01,7059.91,7070.491661841937,Uji,7072.759129860468,7025.837500493588
2,2023-12-04,7093.6,7052.223765035933,Uji,7055.501926163501,7017.842442697347
2,2023-12-05,7100.85,7082.89260621793,Uji,7085.479603921244,7034.2320824957515
2,2023-12-06,7087.4,7090.326671046685,Uji,7093.465738561819,7040.32834657437
3,2022-01-05,6662.3,6690.487822996394,Latih,6698.454328936505,6736.296781933777
3,2022-01-06,6653.35,6665.988200537576,Latih,6673.761042611762,6724.472872027478
3,2022-01-07,6701.32,6653.915591297086,Latih,6662.342250698668,6714.049146491011
3,2022-01-10,6691.12,6694.030539995449,Latih,6702.144177114087,6737.275582608305
3,2022-01-11,6647.97,6691.584945163445,Latih,6698.975582473296,6740.412890154295
3,2022-01-12,6647.06,6653.090300287988,Latih,6661.075319534106,6716.320694947561
3,2022-01-13,6658.36,6646.607980811905,Latih,6655.341412924465,6708.285684730728
3,2022-01-14,6693.4,6656.215876574677,Latih,6664.855038238032,6713.967066910883
3,2022-01-17,6645.05,6687.873954936133,Latih,6695.978736159073,6734.060085350297
3,2022-01-18,6614.06,6650.877621117841,Latih,6658.851957239148,6715.211062426587
3,2022-01-19,6591.98,6631.562677190461,Latih,6637.33160382309,6697.007510989326
3,2022-01-20,6626.87,6629.056217693024,Latih,6635.757698167646,6687.138870753215
3,2022-01-21,6726.37,6627.361255306386,Latih,6636.3457969019655,6689.973228196369
3,2022-01-24,6655.17,6707.262873617578,Latih,6719.932151633223,6745.581594443494
3,2022-01-25,6568.17,6663.944259810461,Latih,6671.255115589066,6726.222034737787
3,2022-01-26,6600.82,6648.5878676301345,Latih,6649.422928149487,6689.881485600935
3,2022-01-27,6611.16,6623.808124222391,Latih,6634.829734818422,6680.620326179728
3,2022-01-28,6645.51,6628.816721764364,Latih,6636.051545754904,6688.499080282466
3,2022-01-31,6631.15,6640.338858617256,Latih,6649.7914230904835,6701.031316114681
3,2022-02-02,6707.65,6632.586284213224,Latih,6641.516575040157,6700.420786181259
3,2022-02-03,6683.85,6694.038454251604,Latih,6704.98057477625,6736.655647489451
3,2022-02-04,6731.39,6686.162278447614,Latih,6693.515115655827,6737.764786770665
3,2022-02-07,6804.94,6723.945789293519,Latih,6731.244280448131,6758.165609240557
3,2022-02-08,6789.52,6793.543141375214,Latih,6799.311714893014,6804.5175018442
3,2022-02-09,6834.61,6789.98206240508,Latih,6794.6399720824065,6809.44106597248
3,2022-02-10,6823.64,6826.76313069794,Latih,6831.246881899869,6830.044587563907
3,2022-02-11,6815.61,6823.274266512726,Latih,6827.091919838224,6832.278963678515
3,2022-02-14,6734.49,6814.912484954629,Latih,6818.996218710873,6826.205164428984
3,2022-02-15,6807.5,6744.016354113841,Latih,6749.026448190088,6782.866877081423
3,2022-02-16,6850.2,6796.156460145742,Latih,6801.846989681454,6806.384234977397
3,2022-02-17,6835.12,6842.559111604727,Latih,6846.583140929974,6841.2550529382
3,2022-02-18,6892.82,6835.216340971625,Latih,6838.655163741148,6840.94603822831
3,2022-02-21,6902.96,6882.898187329215,Latih,6886.034407505734,6868.1272259045045
3,2022-02-22,6861.99,6899.248188586876,Latih,6901.296882351681,6883.483931964678
3,2022-02-23,6920.06,6865.316633649806,Latih,6867.589886025528,6864.084386208395
3,2022-02-24,6817.82,6909.897638573692,Latih,6912.3085048425655,6886.9180241164995
3,2022-02-25,6888.17,6829.549419684445,Latih,6831.959120113885,6844.250923982896
3,2022-03-01,6921.44,6876.610187503737,Latih,6880.088133154255,6862.690782105366
3,2022-03-02,6868.4,6914.543329356955,Latih,6916.492074810313,6892.220956880494
3,2022-03-04,6928.33,6873.275640103559,Latih,6875.169860143405,6870.637412725131
3,2022-03-07,6869.07,6917.86384184395,Latih,6920.084384825277,6892.316510874076
3,2022-03-08,6814.18,6874.762421681326,Latih,6876.532076261681,6872.191656050127
3,2022-03-09,6864.44,6819.681440838013,Latih,6823.000428765748,6833.430364639198
3,2022-03-10,6924.01,6855.700453701058,Latih,6859.471540709177,6849.786733173765
3,2022-03-11,6922.6,6913.621733284639,Latih,6915.952201472567,6889.389267416043
3,2022-03-14,6952.2,6920.2754479724645,Latih,6921.598608469712,6899.103691757067
3,2022-03-15,6918.19,6945.571607804349,Latih,6946.631131649664,6914.156629384803
3,2022-03-16,6992.4,6920.202000088143,Latih,6921.084899259256,6901.766177563712
3,2022-03-17,6964.38,6979.597080075796,Latih,6980.341289194282,6930.171048245478
3,2022-03-18,6954.96,6965.275908472591,Latih,6965.020724156552,6930.10181531911
3,2022-03-21,6955.18,6953.465641129665,Latih,6953.782256215863,6921.885741270232
3,2022-03-22,7000.82,6952.410915162019,Latih,6952.886891530804,6920.732412190485
3,2022-03-23,6996.12,6991.731136901435,Latih,6991.759520607648,6939.883163327624
3,2022-03-24,7049.69,6993.712660378871,Latih,6993.004547442851,6946.10556226497
3,2022-03-25,7002.53,7039.209947837654,Latih,7038.061506315533,6965.732289770895
3,2022-03-28,7049.6,7005.685338122903,Latih,7004.077331664024,6955.873278920107
3,2022-03-29,7011.69,7039.979043144051,Latih,7038.721595634881,6966.823919040614
3,2022-03-30,7053.19,7013.559238297999,Latih,7011.863704201638,6960.2123987722925
3,2022-03-31,7071.44,7044.279466095035,Latih,7042.830103479091,6969.803490753227
3,2022-04-01,7078.76,7065.471736600466,Latih,7063.13364561624,6984.0607205474935
3,2022-04-04,7116.22,7074.1837856484135,Latih,7071.461774770685,6990.061071912703
3,2022-04-05,7148.3,7107.399537593198,Latih,7104.187874153328,7005.648614180743
3,2022-04-06,7104.22,7139.964392414169,Latih,7135.798713597731,7024.476293274822
3,2022-04-07,7127.37,7106.253158710075,Latih,7101.966232592535,7013.282127232611
3,2022-04-08,7210.83,7120.361026536896,Latih,7116.604602201654,7014.377657580435
3,2022-04-11,7203.79,7195.268586669052,Latih,7190.303859440768,7050.236860761111
3,2022-04-12,7214.78,7200.230668338621,Latih,7193.903881931985,7062.280251150793
3,2022-04-13,7262.78,7208.762101954308,Latih,7202.449126260962,7065.239465513296
3,2022-04-14,7235.53,7251.536392055841,Latih,7244.568393960686,7085.495656633447
3,2022-04-18,7275.29,7234.416488372177,Latih,7226.890860307901,7083.523370191524
3,2022-04-19,7199.23,7265.04667749295,Latih,7257.601312989685,7093.916649382781
3,2022-04-20,7227.36,7204.81833619007,Latih,7197.431129138554,7071.861926736303
3,2022-04-21,7276.19,7218.9898319459835,Latih,7212.632733714071,7069.241388729281
3,2022-04-22,7225.61,7264.742393400762,Latih,7257.428410033676,7092.825154632997
3,2022-04-25,7215.98,7227.64757978031,Latih,7219.988463100878,7082.091584847042
3,2022-04-26,7232.15,7212.6769010926155,Latih,7205.978346426573,7069.530382388897
3,2022-04-27,7196.76,7225.325720868199,Latih,7218.634968358366,7074.012317571708
3,2022-04-28,7228.91,7196.99438775071,Latih,7190.370581328356,7063.341254715389
3,2022-05-09,6909.75,7219.998058856217,Latih,7213.6681784910825,7069.399270292588
3,2022-05-10,6819.79,6949.481698744944,Latih,6945.704154779962,6935.732416223933
3,2022-05-11,6816.2,6829.88372414205,Latih,6832.450969834959,6843.461740366257
3,2022-05-12,6599.84,6814.911924454901,Latih,6819.055900721882,6825.835189768706
3,2022-05-13,6597.99,6674.834870410129,Latih,6671.380958987936,6724.9729498845545
3,2022-05-17,6644.47,6628.375092818894,Latih,6635.580602673674,6685.756398174778
3,2022-05-18,6793.41,6635.761134030977,Latih,6647.392540305789,6698.184907927382
3,2022-05-19,6823.33,6764.060070997205,Latih,6776.310061586527,6783.319716021448
3,2022-05-20,6918.14,6817.566025185618,Latih,6822.092845186625,6824.8959715849505
3,2022-05-23,6840.77,6903.138841396913,Latih,6906.230961454854,6878.743427047473
3,2022-05-24,6914.14,6849.053330490031,Latih,6851.27279731188,6855.777085223833
3,2022-05-25,6883.5,6901.998583170816,Latih,6904.830721035049,6880.137927950066
3,2022-05-27,7026.26,6885.310981717152,Latih,6887.183499207539,6877.162795395297
3,2022-05-30,7037.56,7004.16526286131,Latih,7005.174879810868,6935.588748933722
3,2022-05-31,7148.97,7032.74796889669,Latih,7031.200899968209,6966.3954282087625
3,2022-06-02,7148.72,7130.152418700532,Latih,7127.328441712335,7009.915945227802
3,2022-06-03,7182.96,7144.6513359773935,Latih,7139.920314715581,7030.38934120244
3,2022-06-06,7096.58,7174.095328314385,Latih,7169.035630012235,7043.417776233618
3,2022-06-07,7141.04,7104.253564721417,Latih,7099.446898416352,7016.4534346920855
3,2022-06-08,7193.31,7131.120424150304,Latih,7127.361982016042,7018.254701457084
3,2022-06-09,7182.83,7181.991200078808,Latih,7176.962531041585,7046.020243729417
3,2022-06-10,7086.65,7179.872511108004,Latih,7174.049815736495,7051.200561572974
3,2022-06-13,6995.44,7095.68769400246,Latih,7090.97981016941,7012.639435824812
3,2022-06-14,7049.88,7004.4630003166785,Latih,7002.290458532034,6957.440615518742
3,2022-06-15,7007.05,7039.283664761845,Latih,7038.145043194953,6965.685387153679
3,2022-06-16,7050.33,7009.60166182047,Latih,7007.946438864528,6958.045731024794
3,2022-06-17,6936.97,7041.204474908773,Latih,7039.862459200684,6967.896580999547
3,2022-06-20,6976.38,6949.329780898741,Latih,6948.348233775548,6924.816930646348
3,2022-06-21,7044.07,6968.285881690436,Latih,6968.863958689624,6927.353617894101
3,2022-06-22,6984.31,7031.764673014345,Latih,7031.009164221348,6960.1192661375335
3,2022-06-23,6998.27,6989.25767402297,Latih,6987.923056911286,6946.468138328842
3,2022-06-24,7042.94,6993.383131378946,Latih,6992.937063275633,6944.026377314975
3,2022-06-27,7016.06,7033.6828824425365,Latih,7032.563228186431,6963.532933679276
3,2022-06-28,6996.46,7016.441776297748,Latih,7014.817851646602,6961.116955652886
3,2022-06-29,6942.35,6996.01819753891,Latih,6995.0455287314035,6948.499479022077
3,2022-06-30,6911.58,6946.846677424958,Latih,6946.7361020386725,6920.179355899143
3,2022-07-01,6794.33,6913.210595524357,Latih,6914.326572902249,6896.622695762261
3,2022-07-04,6639.17,6808.207092191907,Latih,6810.990533839795,6830.622417943215
3,2022-07-05,6703.27,6664.302340666515,Latih,6667.168579334183,6729.865798627756
3,2022-07-06,6646.41,6692.955994757431,Latih,6702.174208689499,6735.797634506248
3,2022-07-07,6652.59,6653.351975190874,Latih,6661.1439359107735,6717.644359894563
3,2022-07-08,6740.22,6651.162680069368,Latih,6659.8690680700665,6710.870631005038
3,2022-07-11,6722.15,6725.326636422745,Latih,6735.1673189324365,6757.24957332554
3,2022-07-12,6718.29,6723.4360372111405,Latih,6729.858243091426,6763.271739340153
3,2022-07-13,6640.99,6717.726450684687,Latih,6724.4958973562925,6758.10866246822
3,2022-07-14,6690.09,6650.6696645088605,Latih,6658.2568914932135,6717.475952146371
3,2022-07-15,6651.9,6682.730327404753,Latih,6691.164996347444,6729.304020960651
3,2022-07-18,6659.25,6656.337572275561,Latih,6664.302037996663,6718.171532308479
3,2022-07-19,6736.09,6657.621307221961,Latih,6666.168849599821,6715.275609575232
3,2022-07-20,6874.74,6724.047374264172,Latih,6732.417440008245,6756.282374995376
3,2022-07-21,6864.13,6853.10475704197,Latih,6859.263483210245,6841.386994574106
3,2022-07-22,6886.96,6863.431897265355,Latih,6866.168032736222,6860.243281574289
3,2022-07-25,6858.41,6881.684750258666,Latih,6884.380776369018,6870.183968445401
3,2022-07-26,6871.54,6860.12145135347,Latih,6862.703785699049,6859.42894272987
3,2022-07-27,6898.22,6867.654343494217,Latih,6870.5983122641255,6861.210659264365
3,2022-07-28,6956.82,6892.357046214385,Latih,6894.816563859626,6877.303256627065
3,2022-07-29,6951.12,6946.329044716409,Latih,6947.761457820586,6911.414799236702
3,2022-08-01,6968.78,6949.161361940554,Latih,6949.644916265658,6919.052213366675
3,2022-08-02,6988.16,6963.6119417208965,Latih,6964.021465241962,6926.679852381397
3,2022-08-03,7046.63,6982.628352283295,Latih,6982.546788362916,6937.4386222351095
3,2022-08-04,7057.35,7035.52428098804,Latih,7034.5420164251955,6963.1658287776045
3,2022-08-05,7084.65,7052.475362153714,Latih,7050.386715968316,6977.529060280378
3,2022-08-08,7086.85,7077.393565809199,Latih,7074.855712722012,6989.834854222592
3,2022-08-09,7102.88,7082.893054617713,Latih,7079.865952528187,6995.47011848515
3,2022-08-10,7086.24,7096.983703892898,Latih,7093.763027617406,7001.976623524485
3,2022-08-11,7160.38,7084.77561626322,Latih,7081.441943242618,6998.4394218427515
3,2022-08-12,7129.28,7146.404444605785,Latih,7142.635196036774,7023.822212512554
3,2022-08-15,7093.28,7129.422513535098,Latih,7124.684945636466,7024.971595674218
3,2022-08-16,7133.45,7094.322944425415,Latih,7090.46845505781,7005.7644358444795
3,2022-08-18,7186.56,7124.150408256129,Latih,7120.522360778525,7014.777271466315
3,2022-08-19,7172.43,7175.17776538857,Latih,7170.344733176312,7042.109973428909
3,2022-08-22,7107.98,7170.027669690332,Latih,7164.421865293463,7046.04432279772
3,2022-08-23,7163.27,7112.676978829576,Latih,7107.939993850661,7018.956178076328
3,2022-08-24,7194.71,7151.763673962433,Latih,7147.593690508085,7028.744252081575
3,2022-08-25,7174.21,7186.1323962671395,Latih,7180.7090905816185,7050.459536092942
3,2022-08-26,7135.25,7172.636414783082,Latih,7166.873625622472,7048.155478652184
3,2022-08-29,7132.04,7136.3885835111905,Latih,7131.355968555883,7029.680152106943
3,2022-08-30,7159.47,7128.479663313106,Latih,7124.145879418328,7021.611153186621
3,2022-08-31,7178.59,7151.669958407957,Latih,7147.12452981599,7031.5197122133395
3,2022-09-01,7153.1,7171.752977532229,Latih,7166.551495218953,7043.6376266468205
3,2022-09-02,7177.18,7152.334038485367,Latih,7147.052651330906,7037.264430862728
3,2022-09-05,7231.88,7169.697781970582,Latih,7164.619250877579,7041.980430731837
3,2022-09-06,7233.15,7219.968868030397,Latih,7213.945737956253,7067.093867652483
3,2022-09-07,7186.76,7228.286594309895,Latih,7221.313574137179,7077.187032869527
3,2022-09-08,7232.02,7188.517524388516,Latih,7181.973802167259,7059.699037804669
3,2022-09-09,7242.66,7221.354692397205,Latih,7215.166013123479,7068.830116449066
3,2022-09-12,7254.46,7236.49217580387,Latih,7229.424229397267,7080.842387893865
3,2022-09-13,7318.02,7248.055912946554,Latih,7240.690991364211,7087.216435637543
3,2022-09-14,7278.08,7304.332686328987,Latih,7296.147462185123,7113.406211395337
3,2022-09-15,7305.6,7278.343165913915,Latih,7269.45691355059,7109.4715033067
3,2022-09-16,7168.87,7296.759931447604,Latih,7288.290690881707,7112.962654330803
3,2022-09-19,7195.49,7182.684695181929,Latih,7175.0732433993435,7065.594956860609
3,2022-09-20,7196.95,7187.54355522164,Latih,7182.016624346457,7051.740972990458
3,2022-09-21,7188.31,7192.316143143261,Latih,7186.31884089657,7056.97429168827
3,2022-09-22,7218.91,7185.070899462782,Latih,7179.13251694747,7053.932123366063
3,2022-09-23,7178.58,7210.2730747003225,Latih,7204.185330217566,7064.097122228212
3,2022-09-26,7127.5,7179.594637762986,Latih,7173.374615344486,7054.0746696568185
3,2022-09-27,7112.45,7130.293843991832,Latih,7125.261587756351,7027.488912051382
3,2022-09-28,7077.03,7110.591157562805,Latih,7106.580759590936,7012.770637601077
3,2022-09-29,7036.2,7078.1106915808405,Latih,7074.702629036376,6996.6041663742635
3,2022-09-30,7040.8,7038.282477728191,Latih,7035.878471975985,6974.7941803289
3,2022-10-03,7009.72,7036.850109463993,Latih,7035.101126113596,6969.378452599698
3,2022-10-04,7072.26,7010.701048406422,Latih,7009.175457827508,6958.101556797676
3,2022-10-05,7075.38,7060.436476086444,Latih,7058.835464664167,6976.738127904589
3,2022-10-06,7076.62,7071.382183809348,Latih,7068.679005722471,6988.914693029579
3,2022-10-07,7026.78,7072.86176857061,Latih,7070.0930344355775,6989.936147733387
3,2022-10-10,6994.4,7030.118731933894,Latih,7027.813284453811,6970.988252657706
3,2022-10-11,6939.15,6995.660553872643,Latih,6994.52421914464,6948.95236280208
3,2022-10-12,6909.21,6943.819799535325,Latih,6943.775587316802,6918.384277051138
3,2022-10-13,6880.63,6910.747647620783,Latih,6911.94151204084,6894.836697009846
3,2022-10-14,6814.53,6882.1890879136745,Latih,6884.174019229455,6874.815018975776
3,2022-10-17,6831.12,6821.509499489997,Latih,6824.626954135631,6835.637859186864
3,2022-10-18,6834.49,6827.061764952873,Latih,6831.150812246537,6832.625128310358
3,2022-10-19,6860.42,6832.15401707921,Latih,6835.926000886893,6837.275482451356
3,2022-10-20,6980.65,6854.922031679192,Latih,6858.38412639741,6851.269367053546
3,2022-10-21,7017.77,6961.851793215924,Latih,6963.700410997921,6913.291711044953
3,2022-10-24,7053.04,7009.6870819789765,Latih,7009.114161577284,6950.828288130811
3,2022-10-25,7048.38,7044.953321287696,Latih,7043.401185441677,6970.814183862263
3,2022-10-26,7043.94,7045.599734413688,Latih,7043.488444039289,6975.230383637006
3,2022-10-27,7091.76,7041.1618769294655,Latih,7039.1736722952755,6972.716699298078
3,2022-10-28,7056.04,7081.743357576201,Latih,7079.366255810925,6990.193843088206
3,2022-10-31,7098.89,7057.307990806168,Latih,7054.4586343903,6984.956174912509
3,2022-11-01,7052.3,7089.479643858145,Latih,7086.825789747308,6995.041403453407
3,2022-11-02,7015.69,7055.029940552777,Latih,7052.094715578621,6984.780671237763
3,2022-11-03,7034.57,7017.359426451982,Latih,7015.578696397007,6962.473006274156
3,2022-11-04,7045.53,7028.777926905217,Latih,7027.441112634601,6963.397247905188
3,2022-11-07,7102.4,7040.706840830509,Latih,7038.939831808869,6970.8979897815525
3,2022-11-08,7050.13,7091.113298784565,Latih,7088.605488482784,6994.535339459238
3,2022-11-09,7070.08,7053.625373075073,Latih,7050.6510924798895,6984.568757500704
3,2022-11-10,6966.84,7063.896732365555,Latih,7061.6243767893975,6983.004021620806
3,2022-11-11,7089.21,6977.653087660129,Latih,6976.04257016247,6941.642728912881
3,2022-11-14,7019.39,7069.365371269055,Latih,7068.334500169821,6974.729700440223
3,2022-11-15,7035.5,7025.419502216639,Latih,7022.970208086433,6969.159005746299
3,2022-11-16,7014.38,7030.067210798921,Latih,7028.6578454435485,6964.402201497011
3,2022-11-17,7044.99,7014.012839517653,Latih,7012.532761516631,6959.16865859931
3,2022-11-18,7082.18,7037.575351271692,Latih,7036.159708319369,6967.145332004481
3,2022-11-21,7063.25,7073.634720115133,Latih,7071.332770153352,6986.720762575324
3,2022-11-22,7030.59,7062.249759965605,Latih,7059.494477824039,6986.02610163277
3,2022-11-23,7054.12,7031.632888318362,Latih,7029.519624984922,6970.231847065145
3,2022-11-24,7080.52,7047.576235813563,Latih,7045.7939363593505,6973.478440848047
3,2022-11-25,7053.15,7073.411461863586,Latih,7070.969162769981,6987.69069614416
3,2022-11-28,7017.36,7053.335527455872,Latih,7050.706873412793,6981.878448487576
3,2022-11-29,7012.07,7018.909365139068,Latih,7017.097830019057,6963.379760313683
3,2022-11-30,7081.31,7009.628431287467,Latih,7008.481693684517,6955.10041705554
3,2022-12-01,7020.8,7068.537894311018,Latih,7066.808640551038,6980.606114105637
3,2022-12-02,7019.64,7025.589983813824,Latih,7023.262340544523,6968.773875173384
3,2022-12-05,6987.33,7016.599657861055,Latih,7015.320418122471,6958.594751718097
3,2022-12-06,6892.57,6988.631035327372,Latih,6987.685808586534,6944.640595336607
3,2022-12-07,6818.75,6902.7856144685,Latih,6903.3155333310815,6894.681999084994
3,2022-12-08,6804.23,6826.7194117191775,Latih,6829.591210544144,6839.9123422104485
3,2022-12-09,6715.12,6804.469702427419,Latih,6808.747907169195,6819.465626022849
3,2022-12-12,6734.45,6725.837879434398,Latih,6731.231400164387,6770.859582874206
3,2022-12-13,6810.32,6730.710000897668,Latih,6737.442835727059,6765.229251009252
3,2022-12-14,6801.75,6798.578850289018,Latih,6804.242677617701,6807.834853112729
3,2022-12-15,6751.86,6801.221292625399,Latih,6805.668095685275,6816.705859883461
3,2022-12-16,6812.19,6757.139536018993,Latih,6762.218291311886,6789.415531700283
3,2022-12-19,6779.7,6802.488089270027,Latih,6807.83534635249,6811.853591320547
3,2022-12-20,6768.32,6782.485625166623,Latih,6787.114769997924,6805.636169620784
3,2022-12-21,6820.66,6768.397643870142,Latih,6773.694276617197,6794.058038845093
3,2022-12-22,6824.43,6811.953763831886,Latih,6816.936561571393,6819.117309072051
3,2022-12-23,6800.67,6822.111969437336,Latih,6826.161019470428,6830.241748948132
3,2022-12-26,6835.81,6802.15510759178,Latih,6806.3705587840395,6818.621244393024
3,2022-12-27,6923.03,6829.2688111007565,Latih,6833.549818341172,6832.619568153059
3,2022-12-28,6850.52,6908.9968482512695,Latih,6911.827528816209,6883.528771942896
3,2022-12-29,6860.08,6858.092868318895,Latih,6860.133715087512,6861.674080439249
3,2022-12-30,6850.62,6856.746480712929,Latih,6859.937114203015,6853.903850293794
3,2023-01-02,6850.98,6849.865001355745,Latih,6852.983778780737,6850.689944855012
3,2023-01-03,6888.76,6848.925536552109,Latih,6852.202935400047,6849.217624170222
3,2023-01-04,6813.24,6881.497610609574,Latih,6884.401514858944,6868.809062613289
3,2023-01-05,6653.84,6821.472708287869,Latih,6824.463355475103,6836.3963274184225
3,2023-01-06,6684.56,6674.713141079261,Latih,6680.107267148956,6740.763785403841
3,2023-01-09,6688.27,6679.66670315297,Latih,6687.934903676526,6728.69832253488
3,2023-01-10,6622.5,6686.917865710572,Latih,6694.6234814474155,6736.001544307194
3,2023-01-11,6584.45,6634.408816337892,Latih,6639.068497194359,6706.414243399818
3,2023-01-12,6629.93,6630.337525675603,Latih,6635.7289893715915,6687.187096149788
3,2023-01-13,6641.83,6625.561098330848,Latih,6636.247877599531,6689.217282213584
3,2023-01-16,6688.06,6639.722936676452,Latih,6648.816411394115,6702.419718780237
3,2023-01-17,6767.34,6681.093645779803,Latih,6689.533650679902,6728.401986328832
3,2023-01-18,6765.79,6755.450907279278,Latih,6762.327700858738,6777.486057275263
3,2023-01-19,6819.91,6764.587164941158,Latih,6770.120238893357,6790.58347861293
3,2023-01-20,6874.93,6810.973920627865,Latih,6816.007387542758,6818.286110395823
3,2023-01-24,6860.85,6865.487989626567,Latih,6869.058888551931,6856.213467891851
3,2023-01-25,6829.93,6860.633210024873,Latih,6863.397998241821,6858.581175681689
3,2023-01-26,6864.82,6832.154846618807,Latih,6835.461615652478,6840.130399024523
3,2023-01-27,6898.98,6858.107732771674,Latih,6861.605161392728,6852.744288457074
3,2023-01-30,6872.48,6892.123788647695,Latih,6894.6911016005715,6876.517996508521
3,2023-01-31,6839.34,6873.821746198278,Latih,6876.061211650413,6868.808883253376
3,2023-02-01,6862.26,6841.7918547374375,Latih,6844.807791672386,6847.033244631328
3,2023-02-02,6890.57,6857.146632678548,Latih,6860.50770292584,6853.070723498502
3,2023-02-03,6911.73,6884.545585708958,Latih,6887.238562700792,6871.722114218216
3,2023-02-06,6873.79,6906.501010223672,Latih,6908.503047991143,6887.622661954208
3,2023-02-07,6935.3,6876.633437032443,Latih,6878.641662716907,6871.721239838641
3,2023-02-08,6940.12,6924.576095123339,Latih,6926.636536962438,6896.8641814649545
3,2023-02-09,6897.37,6936.849335241367,Latih,6937.808686575343,6910.138967336462
3,2023-02-10,6880.33,6900.682821269974,Latih,6901.975176702186,6888.886700940175
3,2023-02-13,6900.14,6880.367105078739,Latih,6882.557896734518,6872.584274899405
3,2023-02-14,6941.85,6895.170889367505,Latih,6897.461113674983,6879.8366705564085
3,2023-02-15,6914.54,6933.695044553627,Latih,6935.240207783033,6904.869283416317
3,2023-02-16,6895.66,6915.692802198576,Latih,6916.78860158627,6898.065085761591
3,2023-02-17,6895.71,6895.832279046222,Latih,6897.57969299738,6883.51834664796
3,2023-02-20,6894.72,6893.381774236604,Latih,6895.452327490791,6880.234333903235
3,2023-02-21,6873.4,6892.53609224741,Latih,6894.615411717339,6879.731363867563
3,2023-02-22,6809.97,6874.051147526841,Latih,6876.3547117278395,6868.537601385156
3,2023-02-23,6839.45,6816.628959320817,Latih,6819.914675984714,6832.01333164755
3,2023-02-24,6856.58,6833.630754501855,Latih,6837.716976876891,6836.131457667088
3,2023-02-27,6854.78,6852.2713163668295,Latih,6855.685701348224,6850.15401743535
3,2023-02-28,6843.24,6852.984092660585,Latih,6856.12239789609,6852.226678168514
3,2023-03-01,6844.94,6842.811672782041,Latih,6846.093039968051,6845.946144199408
3,2023-03-02,6857.42,6842.751093971468,Latih,6846.213704349436,6844.801783115305
3,2023-03-03,6813.64,6853.7195355633285,Latih,6857.031662974397,6851.550648236908
3,2023-03-06,6807.0,6817.677900931272,Latih,6821.201829979454,6831.108864446914
3,2023-03-07,6766.76,6806.179495636852,Latih,6810.51832402918,6820.00159828249
3,2023-03-08,6776.37,6770.66020191106,Latih,6775.504130238024,6798.037676591904
3,2023-03-09,6799.79,6773.6188109338555,Latih,6779.058931611208,6795.950532545776
3,2023-03-10,6765.3,6795.050123363168,Latih,6800.097849391133,6809.740955746802
3,2023-03-13,6786.96,6768.451093124178,Latih,6773.432769864229,6796.019003192515
3,2023-03-14,6641.81,6782.54284097883,Latih,6787.905052194029,6801.168515971036
3,2023-03-15,6628.14,6662.439284411532,Latih,6666.847289680256,6729.938383342496
3,2023-03-16,6565.73,6631.776788086452,Latih,6638.529302061284,6699.169694739002
3,2023-03-17,6678.24,6642.544907075624,Latih,6644.121632044698,6684.55164885001
3,2023-03-20,6612.49,6652.58382152402,Latih,6665.926321367634,6709.984951755275
3,2023-03-21,6691.61,6633.514387687379,Latih,6638.165644232938,6702.662123702485
3,2023-03-24,6762.25,6676.307673124686,Latih,6689.18318141015,6725.093356436065
3,2023-03-27,6708.93,6751.5378008501475,Latih,6758.403261125113,6775.477383191017
3,2023-03-28,6760.33,6714.964577066322,Latih,6721.137764127573,6760.300463023509
3,2023-03-29,6839.44,6752.172365011896,Latih,6758.759626852001,6777.521323918132
3,2023-03-30,6808.95,6827.066047170792,Latih,6832.003197812473,6827.423870196973
3,2023-03-31,6805.28,6811.265671946141,Latih,6815.143366002473,6825.5325423357235
3,2023-04-03,6827.17,6804.079325577052,Latih,6808.5152773622,6818.290325353775
3,2023-04-04,6833.18,6822.439547898207,Latih,6826.7255772161825,6828.961791769897
3,2023-04-05,6819.67,6830.504578480458,Latih,6834.356982789075,6835.905867736674
3,2023-04-06,6792.77,6819.6676749647,Latih,6823.548418139551,6829.9762065971245
3,2023-04-10,6771.23,6794.725392240912,Latih,6799.099240656228,6813.703285262021
3,2023-04-11,6811.31,6772.62901325467,Latih,6777.67337628427,6797.853518801362
3,2023-04-12,6798.96,6804.288750695319,Latih,6809.312554594907,6814.794488551947
3,2023-04-13,6785.6,6798.9501701486415,Latih,6803.407107043596,6815.437269639704
3,2023-04-14,6818.57,6785.817571848064,Latih,6790.616099697083,6806.366478346022
3,2023-04-17,6787.58,6812.436690397295,Latih,6817.143632590804,6821.066368405257
3,2023-04-18,6821.81,6790.112075921923,Latih,6794.555224523575,6810.827764718863
3,2023-04-26,6910.15,6815.487512835297,Latih,6820.128988660607,6823.088225443099
3,2023-04-27,6945.48,6896.059572895809,Latih,6899.255407823369,6874.751615246575
3,2023-04-28,6915.72,6938.142116653373,Latih,6939.480388223281,6908.500447272406
3,2023-05-02,6863.3,6917.1880809522145,Latih,6918.210185835706,6899.311368116185
3,2023-05-03,6812.72,6868.129624843339,Latih,6870.171480511467,6866.998469132821
3,2023-05-04,6844.03,6817.6624759787655,Latih,6821.0945727515555,6831.664140317177
3,2023-05-05,6787.63,6837.936827290094,Latih,6841.931351909674,6838.980926182902
3,2023-05-08,6769.63,6793.517672267586,Latih,6797.523989801438,6815.317008818123
3,2023-05-09,6779.98,6770.572741533545,Latih,6775.720729752807,6796.125386040837
3,2023-05-10,6811.9,6777.10567974004,Latih,6782.461523678331,6798.3196527949285
3,2023-05-11,6755.94,6805.952291467222,Latih,6810.820433382424,6816.6334433186385
3,2023-05-12,6707.76,6761.992499601569,Latih,6766.85765965822,6793.303875251442
3,2023-05-15,6711.74,6713.123963220437,Latih,6719.416671243628,6758.589481554653
3,2023-05-16,6676.56,6710.187079167087,Latih,6717.26686332794,6752.200277898336
3,2023-05-17,6663.11,6680.426539003864,Latih,6687.780160911695,6734.71363924282
3,2023-05-19,6700.56,6664.201237725628,Latih,6672.288598617031,6721.593977275958
3,2023-05-22,6729.65,6694.665294727104,Latih,6702.619032483417,6738.593788287961
3,2023-05-23,6736.68,6724.65474297913,Latih,6731.68379070463,6760.195649574424
3,2023-05-24,6745.8,6734.548796272896,Latih,6741.010898523801,6768.929199391929
3,2023-05-25,6704.23,6743.328598527932,Latih,6749.581533490444,6774.875720363287
3,2023-05-26,6687.0,6708.745810167212,Latih,6715.246631739308,6754.9871946445355
3,2023-05-29,6681.1,6688.422392709718,Latih,6695.803232484328,6738.793449500971
3,2023-05-30,6636.42,6681.067526492491,Latih,6688.801043905781,6732.723158979736
3,2023-05-31,6633.26,6641.823633605996,Latih,6650.092697299134,6708.593948370982
3,2023-06-05,6633.44,6633.202228574017,Latih,6642.267807220231,6699.199535744506
3,2023-06-06,6618.92,6632.939847441473,Latih,6642.057827207233,6698.667105843144
3,2023-06-07,6619.75,6631.005204161265,Latih,6637.185425494099,6695.869640492069
3,2023-06-08,6666.33,6630.1555314140105,Latih,6636.825377284,6693.423765410202
3,2023-06-09,6694.02,6658.87330106878,Latih,6668.500046437396,6713.298996075411
3,2023-06-12,6722.37,6689.460337315516,Latih,6697.422482567745,6735.7777816058915
3,2023-06-13,6719.01,6717.523695513179,Latih,6724.735611879846,6755.286120359327
3,2023-06-14,6699.72,6718.37535242947,Latih,6725.134015086314,6758.519396668698
3,2023-06-15,6713.79,6701.324973132032,Latih,6708.328809579779,6747.95943606841
3,2023-06-16,6698.55,6710.890057925601,Latih,6718.0877039692,6751.85041396829
3,2023-06-19,6686.06,6699.628306826222,Latih,6706.732988384981,6746.439551376724
3,2023-06-20,6660.46,6686.862981577234,Latih,6694.3503163001105,6737.311790890716
3,2023-06-21,6702.63,6663.174559164358,Latih,6671.124866662337,6721.889652092328
3,2023-06-22,6652.26,6696.097349111455,Latih,6704.0763878254775,6739.199184043878
3,2023-06-23,6639.73,6658.303670800489,Latih,6666.049709777696,6720.555999040177
3,2023-06-26,6664.67,6640.864226222048,Latih,6649.595399520706,6705.248919625897
3,2023-06-27,6661.88,6660.6800214961295,Latih,6669.383450058265,6715.943646780719
3,2023-07-03,6696.72,6661.572000762832,Latih,6669.875109209432,6718.873748787363
3,2023-07-04,6681.75,6691.197012091891,Latih,6699.209176339823,6736.393266356908
3,2023-07-05,6718.98,6682.910841947064,Latih,6690.47144519435,6734.7631649987625
3,2023-07-06,6757.33,6712.9847575080585,Latih,6720.439919546565,6751.382777835453
3,2023-07-07,6716.46,6750.917013771707,Latih,6757.361202451314,6777.732520215539
3,2023-07-10,6731.04,6720.797305382957,Latih,6726.981590338817,6763.3301658317705
3,2023-07-11,6796.92,6727.951333337745,Latih,6734.694346842192,6763.701552951362
3,2023-07-12,6808.21,6786.592541191607,Latih,6792.445099988609,6800.310637507768
3,2023-07-13,6810.21,6805.012916343542,Latih,6809.626568962368,6817.6958369225595
3,2023-07-14,6869.57,6808.225812882813,Latih,6812.626498025093,6820.708881678913
3,2023-07-17,6867.14,6859.592518970409,Latih,6863.381766169707,6851.742428823747
3,2023-07-18,6830.2,6865.340331578294,Latih,6868.135835180323,6860.892788658777
3,2023-07-20,6864.19,6833.218047342336,Latih,6836.414353089666,6841.372645781077
3,2023-07-21,6880.8,6857.60104101781,Latih,6861.099994198123,6852.4659891322635
3,2023-07-24,6899.4,6876.3895748109035,Latih,6879.144453392666,6867.010396567027
3,2023-07-25,6917.71,6894.595861486836,Latih,6896.885256254717,6879.5365341622055
3,2023-07-26,6948.28,6912.815375956343,Latih,6914.607898925589,6892.261694000705
3,2023-07-27,6896.66,6941.551075997402,Latih,6942.732564583471,6911.273104905532
3,2023-07-28,6900.23,6901.149269143388,Latih,6902.3086964601725,6889.9502379635405
3,2023-07-31,6931.36,6897.4050861221995,Latih,6899.414544906064,6882.746000443143
3,2023-08-01,6886.5,6924.676155534732,Latih,6926.321760315347,6899.462837562605
3,2023-08-02,6854.51,6890.1679584777785,Latih,6891.716170825704,6881.732325475556
3,2023-08-03,6898.08,6856.703254973927,Latih,6859.331370937267,6857.332404708305
3,2023-08-04,6852.84,6889.987320625527,Latih,6892.740114148302,6874.2453718924935
3,2023-08-07,6886.37,6856.794952729383,Latih,6859.240839021245,6858.499275461474
3,2023-08-08,6868.81,6879.685716769737,Latih,6882.580989323301,6867.899752695004
3,2023-08-09,6875.11,6868.9968524420665,Latih,6871.4881616318635,6864.701227368752
3,2023-08-10,6893.28,6872.101258654039,Latih,6874.83228236739,6864.8791972423
3,2023-08-11,6879.98,6888.575735691233,Latih,6891.022115222855,6875.3756532234365
3,2023-08-14,6910.17,6879.525638047498,Latih,6881.789877587599,6871.686331915598
3,2023-08-15,6915.1,6903.759404275463,Latih,6905.958087767408,6884.959772587759
3,2023-08-16,6900.54,6911.990858436869,Latih,6913.624154643463,6892.8006929588755
3,2023-08-18,6859.91,6900.10741224949,Latih,6901.797789748356,6886.138951914949
3,2023-08-21,6866.03,6863.206352174918,Latih,6865.541349200646,6862.58500459675
3,2023-08-22,6916.45,6863.10891490225,Latih,6866.08077413861,6858.625544840136
3,2023-08-23,6921.41,6907.323397844181,Latih,6909.700118469642,6885.760278298897
3,2023-08-24,6899.39,6918.2524923551555,Latih,6919.716831523823,6897.163264119669
3,2023-08-25,6895.44,6899.9507413655965,Latih,6901.544152411565,6886.65075542633
3,2023-08-28,6921.73,6893.6419582102135,Latih,6895.651215214177,6880.748670873386
3,2023-08-29,6957.83,6915.753134389268,Latih,6917.574467044519,6893.645366048559
3,2023-08-30,6966.66,6950.303570705703,Latih,6951.323276650361,6916.914198365258
3,2023-08-31,6953.26,6962.67299257701,Latih,6962.988127943926,6926.5687837553505
3,2023-09-01,6977.65,6952.3032543743175,Latih,6952.59735979145,6921.382681554604
3,2023-09-04,6996.75,6971.530637034231,Latih,6971.817254175002,6930.699890948583
3,2023-09-05,6991.71,6991.194895601925,Latih,6990.877787275967,6942.276228125145
3,2023-09-06,6995.95,6989.378652284202,Latih,6988.783132533487,6943.664787730625
3,2023-09-07,6954.81,6992.363201234398,Latih,6991.81279050177,6944.44047451382
3,2023-09-08,6924.78,6957.506037046962,Latih,6957.283047835283,6926.029941737103
3,2023-09-11,6963.39,6926.219995984781,Latih,6926.994090948749,6905.630105746732
3,2023-09-12,6933.97,6955.492901384882,Latih,6956.406291741185,6919.973450719165
3,2023-09-13,6935.48,6935.264757671107,Latih,6935.802478689899,6911.783025137828
3,2023-09-14,6959.33,6932.679127587129,Latih,6933.706411488105,6907.507398694799
3,2023-09-15,6982.79,6953.410891516261,Latih,6954.180300702505,6920.100078817653
3,2023-09-18,6936.08,6976.757364255244,Latih,6976.889911230857,6933.728472757389
3,2023-09-19,6980.32,6939.64344880407,Latih,6939.828099834373,6915.375738712596
3,2023-09-20,7011.68,6971.560231419856,Latih,6972.115305510218,6928.701507639337
3,2023-09-21,6991.47,7004.400672746955,Latih,7003.892590953766,6948.445267488411
3,2023-09-22,7016.84,6991.143822866735,Latih,6990.294777879176,6945.544255417636
3,2023-09-25,6998.38,7010.315514273702,Latih,7009.566148557722,6952.373832500032
3,2023-09-26,6923.8,6997.77413108593,Latih,6996.7694465339755,6949.515642608455
3,2023-09-27,6937.83,6931.130691039313,Latih,6931.167571921397,6911.624291614936
3,2023-09-29,6939.89,6933.359081016828,Latih,6934.537789524246,6906.939186490819
3,2023-10-02,6961.46,6936.985491835227,Latih,6937.903702489187,6910.463608778761
3,2023-10-03,6940.89,6955.826959222607,Latih,6956.500186655573,6921.703242558884
3,2023-10-04,6886.58,6940.967237061014,Latih,6941.470745176425,6914.812414066242
3,2023-10-05,6874.83,6891.495468452914,Latih,6892.879566480561,6883.4443606839
3,2023-10-06,6888.52,6874.207123391073,Latih,6876.636329211038,6867.849711279313
3,2023-10-09,6891.46,6884.440906779809,Latih,6886.93838146661,6872.866139002483
3,2023-10-10,6922.19,6888.780004212005,Latih,6891.014268226667,6876.785825698417
3,2023-10-11,6931.75,6915.623524432229,Latih,6917.508574696528,6893.185419971986
3,2023-10-12,6935.15,6927.9122343427425,Latih,6929.177640948046,6903.514219274566
3,2023-10-13,6926.78,6932.101812867571,Latih,6933.170371968497,6906.947616406725
3,2023-10-16,6896.29,6925.345235269713,Latih,6926.436819699455,6903.217288938806
3,2023-10-17,6939.62,6897.991189477488,Latih,6899.522743773505,6885.989791727407
3,2023-10-18,6927.91,6931.266757953215,Latih,6932.899583340038,6903.041650744125
3,2023-10-19,6846.43,6926.908401750374,Latih,6927.912413702656,6904.5850427943915
3,2023-10-20,6849.17,6855.216316456237,Latih,6857.21326488618,6860.415489510635
3,2023-10-23,6741.96,6846.813932297863,Latih,6850.180764482357,6847.547469501533
3,2023-10-24,6806.76,6754.879556276823,Latih,6759.241858397748,6792.611501147777
3,2023-10-25,6834.39,6796.505942935974,Latih,6802.075651150377,6807.311279107066
3,2023-10-26,6714.52,6828.850678303873,Latih,6833.041108788288,6832.95322243098
3,2023-10-27,6758.79,6729.3046487203455,Latih,6734.187072168611,6775.836820456413
3,2023-10-30,6735.89,6751.584894037272,Latih,6758.0913318166395,6777.705302348761
3,2023-10-31,6752.21,6737.717278813742,Latih,6743.687632233524,6773.629393168715
3,2023-11-01,6642.42,6748.742577497983,Latih,6754.946748984183,6778.050525341062
3,2023-11-02,6751.39,6656.380624259647,Latih,6663.372583718164,6724.161637738666
3,2023-11-03,6788.85,6731.034507820032,Latih,6743.478386475169,6761.240398646917
3,2023-11-06,6878.84,6782.332788100867,Latih,6787.9150515091715,6799.706867201061
3,2023-11-07,6843.79,6864.751896544139,Latih,6868.817133809368,6852.789397475161
3,2023-11-08,6804.11,6846.462790428437,Latih,6849.326450797357,6850.4483918923515
3,2023-11-09,6838.23,6807.673474031123,Latih,6811.523658760819,6823.793378940557
3,2023-11-10,6809.26,6831.806507248019,Latih,6836.005031348503,6834.473521892464
3,2023-11-13,6838.31,6811.372749814125,Latih,6815.2681556618545,6825.480640060936
3,2023-11-14,6862.06,6832.555559084153,Latih,6836.665030987895,6835.417717313802
3,2023-11-15,6958.21,6856.838402668276,Latih,6860.2190679860505,6852.7867519164465
3,2023-11-16,6958.01,6942.749917655041,Latih,6944.788656944683,6904.141171850011
3,2023-11-17,6977.67,6955.2764588100235,Latih,6955.669167339258,6922.510631206679
3,2023-11-20,6994.89,6972.175211721116,Latih,6972.38022010153,6931.541896059562
3,2023-11-21,6961.79,6989.596305538473,Latih,6989.2969090039105,6941.5695949084065
3,2023-11-22,6906.95,6963.37505211597,Latih,6963.1023802084255,6929.203984435249
3,2023-11-23,7004.34,6911.792127653406,Latih,6912.619963331269,6897.637491729303
3,2023-11-24,7009.63,6988.391634683665,Latih,6989.212430484948,6932.755265870143
3,2023-11-27,7013.41,7005.808199663221,Latih,7004.908395820318,6951.881803419045
3,2023-11-28,7041.07,7009.761067943036,Latih,7008.733873722016,6954.254196986608
3,2023-11-29,7036.09,7034.072631533209,Latih,7032.711603674355,6965.478360974246
3,2023-11-30,7080.74,7033.4384148812915,Latih,7031.651810789171,6968.435647217685
3,2023-12-01,7059.91,7071.219594048329,Latih,7069.084179765649,6984.6076786017975
3,2023-12-04,7093.6,7059.184230014747,Latih,7056.486118845409,6984.498000015076
3,2023-12-05,7100.85,7085.436602382133,Latih,7082.767906238506,6993.701495224294
3,2023-12-06,7087.4,7096.12757418878,Latih,7092.81098519988,7002.387223205029
3,2023-12-11,7088.79,7152.122617988069,Uji,7147.531721658188,7032.022547729078
3,2023-12-12,7125.31,7094.46199319787,Uji,7090.131437781523,7009.376027050077
3,2023-12-13,7075.34,7116.549762908294,Uji,7113.077758554889,7010.880856719076
3,2023-12-14,7176.02,7078.354217502543,Uji,7074.742177897164,6998.217822670398
3,2023-12-15,7190.99,7158.429181564529,Uji,7154.694728818615,7027.197138313117
3,2023-12-18,7119.52,7184.613800724827,Uji,7179.008130847894,7051.278852174943
3,2023-12-19,7187.85,7125.062901812867,Uji,7119.895677242949,7026.622110432448
3,2023-12-20,7219.67,7174.4484879828315,Uji,7169.84176314064,7040.155622978274
3,2023-12-21,7209.62,7210.866621491995,Uji,7204.779325409021,7064.306480086512
3,2023-12-22,7237.52,7206.417150453414,Uji,7199.882216867889,7066.0588264352755
3,2023-12-26,7237.52,7229.108690470545,Uji,7222.474750213115,7074.945347838469
3,2023-12-27,7245.92,7232.793550200551,Uji,7225.681346735446,7079.846133257815
3,2023-12-28,7303.89,7240.025072847695,Uji,7232.831215782255,7083.05313333995
3,2023-12-29,7272.8,7291.040412865974,Uji,7283.138936104274,7106.6607541120775
3,2024-01-02,7323.59,7271.931452588533,Uji,7263.338722722623,7104.973649931622
3,2024-01-03,7279.09,7311.550039543014,Uji,7302.996410138109,7118.9035478848955
3,2024-01-04,7359.76,7279.948347454167,Uji,7270.956810821985,7110.835490604116
3,2024-01-05,7350.62,7343.519240093336,Uji,7334.506135431631,7132.168424121217
3,2024-01-08,7283.58,7346.304968580112,Uji,7335.998140866859,7144.498072931844
3,2024-01-09,7200.2,7287.383622962333,Uji,7277.885125536418,7117.297604065015
3,2024-01-10,7227.3,7206.748338532533,Uji,7199.209527514661,7073.688438409039
3,2024-01-11,7219.96,7219.066284108845,Uji,7212.693178004709,7069.388822577663
3,2024-01-12,7241.14,7216.326471759764,Uji,7209.560253566589,7071.3467602265555
3,2024-01-15,7224.0,7233.590805013269,Uji,7226.744412939041,7078.143693804809
3,2024-01-16,7242.79,7221.632341542331,Uji,7214.589640043465,7075.320210056373
3,2024-01-17,7200.63,7235.5448415840565,Uji,7228.613163871258,7079.483288154074
3,2024-01-18,7252.97,7201.731193369712,Uji,7194.887491694177,7066.687707129784
3,2024-01-19,7227.4,7241.222210586161,Uji,7234.592126566857,7079.264872620174
3,2024-01-22,7247.93,7226.121854681461,Uji,7218.843250057189,7078.69625685639
3,2024-01-23,7256.23,7240.418857536406,Uji,7233.378980956167,7082.042888630697
3,2024-01-24,7227.82,7250.27571606824,Uji,7242.803313058109,7088.817895459602
3,2024-01-25,7178.04,7226.913952896683,Uji,7219.57548690149,7079.429255980322
3,2024-01-26,7137.09,7180.3066069371325,Uji,7173.938971310339,7055.433590036696
3,2024-01-29,7157.17,7138.478485215979,Uji,7133.362288541273,7031.0553942388915
3,2024-01-30,7192.22,7150.356864485819,Uji,7145.7472698850215,7031.528680208983
3,2024-01-31,7207.94,7183.183136379801,Uji,7177.888611111723,7048.437387595241
3,2024-02-01,7201.7,7201.345524717058,Uji,7195.297373935068,7060.595747689074
3,2024-02-02,7238.79,7198.049651798095,Uji,7191.792770917499,7060.974690344996
3,2024-02-05,7198.62,7229.156086327523,Uji,7222.645500850169,7074.039087038704
3,2024-02-06,7247.41,7199.472603666867,Uji,7192.716878028596,7065.21771812386
3,2024-02-07,7235.15,7236.170224760264,Uji,7229.628610017984,7076.789033222863
3,2024-02-12,7297.67,7232.059385237187,Uji,7224.8007792432,7080.678497773478
3,2024-02-13,7209.74,7284.2632088781365,Uji,7276.6068274373765,7102.394275024605
3,2024-02-15,7303.28,7216.822132878987,Uji,7208.949129503455,7079.805642757485
3,2024-02-16,7335.54,7285.736874762273,Uji,7278.461408936477,7098.323791481924
3,2024-02-19,7296.7,7325.863229630095,Uji,7316.6708995754525,7128.819819387869
3,2024-02-20,7352.6,7296.68679744313,Uji,7287.3192775935895,7119.6578011585025
3,2024-02-21,7349.02,7339.680937957867,Uji,7330.435651888949,7134.076051314549
3,2024-02-22,7339.64,7343.981898988589,Uji,7333.8132680882045,7142.6295910394965
3,2024-02-23,7295.1,7335.433964260919,Uji,7325.417878966433,7138.4195654846
3,2024-02-26,7283.82,7295.850935409167,Uji,7286.428665946222,7119.7671210253975
3,2024-02-27,7285.32,7280.257563943958,Uji,7271.708418536877,7107.637010117842
3,2024-02-28,7328.64,7280.059102200365,Uji,7271.688599266504,7106.228317362142
3,2024-02-29,7316.11,7317.551063507895,Uji,7308.733685351113,7123.030754000023
3,2024-03-01,7311.91,7312.485491168599,Uji,7303.047438033322,7125.856300387457
3,2024-03-04,7276.75,7307.214910448889,Uji,7298.032445189455,7122.051852435544
3,2024-03-05,7247.46,7276.391191982126,Uji,7267.622599721644,7107.890490514708
3,2024-03-06,7329.8,7246.531981446834,Uji,7238.650772355289,7090.531948466967
3,2024-03-07,7373.96,7313.549454171757,Uji,7305.369700505236,7115.426117894127
3,2024-03-08,7381.91,7362.441352181541,Uji,7352.420962249145,7148.14643291958
3,2024-03-13,7421.21,7375.1177037037505,Uji,7364.263200496542,7158.938474037131
3,2024-03-14,7433.31,7410.00069571864,Uji,7398.62784236323,7175.339099630199
3,2024-03-15,7328.05,7425.607967577095,Uji,7413.443957646006,7186.861987552726
3,2024-03-18,7302.45,7336.588504020078,Uji,7325.240402332645,7148.800468841869
3,2024-03-19,7336.75,7300.647781759002,Uji,7291.352723314263,7120.537427011206
3,2024-03-20,7331.13,7326.7953630972925,Uji,7317.605544081431,7129.135986074284
3,2024-03-21,7338.35,7326.4872227669775,Uji,7316.764166730147,7133.015271949844
3,2024-03-22,7350.15,7331.96056986819,Uji,7322.26365553866,7134.784612650351
3,2024-03-25,7377.76,7343.072633910283,Uji,7333.137350256546,7140.557894365864
3,2024-03-26,7365.66,7368.400405926812,Uji,7357.994302501785,7153.171738958437
3,2024-03-27,7310.09,7361.630017615663,Uji,7350.868422843323,7153.401947406609
3,2024-03-28,7288.81,7312.192148031096,Uji,7302.178259895542,7130.06063126512
3,2024-04-01,7205.06,7286.533187935449,Uji,7277.678592596745,7112.175129793359
3,2024-04-02,7236.98,7211.622892564621,Uji,7203.947364453163,7076.462598181435
3,2024-04-03,7166.84,7228.041588668912,Uji,7221.4910507709665,7073.938241927692
3,2024-04-04,7254.4,7171.874404193244,Uji,7165.458700109801,7052.766552972263
3,2024-04-05,7286.88,7237.990548516005,Uji,7231.92567242214,7073.052069438168
3,2024-04-16,7164.81,7277.516585755443,Uji,7269.635152464007,7101.6561193031785
3,2024-04-17,7130.84,7176.717121840797,Uji,7169.466004123173,7060.756678370899
3,2024-04-18,7166.81,7131.350542918519,Uji,7126.521860184148,7026.345313246908
3,2024-04-19,7087.32,7157.8304333353835,Uji,7153.2341562081165,7034.1112387544545
3,2024-04-22,7073.82,7094.148741110038,Uji,7089.708865826796,7010.081270227492
3,2024-04-23,7110.81,7072.028238215514,Uji,7069.082117126651,6990.9644629538625
3,2024-04-24,7174.53,7102.0897218925475,Uji,7099.015313626003,7002.715407005607
3,2024-04-25,7155.29,7161.831101031979,Uji,7157.503146334369,7033.540291311803
3,2024-04-26,7036.08,7153.6830940700365,Uji,7148.450134092051,7037.387382083002
3,2024-04-29,7155.78,7048.515095277493,Uji,7044.7709570962825,6985.910459328946
3,2024-04-30,7234.2,7135.8196090275815,Uji,7132.954782819227,7011.686227567851
3,2024-05-01,7234.2,7219.139821673123,Uji,7213.460928111759,7064.173933110899
3,2024-05-02,7117.42,7229.496915001958,Uji,7222.473943093507,7077.995407996842
3,2024-05-03,7134.72,7128.961917278842,Uji,7123.074428138807,7033.410389894905
3,2024-05-06,7135.89,7128.4319535762825,Uji,7124.377791785672,7019.50241869098
3,2024-05-07,7123.61,7131.724104777054,Uji,7127.361982016042,7022.987919877828
3,2024-05-08,7088.79,7121.306791357472,Uji,7117.044033988192,7018.505132735432
3,2024-05-13,7099.26,7089.708731306861,Uji,7085.995039470861,7003.054262721001
3,2024-05-14,7083.76,7094.12354104228,Uji,7090.904792885851,7000.935304710327
3,2024-05-15,7179.83,7082.162432012627,Uji,7078.914986270139,6996.856705131589
3,2024-05-16,7246.7,7162.821302270969,Uji,7158.905382133205,7030.358670657339
3,2024-05-17,7317.24,7233.077297582716,Uji,7226.864673760621,7073.217439277836
3,2024-05-20,7266.69,7302.6363002730395,Uji,7294.591694300868,7111.341823638154
3,2024-05-21,7186.04,7268.434562047218,Uji,7259.672471583578,7104.985980925632
3,2024-05-22,7222.38,7192.327353137815,Uji,7185.215777432405,7065.315514116353
3,2024-05-27,7176.42,7212.960603634801,Uji,7206.877970909562,7065.02320229835
3,2024-05-28,7253.63,7178.193433283649,Uji,7171.93489332386,7053.859572281306
3,2024-05-29,7140.23,7238.592973623366,Uji,7232.3713818056285,7075.061662741968
3,2024-05-30,7034.14,7151.164970573265,Uji,7144.722676382738,7045.531846686666
3,2024-05-31,6970.74,7044.855928855006,Uji,7041.388812059227,6982.978014433439
3,2024-06-03,7036.19,6976.2639002949545,Uji,6975.231459796483,6938.69629394417
3,2024-06-04,7099.31,7024.235950991572,Uji,7023.653703874411,6956.120123000197
3,2024-06-05,6947.67,7087.219529596041,Uji,7084.9018856418825,6991.715039349255
3,2024-06-06,6974.9,6965.01018676167,Uji,6963.085116816812,6936.439722040345
3,2024-06-07,6897.95,6968.424930462891,Uji,6968.834050424152,6928.668057015587
3,2024-06-10,6921.55,6905.77558905606,Uji,6906.466191980586,6895.283796432658
3,2024-06-11,6855.69,6915.929691803502,Uji,6917.709704418825,6893.992382639988
3,2024-06-12,6850.1,6862.348227091769,Uji,6864.364142832497,6864.0869645071425
3,2024-06-13,6831.56,6848.837560514845,Uji,6852.036646340825,6849.651585479416
3,2024-06-14,6734.83,6832.138345506823,Uji,6835.613488658702,6839.088362770713
3,2024-06-19,6726.92,6746.415595618361,Uji,6751.149038238997,6785.838825997739
3,2024-06-20,6819.32,6726.8306253421515,Uji,6733.298848250083,6764.792397521463
3,2024-06-21,6879.98,6805.332401188346,Uji,6811.0377727568475,6811.166822214159
3,2024-06-24,6889.17,6869.757585092525,Uji,6873.28947323684,6858.720381394068
3,2024-06-25,6882.7,6885.680664917571,Uji,6888.083549670322,6874.104977920692
3,2024-06-26,6905.64,6881.324438613695,Uji,6883.632688592416,6872.37175582264
3,2024-06-27,6967.95,6900.218794755384,Uji,6902.414877528593,6883.095079673571
3,2024-06-28,7063.58,6956.890742865853,Uji,6958.087790924363,6917.743603442358
3,2024-07-01,7139.63,7047.447276036208,Uji,7046.646523705189,6966.087153358512
3,2024-07-02,7125.14,7125.5482497370995,Uji,7122.369050441459,7011.919799014389
3,2024-07-03,7196.75,7123.117922917679,Uji,7118.776202346757,7019.746213652552
3,2024-07-04,7220.89,7182.852665740334,Uji,7178.063083466969,7044.540703808133
3,2024-07-05,7253.37,7213.092343490806,Uji,7206.840664047684,7066.335623620816
3,2024-07-08,7250.98,7244.242362479062,Uji,7237.261091750353,7082.976277617285
3,2024-07-09,7269.8,7246.474496594758,Uji,7238.959809485168,7087.769043529103
3,2024-07-10,7287.04,7262.360852477644,Uji,7254.704112317058,7094.534499442648
3,2024-07-11,7300.41,7279.688275580502,Uji,7271.541389618014,7104.422297559452
3,2024-07-12,7327.58,7293.475268523194,Uji,7284.902940847373,7112.555058928801
3,2024-07-15,7278.86,7318.631527623039,Uji,7309.565825666885,7125.2766988290105
3,2024-07-16,7224.29,7280.277293534375,Uji,7271.219617934321,7111.448542786314
3,2024-07-17,7224.22,7226.863821801036,Uji,7219.171747737614,7082.056609664032
3,2024-07-18,7321.07,7219.596337491361,Uji,7212.840342813221,7072.444487733313
3,2024-07-19,7294.5,7302.964618593553,Uji,7295.267970852354,7107.255421903205
3,2024-07-22,7321.98,7292.8817665715,Uji,7283.783645311094,7116.276194201186
3,2024-07-23,7313.86,7313.029983024101,Uji,7304.120010312298,7122.100593491867
3,2024-07-24,7262.76,7309.668912776808,Uji,7300.366904135444,7123.827425893023
3,2024-07-25,7240.28,7264.604869187568,Uji,7255.938915637227,7102.891774582935
3,2024-07-26,7288.17,7238.503114307016,Uji,7230.931480425089,7085.333335912297
3,2024-07-29,7288.9,7276.762287641859,Uji,7269.110300518964,7099.668407908749
3,2024-07-30,7241.86,7283.715712744093,Uji,7275.23580026338,7108.359202807022
3,2024-07-31,7255.76,7243.315699489207,Uji,7235.280734112352,7090.528181908797
3,2024-08-01,7325.98,7249.069475814195,Uji,7241.705585551352,7087.572240864704
3,2024-08-02,7308.12,7311.357137956718,Uji,7303.072189701298,7116.1867384446405
3,2024-08-05,7059.65,7305.255672440628,Uji,7295.94092924545,7122.33855925627
3,2024-08-06,7129.21,7088.990932935546,Uji,7082.398200618098,7017.513496617139
3,2024-08-07,7212.13,7116.058675466849,Uji,7113.048164169265,7007.251284682214
3,2024-08-08,7195.12,7196.630735527361,Uji,7191.621840920532,7051.073126354879
4,2022-01-05,6662.3,6693.399757734552,Latih,6702.64894280167,6714.580211969035
4,2022-01-06,6653.35,6662.521583227526,Latih,6672.248617625398,6729.089120333213
4,2022-01-07,6701.32,6652.909756250987,Latih,6662.929123905312,6707.02860886933
4,2022-01-10,6691.12,6698.755858894601,Latih,6707.944967780725,6707.83784679176
4,2022-01-11,6647.97,6690.41055726768,Latih,6699.593990784005,6736.7190021667075
4,2022-01-12,6647.06,6648.615181946466,Latih,6658.617633378964,6724.480823479909
4,2022-01-13,6658.36,6646.426059949854,Latih,6656.615617594431,6697.144816620663
4,2022-01-14,6693.4,6657.262241304974,Latih,6667.251480373156,6698.091181302681
4,2022-01-17,6645.05,6691.294105043426,Latih,6700.606339719907,6709.931980679946
4,2022-01-18,6614.06,6645.74869357557,Latih,6655.923448718051,6725.525918911713
4,2022-01-19,6591.98,6614.450806726371,Latih,6625.407308506823,6690.863526759757
4,2022-01-20,6626.87,6592.0725424254715,Latih,6603.756593647901,6676.316468016816
4,2022-01-21,6726.37,6625.309935191727,Latih,6636.085303472735,6662.613617299508
4,2022-01-24,6655.17,6722.0325801289255,Latih,6730.874392581601,6691.634291104689
4,2022-01-25,6568.17,6655.577296408127,Latih,6666.344022354942,6747.680752694628
4,2022-01-26,6600.82,6590.771316843594,Latih,6619.868499869486,6698.81629705818
4,2022-01-27,6611.16,6596.296853324849,Latih,6602.942798623298,6652.4993197125295
4,2022-01-28,6645.51,6610.4754752050385,Latih,6621.499376849836,6668.22722382025
4,2022-01-31,6631.15,6643.814736980805,Latih,6654.177858810434,6673.721175705057
4,2022-02-02,6707.65,6631.055148237653,Latih,6641.541544529059,6693.452865750804
4,2022-02-03,6683.85,6704.165404197589,Latih,6713.32811421098,6694.627098469451
4,2022-02-04,6731.39,6683.613920558704,Latih,6692.903505467787,6739.733088936229
4,2022-02-07,6804.94,6728.594315996785,Latih,6737.120169365426,6731.118937672992
4,2022-02-08,6789.52,6800.753760060099,Latih,6807.76427676442,6766.388969303988
4,2022-02-09,6834.61,6788.169021832969,Latih,6795.16686914685,6815.307916247277
4,2022-02-10,6823.64,6831.049194318683,Latih,6837.294350560935,6807.920963511495
4,2022-02-11,6815.61,6821.875909242659,Latih,6828.1406901121445,6838.610441668661
4,2022-02-14,6734.49,6813.821641613274,Latih,6820.274756850034,6830.611609086424
4,2022-02-15,6807.5,6735.58778073581,Latih,6743.536465802213,6814.633620260983
4,2022-02-16,6850.2,6803.309357103137,Latih,6810.261439476041,6768.606862452053
4,2022-02-17,6835.12,6846.5851765531625,Latih,6852.477891038093,6820.787065629988
4,2022-02-18,6892.82,6833.387679379017,Latih,6839.383610612185,6849.987140589389
4,2022-02-21,6902.96,6888.401559792198,Latih,6893.4159235370535,6840.6094904888
4,2022-02-22,6861.99,6899.9076674867065,Latih,6904.510793160239,6881.7740982294445
4,2022-02-23,6920.06,6860.827614023719,Latih,6866.129986625944,6886.876527165808
4,2022-02-24,6817.82,6915.408692545931,Latih,6919.825164485615,6859.849330234561
4,2022-02-25,6888.17,6818.8831406617455,Latih,6824.91490817073,6891.718535488882
4,2022-03-01,6921.44,6883.404105805195,Latih,6888.570786650218,6828.262212836773
4,2022-03-02,6868.4,6917.532806348841,Latih,6921.820826183002,6878.516772091425
4,2022-03-04,6928.33,6867.553121154939,Latih,6872.66666812781,6899.393755641022
4,2022-03-07,6869.07,6923.554774472159,Latih,6927.796667382759,6864.44464742664
4,2022-03-08,6814.18,6868.407115638291,Latih,6873.481335789001,6903.829231666366
4,2022-03-09,6864.44,6813.830587754278,Latih,6820.129705257445,6859.070731552277
4,2022-03-10,6924.01,6860.479050651226,Latih,6866.088358628785,6825.593418668538
4,2022-03-11,6922.6,6919.280871958773,Latih,6923.616389079135,6861.608177754317
4,2022-03-14,6952.2,6919.739633172195,Latih,6923.864967690747,6904.0699242288265
4,2022-03-15,6918.19,6948.15436105971,Latih,6951.751071726128,6903.1569782960805
4,2022-03-16,6992.4,6916.358457278649,Latih,6920.451859762114,6924.15222672705
4,2022-03-17,6964.38,6986.668584032107,Latih,6989.557360187818,6900.138405528107
4,2022-03-18,6954.96,6961.990214520739,Latih,6965.091060758875,6952.953758861468
4,2022-03-21,6955.18,6952.080346598073,Latih,6955.462013753698,6932.949592889589
4,2022-03-22,7000.82,6952.004924941108,Latih,6955.419920350358,6926.23494523589
4,2022-03-23,6996.12,6995.890245494892,Latih,6998.480748001387,6926.533968706172
4,2022-03-24,7049.69,6992.761733444979,Latih,6995.256491558005,6959.055052882478
4,2022-03-25,7002.53,7044.121166969593,Latih,7045.667866839226,6955.871364344403
4,2022-03-28,7049.6,7000.4128041875865,Latih,7002.59861016517,6993.913329324176
4,2022-03-29,7011.69,7044.229813456591,Latih,7045.752777611073,6960.440644646333
4,2022-03-30,7053.19,7009.216582613042,Latih,7011.237427955917,6993.8776740396515
4,2022-03-31,7071.44,7047.960302543695,Latih,7049.382221845444,6966.981799218701
4,2022-04-01,7078.76,7066.769951844273,Latih,7067.698385460435,6996.623053380301
4,2022-04-04,7116.22,7074.363312220632,Latih,7075.087484235823,7009.655822622827
4,2022-04-05,7148.3,7110.600561316076,Latih,7110.619746393028,7014.990773657612
4,2022-04-06,7104.22,7142.58348081357,Latih,7141.87559801466,7041.795066884811
4,2022-04-07,7127.37,7101.181722768607,Latih,7101.142421802344,7064.5269009066205
4,2022-04-08,7210.83,7122.095731965368,Latih,7121.813023567264,7033.175382459218
4,2022-04-11,7203.79,7203.039846944883,Latih,7201.1594508446,7049.938433941658
4,2022-04-12,7214.78,7198.813441717698,Latih,7196.730025099589,7109.413310152355
4,2022-04-13,7262.78,7209.164902536943,Latih,7206.910940409973,7104.428861682477
4,2022-04-14,7235.53,7255.647189571937,Latih,7252.483616923173,7112.4128529787695
4,2022-04-18,7275.29,7230.910851135331,Latih,7228.049068538027,7146.546104160614
4,2022-04-19,7199.23,7268.306444499574,Latih,7264.834928095422,7127.244055122202
4,2022-04-20,7227.36,7196.3928124666945,Latih,7194.136575020624,7155.3511753810135
4,2022-04-21,7276.19,7221.12056674488,Latih,7218.657688955144,7101.217300485434
4,2022-04-22,7225.61,7268.92279741653,Latih,7265.467466805062,7121.422599494522
4,2022-04-25,7215.98,7221.782064061241,Latih,7219.046354826764,7156.0749337018215
4,2022-04-26,7232.15,7210.983192768172,Latih,7208.621308119371,7119.987597107951
4,2022-04-27,7196.76,7226.235897774773,Latih,7223.620263334589,7113.172912981573
4,2022-04-28,7228.91,7192.704209935738,Latih,7190.663248703552,7124.589947104519
4,2022-05-09,6909.75,7222.5355566657345,Latih,7220.054424611406,7099.461322970452
4,2022-05-10,6819.79,6910.283200147787,Latih,6914.390538960735,7098.870205410781
4,2022-05-11,6816.2,6820.463091217309,Latih,6826.500081617862,6885.481317007579
4,2022-05-12,6599.84,6814.271637676983,Latih,6820.7293035519415,6828.262885090143
4,2022-05-13,6597.99,6636.36494148285,Latih,6648.946538218269,6796.890268229273
4,2022-05-17,6644.47,6597.783897171843,Latih,6609.049341391777,6668.696728159648
4,2022-05-18,6793.41,6642.413748029181,Latih,6652.847747341553,6665.275275239657
4,2022-05-19,6823.33,6787.0213819062965,Latih,6794.583792771723,6704.389755831972
4,2022-05-20,6918.14,6820.323003957301,Latih,6826.756313575536,6810.658948065071
4,2022-05-23,6840.77,6912.38531058077,Latih,6916.989367066662,6832.283503218324
4,2022-05-24,6914.14,6840.888941043647,Latih,6846.514150399002,6893.595260051527
4,2022-05-25,6883.5,6909.070817050378,Latih,6913.678131379525,6844.70364279333
4,2022-05-27,7026.26,6881.848046100176,Latih,6886.717978794016,6896.821352263727
4,2022-05-30,7037.56,7018.165309207491,Latih,7020.580198448949,6875.514126557147
4,2022-05-31,7148.97,7033.377265317494,Latih,7035.02366553312,6977.319737402844
4,2022-06-02,7148.72,7140.831795377798,Latih,7140.422961905069,6985.7222581339365
4,2022-06-03,7182.96,7143.984767108031,Latih,7143.1397446215815,7065.143150399981
4,2022-06-06,7096.58,7176.895706527303,Latih,7175.433762294125,7065.0715812719445
4,2022-06-07,7141.04,7094.892171948017,Latih,7094.85364665872,7089.211475833715
4,2022-06-08,7193.31,7135.005427129335,Latih,7134.506253145999,7027.771551309877
4,2022-06-09,7182.83,7186.61235331781,Latih,7184.994032608342,7059.628914562521
4,2022-06-10,7086.65,7178.1288260555975,Latih,7176.49287162311,7096.858409632506
4,2022-06-13,6995.44,7085.341468316376,Latih,7085.482589812339,7089.08783292538
4,2022-06-14,7049.88,6994.7221276963255,Latih,6996.889679409315,7020.239159143023
4,2022-06-15,7007.05,7044.283076608236,Latih,7045.8290008009035,6955.387186782405
4,2022-06-16,7050.33,7004.764145118049,Latih,7006.867625913671,6994.062853987266
4,2022-06-17,6936.97,7045.069354492482,Latih,7046.561239856537,6963.665133792804
4,2022-06-20,6976.38,6937.402469934864,Latih,6940.768778686566,6989.906569957782
4,2022-06-21,7044.07,6971.838829819011,Latih,6974.942416782426,6913.476326088945
4,2022-06-22,6984.31,7038.116806713397,Latih,7039.842998232896,6941.781683524294
4,2022-06-23,6998.27,6982.724835491228,Latih,6985.2616352957975,6989.850255810071
4,2022-06-24,7042.94,6994.325911902239,Latih,6996.847198167493,6947.292118544622
4,2022-06-27,7016.06,7037.697165474946,Latih,7039.357114181573,6957.383055326984
4,2022-06-28,6996.46,7013.215093947701,Latih,7015.183451815896,6989.143562382508
4,2022-06-29,6942.35,6993.552820526411,Latih,6995.981154835274,6969.92037383561
4,2022-06-30,6911.58,6940.934101303859,Latih,6944.416425473733,6955.779446623967
4,2022-07-01,6794.33,6909.70353675131,Latih,6913.955177335779,6917.10977798764
4,2022-07-04,6639.17,6796.041367357996,Latih,6802.530603285459,6883.210134851969
4,2022-07-05,6703.27,6643.561536627271,Latih,6653.9368753691115,6788.388771117355
4,2022-07-06,6646.41,6700.198708546475,Latih,6709.408734854774,6699.15723294051
4,2022-07-07,6652.59,6646.9454467821215,Latih,6657.467983156155,6731.933631190081
4,2022-07-08,6740.22,6651.695123690376,Latih,6661.791063589167,6696.904964374915
4,2022-07-11,6722.15,6736.131439793129,Latih,6744.621573237499,6710.0126381564305
4,2022-07-12,6718.29,6721.427823582608,Latih,6729.897414515335,6765.426923019313
4,2022-07-13,6640.99,6717.16642239632,Latih,6725.777160680908,6753.511309598705
4,2022-07-14,6690.09,6640.936044625648,Latih,6652.753037184039,6740.677165371199
4,2022-07-15,6651.9,6687.5828010332725,Latih,6697.023461959377,6698.531856314853
4,2022-07-18,6659.25,6652.362141241143,Latih,6662.297742247145,6724.359973008651
4,2022-07-19,6736.09,6658.265307973186,Latih,6668.219337771099,6701.263389821664
4,2022-07-20,6874.74,6732.363692355771,Latih,6740.902008267661,6714.747538418489
4,2022-07-21,6864.13,6868.003117218648,Latih,6873.735447562968,6769.956902354979
4,2022-07-22,6886.96,6862.025543673669,Latih,6867.400907478367,6868.764314881002
4,2022-07-25,6858.41,6883.651288198269,Latih,6888.656628234424,6861.2718183660845
4,2022-07-26,6871.54,6856.898499921594,Latih,6862.328729943667,6876.30407597903
4,2022-07-27,6898.22,6868.652177847659,Latih,6873.958428834712,6857.146121864948
4,2022-07-28,6956.82,6894.702435496487,Latih,6899.47525343422,6866.589290813242
4,2022-07-29,6951.12,6951.853461085602,Latih,6955.4633065486405,6885.791406802572
4,2022-08-01,6968.78,6948.158291156336,Latih,6951.639167395874,6927.548269762438
4,2022-08-02,6988.16,6964.96312577133,Latih,6968.147900257157,6923.539907330316
4,2022-08-03,7046.63,6984.133077022481,Latih,6986.898236125756,6936.189673143072
4,2022-08-04,7057.35,7040.936806178148,Latih,7042.57017502075,6950.187332819149
4,2022-08-05,7084.65,7053.023921775874,Latih,7054.232581623849,6991.9026970613495
4,2022-08-08,7086.85,7079.596856420099,Latih,7080.270402585327,6999.6297324348
4,2022-08-09,7102.88,7082.543394653857,Latih,7083.069355348408,7019.098138326459
4,2022-08-10,7086.24,7098.02182165748,Latih,7098.249715550008,7020.716407324128
4,2022-08-11,7160.38,7082.512212439835,Latih,7082.976998077691,7032.091968585307
4,2022-08-12,7129.28,7153.284099690982,Latih,7152.476826816865,7020.460640772633
4,2022-08-15,7093.28,7125.642489035195,Latih,7125.103134985035,7073.216499682723
4,2022-08-16,7133.45,7090.084577826322,Latih,7090.317953169407,7050.933937759455
4,2022-08-18,7186.56,7127.6078476191215,Latih,7127.258689560955,7025.395394204908
4,2022-08-19,7172.43,7179.891681239676,Latih,7178.425186368298,7054.197107330617
4,2022-08-22,7107.98,7167.924537012646,Latih,7166.502979693482,7092.014048422636
4,2022-08-23,7163.27,7105.531564056935,Latih,7105.328905521694,7081.740310435354
4,2022-08-24,7194.71,7156.724744151899,Latih,7155.779349066087,7035.967612688595
4,2022-08-25,7174.21,7188.635370556188,Latih,7186.903852721524,7075.480545610249
4,2022-08-26,7135.25,7169.88410387523,Latih,7168.398165367911,7097.82955719358
4,2022-08-29,7132.04,7131.803329191273,Latih,7131.101600096291,7083.094228723109
4,2022-08-30,7159.47,7127.530590193336,Latih,7127.040827757185,7055.310565759
4,2022-08-31,7178.59,7153.8042169523915,Latih,7152.832190290757,7053.107591464575
4,2022-09-01,7153.1,7173.021717201542,Latih,7171.596178073953,7072.721410931407
4,2022-09-02,7177.18,7149.097822818823,Latih,7148.056605771847,7086.272228963435
4,2022-09-05,7231.88,7171.472173183034,Latih,7170.097208193611,7068.175943912325
4,2022-09-06,7233.15,7224.794534837084,Latih,7222.337241921501,7085.512427519619
4,2022-09-07,7186.76,7227.6815527916715,Latih,7224.985041099863,7124.510724630421
4,2022-09-08,7232.02,7183.120565888953,Latih,7181.256097022366,7125.271663733785
4,2022-09-09,7242.66,7225.220950321035,Latih,7222.72321877964,7092.34221149093
4,2022-09-12,7254.46,7236.828749265748,Latih,7233.960037287551,7124.6402109718965
4,2022-09-13,7318.02,7248.497464708169,Latih,7245.373658431847,7132.261961125201
4,2022-09-14,7278.08,7309.963917384233,Latih,7305.646447681274,7140.871923732824
4,2022-09-15,7305.6,7273.501153138958,Latih,7269.653071423851,7186.058002846313
4,2022-09-16,7168.87,7298.742612415637,Latih,7294.555870137299,7157.671380320856
4,2022-09-19,7195.49,7168.127660954068,Latih,7166.299390345881,7176.863903771709
4,2022-09-20,7196.95,7189.555788843703,Latih,7187.78807275064,7079.475023424685
4,2022-09-21,7188.31,7191.7702948690185,Latih,7189.870920538974,7098.456407605471
4,2022-09-22,7218.91,7183.508197524619,Latih,7181.758994255137,7099.470320823254
4,2022-09-23,7178.58,7212.6640330410755,Latih,7210.396780982092,7093.406388576092
4,2022-09-26,7127.5,7174.82258055694,Latih,7173.161959596942,7115.094781943623
4,2022-09-27,7112.45,7124.4854892731355,Latih,7123.906265426938,7086.185353143275
4,2022-09-28,7077.03,7108.46052027947,Latih,7108.354976500335,7049.724709081705
4,2022-09-29,7036.2,7073.949100720941,Latih,7074.542286752521,7038.885554298217
4,2022-09-30,7040.8,7033.616070399338,Latih,7035.086185096557,7013.508248128943
4,2022-10-03,7009.72,7036.795001452024,Latih,7038.343511234576,6984.415811276484
4,2022-10-04,7072.26,7007.054564062408,Latih,7009.145789161972,6987.598207019616
4,2022-10-05,7075.38,7066.234321043549,Latih,7067.319906812964,6965.636827071951
4,2022-10-06,7076.62,7071.138771362363,Latih,7071.9207054556,7010.229875289253
4,2022-10-07,7026.78,7072.425878007471,Latih,7073.173113484441,7012.457878093771
4,2022-10-10,6994.4,7024.547113875204,Latih,7026.18875660544,7013.186652458958
4,2022-10-11,6939.15,6991.898792820622,Latih,6994.321930093814,6977.555982750701
4,2022-10-12,6909.21,6937.794833200021,Latih,6941.343089911981,6954.30092875962
4,2022-10-13,6880.63,6907.327534781733,Latih,6911.634610413353,6914.8211948121
4,2022-10-14,6814.53,6878.938611081278,Latih,6883.879880200065,6893.325996720829
4,2022-10-17,6831.12,6814.519130340843,Latih,6820.7662516314085,6866.408402944838
4,2022-10-18,6834.49,6828.455614960224,Latih,6834.664831503064,6825.739142514497
4,2022-10-19,6860.42,6832.200867765577,Latih,6838.283623107107,6837.576309137971
4,2022-10-20,6980.65,6857.232764982018,Latih,6862.834290334021,6840.059457952411
4,2022-10-21,7017.77,6973.6124927688115,Latih,6976.941853441047,6858.91885400239
4,2022-10-24,7053.04,7012.961861274294,Latih,7015.145753915362,6944.743735297366
4,2022-10-25,7048.38,7048.001258287485,Latih,7049.401872328575,6971.315609849738
4,2022-10-26,7043.94,7044.595364154632,Latih,7045.940491436775,6996.444285695602
4,2022-10-27,7091.76,7040.1848132157875,Latih,7041.628503184374,6993.108435192754
4,2022-10-28,7056.04,7086.0240123344065,Latih,7086.622369545758,6990.092215311576
4,2022-10-31,7098.89,7053.139083949383,Latih,7054.192866963204,7024.07074479466
4,2022-11-01,7052.3,7093.247426509918,Latih,7093.669239643873,6998.740237802317
4,2022-11-02,7015.69,7049.760597069319,Latih,7050.853577625808,7029.141913949305
4,2022-11-03,7034.57,7013.144455632023,Latih,7015.082406963162,6995.814927261521
4,2022-11-04,7045.53,7030.1807522535855,Latih,7031.922871006781,6969.775296387123
4,2022-11-07,7102.4,7041.292790193613,Latih,7042.762439484652,6983.268533332396
4,2022-11-08,7050.13,7096.301835553707,Latih,7096.701878020825,6991.2588334680095
4,2022-11-09,7070.08,7047.781172876414,Latih,7048.89954392558,7031.637318459803
4,2022-11-10,6966.84,7065.369286091385,Latih,7066.3343833721265,6994.437376682212
4,2022-11-11,7089.21,6966.72119761412,Latih,6969.4704036278,7006.380966185382
4,2022-11-14,7019.39,7081.224123270571,Latih,7082.173448453009,6935.1213849699925
4,2022-11-15,7035.5,7017.8257695437,Latih,7019.55103025084,7022.138740320258
4,2022-11-16,7014.38,7031.187529243284,Latih,7032.898155511672,6972.415804202007
4,2022-11-17,7044.99,7011.373274848513,Latih,7013.401359843067,6983.834493102479
4,2022-11-18,7082.18,7040.158647046144,Latih,7041.717912882621,6968.873882185268
4,2022-11-21,7063.25,7076.845788781702,Latih,7077.612829877197,6990.810854164411
4,2022-11-22,7030.59,7059.7789821994875,Latih,7060.740511366186,7017.263869149737
4,2022-11-23,7054.12,7027.802888659292,Latih,7029.428707579428,7003.66733788853
4,2022-11-24,7080.52,7049.43005525833,Latih,7050.760444678124,6980.458074694324
4,2022-11-25,7053.15,7075.527861905157,Latih,7076.288801008522,6997.314284980347
4,2022-11-28,7017.36,7050.0182252455315,Latih,7051.168657609281,7016.049003886036
4,2022-11-29,7012.07,7014.775859426311,Latih,7016.680353224329,6996.426057286908
4,2022-11-30,7081.31,7008.5999194253,Latih,7010.74146010404,6970.895735908198
4,2022-12-01,7020.8,7075.006606984197,Latih,7075.91963048464,6967.340239544557
4,2022-12-02,7019.64,7018.940831037812,Latih,7020.671831754498,7016.511410781197
4,2022-12-05,6987.33,7015.982554225973,Latih,7017.973820420556,6973.371619215059
4,2022-12-06,6892.57,6984.884165028382,Latih,6987.463135803987,6972.443987131762
4,2022-12-07,6818.75,6892.797191877403,Latih,6897.213922376075,6944.200632141872
4,2022-12-08,6804.23,6818.939946071535,Latih,6825.063708868653,6874.50641875509
4,2022-12-09,6715.12,6802.73194316986,Latih,6809.40969445589,6825.996563843519
4,2022-12-12,6734.45,6716.480426615792,Latih,6724.961962973792,6804.850549666313
4,2022-12-13,6810.32,6732.4886539149475,Latih,6740.835558607599,6751.251801381431
4,2022-12-14,6801.75,6806.01933971825,Latih,6812.920666961698,6768.587134401226
4,2022-12-15,6751.86,6800.0908923810985,Latih,6806.846754337576,6820.34632597807
4,2022-12-16,6812.19,6751.865271365664,Latih,6759.555345731697,6808.229398528962
4,2022-12-19,6779.7,6808.347456563143,Latih,6815.146135888128,6781.004171268369
4,2022-12-20,6768.32,6778.94880830052,Latih,6786.095197753335,6818.559166249066
4,2022-12-21,6820.66,6767.018457017564,Latih,6774.498697836423,6796.537516201165
4,2022-12-22,6824.43,6816.991885083942,Latih,6823.57265089336,6792.764520016339
4,2022-12-23,6800.67,6822.210536285668,Latih,6828.516221187145,6829.918800276548
4,2022-12-26,6835.81,6799.482322089699,Latih,6806.201882364181,6829.099866392046
4,2022-12-27,6923.03,6832.542501757175,Latih,6838.721880592735,6815.873281331687
4,2022-12-28,6850.52,6917.466692815464,Latih,6921.933118351739,6841.195462724598
4,2022-12-29,6860.08,6850.4115910250275,Latih,6855.841536632213,6897.9910214162255
4,2022-12-30,6850.62,6857.394131646786,Latih,6862.938386182819,6851.485826054844
4,2023-01-02,6850.98,6848.5904049331275,Latih,6854.267532933388,6858.2714481509065
4,2023-01-03,6888.76,6848.648399714264,Latih,6854.356451369557,6851.528746846947
4,2023-01-04,6813.24,6884.981315635479,Latih,6890.00620273117,6851.903088550601
4,2023-01-05,6653.84,6813.526522383719,Latih,6819.764775100975,6871.362238030469
4,2023-01-06,6684.56,6652.714776917705,Latih,6664.209055538487,6802.288488648561
4,2023-01-09,6688.27,6682.657601355625,Latih,6692.147220426216,6705.892035267369
4,2023-01-10,6622.5,6687.160082942857,Latih,6696.461225438728,6725.765473814625
4,2023-01-11,6584.45,6622.289093568629,Latih,6634.514693360634,6719.256742539424
4,2023-01-12,6629.93,6585.210782787243,Latih,6601.400865935017,6681.129168678535
4,2023-01-13,6641.83,6628.0224904687775,Latih,6636.916202174433,6658.587666392188
4,2023-01-16,6688.06,6640.848451304295,Latih,6651.203738796571,6685.063828870965
4,2023-01-17,6767.34,6685.656730487658,Latih,6695.130693811491,6698.788514894858
4,2023-01-18,6765.79,6763.285136709534,Latih,6771.145549737238,6735.382885665317
4,2023-01-19,6819.91,6764.209627301119,Latih,6771.784436070048,6788.40200933757
4,2023-01-20,6874.93,6816.193765198021,Latih,6822.798059875398,6790.958588904764
4,2023-01-24,6860.85,6870.738748885428,Latih,6876.136064348257,6829.710892993838
4,2023-01-25,6829.93,6858.877924114499,Latih,6864.311696394716,6868.889534999167
4,2023-01-26,6864.82,6828.722344412834,Latih,6834.769832308323,6856.005566454563
4,2023-01-27,6898.98,6861.324098993574,Latih,6866.8642424416885,6836.822428694994
4,2023-01-30,6872.48,6895.228422046937,Latih,6900.014142078199,6861.801140327488
4,2023-01-31,6839.34,6870.791546630894,Latih,6875.920348584092,6885.777729032076
4,2023-02-01,6862.26,6838.123419957788,Latih,6843.9550628096185,6864.606272650395
4,2023-02-02,6890.57,6859.149514476095,Latih,6864.6986557770115,6843.522648757132
4,2023-02-03,6911.73,6887.064990812577,Latih,6892.012620482482,6859.949987248812
4,2023-02-06,6873.79,6908.270654548446,Latih,6912.724410694282,6880.197431373036
4,2023-02-07,6935.3,6872.439343065059,Latih,6877.4940678680305,6893.995043959655
4,2023-02-08,6940.12,6930.419903457207,Latih,6934.514753871006,6868.308759799038
4,2023-02-09,6897.37,6936.927367793364,Latih,6940.691883243366,6912.17287851576
4,2023-02-10,6880.33,6895.974002746381,Latih,6900.490898997226,6915.0723073018
4,2023-02-13,6900.14,6878.289576308167,Latih,6883.283074342645,6884.947211704887
4,2023-02-14,6941.85,6896.816025948562,Latih,6901.519472509661,6872.8614664698
4,2023-02-15,6914.54,6937.519726436181,Latih,6941.392060984416,6887.1134964788325
4,2023-02-16,6895.66,6912.534085422794,Latih,6916.734324480336,6916.7625591218875
4,2023-02-17,6895.71,6893.550917184986,Latih,6898.199885367193,6897.235098357239
4,2023-02-20,6894.72,6893.023896398582,Latih,6897.746631460228,6883.776120477952
4,2023-02-21,6873.4,6892.073640403785,Latih,6896.814035044351,6883.8086471987135
4,2023-02-22,6809.97,6871.546306174432,Latih,6876.675366686618,6883.036486635245
4,2023-02-23,6839.45,6809.914918719558,Latih,6816.272935960322,6861.235154701505
4,2023-02-24,6856.58,6836.32527147177,Latih,6842.402209236057,6822.514368953138
4,2023-02-27,6854.78,6853.692058192524,Latih,6859.34327858213,6843.583358407648
4,2023-02-28,6843.24,6852.483243209156,Latih,6858.099170296822,6855.78935942832
4,2023-03-01,6844.94,6841.333791783483,Latih,6847.16507265273,6853.9680440569255
4,2023-03-02,6857.42,6842.616709772976,Latih,6848.462961207661,6846.248920588526
4,2023-03-03,6813.64,6854.666851435337,Latih,6860.281175457273,6847.4996738398395
4,2023-03-06,6807.0,6812.956580805211,Latih,6819.311572905808,6851.650734977755
4,2023-03-07,6766.76,6805.239396529225,Latih,6811.887387675672,6823.146493968397
4,2023-03-08,6776.37,6766.350146671854,Latih,6773.750557402992,6813.5450352073
4,2023-03-09,6799.79,6774.363652476693,Latih,6781.7498036796105,6789.459619024422
4,2023-03-10,6765.3,6797.172511221197,Latih,6804.098013730077,6798.438157470253
4,2023-03-13,6786.96,6764.726874557757,Latih,6772.182164434218,6808.801460291175
4,2023-03-14,6641.81,6784.5004834795245,Latih,6791.701325455334,6789.963576349046
4,2023-03-15,6628.14,6642.634079071292,Latih,6653.084606767008,6784.0958903742085
4,2023-03-16,6565.73,6628.0486178545725,Latih,6638.603965364256,6690.714415791049
4,2023-03-17,6678.24,6584.019010073209,Latih,6613.391742645209,6685.347493937327
4,2023-03-20,6612.49,6658.819361101846,Latih,6662.838531299692,6656.7210191661225
4,2023-03-21,6691.61,6612.052184077283,Latih,6624.805829195685,6711.584366536157
4,2023-03-24,6762.25,6688.176090488448,Latih,6697.7020629528315,6680.762144194258
4,2023-03-27,6708.93,6758.49968816521,Latih,6766.437914520525,6737.897733811756
4,2023-03-28,6760.33,6709.389006803946,Latih,6718.01002280833,6777.5420664114
4,2023-03-29,6839.44,6757.181321738384,Latih,6765.085689794146,6750.238806048057
4,2023-03-30,6808.95,6834.8037552476235,Latih,6841.077223699124,6787.127106676723
4,2023-03-31,6805.28,6807.899942665724,Latih,6814.410690701036,6839.680229483874
4,2023-04-03,6827.17,6803.442928676633,Latih,6810.140485581188,6819.957220556169
4,2023-04-04,6833.18,6824.376355653435,Latih,6830.6934430063075,6819.132727653413
4,2023-04-05,6819.67,6830.821119434864,Latih,6836.943149886758,6834.756361385019
4,2023-04-06,6792.77,6818.015571831494,Latih,6824.357610126764,6837.174456757934
4,2023-04-10,6771.23,6791.742255343224,Latih,6798.623156426575,6825.034982965022
4,2023-04-11,6811.31,6770.214220260405,Latih,6777.590235950971,6805.171938489107
4,2023-04-12,6798.96,6808.091353884963,Latih,6814.829323559432,6794.809850895431
4,2023-04-13,6785.6,6797.43872355583,Latih,6804.241022706655,6820.595344139962
4,2023-04-14,6818.57,6784.218188775802,Latih,6791.310410120513,6811.009114503293
4,2023-04-17,6787.58,6815.508842437296,Latih,6822.058969006568,6805.076530222324
4,2023-04-18,6821.81,6786.719023025061,Latih,6793.697943820979,6823.64300479415
4,2023-04-26,6910.15,6818.684101952344,Latih,6825.167933996945,6806.498113397387
4,2023-04-27,6945.48,6904.657344394961,Latih,6909.411623653213,6831.175060834319
4,2023-04-28,6915.72,6941.314493287845,Latih,6945.0818011749225,6894.2606874645135
4,2023-05-02,6863.3,6913.779098664562,Latih,6917.943630725782,6919.353992440741
4,2023-05-03,6812.72,6862.47572072867,Latih,6867.703938612973,6895.100150932707
4,2023-05-04,6844.03,6812.2511801725905,Latih,6818.599501451283,6855.23531922761
4,2023-05-05,6787.63,6840.812252447637,Latih,6846.795669425758,6824.489061516553
4,2023-05-08,6769.63,6787.542559259559,Latih,6794.41984051707,6839.706680068405
4,2023-05-09,6779.98,6768.519417802118,Latih,6775.944676052058,6801.71500481191
4,2023-05-10,6811.9,6777.921760286117,Latih,6785.231429740215,6791.755338428046
4,2023-05-11,6755.94,6808.925077343611,Latih,6815.61779919508,6801.049370551732
4,2023-05-12,6707.76,6756.096977052114,Latih,6763.673246679328,6815.179645133047
4,2023-05-15,6711.74,6708.071959027962,Latih,6716.73905024411,6773.405122594261
4,2023-05-16,6676.56,6710.430921960191,Latih,6719.21676931979,6743.554694210907
4,2023-05-17,6663.11,6676.7298521277435,Latih,6686.134793129577,6741.3317591625655
4,2023-05-19,6700.56,6662.727422038328,Latih,6672.514261130255,6717.335106280463
4,2023-05-22,6729.65,6698.3224623179585,Latih,6707.486671973483,6713.8909712732
4,2023-05-23,6736.68,6727.430412709731,Latih,6735.921554534157,6741.423418324013
4,2023-05-24,6745.8,6735.07512290122,Latih,6743.32431815209,6760.715512841366
4,2023-05-25,6704.23,6744.057268244943,Latih,6752.114082680366,6766.376144778155
4,2023-05-26,6687.0,6704.369368455724,Latih,6713.140271105783,6766.535158556127
4,2023-05-29,6681.1,6686.538183935596,Latih,6695.784447286143,6737.999968035837
4,2023-05-30,6636.42,6680.341119665219,Latih,6689.762013756646,6726.339681616444
4,2023-05-31,6633.26,6637.0063940136215,Latih,6647.456255919942,6716.607572998421
4,2023-06-05,6633.44,6632.806859529323,Latih,6643.291122709074,6688.003916057958
4,2023-06-06,6618.92,6632.883664476879,Latih,6643.37718406842,6686.035196207179
4,2023-06-07,6619.75,6618.929520278579,Latih,6629.684352511919,6684.195238732709
4,2023-06-08,6666.33,6619.285242503068,Latih,6630.082533354319,6676.736962499929
4,2023-06-09,6694.02,6664.092859129023,Latih,6674.046300705237,6681.9397252518065
4,2023-06-12,6722.37,6692.132922114148,Latih,6701.402442845718,6715.041869043129
4,2023-06-13,6719.01,6720.232182179707,Latih,6728.880540797133,6736.319360466023
4,2023-06-14,6699.72,6717.865333198326,Latih,6726.462186865228,6753.7469344049905
4,2023-06-15,6713.79,6699.217451328948,Latih,6708.1757058221265,6749.032628366372
4,2023-06-16,6698.55,6712.1569324883985,Latih,6720.937582812327,6738.759872903248
4,2023-06-19,6686.06,6697.9336154550465,Latih,6706.933640152828,6745.583115332147
4,2023-06-20,6660.46,6685.461492595388,Latih,6694.7471603357935,6734.2912496155695
4,2023-06-21,6702.63,6660.469038552653,Latih,6670.2661165805275,6722.969985741991
4,2023-06-22,6652.26,6700.231868736759,Latih,6709.369214113371,6712.498178641515
4,2023-06-23,6639.73,6653.0763845911715,Latih,6662.969685346644,6732.317048314233
4,2023-06-26,6664.67,6639.50961346955,Latih,6649.81447549508,6698.864246822611
4,2023-06-27,6661.88,6663.1054611355175,Latih,6673.009834679675,6694.3172801613955
4,2023-07-03,6696.72,6661.182751856755,Latih,6671.038820117873,6709.670926597135
4,2023-07-04,6681.75,6694.5931884581,Latih,6703.8315786874455,6712.598615880625
4,2023-07-05,6718.98,6681.26206799866,Latih,6690.632775790407,6732.5572754705145
4,2023-07-06,6757.33,6716.599299110787,Latih,6725.3573901629625,6728.124902153034
4,2023-07-07,6716.46,6754.603204207442,Latih,6762.521961070917,6756.764421225212
4,2023-07-10,6731.04,6716.478552063125,Latih,6724.983126027006,6775.452237530375
4,2023-07-11,6796.92,6729.251055827755,Latih,6737.654197100421,6751.6381272942035
4,2023-07-12,6808.21,6793.032619831588,Latih,6800.189248220351,6766.114483081721
4,2023-07-13,6810.21,6805.893447346715,Latih,6812.5857296479035,6812.764419764904
4,2023-07-14,6869.57,6808.160130575923,Latih,6814.771690760879,6820.153802955179
4,2023-07-17,6867.14,6865.290187031065,Latih,6870.8226254213205,6822.7792884928285
4,2023-07-18,6830.2,6864.761899305617,Latih,6870.103366026913,6865.088149037396
4,2023-07-20,6864.19,6829.173529847891,Latih,6835.191231747896,6860.008809418712
4,2023-07-21,6880.8,6860.726620882783,Latih,6866.277080834542,6837.012934957774
4,2023-07-24,6899.4,6877.730882045663,Latih,6882.847118032015,6861.295398945842
4,2023-07-25,6917.71,6896.118950915375,Latih,6900.833851639667,6873.194231888091
4,2023-07-26,6948.28,6914.288795998733,Latih,6918.59975001518,6886.5107954764735
4,2023-07-27,6896.66,6944.236675264879,Latih,6947.923545450612,6899.658778604307
4,2023-07-28,6900.23,6895.539985628166,Latih,6900.037386531272,6920.123050296347
4,2023-07-31,6931.36,6897.399929712453,Latih,6902.037159316578,6884.503084930218
4,2023-08-01,6886.5,6927.437296244544,Latih,6931.498611557526,6887.144988963641
4,2023-08-02,6854.51,6885.256706814207,Latih,6890.0043928182495,6908.085164330045
4,2023-08-03,6898.08,6853.134992851648,Latih,6858.63741254333,6875.489253182447
4,2023-08-04,6852.84,6894.049134500065,Latih,6898.891840932408,6854.4485759371855
4,2023-08-07,6886.37,6851.882119416628,Latih,6857.368922145401,6882.567796756662
4,2023-08-08,6868.81,6882.740203890241,Latih,6887.800849694051,6853.22158425692
4,2023-08-09,6875.11,6866.879135439431,Latih,6872.124056234395,6877.069695000088
4,2023-08-10,6893.28,6872.401153902447,Latih,6877.601835254467,6864.571160339748
4,2023-08-11,6879.98,6890.061792913712,Latih,6894.909670525827,6869.11887682203
4,2023-08-14,6910.17,6877.828539775646,Latih,6882.844532442129,6882.030433610714
4,2023-08-15,6915.1,6906.448279085198,Latih,6910.972130572835,6872.643216827547
4,2023-08-16,6900.54,6912.1075665152475,Latih,6916.422993602197,6894.1803531867645
4,2023-08-18,6859.91,6898.2596124935535,Latih,6902.81831773285,6897.649490848222
4,2023-08-21,6866.03,6858.754177782569,Latih,6864.103608120714,6885.07044091884
4,2023-08-22,6916.45,6863.400534518992,Latih,6868.800280436312,6858.198250101243
4,2023-08-23,6921.41,6912.061051753203,Latih,6916.526727468412,6862.718145636354
4,2023-08-24,6899.39,6918.365314580243,Latih,6922.542024769824,6898.676874989309
4,2023-08-25,6895.44,6897.346201154628,Latih,6901.900640170613,6902.144151026049
4,2023-08-28,6921.73,6892.877965705432,Latih,6897.590823813715,6886.434313727654
4,2023-08-29,6957.83,6918.033040424029,Latih,6922.287085607093,6883.700310982502
4,2023-08-30,6966.66,6953.540558486029,Latih,6957.039171872184,6902.55430314962
4,2023-08-31,6953.26,6963.129322000787,Latih,6966.325783352898,6928.316707076472
4,2023-09-01,6977.65,6950.5154183197465,Latih,6953.918726862714,6934.569645944281
4,2023-09-04,6996.75,6973.55597177391,Latih,6976.572165799188,6925.093071174663
4,2023-09-05,6991.71,6992.661722828199,Latih,6995.236815218975,6942.539649199291
4,2023-09-06,6995.95,6988.397955827166,Latih,6990.988380765964,6956.139903709934
4,2023-09-07,6954.81,6992.320812801768,Latih,6994.8547167456645,6952.560206224963
4,2023-09-08,6924.78,6952.897677416846,Latih,6956.157201306269,6955.454644822523
4,2023-09-11,6963.39,6922.773590199989,Latih,6926.737764900964,6926.033346792501
4,2023-09-12,6933.97,6958.978881404445,Latih,6962.365073342369,6904.745900848547
4,2023-09-13,6935.48,6931.870264247698,Latih,6935.634676274104,6932.178466562074
4,2023-09-14,6959.33,6932.425959225935,Latih,6936.279418968005,6911.210289257208
4,2023-09-15,6982.79,6955.401485094473,Latih,6958.818626543329,6912.361057747642
4,2023-09-18,6936.08,6978.682472552108,Latih,6981.581953049946,6929.436241641087
4,2023-09-19,6980.32,6934.489699505014,Latih,6938.1392337727975,6946.0148371410805
4,2023-09-20,7011.68,6975.599673731374,Latih,6978.635673375177,6912.854129738847
4,2023-09-21,6991.47,7007.096864312938,Latih,7009.391937319091,6944.489545955702
4,2023-09-22,7016.84,6988.621945478965,Latih,6991.157685191681,6966.7824243826135
4,2023-09-25,6998.38,7012.39727186685,Latih,7014.555153473668,6952.4541970396485
4,2023-09-26,6923.8,6995.422408860972,Latih,6997.8130452693,6970.482377653168
4,2023-09-27,6937.83,6923.158481110376,Latih,6926.967985824388,6955.371156125114
4,2023-09-29,6939.89,6934.375442287965,Latih,6938.226833558126,6903.967664148847
4,2023-10-02,6961.46,6936.783247013134,Latih,6940.5419190299945,6913.97575863127
4,2023-10-03,6940.89,6957.58359367852,Latih,6960.944834674046,6915.5114697438885
4,2023-10-04,6886.58,6938.464423412724,Latih,6942.111553081913,6930.824160435838
4,2023-10-05,6874.83,6885.623886433877,Latih,6890.332452462949,6914.106253352801
4,2023-10-06,6888.52,6872.673183814322,Latih,6877.808630733526,6877.2381203252435
4,2023-10-09,6891.46,6885.476999072469,Latih,6890.41183007244,6868.904453852808
4,2023-10-10,6922.19,6888.720492304601,Latih,6893.548150603809,6878.6729417205215
4,2023-10-11,6931.75,6918.354067264239,Latih,6922.615558946174,6880.86451356355
4,2023-10-12,6935.15,6928.481073025507,Latih,6932.448505569739,6902.800994280616
4,2023-10-13,6926.78,6932.041042459649,Latih,6935.909291775865,6909.626693019906
4,2023-10-16,6896.29,6924.097619068664,Latih,6928.103421766799,6912.024413944522
4,2023-10-17,6939.62,6894.529381965436,Latih,6899.118545453587,6905.962653592864
4,2023-10-18,6927.91,6935.258524657531,Latih,6939.186345964713,6884.361963434256
4,2023-10-19,6846.43,6925.320137678426,Latih,6929.287932205242,6915.2144888896155
4,2023-10-20,6849.17,6846.628071489366,Latih,6852.112469619546,6900.51840967361
4,2023-10-23,6741.96,6846.780621292623,Latih,6852.537928435239,6848.536159257325
4,2023-10-24,6806.76,6743.5171773016655,Latih,6751.472778821013,6836.804045150907
4,2023-10-25,6834.39,6802.825438100127,Latih,6809.761334680346,6773.929764637971
4,2023-10-26,6714.52,6831.362800515921,Latih,6837.543704849513,6820.210298094183
4,2023-10-27,6758.79,6715.165085329132,Latih,6725.195234893281,6823.7909781033095
4,2023-10-30,6735.89,6755.871009424052,Latih,6763.781065777563,6754.148036963961
4,2023-10-31,6752.21,6735.203135456462,Latih,6743.351337566396,6778.987075030828
4,2023-11-01,6642.42,6750.195833544156,Latih,6758.140084323905,6766.7402734017605
4,2023-11-02,6751.39,6641.65735310004,Latih,6654.446223648647,6762.262031719707
4,2023-11-03,6788.85,6746.560597588441,Latih,6754.8893902239415,6702.797472012655
4,2023-11-06,6878.84,6785.893857868935,Latih,6793.11561726692,6780.596423743392
4,2023-11-07,6843.79,6873.551818969285,Latih,6879.0014667714,6807.581087721018
4,2023-11-08,6804.11,6842.595378656419,Latih,6848.32158115271,6869.216069145834
4,2023-11-09,6838.23,6803.379245597747,Latih,6809.96011483076,6841.772514675291
4,2023-11-10,6809.26,6834.973861206205,Latih,6841.095995081695,6818.333133981257
4,2023-11-13,6838.31,6808.16111310008,Latih,6814.671059602528,6838.9588240498615
4,2023-11-14,6862.06,6835.207650243671,Latih,6841.307935884626,6822.004671618968
4,2023-11-15,6958.21,6858.925860950981,Latih,6864.482681453858,6842.787746543916
4,2023-11-16,6958.01,6952.088491206214,Latih,6955.816291279838,6860.018091686402
4,2023-11-17,6977.67,6954.824691702768,Latih,6958.175771330044,6928.56063162629
4,2023-11-20,6994.89,6973.719898172664,Latih,6976.716958832788,6928.479314824384
4,2023-11-21,6961.79,6990.874123548914,Latih,6993.482647616913,6942.548129934115
4,2023-11-22,6906.95,6959.57602338855,Latih,6962.713765994356,6954.720776845262
4,2023-11-23,7004.34,6905.844336999694,Latih,6910.102622550169,6930.027876318735
4,2023-11-24,7009.63,6997.805443635037,Latih,7000.523260587504,6892.162843254842
4,2023-11-27,7013.41,7005.857591080717,Latih,7008.094643449835,6961.606461269901
4,2023-11-28,7041.07,7009.65282333856,Latih,7011.800672856621,6965.389334408091
4,2023-11-29,7036.09,7036.360415504033,Latih,7037.9942497528145,6968.170188041971
4,2023-11-30,7080.74,7032.415115609223,Latih,7034.029402798468,6987.872848377277
4,2023-12-01,7059.91,7075.190183866082,Latih,7076.018451730071,6984.461783064652
4,2023-12-04,7093.6,7056.52408651596,Latih,7057.551599936542,7016.226892470173
4,2023-12-05,7100.85,7088.279370679916,Latih,7088.781337100328,7001.4825661469
4,2023-12-06,7087.4,7096.275721095862,Latih,7096.513595365347,7025.521984685713
4,2023-12-07,7134.62,7083.565633471072,Latih,7084.017542871296,7030.648433752113
4,2023-12-08,7159.6,7128.5536563993155,Latih,7128.206618524855,7021.2073591316275
4,2023-12-11,7088.79,7154.007858011791,Latih,7153.023161959716,7054.94723866826
4,2023-12-12,7125.31,7086.691404795707,Latih,7086.885789443315,7072.534369359075
4,2023-12-13,7075.34,7119.645213295285,Latih,7119.460705601041,7022.16925028091
4,2023-12-14,7176.02,7072.716084616242,Latih,7073.2887927759275,7048.047902329024
4,2023-12-15,7190.99,7167.988556218217,Latih,7166.942167991469,7012.738983426146
4,2023-12-18,7119.52,7185.4472865153075,Latih,7183.7324715913055,7084.5581380046015
4,2023-12-19,7187.85,7117.191488493745,Latih,7116.707259219948,7095.007334121527
4,2023-12-20,7219.67,7180.707589984011,Latih,7179.272949580025,7044.2707692003805
4,2023-12-21,7209.62,7213.380758557394,Latih,7211.101561073139,7093.080811097683
4,2023-12-22,7237.52,7204.68779851444,Latih,7202.46413950093,7115.733267510001
4,2023-12-26,7237.52,7231.204884417134,Latih,7228.517474001723,7108.655732315841
4,2023-12-27,7245.92,7232.054664388972,Latih,7229.256952709036,7128.545020529096
4,2023-12-28,7303.89,7240.130495838005,Latih,7237.181165167171,7128.57118669874
4,2023-12-29,7272.8,7296.1191177822,Latih,7292.0904584694745,7134.73993875987
4,2024-01-02,7323.59,7267.994570647559,Latih,7264.297642517171,7175.968617417883
4,2024-01-03,7279.09,7315.877471723643,Latih,7311.386974345532,7153.963385865756
4,2024-01-04,7359.76,7274.641863684737,Latih,7270.753498479209,7190.031847653461
4,2024-01-05,7350.62,7350.843179425092,Latih,7345.675102361531,7158.560047564575
4,2024-01-08,7283.58,7344.512983131499,Latih,7339.190701487154,7216.039468925074
4,2024-01-09,7200.2,7279.781809530341,Latih,7275.705523651921,7209.31497017391
4,2024-01-10,7227.3,7197.577840023114,Latih,7195.2713387096655,7161.2639540434575
4,2024-01-11,7219.96,7221.092487238721,Latih,7218.6267653001105,7101.908583797278
4,2024-01-12,7241.14,7214.86111219056,Latih,7212.420677321032,7121.204737690751
4,2024-01-15,7224.0,7235.000116674977,Latih,7232.206490227061,7116.038160269324
4,2024-01-16,7242.79,7219.166688180046,Latih,7216.598628593759,7131.083552678889
4,2024-01-17,7200.63,7236.7095018602195,Latih,7233.8701104713255,7118.923316599195
4,2024-01-18,7252.97,7196.748899905755,Latih,7194.596034343315,7132.186979018516
4,2024-01-19,7227.4,7245.784818935473,Latih,7242.854259647209,7102.295129485192
4,2024-01-22,7247.93,7222.795770431833,Latih,7220.119529764728,7139.527468704051
4,2024-01-23,7256.23,7241.754659980614,Latih,7238.809104271013,7121.3631309271495
4,2024-01-24,7227.82,7250.3596582556565,Latih,7247.1830542338685,7136.0243563914955
4,2024-01-25,7178.04,7223.298874511795,Latih,7220.602155972795,7141.85274140007
4,2024-01-26,7137.09,7174.574777622293,Latih,7172.88871445782,7121.444835567539
4,2024-01-29,7157.17,7133.688948183125,Latih,7132.938765133685,7085.830299940169
4,2024-01-30,7192.22,7151.746707944938,Latih,7150.79624510295,7056.700475457963
4,2024-01-31,7207.94,7186.055624103617,Latih,7184.393244942498,7071.124188635407
4,2024-02-01,7201.7,7202.23655587919,Latih,7200.15179475434,7096.159524686398
4,2024-02-02,7238.79,7196.716166337801,Latih,7194.6817725039255,7107.34654473311
4,2024-02-05,7198.62,7232.184719560223,Latih,7229.505686456042,7103.013716626229
4,2024-02-06,7247.41,7194.6945453179615,Latih,7192.593805247618,7129.329281653231
4,2024-02-07,7235.15,7240.378247060854,Latih,7237.555868853408,7100.844872118297
4,2024-02-12,7297.67,7230.0773603797725,Latih,7227.283216813879,7135.588012242383
4,2024-02-13,7209.74,7289.811105849827,Latih,7285.937323371255,7127.042844517296
4,2024-02-15,7303.28,7207.178859233931,Latih,7204.644515739753,7171.338136203359
4,2024-02-16,7335.54,7294.430675875033,Latih,7290.5562211430915,7108.9460940600065
4,2024-02-19,7296.7,7328.294715437977,Latih,7323.467987951128,7175.729191794466
4,2024-02-20,7352.6,7291.936150465095,Latih,7287.682803391302,7198.605612002684
4,2024-02-21,7349.02,7344.495814814658,Latih,7339.387309742064,7171.091574351857
4,2024-02-22,7339.64,7342.756540210337,Latih,7337.491503526062,7210.930239887312
4,2024-02-23,7295.1,7333.629614760965,Latih,7328.547948111384,7208.348890369012
4,2024-02-26,7283.82,7290.52276360997,Latih,7286.282034214819,7201.52345018871
4,2024-02-27,7285.32,7278.321571786486,Latih,7274.46056212195,7169.736725251744
4,2024-02-28,7328.64,7279.420137217127,Latih,7275.576606140219,7161.700091345379
4,2024-02-29,7316.11,7321.113911783783,Latih,7316.482810027686,7162.904407402346
4,2024-03-01,7311.91,7310.386919889536,Latih,7305.810580927219,7193.747185183836
4,2024-03-04,7276.75,7305.967371097889,Latih,7301.516329821433,7184.801819856239
4,2024-03-05,7247.46,7272.036416468702,Latih,7268.236478437267,7181.698181181026
4,2024-03-06,7329.8,7242.805909116347,Latih,7239.6736738169975,7156.542201505968
4,2024-03-07,7373.96,7321.076007036058,Latih,7316.573771079866,7135.918502341575
4,2024-03-08,7381.91,7366.03962199578,Latih,7360.414722911211,7194.754324156119
4,2024-03-13,7421.21,7375.02790811548,Latih,7369.084878051374,7226.259788625317
4,2024-03-14,7433.31,7413.053299464085,Latih,7406.369653033115,7232.049596632796
4,2024-03-15,7328.05,7425.883358459572,Latih,7418.825784019331,7260.103298604568
4,2024-03-18,7302.45,7325.054143922417,Latih,7319.848317246524,7268.401283936581
4,2024-03-19,7336.75,7297.236092612828,Latih,7292.908590821112,7193.284106035305
4,2024-03-20,7331.13,7329.432685258477,Latih,7324.587444948046,7175.141280366252
4,2024-03-21,7338.35,7325.0743115235255,Latih,7320.194838003007,7199.575466768815
4,2024-03-22,7350.15,7331.844523503869,Latih,7326.856868902533,7195.59158987291
4,2024-03-25,7377.76,7343.4089362503,Latih,7338.179890977233,7200.77528389938
4,2024-03-26,7365.66,7370.312826399896,Latih,7364.538842202517,7209.273238753155
4,2024-03-27,7310.09,7359.520729352327,Latih,7353.855908759923,7228.918085298615
4,2024-03-28,7288.81,7305.726807814922,Latih,7301.112615816678,7220.119167782144
4,2024-04-01,7205.06,7283.575593857849,Latih,7279.565188809715,7180.438274941515
4,2024-04-02,7236.98,7202.409583554341,Latih,7199.994746024682,7165.0074227917885
4,2024-04-03,7166.84,7230.546903503018,Latih,7227.887262322979,7105.403318798604
4,2024-04-04,7254.4,7164.085970268318,Latih,7162.565850262711,7127.939940784043
4,2024-04-05,7286.88,7246.130460591395,Latih,7243.307720401365,7078.21139393574
4,2024-04-16,7164.81,7280.023820743643,Latih,7276.268561705433,7140.732146743602
4,2024-04-17,7130.84,7163.654125045607,Latih,7161.973284772704,7163.506177592347
4,2024-04-18,7166.81,7127.277202384536,Latih,7126.692186816996,7076.379400078117
4,2024-04-19,7087.32,7160.824352051089,Latih,7159.7245972491,7052.275031521376
4,2024-04-22,7073.82,7085.4977413690685,Latih,7085.690109256566,7077.669609431087
4,2024-04-23,7110.81,7070.097606027184,Latih,7070.848099347411,7020.961004127316
4,2024-04-24,7174.53,7105.248907370629,Latih,7105.385271381202,7011.452290475419
4,2024-04-25,7155.29,7167.636398875783,Latih,7166.47655496485,7038.020105651672
4,2024-04-26,7036.08,7151.079625754424,Latih,7150.014931551285,7083.384745602668
4,2024-04-29,7155.78,7035.884304982478,Latih,7037.046993042285,7069.297676228343
4,2024-04-30,7234.2,7147.333933398791,Latih,7146.808076127834,6984.688384162236
4,2024-05-01,7234.2,7226.373244309501,Latih,7223.9586653388305,7070.2640663040265
4,2024-05-02,7117.42,7228.761708822327,Latih,7226.036962488966,7126.167880899971
4,2024-05-03,7134.72,7116.488621739212,Latih,7115.871234586302,7125.804191826646
4,2024-05-06,7135.89,7129.564104926651,Latih,7129.0964751399215,7042.608234903867
4,2024-05-07,7123.61,7131.2158831692395,Latih,7130.658791972464,7054.944653078374
4,2024-05-08,7088.79,7119.445450620715,Latih,7119.105290415351,7055.740497645196
4,2024-05-13,7099.26,7085.59521810776,Latih,7085.932017046273,7046.877871193941
4,2024-05-14,7083.76,7094.600620832504,Latih,7094.88622509128,7022.088114470296
4,2024-05-15,7179.83,7080.017687029898,Latih,7080.541579252541,7029.503689686114
4,2024-05-16,7246.7,7171.907896790574,Latih,7170.7595328987345,7018.7533240593
4,2024-05-17,7317.24,7239.123305153925,Latih,7236.388113037426,7087.4477415490755
4,2024-05-20,7266.69,7308.977566554632,Latih,7304.704982692088,7135.337572006053
4,2024-05-21,7186.04,7262.526978851637,Latih,7258.887502528509,7185.466419880462
4,2024-05-22,7222.38,7183.449918328595,Latih,7181.4657366503,7149.179320612021
4,2024-05-27,7176.42,7215.931080997066,Latih,7213.610152092055,7091.798927344144
4,2024-05-28,7253.63,7172.851585387061,Latih,7171.216354919742,7117.561744965378
4,2024-05-29,7140.23,7245.682015881617,Latih,7242.835229705651,7085.038385469973
4,2024-05-30,7034.14,7139.01009216792,Latih,7137.904338797397,7139.726507413454
4,2024-05-31,6970.74,7033.560531928593,Latih,7034.81780086642,7058.555739624557
4,2024-06-03,7036.19,6969.37605545287,Latih,6972.197037441777,6982.729075858641
4,2024-06-04,7099.31,7030.369138332659,Latih,7032.259825080687,6937.736502292199
4,2024-06-05,6947.67,7093.046577887596,Latih,7093.539339608015,6984.590959135342
4,2024-06-06,6974.9,6949.181357362315,Latih,6952.160836011216,7022.236579041533
4,2024-06-07,6897.95,6970.741815742301,Latih,6973.829811598705,6921.099524172585
4,2024-06-10,6921.55,6897.59092723731,Latih,6901.959798467198,6937.085166344089
4,2024-06-11,6855.69,6917.9364686417985,Latih,6922.183817147057,6885.489047921336
4,2024-06-12,6850.1,6855.336958766017,Latih,6860.679459723268,6897.7531730026385
4,2024-06-13,6831.56,6847.956780275735,Latih,6853.660669131312,6855.140324655208
4,2024-06-14,6734.83,6829.962031339437,Latih,6836.022602319748,6849.445123381647
4,2024-06-19,6726.92,6736.400444564839,Latih,6744.279913390001,6824.738596796423
4,2024-06-20,6819.32,6725.849583053607,Latih,6734.254404959698,6762.669313838504
4,2024-06-21,6879.98,6814.442648592024,Latih,6821.211335074335,6763.247193177961
4,2024-06-24,6889.17,6875.575870443618,Latih,6880.884448461569,6829.306015473634
4,2024-06-25,6882.7,6886.258752174414,Latih,6891.161521859803,6872.577801403439
4,2024-06-26,6905.64,6880.318359411991,Latih,6885.301540942824,6879.109001454747
4,2024-06-27,6967.95,6902.175953781643,Latih,6906.770779711644,6874.568110929763
4,2024-06-28,7063.58,6962.77995709543,Latih,6966.159581635045,6891.115627639331
4,2024-07-01,7139.63,7056.617116040048,Latih,7058.0245560384365,6935.832861738843
4,2024-07-02,7125.14,7132.644783563679,Latih,7132.30157236225,7004.242217943719
4,2024-07-03,7196.75,7121.030313797061,Latih,7120.647749917571,7058.411463708934
4,2024-07-04,7220.89,7189.4353003550295,Latih,7187.817807034326,7048.304858251866
4,2024-07-05,7253.37,7214.8246553731715,Latih,7212.48836806424,7099.429209944072
4,2024-07-08,7250.98,7246.786476457198,Latih,7243.768524230797,7116.739268822734
4,2024-07-09,7269.8,7245.477961127836,Latih,7242.374684435207,7139.886090021199
4,2024-07-10,7287.04,7263.498798666081,Latih,7260.065393856844,7138.240930888719
4,2024-07-11,7300.41,7280.646741058909,Latih,7276.82766966232,7151.7109750927175
4,2024-07-12,7327.58,7294.025824210728,Latih,7289.897309416616,7164.042635781834
4,2024-07-15,7278.86,7320.554441844312,Latih,7315.882798038808,7173.658392854999
4,2024-07-16,7224.29,7274.542266762339,Latih,7270.642266402326,7192.875582833362
4,2024-07-17,7224.22,7220.59434749134,Latih,7217.8718247652805,7157.974152896472
4,2024-07-18,7321.07,7218.865001552181,Latih,7216.359616664723,7119.072194864813
4,2024-07-19,7294.5,7311.975144332733,Latih,7307.722314376917,7119.323979607884
4,2024-07-22,7321.98,7289.380398286665,Latih,7285.22390740999,7188.283471772743
4,2024-07-23,7313.86,7314.990614392844,Latih,7310.443285749045,7169.427902395795
4,2024-07-24,7262.76,7308.0210017205145,Latih,7303.511474400844,7188.992440519405
4,2024-07-25,7240.28,7258.645698162398,Latih,7255.090512069543,7183.044756393504
4,2024-07-26,7288.17,7235.476899449903,Latih,7232.529482115584,7146.546672990389
4,2024-07-29,7288.9,7280.833937766634,Latih,7277.111308872782,7130.670323703354
4,2024-07-30,7241.86,7282.99435325154,Latih,7279.0691692460405,7164.812262467215
4,2024-07-31,7255.76,7237.792088345367,Latih,7234.712754215079,7165.186190476486
4,2024-08-01,7325.98,7249.722930890401,Latih,7246.578853589375,7131.69571694023
4,2024-08-02,7308.12,7317.656254141418,Latih,7313.190061308232,7141.823420810766
4,2024-08-05,7059.65,7302.624306799258,Latih,7298.202637823905,7191.8261436105495
4,2024-08-06,7129.21,7063.199562482891,Latih,7063.332358379422,7168.993057888816
4,2024-08-07,7212.13,7122.50720273978,Latih,7122.367580885952,7001.40815286999
4,2024-08-08,7195.12,7204.345673260763,Latih,7202.434560352637,7051.254137210902
4,2024-08-13,7356.64,7290.438111397112,Uji,7286.478642469728,7142.619110242195
4,2024-08-14,7436.04,7348.408226006121,Uji,7343.2231874729105,7171.7671372771965
4,2024-08-15,7409.5,7426.541235950092,Uji,7419.689888159135,7214.081401704625
4,2024-08-16,7432.09,7403.443851230241,Uji,7396.7573606503975,7270.601103811346
4,2024-08-19,7466.83,7424.353723483185,Uji,7417.364563751319,7251.751739850124
4,2024-08-20,7533.98,7458.441002876862,Uji,7450.735634746654,7267.963853839718
4,2024-08-21,7554.59,7524.057585878483,Uji,7515.00305694591,7292.938376816595
4,2024-08-22,7488.68,7545.917403855437,Uji,7536.225371880644,7340.872265725226
4,2024-08-23,7544.3,7483.178789243804,Uji,7474.594527399645,7355.3594292784655
4,2024-08-26,7606.19,7534.644852495306,Uji,7525.3174921179925,7308.546807279673
4,2024-08-27,7597.88,7595.8403870631455,Uji,7585.176173291325,7348.389920029731
4,2024-08-28,7658.88,7589.736119613766,Uji,7578.977273252128,7392.48394939909
4,2024-08-29,7627.6,7648.128667898303,Uji,7636.301972913866,7386.749938421344
4,2024-08-30,7670.73,7619.913883676651,Uji,7608.410284004332,7430.1380500401065
4,2024-09-02,7694.53,7660.4267676307045,Uji,7648.268496599323,7407.973649574616
4,2024-09-03,7616.52,7684.621683545242,Uji,7671.863452236781,7438.794139571291
4,2024-09-04,7672.9,7610.347407946708,Uji,7598.902656300188,7455.517631528481
4,2024-09-05,7681.04,7662.175453782209,Uji,7650.021836812622,7400.081756990053
4,2024-09-06,7721.85,7671.718555779586,Uji,7659.194992609151,7440.29905630837
4,2024-09-09,7702.74,7711.201547570361,Uji,7697.9093402387025,7446.229054999453
4,2024-09-10,7761.39,7694.072014577519,Uji,7680.963384127746,7475.262126708136
4,2024-09-11,7760.96,7749.876387386459,Uji,7735.784922509329,7461.821609940633
4,2024-09-12,7798.15,7751.249335615772,Uji,7736.933544960158,7503.630598392595
4,2024-09-13,7812.13,7786.990875418328,Uji,7772.005934100291,7503.43978185903
4,2024-09-17,7831.78,7801.564190826559,Uji,7786.179724159382,7529.995341339223
4,2024-09-18,7829.13,7820.881649980691,Uji,7805.08710875764,7540.022672610396
4,2024-09-19,7905.39,7818.932322054055,Uji,7803.108098259116,7554.022297334785
4,2024-09-20,7743.0,7892.168638448869,Uji,7874.97839580551,7552.370725939388
4,2024-09-23,7775.73,7738.368340499537,Uji,7723.807022228375,7606.22897695315
4,2024-09-24,7778.49,7764.889149651666,Uji,7750.379646601814,7490.566646936047
4,2024-09-25,7740.9,7768.53958887591,Uji,7753.850749311585,7513.907801070323
4,2024-09-26,7744.52,7732.48436530842,Uji,7718.46302162899,7515.7582560397295
4,2024-09-27,7696.92,7734.8197735167905,Uji,7720.88168583168,7488.972475636112
4,2024-09-30,7527.93,7689.167047140729,Uji,7676.073723383079,7491.404791753399
4,2024-10-01,7642.13,7525.249129121415,Uji,7515.393481018653,7456.9454976869665
4,2024-10-02,7563.26,7629.894674329881,Uji,7618.646841209056,7336.832022969812
4,2024-10-03,7543.83,7557.546766619797,Uji,7547.270391330832,7417.996999037365
4,2024-10-04,7496.09,7536.464487233275,Uji,7526.850643496625,7361.711809933277
4,2024-10-07,7504.13,7489.975167393792,Uji,7481.299685938464,7347.711926649899
4,2024-10-08,7557.14,7496.250911164391,Uji,7487.619177889931,7313.704231712904
4,2024-10-09,7501.29,7547.459863357658,Uji,7537.839814205282,7319.600824582664
4,2024-10-10,7480.08,7495.379877643692,Uji,7486.557948377239,7357.216503357979
4,2024-10-11,7520.6,7473.287356577024,Uji,7465.069214260682,7317.3362615371625
4,2024-10-14,7559.65,7511.597524795642,Uji,7502.732054195512,7302.342270654525
4,2024-10-15,7626.95,7550.374650547618,Uji,7540.644144995325,7331.349745023339
4,2024-10-16,7648.94,7616.266650583866,Uji,7605.167230322481,7359.397241579386
4,2024-10-17,7735.04,7639.4578405047705,Uji,7627.695268149499,7407.4424142766975
4,2024-10-18,7760.06,7722.904754781857,Uji,7709.501470508708,7423.3867128659285
4,2024-10-21,7772.6,7749.581526715892,Uji,7735.386327972547,7484.843392012226
4,2024-10-22,7788.98,7762.399743709703,Uji,7747.879070911545,7502.718609128107
4,2024-10-23,7787.56,7778.529377381942,Uji,7763.663683469435,7511.709222278704
4,2024-10-24,7716.55,7777.663204770229,Uji,7762.758209891458,7523.381712682358
4,2024-10-25,7694.66,7709.3502652121915,Uji,7695.732480402124,7522.148179459683
4,2024-10-28,7634.63,7686.142320668827,Uji,7673.200409054884,7471.458620562658
4,2024-10-29,7606.6,7627.762390062932,Uji,7615.990302736881,7455.666768353089
4,2024-10-30,7569.85,7598.985808870912,Uji,7587.95692350161,7412.785380640128
4,2024-10-31,7574.02,7562.800478420373,Uji,7552.545615239258,7392.688986677027
4,2024-11-01,7505.26,7565.690030253049,Uji,7555.50539169323,7366.503787092063
4,2024-11-04,7479.5,7499.71074070226,Uji,7490.7504306651235,7369.262249517534
4,2024-11-05,7491.93,7472.850702157126,Uji,7464.627181813821,7320.164586601344
4,2024-11-06,7383.87,7484.016313519584,Uji,7475.670443062888,7301.839528557148
4,2024-11-07,7243.86,7380.505325152968,Uji,7374.060225244854,7310.364063274947
4,2024-11-08,7287.19,7242.607490948517,Uji,7239.116427484829,7232.894463983851
4,2024-11-11,7266.46,7280.000860705459,Uji,7276.281696502052,7133.21940505988
4,2024-11-12,7321.99,7261.390612096867,Uji,7257.874158140501,7164.043773441384
4,2024-11-13,7308.67,7314.146160736171,Uji,7309.709650474873,7149.438862124749
4,2024-11-14,7214.56,7303.031537206258,Uji,7298.615711664046,7188.983442666603
4,2024-11-15,7161.26,7212.147845876291,Uji,7209.482981804684,7179.194813053678
4,2024-11-18,7134.28,7158.038534084627,Uji,7156.707730970451,7111.939845165078
4,2024-11-19,7195.71,7130.47630103833,Uji,7129.8432969225105,7073.859432463704
4,2024-11-20,7180.33,7188.71381735332,Uji,7187.078948868585,7054.8173386324015
4,2024-11-21,7140.91,7175.798382179808,Uji,7174.198057175945,7098.561537690224
4,2024-11-22,7195.56,7137.431279271907,Uji,7136.603166543311,7087.474631683886
4,2024-11-25,7314.11,7188.771527719569,Uji,7187.113182078672,7059.54317640191
4,2024-11-26,7245.89,7304.41084598669,Uji,7300.396976248111,7098.8712396467345
4,2024-11-28,7200.16,7242.43435984977,Uji,7239.182618585903,7183.170416061949
4,2024-11-29,7114.27,7196.391467959954,Uji,7194.234775724483,7134.395486475295
4,2024-12-02,7046.99,7112.423402185503,Uji,7111.997503819529,7101.528036677899
4,2024-12-03,7196.02,7045.12391043907,Uji,7046.251951594408,7040.089404949004
4,2024-12-04,7326.76,7186.353225499463,Uji,7185.058051813912,6992.5911879361165
4,2024-12-05,7313.31,7316.586595605699,Uji,7312.342660079089,7099.238600257697
4,2024-12-06,7382.79,7307.637713875856,Uji,7303.119292126979,7192.39828294046
4,2024-12-09,7437.73,7374.026664288138,Uji,7368.307598019931,7183.026450417113
4,2024-12-10,7453.29,7428.9625891662645,Uji,7421.977204395632,7232.728365689593
4,2024-12-11,7464.75,7445.595378630263,Uji,7438.111957535844,7271.942300996862
4,2024-12-12,7394.24,7457.087084589108,Uji,7449.335279264553,7283.07036959418
4,2024-12-13,7324.79,7389.647247023678,Uji,7383.122562658881,7291.020386239374
4,2024-12-16,7258.63,7320.729951685755,Uji,7315.737487887231,7240.539019039948
4,2024-12-17,7157.73,7255.00803175219,Uji,7251.484079585154,7190.823606988264
4,2024-12-18,7107.88,7155.986971933909,Uji,7154.545608996221,7143.3452990174965
4,2024-12-19,6977.24,7104.987659368578,Uji,7104.844986518684,7071.260759493171
4,2024-12-20,6983.87,6977.87116615777,Uji,6980.283159538555,7031.619633024985
4,2024-12-23,7096.44,6980.266275636602,Uji,6983.075415623832,6942.207245763584
4,2024-12-24,7065.75,7088.693789026797,Uji,7089.445316582978,6947.284206639572
4,2024-12-27,7036.57,7062.6168222344495,Uji,7063.4768928540325,7027.437234537655
4,2024-12-30,7079.9,7033.628274383599,Uji,7035.136242116744,7005.46814953213
4,2025-01-02,7163.21,7074.397235159932,Uji,7075.238741244137,6984.8013744402415
4,2025-01-03,7164.43,7155.81187578685,Uji,7154.978540166685,7015.949768946222
4,2025-01-06,7080.47,7159.522093849251,Uji,7158.337273140022,7075.343457634508
4,2025-01-07,7083.28,7078.839588854372,Uji,7079.165011197388,7075.951640087425
4,2025-01-08,7080.35,7078.983864769994,Uji,7079.590754427969,7016.1072313702625
4,2025-01-09,7064.59,7076.252551038324,Uji,7076.901172117054,7018.101238290124
4,2025-01-10,7088.87,7061.011532898006,Uji,7061.956152306852,7015.9634208608195
4,2025-01-13,7016.88,7083.874559750617,Uji,7084.4433378136755,7004.804118337682
4,2025-01-14,6956.67,7015.40234785562,Uji,7017.1742008925,7021.888558642917
4,2025-01-15,7079.56,6955.323374424026,Uji,6958.466520912692,6970.3809708178505
4,2025-01-16,7107.52,7071.636859397947,Uji,7072.800529981911,6927.841372231883
4,2025-01-17,7154.66,7102.260689427914,Uji,7102.433768814864,7015.533954380802
4,2025-01-20,7170.74,7148.433015947409,Uji,7147.644773014851,7035.612869756276
4,2025-01-21,7181.82,7165.32819107301,Uji,7164.063268789122,7069.267993656455
4,2025-01-22,7257.13,7176.470325279306,Uji,7174.941983097862,7080.765594760239
4,2025-01-23,7232.64,7249.211449499209,Uji,7246.28011453398,7088.898826304735
4,2025-01-24,7166.06,7227.960279381352,Uji,7225.173065196352,7142.509377807445
4,2025-01-30,7073.48,7163.203922134707,Uji,7161.7150360549185,7124.843645184104
4,2025-01-31,7109.2,7072.169025508224,Uji,7072.614160662948,7077.091885227024
4,2025-02-03,7030.06,7103.690675770106,Uji,7103.857446317735,7011.204952946952
4,2025-02-04,7073.46,7028.692848697954,Uji,7030.146467331701,7036.422417949492
4,2025-02-05,7024.23,7068.00751858717,Uji,7068.9909735561,6980.140460832763
4,2025-02-06,6875.54,7021.999325313621,Uji,7023.69950579887,7010.92607122188
4,2025-02-07,6742.58,6877.548313543833,Uji,6882.126410707272,6965.181349557684
4,2025-02-10,6648.14,6743.563834271154,Uji,6752.756524199269,6853.518332408104
4,2025-02-11,6531.99,6647.857448974559,Uji,6660.141799832742,6756.9581853312475
4,2025-02-12,6645.78,6606.040975239877,Uji,6636.817620096065,6698.310995226815
4,2025-02-13,6613.57,6610.752812040155,Uji,6614.575723037725,6646.544066272238
4,2025-02-14,6638.46,6613.92184997954,Uji,6624.964403423375,6691.257984352722
4,2025-02-17,6830.88,6637.110218375482,Uji,6647.5910427206845,6674.2926104617245
4,2025-02-18,6873.55,6822.862234216362,Uji,6829.772249041826,6708.1697589653895
4,2025-02-19,6794.87,6869.746140928303,Uji,6875.124995279348,6837.526846803458
4,2025-02-20,6788.04,6795.402261250046,Uji,6802.032127411392,6859.298237606321
4,2025-02-21,6803.0,6786.43941733482,Uji,6793.50381773236,6808.7578931016005
4,2025-02-24,6749.6,6800.614034782675,Uji,6807.435493154553,6806.463078654436
4,2025-02-25,6587.09,6749.730556644222,Uji,6757.456467286072,6808.713679514555
4,2025-02-26,6606.18,6616.420625452852,Uji,6636.737867576041,6753.172015565953
4,2025-02-27,6485.45,6605.269483697791,Uji,6616.437564298591,6661.659573415529
4,2025-02-28,6270.6,6622.820147875255,Uji,6652.33268490837,6686.959014545395
4,2025-03-03,6519.66,6766.961574040079,Uji,6802.1814193713935,6690.143646823778
4,2025-03-04,6380.4,6459.687234337168,Uji,6471.395787255753,6646.501223047831
4,2025-03-05,6531.4,6694.696508629932,Uji,6725.268407087046,6678.837133740498
4,2025-03-06,6617.85,6500.215153496406,Uji,6515.863647674763,6649.510823818901
4,2025-03-07,6636.0,6587.272995952296,Uji,6591.988651345636,6645.519125513592
4,2025-03-10,6598.21,6634.875512429186,Uji,6645.383795738974,6676.660933229339
4,2025-03-11,6545.85,6598.085664599392,Uji,6610.215187103231,6686.937825636282
4,2025-03-12,6665.04,6584.7704099658895,Uji,6615.279291133514,6672.13860077576
4,2025-03-13,6647.42,6635.400936613835,Uji,6639.110372535297,6648.918284184793
4,2025-03-14,6515.63,6647.292077426175,Uji,6657.407616096299,6707.958852398411
4,2025-03-17,6471.95,6613.66621270754,Uji,6645.17892652438,6699.879401123539
4,2025-03-18,6223.39,6614.944761050126,Uji,6640.455241258451,6657.947771679323
4,2025-03-19,6311.66,6798.757089982655,Uji,6836.019396188291,6695.430738589778
4,2025-03-20,6381.67,6575.31646233976,Uji,6596.93258200601,6661.335056028973
4,2025-03-21,6258.18,6569.04342051059,Uji,6589.218796164731,6657.057766392837
4,2025-03-24,6161.22,6715.295166356283,Uji,6747.400785021802,6661.592432110171
4,2025-03-25,6235.62,6723.239804974514,Uji,6756.051418958328,6667.532786088746
4,2025-03-26,6472.36,6602.315915891532,Uji,6627.601116885103,6665.531293886166
4,2025-03-27,6510.62,6455.454358671294,Uji,6468.95049147724,6652.403032345185
