Fold,Date,Actual_Close,Predicted_GANN,Data,Predicted_GADAM,Predicted_ADAM
1,2022-01-05,6662.3,6701.53499334814,Latih,6703.796095761079,6755.5604186445735
1,2022-01-06,6653.35,6676.999822930709,Latih,6678.876724885122,6754.830610798624
1,2022-01-07,6701.32,6665.122304158523,Latih,6667.737612469807,6743.266088374282
1,2022-01-10,6691.12,6705.1166793340635,Latih,6707.580843758901,6753.8844158864285
1,2022-01-11,6647.97,6702.467842105348,Latih,6704.022368477305,6764.33471899989
1,2022-01-12,6647.06,6664.172353332354,Latih,6666.235953752114,6749.748648186947
1,2022-01-13,6658.36,6657.907531026913,Latih,6660.859616107656,6737.596937144423
1,2022-01-14,6693.4,6667.481070885076,Latih,6670.373050791934,6740.428790776754
1,2022-01-17,6645.05,6698.962456034738,Latih,6701.379365575631,6753.10571785691
1,2022-01-18,6614.06,6661.958389749838,Latih,6663.995709322108,6749.580982499148
1,2022-01-19,6591.98,6629.240496528455,Latih,6632.482114045033,6727.78828340175
1,2022-01-20,6626.87,6606.3690219207165,Latih,6610.397972903854,6713.2154004889935
1,2022-01-21,6726.37,6634.754141314486,Latih,6638.671833896498,6716.64313620331
1,2022-01-24,6655.17,6727.718208175324,Latih,6730.346546131991,6753.413766104605
1,2022-01-25,6568.17,6674.826425329164,Latih,6676.119219358877,6761.437115772394
1,2022-01-26,6600.82,6599.748490296309,Latih,6601.151413842891,6718.060191903732
1,2022-01-27,6611.16,6611.371762178397,Latih,6615.8062938438425,6702.967832327504
1,2022-01-28,6645.51,6621.13208490447,Latih,6625.298121472456,6714.795711843392
1,2022-01-31,6631.15,6651.899788372529,Latih,6655.615194391174,6727.0195659750925
1,2022-02-02,6707.65,6643.952812472295,Latih,6647.065990391385,6732.57770673635
1,2022-02-03,6683.85,6709.521132036765,Latih,6712.259573134502,6749.487232354309
1,2022-02-04,6731.39,6697.038731759507,Latih,6698.514489441234,6764.097526702312
1,2022-02-07,6804.94,6734.776899870658,Latih,6736.408116519773,6770.501971944599
1,2022-02-08,6789.52,6803.884999549422,Latih,6804.032007710371,6803.682517805133
1,2022-02-09,6834.61,6800.011576110754,Latih,6798.762354903253,6819.765278134977
1,2022-02-10,6823.64,6836.71411424581,Latih,6835.466095774807,6827.813041243589
1,2022-02-11,6815.61,6833.038973524011,Latih,6830.945579000152,6837.2587850737955
1,2022-02-14,6734.49,6824.759314378536,Latih,6822.946094156539,6832.0418205655
1,2022-02-15,6807.5,6754.1822303235795,Latih,6753.0981638276835,6807.695310972963
1,2022-02-16,6850.2,6806.474090315137,Latih,6806.539903212223,6805.236136849556
1,2022-02-17,6835.12,6852.367117834728,Latih,6850.642921214144,6837.026340420284
1,2022-02-18,6892.82,6844.864088856021,Latih,6842.3719766331105,6844.691485618392
1,2022-02-21,6902.96,6892.422294505284,Latih,6889.836622043297,6856.273331668417
1,2022-02-22,6861.99,6908.4507417870045,Latih,6904.614835286784,6874.9569780219035
1,2022-02-23,6920.06,6874.609809187098,Latih,6870.851953955335,6866.576711023492
1,2022-02-24,6817.82,6919.194554806997,Latih,6915.86983241861,6871.117421110911
1,2022-02-25,6888.17,6838.909678069987,Latih,6835.109853664674,6859.243373394053
1,2022-03-01,6921.44,6886.236261990711,Latih,6884.036646843597,6850.232302753965
1,2022-03-02,6868.4,6923.705407488396,Latih,6919.835866567542,6878.715972688242
1,2022-03-04,6928.33,6882.454942846938,Latih,6878.274631695791,6873.423425686402
1,2022-03-07,6869.07,6927.1004161096125,Latih,6923.587075097611,6875.141946234747
1,2022-03-08,6814.18,6883.905189854547,Latih,6879.5793475872715,6875.506902909322
1,2022-03-09,6864.44,6829.307494092621,Latih,6826.575488690174,6844.184099621812
1,2022-03-10,6924.01,6865.426283013862,Latih,6863.466328939241,6842.754067027608
1,2022-03-11,6922.6,6922.892906233123,Latih,6919.490575689723,6872.870926520867
1,2022-03-14,6952.2,6929.25546670442,Latih,6924.645145604661,6888.919356108949
1,2022-03-15,6918.19,6954.4568054366655,Latih,6949.6691545558515,6896.605897356318
1,2022-03-16,6992.4,6929.057205088189,Latih,6923.901221430352,6895.4927541780935
1,2022-03-17,6964.38,6988.36582980281,Latih,6983.388357561886,6898.655233743238
1,2022-03-18,6954.96,6973.772415967045,Latih,6967.472988611516,6919.184088889409
1,2022-03-21,6955.18,6962.13380919462,Latih,6956.472760610635,6908.884444347668
1,2022-03-22,7000.82,6961.125114185866,Latih,6955.655110799129,6906.3458263135435
1,2022-03-23,6996.12,7000.2871851552145,Latih,6994.4947639847405,6912.251199211527
1,2022-03-24,7049.69,7002.0582040966165,Latih,6995.365460805953,6928.349236404946
1,2022-03-25,7002.53,7047.394491221972,Latih,7040.42473872549,6929.074254405549
1,2022-03-28,7049.6,7013.765978767935,Latih,7006.029555606904,6945.396359298283
1,2022-03-29,7011.69,7048.132043002912,Latih,7041.031888549394,6931.360719788126
1,2022-03-30,7053.19,7021.608791357343,Latih,7013.81045891768,6946.47915975576
1,2022-03-31,7071.44,7052.374537741014,Latih,7045.06215304739,6934.795144405417
1,2022-04-01,7078.76,7073.297848256898,Latih,7065.009896559785,6950.443885664994
1,2022-04-04,7116.22,7081.894038107467,Latih,7073.182005741667,6957.293913128431
1,2022-04-05,7148.3,7114.944561822491,Latih,7105.821995399074,6961.591058524902
1,2022-04-06,7104.22,7147.212884801707,Latih,7137.101078159889,6976.41695921546
1,2022-04-07,7127.37,7113.493935003357,Latih,7103.03333477743,6985.901908035337
1,2022-04-08,7210.83,7127.741213935692,Latih,7118.020486561138,6971.189444387016
1,2022-04-11,7203.79,7202.24656199345,Latih,7191.471309019415,6983.207989288627
1,2022-04-12,7214.78,7206.818184518904,Latih,7194.385771658509,7012.715631095233
1,2022-04-13,7262.78,7215.346767917963,Latih,7202.981666100115,7010.693219125333
1,2022-04-14,7235.53,7257.901357632973,Latih,7244.977215451097,7016.774887872997
1,2022-04-18,7275.29,7240.636729339456,Latih,7226.921102140042,7032.704141044682
1,2022-04-19,7199.23,7271.265448165039,Latih,7257.830037468769,7024.751225314205
1,2022-04-20,7227.36,7211.101319090219,Latih,7197.382864405005,7035.545131254262
1,2022-04-21,7276.19,7225.553907252643,Latih,7213.194418205114,7009.628438614669
1,2022-04-22,7225.61,7270.998736071686,Latih,7257.724027851917,7021.872169549529
1,2022-04-25,7215.98,7233.835275549982,Latih,7219.914592328163,7037.050788543291
1,2022-04-26,7232.15,7219.149103299471,Latih,7206.329535890907,7018.544260964457
1,2022-04-27,7196.76,7231.790117089842,Latih,7219.054825638625,7015.828861765925
1,2022-04-28,7228.91,7203.500193234771,Latih,7190.680752430049,7020.018562702004
1,2022-05-09,6909.75,7226.568974654767,Latih,7214.249197012277,7008.815346541467
1,2022-05-10,6819.79,6956.991203342731,Latih,6946.237051008993,6969.523970848379
1,2022-05-11,6816.2,6839.288392362037,Latih,6835.685647937097,6856.936714698713
1,2022-05-12,6599.84,6824.77589948181,Latih,6823.037248922622,6831.140717721619
1,2022-05-13,6597.99,6638.8013760024405,Latih,6638.643089549253,6771.122562876372
1,2022-05-17,6644.47,6609.7148845131005,Latih,6613.99268326,6710.932300658545
1,2022-05-18,6793.41,6651.208568322521,Latih,6654.900162268591,6723.102738519333
1,2022-05-19,6823.33,6790.739553852112,Latih,6792.57127933565,6774.598513553768
1,2022-05-20,6918.14,6827.536496251858,Latih,6826.287507151402,6825.808691421784
1,2022-05-23,6840.77,6912.63440793996,Latih,6910.113430041123,6859.928764392179
1,2022-05-24,6914.14,6858.344127406519,Latih,6854.423733942549,6864.975003619832
1,2022-05-25,6883.5,6911.421311028648,Latih,6908.571606254625,6863.648511867565
1,2022-05-27,7026.26,6894.474627183125,Latih,6890.338374168919,6875.529227386756
1,2022-05-30,7037.56,7012.989897217813,Latih,7008.485754540028,6884.776667399451
1,2022-05-31,7148.97,7040.824469255275,Latih,7033.323065025872,6939.300004504971
1,2022-06-02,7148.72,7137.789465448936,Latih,7129.281054262002,6948.338632581287
1,2022-06-03,7182.96,7151.735722646796,Latih,7140.951480799994,6988.138744711935
1,2022-06-06,7096.58,7181.063038381424,Latih,7170.045381251658,6989.586248636305
1,2022-06-07,7141.04,7111.348464099246,Latih,7100.232393583135,6997.944381063045
1,2022-06-08,7193.31,7138.491568154177,Latih,7128.8317794288,6969.072923561391
1,2022-06-09,7182.83,7188.9615566612165,Latih,7178.0288507092855,6987.3064510560625
1,2022-06-10,7086.65,7186.619132380572,Latih,7174.690813816871,7005.514235769572
1,2022-06-13,6995.44,7102.817433025913,Latih,7091.773231290653,6997.452229728759
1,2022-06-14,7049.88,7012.384393243852,Latih,7003.941773853363,6953.657935195023
1,2022-06-15,7007.05,7047.470917741128,Latih,7040.513867830105,6928.83978409057
1,2022-06-16,7050.33,7017.6657991076145,Latih,7009.894053474727,6946.370955672317
1,2022-06-17,6936.97,7049.332458429404,Latih,7042.134861218996,6933.008679795316
1,2022-06-20,6976.38,6957.632789411599,Latih,6950.339943910891,6927.686718500903
1,2022-06-21,7044.07,6977.016428406296,Latih,6971.766631301698,6904.647013763237
1,2022-06-22,6984.31,7040.066492054529,Latih,7033.539515394038,6921.768094400813
1,2022-06-23,6998.27,6997.428892420591,Latih,6989.934282597363,6938.875248615794
1,2022-06-24,7042.94,7001.803181757988,Latih,6995.433067257464,6922.546053907921
1,2022-06-27,7016.06,7041.879923282929,Latih,7034.91329368121,6929.5395657253775
1,2022-06-28,6996.46,7024.509369775121,Latih,7016.816709342066,6944.295412290149
1,2022-06-29,6942.35,7004.286727120938,Latih,6997.280175107778,6933.810335321478
1,2022-06-30,6911.58,6955.398822422082,Latih,6949.169744601303,6914.293804494191
1,2022-07-01,6794.33,6922.137440008571,Latih,6917.228945760776,6890.972174101517
1,2022-07-04,6639.17,6817.690283369457,Latih,6814.227457290326,6850.495469939749
1,2022-07-05,6703.27,6669.745180139258,Latih,6669.760066640987,6775.819565406471
1,2022-07-06,6646.41,6704.98636177959,Latih,6707.726849639435,6750.504684128787
1,2022-07-07,6652.59,6664.379044654383,Latih,6666.205104616,6752.674779480126
1,2022-07-08,6740.22,6662.45096309693,Latih,6665.3964120263,6738.675285366798
1,2022-07-11,6722.15,6739.29870378437,Latih,6741.492674510206,6764.287537968186
1,2022-07-12,6718.29,6734.018912119591,Latih,6734.562042600834,6783.531427422196
1,2022-07-13,6640.99,6728.412377039813,Latih,6729.3518302974335,6777.493521402508
1,2022-07-14,6690.09,6661.640751261129,Latih,6663.197503750635,6755.339516041306
1,2022-07-15,6651.9,6693.916480565089,Latih,6696.711545231063,6747.41095044973
1,2022-07-18,6659.25,6667.411227765693,Latih,6669.4684979933645,6750.536693800117
1,2022-07-19,6736.09,6668.859385809913,Latih,6671.64621067585,6742.0067705104
1,2022-07-20,6874.74,6735.680176080489,Latih,6737.7815571967,6764.998017627625
1,2022-07-21,6864.13,6864.332468022149,Latih,6863.897246215385,6823.112578208483
1,2022-07-22,6886.96,6872.857865224523,Latih,6869.662046647711,6859.375695509356
1,2022-07-25,6858.41,6891.0848937219835,Latih,6887.946975302145,6862.677333797258
1,2022-07-26,6871.54,6869.506471626801,Latih,6866.100638377113,6861.186193748754
1,2022-07-27,6898.22,6877.135977843447,Latih,6874.222380330606,6856.892487756651
1,2022-07-28,6956.82,6901.6816774803865,Latih,6898.313783181952,6867.793458345574
1,2022-07-29,6951.12,6955.319441813285,Latih,6950.998030680472,6889.922142938421
1,2022-08-01,6968.78,6957.880257721002,Latih,6952.400505838448,6905.7512946725365
1,2022-08-02,6988.16,6972.298367437181,Latih,6966.812200959977,6908.99688965981
1,2022-08-03,7046.63,6991.160440805018,Latih,6985.178198274432,6916.54277403896
1,2022-08-04,7057.35,7043.75889310009,Latih,7036.973222589559,6926.092480723908
1,2022-08-05,7084.65,7060.3824839413855,Latih,7052.326850293943,6947.467344942146
1,2022-08-08,7086.85,7085.153496215416,Latih,7076.688552347493,6952.523395967538
1,2022-08-09,7102.88,7090.509809352233,Latih,7081.4714344836,6962.37747938877
1,2022-08-10,7086.24,7104.534434328155,Latih,7095.3394083059575,6963.8831788790785
1,2022-08-11,7160.38,7092.303912394121,Latih,7082.897035943342,6968.864449235258
1,2022-08-12,7129.28,7153.760329083287,Latih,7144.177220084748,6966.24611298209
1,2022-08-15,7093.28,7136.517096839031,Latih,7125.634990222533,6991.343341155111
1,2022-08-16,7133.45,7101.6959339941295,Latih,7091.700265276506,6978.614253292141
1,2022-08-18,7186.56,7131.564016938289,Latih,7122.024628466445,6967.553044440802
1,2022-08-19,7172.43,7182.209056357232,Latih,7171.478452338065,6984.291253960191
1,2022-08-22,7107.98,7176.843712146368,Latih,7165.125809167707,7002.635391011299
1,2022-08-23,7163.27,7119.785006505329,Latih,7108.804866314011,6994.693278808654
1,2022-08-24,7194.71,7159.001601529205,Latih,7148.95398303517,6974.1443780541995
1,2022-08-25,7174.21,7192.987474427311,Latih,7181.5905543888475,6995.312962412894
1,2022-08-26,7135.25,7179.405920696345,Latih,7167.5089998854055,7005.6275884092465
1,2022-08-29,7132.04,7143.393964316926,Latih,7132.187498657783,6996.55338465339
1,2022-08-30,7159.47,7135.6895297265855,Latih,7125.301895514805,6982.487318019926
1,2022-09-02,7177.18,7159.256201855027,Uji,7147.835860105834,6998.9197370601305
1,2022-09-05,7231.88,7176.6637236846345,Uji,7165.596775459135,6990.891956257879
1,2022-09-06,7233.15,7226.6269592143035,Uji,7214.686739889475,7001.951983473362
1,2022-09-07,7186.76,7234.668582036589,Uji,7221.601208708378,7021.555448938672
1,2022-09-08,7232.02,7195.0527628982945,Uji,7182.282528786745,7019.927070325677
1,2022-09-09,7242.66,7227.9646554065675,Uji,7215.827567107768,7005.381512742104
1,2022-09-12,7254.46,7242.840649017191,Uji,7229.704234393928,7022.032365610663
1,2022-09-13,7318.02,7254.310957082606,Uji,7240.874871165847,7026.364073855942
1,2022-09-14,7278.08,7310.31041058074,Uji,7296.1904529119565,7033.433632381028
1,2022-09-15,7305.6,7284.142493717771,Uji,7269.001265058616,7054.353482391903
1,2022-09-16,7168.87,7302.6631165243225,Uji,7288.146720025641,7041.3165783882805
1,2022-09-19,7195.49,7188.921592048494,Uji,7174.794882174816,7045.013368367024
1,2022-09-20,7196.95,7194.368047120659,Uji,7182.851191042748,6997.349047597707
1,2022-09-21,7188.31,7199.003435781091,Uji,7186.932223681299,7006.927008040013
1,2022-09-22,7218.91,7191.780644406168,Uji,7179.739732825842,7007.060912703338
1,2022-09-23,7178.58,7216.920453671308,Uji,7204.84308018455,7005.346992094578
1,2022-09-26,7127.5,7186.228854937641,Uji,7173.806781390991,7014.471373173061
1,2022-09-27,7112.45,7137.304066319546,Uji,7126.062278188546,6997.76709348327
1,2022-09-28,7077.03,7117.90696511634,Uji,7107.81427565463,6978.838595299779
1,2022-09-29,7036.2,7085.623154267146,Uji,7076.084820827317,6971.870826263485
1,2022-09-30,7040.8,7046.111403486796,Uji,7037.5815540493195,6957.381185376699
1,2022-10-03,7009.72,7044.866043696471,Uji,7037.13882041461,6942.9974275029235
1,2022-10-04,7072.26,7018.801140159432,Uji,7011.196384993854,6943.246119649463
1,2022-10-05,7075.38,7068.475761131119,Uji,7061.070786827872,6934.947153418116
1,2022-10-06,7076.62,7079.10006012447,Uji,7070.394864366125,6957.435203015859
1,2022-10-07,7026.78,7080.559886822773,Uji,7071.7822736669295,6958.605782136972
1,2022-10-10,6994.4,7037.982086403436,Uji,7029.526258012122,6956.811805698926
1,2022-10-11,6939.15,7003.882945268216,Uji,6996.671548239053,6936.858365013652
1,2022-10-12,6909.21,6952.393120614344,Uji,6946.228484149033,6912.852504158069
1,2022-10-13,6880.63,6919.69856470113,Uji,6914.871962038327,6889.442799692795
1,2022-10-14,6814.53,6891.387075991676,Uji,6887.371624143168,6873.386246358199
1,2022-10-17,6831.12,6831.0769304860005,Uji,6828.106129137314,6847.468540887872
1,2022-10-18,6834.49,6836.900496201553,Uji,6835.165474952497,6833.760214510002
1,2022-10-19,6860.42,6841.898773673812,Uji,6839.801095719972,6839.256150583663
1,2022-10-20,6980.65,6864.560819151443,Uji,6862.213626126092,6847.260108763019
1,2022-10-21,7017.77,6970.948010860739,Uji,6967.233369740304,6877.484286112829
1,2022-10-24,7053.04,7018.058313218418,Uji,7011.627175666156,6922.113448580553
1,2022-10-25,7048.38,7053.01874028928,Uji,7045.58304345376,6936.960998528056
1,2022-10-26,7043.94,7053.505954073736,Uji,7045.381701144047,6949.355261430794
1,2022-10-27,7091.76,7049.106597175666,Uji,7041.108526074953,6947.490766652876
1,2022-10-28,7056.04,7089.545510090663,Uji,7081.30516143806,6948.050566639954
1,2022-10-31,7098.89,7064.995505923102,Uji,7056.026298953363,6963.535313723143
1,2022-11-01,7052.3,7097.1971086777,Uji,7088.659747412278,6952.694437757785
1,2022-11-02,7015.69,7062.6948609102465,Uji,7053.605971108744,6965.915297143515
1,2022-11-03,7034.57,7025.381839050119,Uji,7017.500370087687,6947.6234896803435
1,2022-11-04,7045.53,7036.91717928893,Uji,7029.652693048781,6935.38874761825
1,2022-11-07,7102.4,7048.71458948023,Uji,7040.987788211174,6942.627280070835
1,2022-11-08,7050.13,7098.870938069895,Uji,7090.5239889825125,6949.09631437307
1,2022-11-09,7070.08,7061.280358387301,Uji,7052.134834467241,6967.072118647155
1,2022-11-10,6966.84,7071.742773268294,Uji,7063.526859157155,6949.289427433067
1,2022-11-11,7089.21,6985.755216383993,Uji,6977.850536717234,6941.284182114654
1,2022-11-14,7019.39,7077.559333571267,Uji,7070.912969487977,6920.358360622575
1,2022-11-15,7035.5,7033.245794481105,Uji,7024.584023840492,6960.898240101393
1,2022-11-16,7014.38,7038.18490575797,Uji,7030.838338027065,6936.752650805764
1,2022-11-17,7044.99,7022.1231827665015,Uji,7014.594305503431,6941.561444528155
1,2022-11-18,7082.18,7045.68533935792,Uji,7038.375064728326,6935.388325605444
1,2022-11-21,7063.25,7081.464597876145,Uji,7073.269488996339,6947.995789377743
1,2022-11-22,7030.59,7069.960064572167,Uji,7061.136536423037,6960.435587462242
1,2022-11-23,7054.12,7039.549610769815,Uji,7031.340533266132,6952.20519831186
1,2022-11-24,7080.52,7055.574238835642,Uji,7047.868960219689,6941.590605613046
1,2022-11-25,7053.15,7081.201683898044,Uji,7072.831524106336,6951.183758516366
1,2022-11-28,7017.36,7061.0888067746855,Uji,7052.369473587342,6959.389080106075
1,2022-11-29,7012.07,7026.92180598027,Uji,7019.011302536789,6948.0022039723935
1,2022-11-30,7081.31,7017.836798696581,Uji,7010.694864975277,6934.975554879956
1,2022-12-01,7020.8,7076.534391069484,Uji,7069.018342995714,6936.19310402637
1,2022-12-02,7019.64,7033.450639497107,Uji,7024.940540258949,6958.219345010574
1,2022-12-05,6987.33,7024.764940730398,Uji,7017.500032477442,6936.544598492435
1,2022-12-06,6892.57,6996.913277174295,Uji,6989.897018866598,6932.959810712389
1,2022-12-07,6818.75,6911.554434968281,Uji,6905.858718032288,6898.194100350188
1,2022-12-08,6804.23,6836.212995139398,Uji,6832.968708391823,6851.913665074746
1,2022-12-09,6715.12,6814.379993819033,Uji,6812.745960234438,6827.588150619305
1,2022-12-12,6734.45,6736.126939937496,Uji,6735.410446595573,6799.271428951058
1,2022-12-13,6810.32,6741.375249446953,Uji,6742.345847249651,6779.96299263838
1,2022-12-14,6801.75,6808.887032935653,Uji,6808.934002960954,6805.994451660547
1,2022-12-15,6751.86,6811.182022976909,Uji,6809.737620846663,6824.586035920418
1,2022-12-16,6812.19,6767.314488120704,Uji,6766.392791051892,6808.610783352886
1,2022-12-19,6779.7,6812.703336941038,Uji,6812.381362270748,6811.307381880913
1,2022-12-20,6768.32,6792.512893863948,Uji,6791.183848934205,6819.086154027021
1,2022-12-21,6820.66,6778.625507452518,Uji,6778.039943583637,6807.018676740561
1,2022-12-22,6824.43,6822.0580737096425,Uji,6821.340609738267,6818.158886389171
1,2022-12-23,6800.67,6831.943259474672,Uji,6830.129553937949,6833.626056638994
1,2022-12-26,6835.81,6812.049406997596,Uji,6810.324070942436,6828.183779493607
1,2022-12-27,6923.03,6839.1602692741535,Uji,6837.675923631825,6831.216279114522
1,2022-12-28,6850.52,6918.413620109607,Uji,6915.603436834861,6864.705611745161
1,2022-12-29,6860.08,6867.325825955314,Uji,6863.237555797142,6868.983977571768
1,2022-12-30,6850.62,6866.306728330893,Uji,6863.634226734084,6851.589411535303
1,2023-01-02,6850.98,6859.410363861363,Uji,6856.608346534412,6851.645750244896
1,2023-01-03,6888.76,6858.516667342227,Uji,6855.905505306761,6849.134309835474
1,2023-01-04,6813.24,6890.956918338583,Uji,6888.075288295791,6859.540850220959
1,2023-01-05,6653.84,6831.004175478257,Uji,6827.876153258718,6849.359369264881
1,2023-01-06,6684.56,6684.727520976977,Uji,6684.253642797188,6785.038392950923
1,2023-01-09,6688.27,6690.808071390706,Uji,6693.378952303845,6749.447077835824
1,2023-01-10,6622.5,6697.893845757861,Uji,6699.810849479158,6758.9337358075645
1,2023-01-11,6584.45,6641.970818778883,Uji,6644.270076424639,6742.013670419778
1,2023-01-12,6629.93,6600.985167173152,Uji,6604.89401858688,6713.489329001328
1,2023-01-13,6641.83,6638.173827134529,Uji,6642.156963352422,6715.400719952306
1,2023-01-16,6688.06,6651.130110866738,Uji,6654.487417918903,6731.193525833511
1,2023-01-17,6767.34,6692.282626335937,Uji,6695.074652509707,6747.088849175598
1,2023-01-18,6765.79,6766.137388901739,Uji,6767.432124190359,6781.471308608086
1,2023-01-19,6819.91,6774.885144651561,Uji,6774.569901085525,6802.918801230226
1,2023-01-20,6874.93,6821.093415737188,Uji,6820.432923494613,6817.2563487017505
1,2023-01-24,6860.85,6875.149247056289,Uji,6872.999112910671,6847.196680238286
1,2023-01-25,6829.93,6870.069584414406,Uji,6866.8927142125785,6858.533252445501
1,2023-01-26,6864.82,6841.767569892445,Uji,6839.09390776042,6846.213453702369
1,2023-01-27,6898.98,6867.753979047579,Uji,6865.469412722629,6847.202588417569
1,2023-01-30,6872.48,6901.479216836738,Uji,6898.243433647202,6866.146996483845
1,2023-01-31,6839.34,6883.098596778556,Uji,6879.349055199071,6868.340682351036
1,2023-02-01,6862.26,6851.314427990953,Uji,6848.337423054019,6851.988994360606
1,2023-02-02,6890.57,6866.75496923272,Uji,6864.295858411235,6849.10000019435
1,2023-02-03,6911.73,6893.942637839959,Uji,6890.817738515184,6863.146358829778
1,2023-02-06,6873.79,6915.684632098723,Uji,6911.833638640691,6876.72894649212
1,2023-02-07,6935.3,6885.84246074085,Uji,6881.823126374527,6872.215308526202
1,2023-02-08,6940.12,6933.761930452637,Uji,6930.089828223041,6878.5304136574705
1,2023-02-09,6897.37,6945.713037707859,Uji,6940.749871701055,6896.813654260682
1,2023-02-10,6880.33,6909.669620273758,Uji,6904.905644311356,6886.480164291904
1,2023-02-13,6900.14,6889.624961520479,Uji,6885.853644080207,6870.0381866616435
1,2023-02-14,6941.85,6904.445207239437,Uji,6900.884305384206,6870.74212512259
1,2023-02-15,6914.54,6942.727465910964,Uji,6938.471002548985,6887.586344258831
1,2023-02-16,6895.66,6924.611933196833,Uji,6919.693015232731,6891.641802921341
1,2023-02-17,6895.71,6904.95208682065,Uji,6900.722948787855,6878.957110805555
1,2023-02-20,6894.72,6902.595208601402,Uji,6898.751705870675,6873.762470774694
1,2023-02-21,6873.4,6901.752681134986,Uji,6897.915065482901,6873.506182397647
1,2023-02-22,6809.97,6883.346001786038,Uji,6879.677127954407,6867.41649540667
1,2023-02-23,6839.45,6826.247985652126,Uji,6823.456771853006,6844.230014615097
1,2023-02-24,6856.58,6843.46344945375,Uji,6841.76366627399,6834.77488099996
1,2023-02-27,6854.78,6861.8986357677395,Uji,6859.476830878299,6847.580732992331
1,2023-02-28,6843.24,6862.53249900226,Uji,6859.773041666787,6851.81516728584
1,2023-03-01,6844.94,6852.408707196752,Uji,6849.766442817489,6848.170242680947
1,2023-03-02,6857.42,6852.399612820785,Uji,6849.981416140835,6845.450602253714
1,2023-03-03,6813.64,6863.316683198255,Uji,6860.776778025072,6849.324384403269
1,2023-03-06,6807.0,6827.363724209106,Uji,6824.8736165470245,6840.822978628912
1,2023-03-07,6766.76,6816.105625283157,Uji,6814.556817184722,6826.934199575222
1,2023-03-08,6776.37,6780.757832657725,Uji,6779.625002582103,6814.124106354152
1,2023-03-09,6799.79,6783.883259498507,Uji,6783.506169955761,6805.645236063633
1,2023-03-10,6765.3,6805.186233835254,Uji,6804.449568281207,6814.685784298216
1,2023-03-13,6786.96,6778.5895097601715,Uji,6777.614301467567,6811.736822112237
1,2023-03-14,6641.81,6792.7781078118405,Uji,6792.357086735996,6808.131672214304
1,2023-03-15,6628.14,6671.072104454651,Uji,6671.219260320082,6774.506704667836
1,2023-03-16,6565.73,6640.901596583436,Uji,6644.111378508966,6730.735821294509
1,2023-03-17,6678.24,6593.758830890659,Uji,6595.428271349672,6709.937954085191
1,2023-03-20,6612.49,6685.634563651101,Uji,6689.427256039994,6723.41663164439
1,2023-03-21,6691.61,6632.112873940477,Uji,6634.68689884902,6736.515814187848
1,2023-03-24,6762.25,6695.384336057025,Uji,6698.489854443687,6739.963574409807
1,2023-03-27,6708.93,6762.224169655469,Uji,6763.4817889178075,6781.061956186325
1,2023-03-28,6760.33,6725.483492113076,Uji,6725.6683337220775,6786.001974790723
1,2023-03-29,6839.44,6762.779327501682,Uji,6763.696213624505,6785.316056276591
1,2023-03-30,6808.95,6837.14545353476,Uji,6836.460526750721,6821.078349880016
1,2023-03-31,6805.28,6821.0569538307545,Uji,6818.967083113825,6834.583434890546
1,2023-04-03,6827.17,6814.034702941214,Uji,6812.593740215336,6825.171156675852
1,2023-04-04,6833.18,6832.337841448225,Uji,6830.819439372457,6830.130819976367
1,2023-04-05,6819.67,6840.273433553019,Uji,6838.265665427484,6837.809089772739
1,2023-04-06,6792.77,6829.4531518125905,Uji,6827.416602413691,6835.7812338376425
1,2023-04-10,6771.23,6804.670555287037,Uji,6803.0975447541805,6824.715403946078
1,2023-04-11,6811.31,6782.7819326788485,Uji,6781.908914787204,6811.418096940552
2,2022-01-05,6662.3,6703.958873452562,Latih,6705.923413788248,6751.015381473923
2,2022-01-06,6653.35,6680.430462501958,Latih,6680.331467040047,6724.868562415263
2,2022-01-07,6701.32,6666.733239195658,Latih,6668.687376656397,6718.639818621
2,2022-01-10,6691.12,6709.408051805515,Latih,6711.4120625320265,6764.339087761667
2,2022-01-11,6647.97,6700.7236353941435,Latih,6701.523804805445,6745.357293662452
2,2022-01-12,6647.06,6670.034302342101,Latih,6669.893549650474,6726.6439677228245
2,2022-01-13,6658.36,6661.317690826369,Latih,6663.355589366419,6714.484520259519
2,2022-01-14,6693.4,6671.361251817509,Latih,6673.399094307586,6722.9503417770775
2,2022-01-17,6645.05,6702.307439474779,Latih,6704.296462438571,6752.827835813488
2,2022-01-18,6614.06,6668.661055589183,Latih,6668.500517257167,6728.943204865924
2,2022-01-19,6591.98,6636.903269931162,Latih,6636.792789829829,6708.666802125592
2,2022-01-20,6626.87,6615.095464229739,Latih,6615.069126347533,6696.350212958621
2,2022-01-21,6726.37,6644.179290651689,Latih,6646.415662145327,6718.007339518239
2,2022-01-24,6655.17,6732.015247823618,Latih,6734.103333509289,6806.814340048464
2,2022-01-25,6568.17,6683.101232494578,Latih,6682.8627510704255,6746.145412329608
2,2022-01-26,6600.82,6609.231538498258,Latih,6608.905375299199,6728.966387134663
2,2022-01-27,6611.16,6615.570134634158,Latih,6614.424428350708,6703.12891908573
2,2022-01-28,6645.51,6630.110007626125,Latih,6632.320405562379,6695.799992795902
2,2022-01-31,6631.15,6660.457155594391,Latih,6662.622231522662,6727.431111120454
2,2022-02-02,6707.65,6648.210186098601,Latih,6649.279978298928,6703.711300722825
2,2022-02-03,6683.85,6715.337892304977,Latih,6717.4165615952215,6783.919719769983
2,2022-02-04,6731.39,6697.459385869818,Latih,6697.402080377656,6739.694990893029
2,2022-02-07,6804.94,6735.673629546486,Latih,6737.564150288128,6779.793163834541
2,2022-02-08,6789.52,6802.156161331268,Latih,6803.808761148484,6833.031356093024
2,2022-02-09,6834.61,6789.741921901733,Latih,6789.822656282514,6814.889078485999
2,2022-02-10,6823.64,6830.297216001188,Latih,6831.738843720888,6849.112608941235
2,2022-02-11,6815.61,6822.3107226407865,Latih,6822.379507167373,6839.2341375399
2,2022-02-14,6734.49,6813.719270714256,Latih,6813.801843534145,6833.654340330398
2,2022-02-15,6807.5,6756.211617509748,Latih,6755.968696927752,6776.788548994092
2,2022-02-16,6850.2,6804.620387174221,Latih,6806.25908659819,6834.0598730934025
2,2022-02-17,6835.12,6845.320917963125,Latih,6846.679838343002,6860.070199258366
2,2022-02-18,6892.82,6834.571743864751,Latih,6834.621067840791,6847.214712023177
2,2022-02-21,6902.96,6886.799086074276,Latih,6887.980059000594,6890.834639273925
2,2022-02-22,6861.99,6895.702691509172,Latih,6896.7269038716395,6896.2341797709905
2,2022-02-23,6920.06,6867.044340430538,Latih,6867.00932040755,6865.28307092611
2,2022-02-24,6817.82,6913.135376460897,Latih,6914.181963972495,6910.151208650515
2,2022-02-25,6888.17,6837.751862379944,Latih,6837.608352029658,6831.682883428072
2,2022-03-01,6921.44,6882.543234061641,Latih,6883.775571183009,6888.014563363833
2,2022-03-02,6868.4,6914.001326120244,Latih,6914.985541222142,6910.19790948783
2,2022-03-04,6928.33,6876.158178103309,Latih,6876.089012436908,6869.372073379795
2,2022-03-07,6869.07,6921.1639745608445,Latih,6922.173703610349,6916.081295769857
2,2022-03-08,6814.18,6878.261060981792,Latih,6878.176582462829,6869.613290042619
2,2022-03-09,6864.44,6823.181828897629,Latih,6823.154095371102,6830.88148091737
2,2022-03-10,6924.01,6859.2274991277245,Latih,6860.532656373719,6870.444757758717
2,2022-03-11,6922.6,6916.981615272509,Latih,6918.0119482920045,6913.006551203476
2,2022-03-14,6952.2,6917.566351008462,Latih,6917.5743101045955,6909.717673321114
2,2022-03-15,6918.19,6943.6636667311695,Latih,6944.48701841121,6931.857076266457
2,2022-03-16,6992.4,6920.785457884716,Latih,6920.719543116736,6905.368621413752
2,2022-03-17,6964.38,6983.361441087182,Latih,6984.085113495644,6962.018508254939
2,2022-03-18,6954.96,6964.891988579088,Latih,6964.801322143131,6938.324480844785
2,2022-03-21,6955.18,6951.298480142406,Latih,6951.260007441095,6932.3477153081185
2,2022-03-22,7000.82,6949.278797843507,Latih,6949.263059011153,6932.865617056538
2,2022-03-23,6996.12,6990.960920595583,Latih,6991.578815495429,6966.912298637682
2,2022-03-24,7049.69,6990.745195460376,Latih,6990.683136930522,6961.691579973751
2,2022-03-25,7002.53,7038.346643737022,Latih,7038.739800666038,7001.840085790812
2,2022-03-28,7049.6,7006.909200488388,Latih,7006.740691850244,6964.639449821763
2,2022-03-29,7011.69,7038.13706167883,Latih,7038.516049174729,7001.532259340344
2,2022-03-30,7053.19,7013.7857250279785,Latih,7013.631475502908,6971.477725859934
2,2022-03-31,7071.44,7041.501898484294,Latih,7041.850663834874,7003.867032166182
2,2022-04-01,7078.76,7059.609626888103,Latih,7059.538555522627,7013.483727774679
2,2022-04-04,7116.22,7069.355282273956,Latih,7069.252060644098,7016.455407651127
2,2022-04-05,7148.3,7102.348448566866,Latih,7102.375307713819,7042.0315034670275
2,2022-04-06,7104.22,7133.254403553681,Latih,7133.110018823819,7060.176987132496
2,2022-04-07,7127.37,7106.357142619563,Latih,7106.109984659624,7025.178801213564
2,2022-04-08,7210.83,7113.56265807934,Latih,7113.455983771159,7046.839739171331
2,2022-04-11,7203.79,7194.663426323021,Latih,7194.323584128106,7102.998628251028
2,2022-04-12,7214.78,7195.838502792204,Latih,7195.595425270284,7087.972347990344
2,2022-04-13,7262.78,7202.480648765649,Latih,7202.2711563874145,7096.582610287737
2,2022-04-14,7235.53,7244.207566655965,Latih,7243.53052782485,7129.16100678213
2,2022-04-18,7275.29,7231.7903005279,Latih,7231.472205722421,7104.132093220425
2,2022-04-19,7199.23,7256.143834337684,Latih,7255.386307745668,7135.497164744214
2,2022-04-20,7227.36,7207.359014195886,Latih,7206.955454391923,7076.728768292138
2,2022-04-21,7276.19,7210.895408758011,Latih,7210.716093685117,7106.017165904714
2,2022-04-22,7225.61,7257.184839271995,Latih,7256.443230872246,7137.117008957343
2,2022-04-25,7215.98,7227.431630445211,Latih,7227.066408822625,7095.510172528695
2,2022-04-26,7232.15,7208.446293987718,Latih,7208.1866705138345,7094.801611192893
2,2022-04-27,7196.76,7218.388079438297,Latih,7218.176165701238,7107.382543241454
2,2022-04-28,7228.91,7195.491037800992,Latih,7195.186350149001,7080.4387384099455
2,2022-05-09,6909.75,7211.489493629422,Latih,7211.318429112521,7107.409447228385
2,2022-05-10,6819.79,6978.624187068398,Latih,6977.886703946645,6947.586626745513
2,2022-05-11,6816.2,6836.843426841236,Latih,6836.727515497541,6833.539975965952
2,2022-05-12,6599.84,6813.270400112304,Latih,6813.363017087314,6834.239143326318
2,2022-05-13,6597.99,6668.12399596007,Latih,6667.343432829244,6810.931681368384
2,2022-05-17,6644.47,6618.432943043492,Latih,6620.650442511297,6688.042990444021
2,2022-05-18,6793.41,6659.718360903275,Latih,6661.929061509383,6733.808051042728
2,2022-05-19,6823.33,6792.16426720503,Latih,6793.255918894738,6870.019966225069
2,2022-05-20,6918.14,6819.108094456527,Latih,6820.571783445511,6840.549809760786
2,2022-05-23,6840.77,6911.972787925647,Latih,6913.111118032681,6910.17022080128
2,2022-05-24,6914.14,6854.587503021696,Latih,6854.483810572066,6848.879441054501
2,2022-05-25,6883.5,6907.701959360287,Latih,6908.812197220967,6906.530694289253
2,2022-05-27,7026.26,6885.834757502717,Latih,6885.806194436593,6880.913256013435
2,2022-05-30,7037.56,7017.3828777605895,Latih,7018.091887496174,6988.586195349153
2,2022-05-31,7148.97,7027.850860355558,Latih,7027.791940624179,6991.657419977245
2,2022-06-02,7148.72,7135.398920351939,Latih,7135.428694097476,7070.125902139612
2,2022-06-03,7182.96,7140.020576906877,Latih,7139.840095994549,7056.5284029448685
2,2022-06-06,7096.58,7166.796456019959,Latih,7166.484818171343,7080.742170542548
2,2022-06-07,7141.04,7108.645102508141,Latih,7108.303735753966,7015.336425994695
2,2022-06-08,7193.31,7126.470787448958,Latih,7126.390030648187,7057.41515835411
2,2022-06-09,7182.83,7177.1406354350665,Latih,7176.8179669518095,7088.977525782058
2,2022-06-10,7086.65,7175.991431633315,Latih,7175.757815346799,7075.278867596456
2,2022-06-13,6995.44,7101.137769154978,Latih,7100.781470688056,7007.549874097168
2,2022-06-14,7049.88,7010.144898156583,Latih,7009.877517366468,6955.774317088179
2,2022-06-15,7007.05,7038.546764559809,Latih,7038.940818288389,7002.007383749543
2,2022-06-16,7050.33,7010.356767053663,Latih,7010.194760212362,6968.005004066878
2,2022-06-17,6936.97,7038.771098970834,Latih,7039.138069352571,7001.907256078182
2,2022-06-20,6976.38,6957.691764236741,Latih,6957.421110128216,6914.427014453458
2,2022-06-21,7044.07,6967.220394128019,Latih,6967.945680775696,6949.359778844169
2,2022-06-22,6984.31,7033.18103340632,Latih,7033.633603306475,6998.387900707779
2,2022-06-23,6998.27,6991.886014186201,Latih,6991.702887715158,6951.255388923339
2,2022-06-24,7042.94,6988.534001614507,Latih,6988.514585903939,6963.915777413302
2,2022-06-27,7016.06,7031.654411507907,Latih,7032.061110110345,6996.7227681166505
2,2022-06-28,6996.46,7015.531210860074,Latih,7015.3995158440475,6974.988561634475
2,2022-06-29,6942.35,6994.536774338541,Latih,6994.438978346047,6961.373036768489
2,2022-06-30,6911.58,6949.245571419648,Latih,6949.111320524863,6921.734002783942
2,2022-07-01,6794.33,6913.523107752548,Latih,6913.47046561812,6900.806288149997
2,2022-07-04,6639.17,6818.152106120918,Latih,6817.937479565177,6817.7836560199
2,2022-07-05,6703.27,6688.714312177913,Latih,6688.1685535930255,6790.533257837325
2,2022-07-06,6646.41,6711.337549698223,Latih,6713.389841871281,6774.559015597132
2,2022-07-07,6652.59,6671.889960000678,Latih,6671.699446143224,6734.604689305745
2,2022-07-08,6740.22,6666.248406931175,Latih,6668.290116869373,6718.669390586635
2,2022-07-11,6722.15,6743.949542546296,Latih,6745.945156986886,6807.273748045298
2,2022-07-12,6718.29,6730.269336011729,Latih,6730.2475774122995,6767.050135264722
2,2022-07-13,6640.99,6723.508756445816,Latih,6725.271090899727,6764.848425074246
2,2022-07-14,6690.09,6671.896181547656,Latih,6671.630269266828,6745.516161705279
2,2022-07-15,6651.9,6699.6124334739325,Latih,6701.662169768232,6759.120633516635
2,2022-07-18,6659.25,6672.365420709713,Latih,6672.243982838704,6724.804945696166
2,2022-07-19,6736.09,6672.083511766657,Latih,6674.1044495849455,6723.4326966327635
2,2022-07-20,6874.74,6740.190181192481,Latih,6742.164025823646,6798.96205274287
2,2022-07-21,6864.13,6870.850963121395,Latih,6872.302836776118,6906.611675289914
2,2022-07-22,6886.96,6862.108983387987,Latih,6862.144406970779,6867.939480915706
2,2022-07-25,6858.41,6880.47705270533,Latih,6881.609037955445,6885.372816047115
2,2022-07-26,6871.54,6860.63679722313,Latih,6860.634353444318,6863.21258493189
2,2022-07-27,6898.22,6865.389543454388,Latih,6866.576367997865,6874.081750811975
2,2022-07-28,6956.82,6891.433230563147,Latih,6892.51797689621,6893.4963852209285
2,2022-07-29,6951.12,6948.6764175761255,Latih,6949.541739475778,6936.219781947185
2,2022-08-01,6968.78,6946.653192918948,Latih,6946.626827011755,6929.766322602082
2,2022-08-02,6988.16,6959.464109215789,Latih,6960.178410068803,6943.157602737
2,2022-08-03,7046.63,6978.228608780558,Latih,6978.850628958399,6956.955177914552
2,2022-08-04,7057.35,7035.4813691288855,Latih,7035.9006229252245,6999.85569255477
2,2022-08-05,7084.65,7047.4781707812,Latih,7047.401090858642,7004.322247625052
2,2022-08-08,7086.85,7071.642255683013,Latih,7071.803096684881,7022.312854005755
2,2022-08-09,7102.88,7078.51156098611,Latih,7078.38928236551,7020.577995248497
2,2022-08-10,7086.24,7091.092313674759,Latih,7090.989405924748,7031.63495095736
2,2022-08-11,7160.38,7082.281437314818,Latih,7082.114767115781,7017.951089964569
2,2022-08-12,7129.28,7145.724222136218,Latih,7145.613960629779,7072.320550033518
2,2022-08-15,7093.28,7128.0294699317965,Latih,7127.79208708711,7041.423428522412
2,2022-08-16,7133.45,7093.707022484611,Latih,7093.488337910841,7019.743164534033
2,2022-08-18,7186.56,7119.053537612035,Latih,7119.000940317585,7052.451866005128
2,2022-08-19,7172.43,7170.63215743669,Latih,7170.344867696247,7085.124291933844
2,2022-08-22,7107.98,7166.594407078108,Latih,7166.360880471548,7068.746489889689
2,2022-08-23,7163.27,7114.786296244933,Latih,7114.4874826300875,7024.927697335543
2,2022-08-24,7194.71,7148.161947552044,Latih,7147.995142833072,7071.742921434112
2,2022-08-25,7174.21,7178.100749048673,Latih,7177.824086383067,7087.288448642562
2,2022-08-26,7135.25,7169.825486228547,Latih,7169.57527915009,7069.021852195926
2,2022-08-29,7132.04,7135.733247229533,Latih,7135.472054356413,7043.974061003391
2,2022-08-30,7159.47,7124.277843474224,Latih,7124.104447278455,7046.4000831849025
2,2022-08-31,7178.59,7144.187556082684,Latih,7144.063932262736,7066.160568345852
2,2022-09-01,7153.1,7164.948241797765,Latih,7164.788656315288,7076.360632070967
2,2022-09-02,7177.18,7150.190194286782,Latih,7149.945950925428,7056.0537717754305
2,2022-09-05,7231.88,7162.408729631385,Latih,7162.262147742589,7076.132127541968
2,2022-09-06,7233.15,7214.467047543017,Latih,7213.958337990132,7111.865823623611
2,2022-09-07,7186.76,7222.829613800733,Latih,7222.581469361274,7106.173388388825
2,2022-09-08,7232.02,7188.193151986086,Latih,7187.870797382676,7073.25532905943
2,2022-09-09,7242.66,7214.424270203796,Latih,7213.893768421498,7110.810694096161
2,2022-09-12,7254.46,7230.023112146347,Latih,7229.789181979983,7112.873512454105
2,2022-09-13,7318.02,7241.3767291511,Latih,7241.135624588222,7119.926078748181
2,2022-09-14,7278.08,7297.894338056543,Latih,7296.9779434217,7163.396913071354
2,2022-09-15,7305.6,7276.645031098818,Latih,7276.260842165446,7127.5305803341425
2,2022-09-16,7168.87,7288.101600693561,Latih,7287.854711773492,7151.779278274853
2,2022-09-19,7195.49,7191.529874125206,Latih,7191.007533218944,7046.475773068134
2,2022-09-20,7196.95,7179.854350916825,Latih,7179.698487152539,7087.164735142658
2,2022-09-21,7188.31,7187.12936834284,Latih,7186.912253168308,7084.989144239495
2,2022-09-22,7218.91,7180.962257098638,Latih,7180.72841661223,7078.710829849311
2,2022-09-23,7178.58,7201.999336439456,Latih,7201.832980120267,7101.36443524487
2,2022-09-26,7127.5,7178.730212662898,Latih,7178.429067369185,7069.193185752697
2,2022-09-27,7112.45,7130.9113353318735,Latih,7130.627901829556,7037.973799318138
2,2022-09-28,7077.03,7107.728842393232,Latih,7107.543787803126,7033.497289772692
2,2022-09-29,7036.2,7077.566513605186,Latih,7077.363029784033,7010.293228804529
2,2022-09-30,7040.8,7038.604922011557,Latih,7038.423051059905,6985.721952060517
2,2022-10-03,7009.72,7032.596499450269,Latih,7032.518881447973,6993.701764264164
2,2022-10-04,7072.26,7010.260764660298,Latih,7010.1245408064715,6970.3381626535
2,2022-10-05,7075.38,7060.331371177501,Latih,7060.632516471213,7018.170402298034
2,2022-10-06,7076.62,7067.000421137876,Latih,7066.890069951482,7013.969255058825
2,2022-10-07,7026.78,7068.657930932708,Latih,7068.5420644289925,7014.469265655935
2,2022-10-10,6994.4,7031.4166699433945,Latih,7031.221257318321,6979.117964908535
2,2022-10-11,6939.15,6995.472539843974,Latih,6995.346091105399,6959.433438670688
2,2022-10-12,6909.21,6946.358101022294,Latih,6946.2238949674875,6919.423667746233
2,2022-10-13,6880.63,6910.996150780068,Latih,6910.94752182369,6899.158037810668
2,2022-10-14,6814.53,6882.529983848078,Latih,6882.508707278413,6878.956865343791
2,2022-10-17,6831.12,6826.127187706863,Latih,6826.072482933437,6830.708555541371
2,2022-10-18,6834.49,6826.386138581072,Latih,6827.781356923317,6845.569398702421
2,2022-10-19,6860.42,6829.670980865394,Latih,6830.742925384676,6847.461062863506
2,2022-10-20,6980.65,6854.88281911824,Latih,6856.153472000995,6866.682571486274
2,2022-10-21,7017.77,6972.872607902343,Latih,6973.757614552433,6955.420305460148
2,2022-10-24,7053.04,7007.1834417951695,Latih,7007.698204745113,6978.603381318505
2,2022-10-25,7048.38,7041.239360411827,Latih,7041.574853128855,7003.526831251441
2,2022-10-26,7043.94,7042.2108633799,Latih,7042.104771991436,6997.2145729977465
2,2022-10-27,7091.76,7037.7865475691,Latih,7037.684715978566,6994.639951128421
2,2022-10-28,7056.04,7078.901668796608,Latih,7079.073092033335,7028.950067581596
2,2022-10-31,7098.89,7056.96142261452,Latih,7056.774933145111,6997.960441195426
2,2022-11-01,7052.3,7085.699499174426,Latih,7085.824468193719,7032.528342683378
2,2022-11-02,7015.69,7055.7993945789985,Latih,7055.590171240633,6994.4599634558535
2,2022-11-03,7034.57,7017.424040860594,Latih,7017.269477455676,6974.214802970345
2,2022-11-04,7045.53,7023.147281160415,Latih,7023.468156044544,6989.823285508212
2,2022-11-07,7102.4,7035.780003383818,Latih,7035.713505696121,6997.29223584002
2,2022-11-08,7050.13,7089.356782317827,Latih,7089.49560689039,7036.273557024065
2,2022-11-09,7070.08,7054.979630097216,Latih,7054.758748364514,6992.504492005763
2,2022-11-10,6966.84,7057.875620090431,Latih,7057.809839842385,7012.891840062201
2,2022-11-11,7089.21,6984.765335965212,Latih,6984.4935160172545,6936.613925355722
2,2022-11-14,7019.39,7077.843624670574,Latih,7078.1945423401085,7032.427945972147
2,2022-11-15,7035.5,7028.772859987678,Latih,7028.5361945826435,6972.381789500768
2,2022-11-16,7014.38,7024.705918803276,Latih,7024.660182025494,6990.378225078639
2,2022-11-17,7044.99,7012.540204953015,Latih,7012.423665849626,6974.014323427731
2,2022-11-18,7082.18,7033.370527154269,Latih,7033.735659096899,6997.647502987442
2,2022-11-21,7063.25,7069.441375032135,Latih,7069.636608297296,7022.0571764499555
2,2022-11-22,7030.59,7060.168019136852,Latih,7060.0154286909765,7004.206919201075
2,2022-11-23,7054.12,7031.183860776487,Latih,7031.026158573093,6983.4195985389315
2,2022-11-24,7080.52,7042.061770452325,Latih,7042.365695824687,7003.851293333827
2,2022-11-25,7053.15,7067.633292590446,Latih,7067.812562823363,7019.784865713776
2,2022-11-28,7017.36,7052.177714378303,Latih,7052.013510378068,6997.273268529234
2,2022-11-29,7012.07,7018.878694593966,Latih,7018.724758948744,6975.291948927099
2,2022-11-30,7081.31,7006.592495722233,Latih,7006.51559515959,6972.971883614117
2,2022-12-01,7020.8,7069.205247706838,Latih,7069.476439895101,7024.83492342061
2,2022-12-02,7019.64,7028.00179172224,Latih,7027.786066587033,6974.329324274713
2,2022-12-05,6987.33,7013.090615685642,Latih,7013.01716780132,6978.491146853025
2,2022-12-06,6892.57,6988.492479794678,Latih,6988.372174133118,6954.426113463096
2,2022-12-07,6818.75,6909.643709777043,Latih,6909.4548213687995,6884.9327565008825
2,2022-12-08,6804.23,6832.07473999772,Latih,6831.998086054957,6833.409043229556
2,2022-12-09,6715.12,6804.0158321678955,Latih,6804.092598210605,6825.346613366042
2,2022-12-12,6734.45,6740.824296954446,Latih,6740.54512325006,6775.717949674157
2,2022-12-13,6810.32,6737.952150619649,Latih,6739.73410256403,6777.170428668586
2,2022-12-14,6801.75,6807.400062263938,Latih,6809.031161311599,6837.1637188056475
2,2022-12-15,6751.86,6800.192753205032,Latih,6800.285773739845,6823.812637711201
2,2022-12-16,6812.19,6764.3102108156945,Latih,6764.18602649602,6786.90828189823
2,2022-12-19,6779.7,6808.914330748352,Latih,6810.501352097424,6833.7977161607505
2,2022-12-20,6768.32,6785.02475619319,Latih,6784.973862817912,6807.289509297641
2,2022-12-21,6820.66,6769.872654953626,Latih,6769.892989883748,6800.018123909862
2,2022-12-22,6824.43,6816.950394704673,Latih,6818.477509842846,6839.499679890907
2,2022-12-23,6800.67,6819.677898479734,Latih,6821.0776008198,6840.34737967912
2,2022-12-26,6835.81,6802.652921029957,Latih,6802.710674921902,6822.47698928002
2,2022-12-27,6923.03,6831.269369148945,Latih,6832.682792522347,6849.58934758965
2,2022-12-28,6850.52,6916.55608387922,Latih,6917.653161206292,6913.350361736463
2,2022-12-29,6860.08,6863.06360410426,Latih,6862.963229813019,6855.970928449669
2,2022-12-30,6850.62,6854.245306727925,Latih,6855.481051687637,6865.826935021917
2,2023-01-02,6850.98,6848.535114861765,Latih,6848.584707877673,6858.4092816251905
2,2023-01-03,6888.76,6846.611547056175,Latih,6846.684232660868,6859.03309540216
2,2023-01-04,6813.24,6882.49895458315,Latih,6883.655467301352,6887.209685754819
2,2023-01-05,6653.84,6827.041900842522,Latih,6826.965852239465,6829.440727577245
2,2023-01-06,6684.56,6702.805589212793,Latih,6702.250403022486,6797.172578892142
2,2023-01-09,6688.27,6694.52361160593,Latih,6696.530682660954,6745.748051652634
2,2023-01-10,6622.5,6697.386812365073,Latih,6699.287074591982,6743.860053159767
2,2023-01-11,6584.45,6652.670429941949,Latih,6652.438590439569,6732.696434352718
2,2023-01-12,6629.93,6612.1606260003955,Latih,6612.013222979499,6703.856212322432
2,2023-01-13,6641.83,6644.849850105951,Latih,6644.236181374054,6725.646311837456
2,2023-01-16,6688.06,6656.927677598906,Latih,6659.029170438063,6712.702557105144
2,2023-01-17,6767.34,6697.798678775,Latih,6699.846094600427,6756.423508826818
2,2023-01-18,6765.79,6767.5268963331255,Latih,6769.392732666758,6816.669449821148
2,2023-01-19,6819.91,6765.287341201034,Latih,6766.634289306727,6798.594409761459
2,2023-01-20,6874.93,6816.259074340496,Latih,6817.793857114944,6839.035048036611
2,2023-01-24,6860.85,6869.456641578715,Latih,6870.720389104824,6878.056859720987
2,2023-01-25,6829.93,6859.6832302463445,Latih,6859.713228191772,6865.48489566807
2,2023-01-26,6864.82,6833.13439836297,Latih,6833.150428655183,6842.942224378623
2,2023-01-27,6898.98,6859.304803250173,Latih,6860.573684953788,6870.136908888261
2,2023-01-30,6872.48,6892.309000177725,Latih,6893.4066604245145,6894.315790982886
2,2023-01-31,6839.34,6874.019849222045,Latih,6874.01043282662,6873.259789171259
2,2023-02-01,6862.26,6842.918122890331,Latih,6842.920880548991,6849.52693033997
2,2023-02-02,6890.57,6856.604517341891,Latih,6857.859341712335,6867.873386787813
2,2023-02-03,6911.73,6884.069766280098,Latih,6885.196101692957,6888.136662624521
2,2023-02-06,6873.79,6904.387388170407,Latih,6905.392790162013,6902.862515031144
2,2023-02-07,6935.3,6877.96417548601,Latih,6877.926397804361,6873.758499409001
2,2023-02-08,6940.12,6927.930753253747,Latih,6928.909430618334,6921.079697821783
2,2023-02-09,6897.37,6933.377868967701,Latih,6933.3858504838245,6922.366560356664
2,2023-02-10,6880.33,6902.305804281577,Latih,6902.2366610351655,6890.287053459926
2,2023-02-13,6900.14,6879.557317492109,Latih,6879.563774448973,6879.177612556558
2,2023-02-14,6941.85,6893.159435204609,Latih,6894.219295349761,6894.598977865322
2,2023-02-15,6914.54,6933.888192759801,Latih,6934.790036821712,6924.9776371282815
2,2023-02-16,6895.66,6915.635967526185,Latih,6915.589087328957,6903.03371406798
2,2023-02-17,6895.71,6895.0838998097615,Latih,6895.073026115044,6889.971604213161
2,2023-02-20,6894.72,6890.741573899133,Latih,6890.775697122557,6890.717831130667
2,2023-02-21,6873.4,6890.007745235605,Latih,6890.040186959846,6889.977254050417
2,2023-02-22,6809.97,6873.724331345599,Latih,6873.726483664554,6874.106188600104
2,2023-02-23,6839.45,6821.016237309609,Latih,6820.971733631228,6827.5775143823375
2,2023-02-24,6856.58,6834.680861951744,Latih,6836.063569940066,6851.956180999913
2,2023-02-27,6854.78,6851.005125061907,Latih,6852.275172604956,6863.631031608621
2,2023-02-28,6843.24,6850.85560615454,Latih,6850.919929103293,6861.644732673505
2,2023-03-01,6844.94,6841.7485168984895,Latih,6841.799432693757,6853.101573403515
2,2023-03-02,6857.42,6840.3514152771595,Latih,6840.756454800404,6854.803385096827
2,2023-03-03,6813.64,6851.729335550108,Latih,6852.9847652602575,6864.051675444285
2,2023-03-06,6807.0,6820.072535128031,Latih,6820.0716607484555,6830.916007700597
2,2023-03-07,6766.76,6804.916151670547,Latih,6805.009329145284,6827.605337588821
2,2023-03-08,6776.37,6775.316699129073,Latih,6775.232960469751,6797.828991333277
2,2023-03-09,6799.79,6774.440794994561,Latih,6776.033085041074,6806.510616456004
2,2023-03-10,6765.3,6796.232441488833,Latih,6797.798432888121,6823.62495998237
2,2023-03-13,6786.96,6772.652352463332,Latih,6772.5886348542845,6797.010347850949
2,2023-03-14,6641.81,6783.861808938115,Latih,6785.456139203637,6814.467336070868
2,2023-03-15,6628.14,6688.698494875596,Latih,6688.189673222766,6786.057308791607
2,2023-03-16,6565.73,6645.361563937377,Latih,6646.673441575105,6702.3553622015
2,2023-03-17,6678.24,6601.23050577492,Latih,6601.009318569866,6713.068047767599
2,2023-03-20,6612.49,6666.830059918625,Latih,6665.420750613225,6789.107884609729
2,2023-03-21,6691.61,6643.735845687102,Latih,6643.500155551593,6729.587992542705
2,2023-03-24,6762.25,6701.360710594672,Latih,6703.410514148939,6777.039966751961
2,2023-03-27,6708.93,6762.958868392136,Latih,6764.813898291018,6809.083041166397
2,2023-03-28,6760.33,6726.825098814837,Latih,6726.6718021393035,6756.358625378336
2,2023-03-29,6839.44,6761.012028637852,Latih,6762.807959445443,6797.104601485164
2,2023-03-30,6808.95,6835.607681881524,Latih,6837.1014809158805,6854.21546572242
2,2023-03-31,6805.28,6812.369833989772,Latih,6812.404562552902,6828.091582312619
2,2023-04-03,6827.17,6802.532974088223,Latih,6802.634671158822,6826.4980591667045
2,2023-04-04,6833.18,6822.66823178712,Latih,6824.094882954095,6842.969397405423
2,2023-04-05,6819.67,6828.177675070798,Latih,6829.53897196952,6846.631904406287
2,2023-04-06,6792.77,6818.989604814086,Latih,6819.055721361969,6836.325547512805
2,2023-04-10,6771.23,6795.600040856034,Latih,6795.6570100483605,6816.761013056669
2,2023-04-11,6811.31,6774.875115023581,Latih,6774.8602057308235,6801.698681453498
2,2023-04-14,6818.57,6785.756993037491,Uji,6785.777014087766,6812.188635637793
2,2023-04-17,6787.58,6814.564773343536,Uji,6816.05890867773,6837.291355803645
2,2023-04-18,6821.81,6791.699142110973,Uji,6791.656745911569,6812.929728377792
2,2023-04-26,6910.15,6817.720229870711,Uji,6819.201092571352,6839.634558545387
2,2023-04-27,6945.48,6904.127831956491,Uji,6905.291339711294,6904.265423429653
2,2023-04-28,6915.72,6937.276458453884,Uji,6938.1459728915,6927.310392155099
2,2023-05-02,6863.3,6917.366611325489,Uji,6917.312870611595,6903.777878346488
2,2023-05-03,6812.72,6870.990953533392,Uji,6870.927549804192,6865.781422444025
2,2023-05-04,6844.03,6820.743879281912,Uji,6820.727602369819,6830.008715581333
2,2023-05-05,6787.63,6839.14228284452,Uji,6840.506359821892,6855.27034862999
2,2023-05-08,6769.63,6797.762269445689,Uji,6797.628825670511,6812.011024484071
2,2023-05-09,6779.98,6772.609306084243,Uji,6772.606413905648,6800.6978307196805
2,2023-05-10,6811.9,6777.605129837421,Uji,6779.186568609206,6809.096493159863
2,2023-05-11,6755.94,6808.097951684924,Uji,6809.622847244176,6832.52544903878
2,2023-05-12,6707.76,6769.387665749219,Uji,6769.2433258593355,6789.571529984504
2,2023-05-15,6711.74,6724.563908393255,Uji,6724.428570128998,6755.722547867324
2,2023-05-16,6676.56,6717.895912172367,Uji,6719.709644451311,6760.501390965905
2,2023-05-17,6663.11,6693.651485239582,Uji,6693.550494398641,6734.101876209997
2,2023-05-19,6700.56,6676.5059106683875,Uji,6677.099648029967,6725.386934983453
2,2023-05-22,6729.65,6708.5967620796155,Uji,6710.567400652339,6757.940871269729
2,2023-05-23,6736.68,6733.8950966504435,Uji,6735.7285697297975,6774.135546842841
2,2023-05-24,6745.8,6739.728217316889,Uji,6741.459544925862,6778.288782565323
2,2023-05-25,6704.23,6747.725494692051,Uji,6749.430019204045,6784.829836807876
2,2023-05-26,6687.0,6719.8491976735195,Uji,6719.736167298426,6753.469338961864
2,2023-05-29,6681.1,6698.713335860687,Uji,6698.680793246495,6742.173823358887
2,2023-05-30,6636.42,6690.98794569345,Uji,6692.881851853447,6738.41841913315
2,2023-05-31,6633.26,6660.093043761266,Uji,6659.942246914518,6724.013755490502
2,2023-06-05,6633.44,6649.229370778512,Uji,6651.310949062344,6704.621137510854
2,2023-06-06,6618.92,6649.433392679404,Uji,6651.525799817976,6704.874091037977
2,2023-06-07,6619.75,6637.337786135086,Uji,6638.63761302867,6700.027046332526
2,2023-06-08,6666.33,6637.481789725134,Uji,6639.627438732842,6695.197556478547
2,2023-06-09,6694.02,6678.8184540750235,Uji,6680.948061580524,6745.278072630936
2,2023-06-12,6722.37,6702.746232291627,Uji,6704.707622618843,6748.958504413093
2,2023-06-13,6719.01,6727.524355855158,Uji,6729.382378822586,6768.94904108229
2,2023-06-14,6699.72,6724.144777906856,Uji,6725.906181931218,6765.377402297285
2,2023-06-15,6713.79,6710.548668751438,Uji,6710.5137384084055,6751.110072297925
2,2023-06-16,6698.55,6719.8282237737085,Uji,6721.669061819484,6762.332924716201
2,2023-06-19,6686.06,6708.5456445044465,Uji,6708.5247827045805,6750.4330558868
2,2023-06-20,6660.46,6696.752057633417,Uji,6697.0818780932,6741.685706566
2,2023-06-21,6702.63,6677.019687138811,Uji,6676.946743704244,6723.052879597268
2,2023-06-22,6652.26,6710.471353418995,Uji,6712.450522797574,6761.714267536726
2,2023-06-23,6639.73,6675.571501572295,Uji,6675.406535292431,6732.417283068321
2,2023-06-26,6664.67,6655.430891100999,Uji,6656.776112867531,6708.854053874631
2,2023-06-27,6661.88,6677.065154876724,Uji,6679.126437465415,6732.0662308788515
2,2023-07-03,6696.72,6674.239317029431,Uji,6676.215538179442,6724.915599552414
2,2023-07-04,6681.75,6705.205279117095,Uji,6707.1812200172435,6754.44707468691
2,2023-07-05,6718.98,6693.494545315819,Uji,6693.468056098686,6738.53845575484
2,2023-07-06,6757.33,6724.686882033518,Uji,6726.588141949943,6767.432351239052
2,2023-07-07,6716.46,6758.208274479832,Uji,6759.970463203814,6794.097722225815
2,2023-07-10,6731.04,6730.593674784175,Uji,6730.487964535526,6762.161972299244
2,2023-07-11,6796.92,6734.906383889191,Uji,6736.684715005331,6774.57569606903
2,2023-07-12,6808.21,6794.259549707204,Uji,6795.934793713422,6824.468556912576
2,2023-07-13,6810.21,6804.142101546558,Uji,6805.6391290593465,6829.136017505263
2,2023-07-14,6869.57,6806.0735387683235,Uji,6807.366230500373,6830.204442086255
2,2023-07-17,6867.14,6864.357685875634,Uji,6865.65777620409,6874.421637846868
2,2023-07-18,6830.2,6863.17610760961,Uji,6863.228458284179,6870.379582850377
2,2023-07-20,6864.19,6834.796930235362,Uji,6834.798409954643,6842.907495815492
2,2023-07-21,6880.8,6858.678881994227,Uji,6859.948884697297,6869.656672721546
2,2023-07-24,6899.4,6874.405629974644,Uji,6875.554295696657,6880.774162401003
2,2023-07-25,6917.71,6892.42134674315,Uji,6893.482148527844,6894.0291738421165
2,2023-07-26,6948.28,6910.113722428725,Uji,6911.083005817876,6906.99303930466
2,2023-07-27,6896.66,6939.893005702844,Uji,6940.737970252385,6929.115739358116
2,2023-07-28,6900.23,6903.664209001705,Uji,6903.574551465258,6889.450877546115
2,2023-07-31,6931.36,6894.377064813121,Uji,6894.415739294334,6894.052939030572
2,2023-08-01,6886.5,6923.549259622145,Uji,6924.479509810257,6917.147007532167
2,2023-08-02,6854.51,6892.088589264794,Uji,6892.023638556345,6882.505164920134
2,2023-08-03,6898.08,6857.59346306149,Uji,6857.586131725052,6860.319778577128
2,2023-08-04,6852.84,6891.61660365407,Uji,6892.739845108434,6894.031371001049
2,2023-08-07,6886.37,6859.0224010673555,Uji,6858.984937265554,6858.638907153645
2,2023-08-08,6868.81,6880.108692284268,Uji,6881.267514261347,6885.356494295043
2,2023-08-09,6875.11,6868.331001185517,Uji,6868.345955318253,6870.994832191508
2,2023-08-10,6893.28,6869.001067400019,Uji,6869.865111360292,6876.355048027676
2,2023-08-11,6879.98,6886.497828680617,Uji,6887.588045491023,6889.676288116617
2,2023-08-14,6910.17,6878.34491174106,Uji,6878.360583313447,6879.070019028824
2,2023-08-15,6915.1,6903.049923720107,Uji,6904.083238598153,6902.096110123441
2,2023-08-16,6900.54,6908.708213311479,Uji,6908.737561077223,6904.641137607143
2,2023-08-18,6859.91,6898.888415021643,Uji,6898.883661983951,6893.591894374534
2,2023-08-21,6866.03,6864.916728304068,Uji,6864.8842641598385,6863.821915395895
2,2023-08-22,6916.45,6860.0992555642515,Uji,6861.129969723562,6869.914054196517
2,2023-08-23,6921.41,6909.501723986015,Uji,6910.549096197234,6907.305842992709
2,2023-08-24,6899.39,6914.916442815708,Uji,6914.9405443040005,6909.113611554549
2,2023-08-25,6895.44,6899.486311291203,Uji,6899.464788101658,6892.4968124264915
2,2023-08-28,6921.73,6891.403568917556,Uji,6891.428432685478,6890.376329856558
2,2023-08-29,6957.83,6914.149880968081,Uji,6915.117079298245,6910.141299015329
2,2023-08-30,6966.66,6949.228128668121,Uji,6950.038073194674,6936.090687649896
2,2023-08-31,6953.26,6958.5889225209285,Uji,6958.583990123324,6941.323782147815
2,2023-09-01,6977.65,6950.547320827297,Uji,6950.500821769885,6930.993592805911
2,2023-09-04,6996.75,6968.1644998694,Uji,6968.849923776442,6949.695719960979
2,2023-09-05,6991.71,6986.5261570698585,Uji,6987.1048618287405,6963.031667562776
2,2023-09-06,6995.95,6986.480330612119,Uji,6986.421231520828,6958.553812817983
2,2023-09-07,6954.81,6988.503779469189,Uji,6988.463154448923,6961.906811869198
2,2023-09-08,6924.78,6958.509421239548,Uji,6958.395572534851,6931.050360218335
2,2023-09-11,6963.39,6926.3531483001,Uji,6926.291134610224,6910.187798072741
2,2023-09-12,6933.97,6954.649551074556,Uji,6955.437568851761,6940.124805970242
2,2023-09-13,6935.48,6935.263614251663,Uji,6935.195255704869,6916.72291101818
2,2023-09-14,6959.33,6929.575438814808,Uji,6929.579451992859,6918.954282854246
2,2023-09-15,6982.79,6950.44683443611,Uji,6951.221938299588,6936.693650836994
2,2023-09-18,6936.08,6973.115147344524,Uji,6973.772949824984,6953.303096208624
2,2023-09-19,6980.32,6941.352995393624,Uji,6941.241702567687,6917.568862047242
2,2023-09-20,7011.68,6971.119813153798,Uji,6971.836356005722,6952.333117799811
2,2023-09-21,6991.47,7001.18838154739,Uji,7001.720407888947,6974.0716289198945
2,2023-09-22,7016.84,6989.7631999374,Uji,6989.668184023556,6957.814087697319
2,2023-09-25,6998.38,7006.062801059543,Uji,7006.555906300007,6977.503187612946
2,2023-09-26,6923.8,6996.163434228359,Uji,6996.06675923532,6962.776393566781
2,2023-09-27,6937.83,6935.723044668485,Uji,6935.555791549732,6907.820605942652
2,2023-09-29,6939.89,6929.480288381029,Uji,6930.340139803338,6921.089674716937
2,2023-10-02,6961.46,6933.791607446719,Uji,6933.793221685935,6922.09994184618
2,2023-10-03,6940.89,6952.462615656904,Uji,6953.221935848049,6938.1173201454185
2,2023-10-04,6886.58,6940.026516737988,Uji,6939.9733813637995,6921.958830434727
2,2023-10-05,6874.83,6894.359689321562,Uji,6894.272184104069,6882.207023904962
2,2023-10-06,6888.52,6872.912682899873,Uji,6872.936403248351,6875.478874853295
2,2023-10-09,6891.46,6881.812432096643,Uji,6882.916235420448,6886.135050836844
2,2023-10-10,6922.19,6885.884933438344,Uji,6885.92954921667,6887.814711580915
2,2023-10-11,6931.75,6914.678297691392,Uji,6915.653141237842,6910.633978276001
2,2023-10-12,6935.15,6924.033979786682,Uji,6924.399246249247,6916.61343421136
2,2023-10-13,6926.78,6928.811970925677,Uji,6928.82071472143,6918.791424053358
2,2023-10-16,6896.29,6923.298200584101,Uji,6923.286048950004,6912.4183627892
2,2023-10-17,6939.62,6898.3978656599365,Uji,6898.358787618919,6889.982096768064
2,2023-10-18,6927.91,6931.763315872003,Uji,6932.679867446769,6923.45827930634
2,2023-10-19,6846.43,6925.186075767028,Uji,6925.165023397255,6913.093697701142
2,2023-10-20,6849.17,6861.116002070346,Uji,6860.997714207808,6852.735858541169
2,2023-10-23,6741.96,6844.276617290415,Uji,6844.8459729138385,6857.839858741799
2,2023-10-24,6806.76,6769.055154890743,Uji,6768.721635132757,6795.166438266665
2,2023-10-25,6834.39,6803.750200136931,Uji,6805.374192048045,6830.117766408359
2,2023-10-26,6714.52,6829.7551455045095,Uji,6831.1588161826485,6848.301139855423
2,2023-10-27,6758.79,6747.574776315266,Uji,6747.185094484562,6794.475768082172
2,2023-10-30,6735.89,6759.566746459926,Uji,6761.3438668966555,6795.354609235257
2,2023-10-31,6752.21,6743.670716351741,Uji,6743.637041528099,6776.60515348318
2,2023-11-01,6642.42,6753.426584042633,Uji,6755.132005354191,6789.642399570077
2,2023-11-02,6751.39,6680.867383249715,Uji,6680.485559625194,6765.967272210743
2,2023-11-03,6788.85,6754.007373860503,Uji,6756.034791055645,6825.279555178617
2,2023-11-06,6878.84,6785.9231027368005,Uji,6787.574805754452,6816.3998718721
2,2023-11-07,6843.79,6873.895709742348,Uji,6875.218332159859,6882.14063831721
2,2023-11-08,6804.11,6847.744361845888,Uji,6847.738801688589,6852.60851300303
2,2023-11-09,6838.23,6809.734521209928,Uji,6809.751493141684,6824.316840846275
2,2023-11-10,6809.26,6833.589187842047,Uji,6834.988352102375,6851.2659143752235
2,2023-11-13,6838.31,6812.322550232741,Uji,6812.360664214227,6828.3683570781695
2,2023-11-14,6862.06,6833.570893130934,Uji,6834.95828689698,6851.132246400156
2,2023-11-15,6958.21,6856.426861348191,Uji,6857.684510637262,6867.762811401526
2,2023-11-16,6958.01,6950.72842949932,Uji,6951.670921001486,6938.6147748637695
2,2023-11-17,6977.67,6952.163712362102,Uji,6952.144565691403,6934.855211730052
2,2023-11-20,6994.89,6968.094639183337,Uji,6968.769301495606,6949.532278240375
2,2023-11-21,6961.79,6984.692829720434,Uji,6985.276601396855,6961.64301827734
2,2023-11-22,6906.95,6963.519392005854,Uji,6963.418771094733,6936.298386429002
2,2023-11-23,7004.34,6914.546669935333,Uji,6914.440623386847,6896.621597182795
2,2023-11-24,7009.63,6995.339678988514,Uji,6996.05595280057,6971.349797402078
2,2023-11-27,7013.41,7001.734667002021,Uji,7001.685029146133,6971.640091421063
2,2023-11-28,7041.07,7005.808244503199,Uji,7005.751790970622,6974.26197462743
2,2023-11-29,7036.09,7029.525947421851,Uji,7029.903858758273,6994.758911590633
2,2023-11-30,7080.74,7030.17971430427,Uji,7030.083263511124,6989.976144993958
2,2023-12-01,7059.91,7068.19033963985,Uji,7068.409338093467,7022.112284783186
2,2023-12-04,7093.6,7057.31902144081,Uji,7057.164682235783,7002.021328982769
2,2023-12-05,7100.85,7080.413538342187,Uji,7080.5442020387145,7028.325805404844
2,2023-12-06,7087.4,7091.129710216592,Uji,7091.007566115926,7029.388019648852
3,2022-01-05,6662.3,6692.053186635988,Latih,6698.643945994395,6755.017596149768
3,2022-01-06,6653.35,6664.639839972569,Latih,6672.938172961487,6753.115719683642
3,2022-01-07,6701.32,6655.1413425466535,Latih,6668.908292019082,6744.621738659763
3,2022-01-10,6691.12,6696.525851153301,Latih,6703.734382101614,6760.8292384666465
3,2022-01-11,6647.97,6691.264372949169,Latih,6696.732978222685,6759.852668581035
3,2022-01-12,6647.06,6651.28732399882,Latih,6663.026463926298,6749.501112989509
3,2022-01-13,6658.36,6651.26165311129,Latih,6665.443103342367,6740.479421471977
3,2022-01-14,6693.4,6659.527359411058,Latih,6673.561740118577,6742.4559677118295
3,2022-01-17,6645.05,6689.697776210175,Latih,6697.733559916633,6754.082211784149
3,2022-01-18,6614.06,6648.844576505433,Latih,6660.783287965965,6749.409639433945
3,2022-01-19,6591.98,6627.405282559998,Latih,6642.12998594218,6733.563561061494
3,2022-01-20,6626.87,6612.850337730354,Latih,6628.594029617541,6722.9826153513995
3,2022-01-21,6726.37,6639.521061489517,Latih,6654.830528632638,6725.134261706195
3,2022-01-24,6655.17,6717.269789136519,Latih,6723.469667194804,6783.133136872082
3,2022-01-25,6568.17,6660.923132648033,Latih,6666.313985399319,6758.107093068983
3,2022-01-26,6600.82,6593.543252009156,Latih,6608.705890643602,6726.853919710836
3,2022-01-27,6611.16,6618.299034053541,Latih,6629.581607717805,6715.265520580133
3,2022-01-28,6645.51,6627.481331163057,Latih,6643.20497957998,6723.939478066584
3,2022-01-31,6631.15,6652.1244247371815,Latih,6666.953201708807,6732.635160522483
3,2022-02-02,6707.65,6639.810979973683,Latih,6654.278100100991,6736.929395556473
3,2022-02-03,6683.85,6700.524523470866,Latih,6709.823045803923,6767.8709983259705
3,2022-02-04,6731.39,6685.240346075461,Latih,6690.634763605015,6759.758908186581
3,2022-02-07,6804.94,6726.419913561664,Latih,6731.74266559603,6781.957342963247
3,2022-02-08,6789.52,6797.370278356106,Latih,6801.241919015379,6836.08863548789
3,2022-02-09,6834.61,6789.531555143923,Latih,6792.621029643148,6817.170110597942
3,2022-02-10,6823.64,6829.114068335925,Latih,6832.002323432898,6854.394579015412
3,2022-02-11,6815.61,6823.052196520601,Latih,6825.480079561208,6841.591397614814
3,2022-02-14,6734.49,6814.810832724008,Latih,6817.42605719361,6836.205331531203
3,2022-02-15,6807.5,6740.640957493507,Latih,6744.332857100093,6791.58901512447
3,2022-02-16,6850.2,6799.955639400215,Latih,6803.762015471192,6837.841744116283
3,2022-02-17,6835.12,6844.786582362689,Latih,6847.286523248293,6865.1521830296915
3,2022-02-18,6892.82,6834.826121061182,Latih,6836.986892351544,6849.299972790219
3,2022-02-21,6902.96,6885.905918548149,Latih,6887.564257882578,6896.513084435507
3,2022-02-22,6861.99,6900.0273280483925,Latih,6901.002664834604,6899.340200222179
3,2022-02-23,6920.06,6863.822251695732,Latih,6865.228590352575,6865.86787392203
3,2022-02-24,6817.82,6912.925637462781,Latih,6913.951934884237,6915.726858162032
3,2022-02-25,6888.17,6825.334484151934,Latih,6827.156623926793,6829.222087843453
3,2022-03-01,6921.44,6880.274398423773,Latih,6882.17056900267,6894.401771641119
3,2022-03-02,6868.4,6916.351344538676,Latih,6917.132793259071,6914.445219484614
3,2022-03-04,6928.33,6871.260374542515,Latih,6872.440002269487,6869.286047881584
3,2022-03-07,6869.07,6920.988717505979,Latih,6921.840968551981,6921.7262006277315
3,2022-03-08,6814.18,6872.476120871942,Latih,6873.592658749561,6869.193924146335
3,2022-03-09,6864.44,6817.531296622488,Latih,6819.803719458614,6830.951476123368
3,2022-03-10,6924.01,6858.320902028123,Latih,6860.565681017676,6875.861315027517
3,2022-03-11,6922.6,6916.727753735828,Latih,6917.677195434617,6918.649169222462
3,2022-03-14,6952.2,6920.569620649564,Latih,6921.052053975212,6912.118473014878
3,2022-03-15,6918.19,6947.2499233490735,Latih,6947.374040408781,6935.765328767945
3,2022-03-16,6992.4,6919.067705579149,Latih,6919.381383646773,6906.059381278203
3,2022-03-17,6964.38,6983.465649196562,Latih,6982.968328998144,6968.192569695765
3,2022-03-18,6954.96,6964.449373154097,Latih,6963.867126036936,6939.116646319975
3,2022-03-21,6955.18,6953.442189821057,Latih,6953.200098778657,6934.171491742183
3,2022-03-22,7000.82,6952.808780288748,Latih,6952.638747091345,6935.200120842506
3,2022-03-23,6996.12,6994.158638802228,Latih,6993.416940722523,6971.4677713847705
3,2022-03-24,7049.69,6993.9364567101575,Latih,6992.89105745798,6963.572930939847
3,2022-03-25,7002.53,7042.032534786526,Latih,7040.355654121105,7006.6348695016495
3,2022-03-28,7049.6,7004.060696032106,Latih,7002.547301927267,6964.236652297431
3,2022-03-29,7011.69,7042.5176585108675,Latih,7040.790915789667,7005.967022866069
3,2022-03-30,7053.19,7012.347796606481,Latih,7010.72073315686,6971.523014237935
3,2022-03-31,7071.44,7046.578322098319,Latih,7044.734008954231,7007.903213125526
3,2022-04-01,7078.76,7066.773082448311,Latih,7064.371453214951,7008.077550960838
3,2022-04-04,7116.22,7075.014984324643,Latih,7072.37709324605,7007.095645117818
3,2022-04-05,7148.3,7109.584769091679,Latih,7106.420994748545,7027.597200598779
3,2022-04-06,7104.22,7141.9465436513,Latih,7138.084835047202,7035.875960937205
3,2022-04-07,7127.37,7104.864374904704,Latih,7101.298341116977,6999.725656617938
3,2022-04-08,7210.83,7121.932264213636,Latih,7118.427167956306,7026.7670332420485
3,2022-04-11,7203.79,7199.62577703246,Latih,7194.826509323801,7070.451171341606
3,2022-04-12,7214.78,7200.559255699004,Latih,7195.2534755963925,7041.310386937324
3,2022-04-13,7262.78,7209.889199646797,Latih,7204.502124663677,7050.0693834424665
3,2022-04-14,7235.53,7254.328129099699,Latih,7248.254329850169,7075.88595606155
3,2022-04-18,7275.29,7233.8938784260445,Latih,7227.7793196363145,7045.074165028994
3,2022-04-19,7199.23,7267.490949545596,Latih,7261.096275411937,7077.283797542521
3,2022-04-20,7227.36,7202.1273097372905,Latih,7196.366717735613,7019.481433581174
3,2022-04-21,7276.19,7220.878312468616,Latih,7215.37034890422,7059.052938558525
3,2022-04-22,7225.61,7267.583857980464,Latih,7261.2427227807975,7080.26422121472
3,2022-04-25,7215.98,7226.095847494094,Latih,7219.99873145589,7035.126012301507
3,2022-04-26,7232.15,7212.904553662029,Latih,7207.329240450348,7044.293545848195
3,2022-04-27,7196.76,7226.696523842304,Latih,7220.995703531591,7056.9640233332575
3,2022-04-28,7228.91,7196.077455036128,Latih,7190.690245533073,7030.747209068599
3,2022-05-09,6909.75,7222.063612452833,Latih,7216.555873088328,7060.7284740246005
3,2022-05-10,6819.79,6935.8825180510175,Latih,6934.104702594627,6894.208399235054
3,2022-05-11,6816.2,6826.2072046479925,Latih,6828.0866050750365,6831.721871789133
3,2022-05-12,6599.84,6815.0047880497905,Latih,6817.64321720812,6837.023100633955
3,2022-05-13,6597.99,6618.757657350756,Latih,6624.126202212878,6765.93413546684
3,2022-05-17,6644.47,6617.909979982532,Latih,6633.8877645810035,6721.217411138883
3,2022-05-18,6793.41,6652.1071389255785,Latih,6667.147493334426,6729.735695430956
3,2022-05-19,6823.33,6779.87748541358,Latih,6784.788696127861,6834.9502157009
3,2022-05-20,6918.14,6819.129864265952,Latih,6822.1256232107025,6845.079342580475
3,2022-05-23,6840.77,6908.073884559617,Latih,6909.520467096911,6917.790797519433
3,2022-05-24,6914.14,6845.947691178657,Latih,6847.4985266653075,6847.631365100779
3,2022-05-25,6883.5,6905.820585974202,Latih,6907.141414792583,6912.978929776894
3,2022-05-27,7026.26,6884.2893252334425,Latih,6885.338311683876,6881.9456068319505
3,2022-05-30,7037.56,7011.593588172853,Latih,7011.006363818109,6998.422248131094
3,2022-05-31,7148.97,7033.7119835884005,Latih,7031.947261405649,6994.193883025107
3,2022-06-02,7148.72,7135.958074880318,Latih,7132.355092950539,7059.725403711862
3,2022-06-03,7182.96,7145.221565980392,Latih,7141.094584065157,7026.369840714993
3,2022-06-06,7096.58,7176.2063496489145,Latih,7171.653836340389,7047.196665397947
3,2022-06-07,7141.04,7101.009347457361,Latih,7097.263505356978,6984.869544074591
3,2022-06-08,7193.31,7133.63617112823,Latih,7130.020992724375,7037.329179791275
3,2022-06-09,7182.83,7184.900238505685,Latih,7180.279389070354,7055.758500518864
3,2022-06-10,7086.65,7180.029899431549,Latih,7175.124899054251,7033.829688531223
3,2022-06-13,6995.44,7092.005524671148,Latih,7088.38465159006,6978.918830565269
3,2022-06-14,7049.88,7000.907010684071,Latih,6999.188697878776,6952.345134913973
3,2022-06-15,7007.05,7042.144500212136,Latih,7040.470534145299,7006.8496529973145
3,2022-06-16,7050.33,7008.170638755619,Latih,7006.5993113989225,6967.810846961194
3,2022-06-17,6936.97,7043.578168835704,Latih,7041.80645161635,7006.128850347458
3,2022-06-20,6976.38,6944.747852564505,Latih,6944.048035024455,6912.087040190147
3,2022-06-21,7044.07,6970.416856815273,Latih,6970.124903717095,6953.675447387747
3,2022-06-22,6984.31,7035.29680777854,Latih,7033.748438490691,7003.9885933471305
3,2022-06-23,6998.27,6987.06437132841,Latih,6985.823155891355,6950.269043922475
3,2022-06-24,7042.94,6994.424181153236,Latih,6993.483034850416,6966.777689023072
3,2022-06-27,7016.06,7036.109980783525,Latih,7034.500270405474,7001.0517541337595
3,2022-06-28,6996.46,7015.716489650071,Latih,7014.087722281277,6975.598923417981
3,2022-06-29,6942.35,6995.591365786252,Latih,6994.4207733148905,6962.461796279602
3,2022-06-30,6911.58,6944.85842795079,Latih,6944.519034155657,6921.244417481767
3,2022-07-01,6794.33,6912.2112245098215,Latih,6912.685653899358,6901.700083435819
3,2022-07-04,6639.17,6803.313055189284,Latih,6805.495820488962,6822.721837981079
3,2022-07-05,6703.27,6652.440810018491,Latih,6657.4918934398265,6768.978792407837
3,2022-07-06,6646.41,6697.16920395078,Latih,6706.131527337152,6763.663887369659
3,2022-07-07,6652.59,6650.948546753388,Latih,6661.051487085682,6751.693731874401
3,2022-07-08,6740.22,6655.35871555106,Latih,6669.495381853892,6741.2181489031245
3,2022-07-11,6722.15,6731.974409813456,Latih,6737.500701718949,6791.806668378741
3,2022-07-12,6718.29,6722.802605258843,Latih,6727.371978399179,6773.768800660995
3,2022-07-13,6640.99,6717.709915942719,Latih,6722.635195200166,6769.324777679768
3,2022-07-14,6690.09,6647.367928762745,Latih,6656.304334641707,6753.735912632371
3,2022-07-15,6651.9,6685.283852064327,Latih,6696.60827824326,6753.026589016939
3,2022-07-18,6659.25,6654.75518065424,Latih,6665.900717740072,6750.042241846645
3,2022-07-19,6736.09,6659.935868427617,Latih,6673.852280757441,6743.618735606992
3,2022-07-20,6874.74,6728.738286165468,Latih,6734.250722517691,6787.921486046045
3,2022-07-21,6864.13,6861.463265281657,Latih,6864.370891249219,6891.291648331924
3,2022-07-22,6886.96,6863.265854826013,Latih,6864.869579066972,6870.126012773554
3,2022-07-25,6858.41,6883.002305758638,Latih,6884.405169317169,6889.2275520346
3,2022-07-26,6871.54,6859.166090777555,Latih,6860.744188970963,6864.47352995936
3,2022-07-27,6898.22,6868.532758667509,Latih,6870.173587990444,6877.49384895448
3,2022-07-28,6956.82,6893.854006467207,Latih,6895.057466642602,6897.502747594758
3,2022-07-29,6951.12,6949.385965391449,Latih,6949.559630627087,6941.6741841576
3,2022-08-01,6968.78,6949.29659931486,Latih,6949.162438100031,6931.805622391452
3,2022-08-02,6988.16,6964.785224590951,Latih,6964.475828741246,6946.354244784167
3,2022-08-03,7046.63,6983.896112987455,Latih,6983.204546003397,6960.152223521523
3,2022-08-04,7057.35,7038.57792834467,Latih,7036.982387399737,7004.934716887533
3,2022-08-05,7084.65,7053.433771848147,Latih,7051.260153904026,7001.518269267141
3,2022-08-08,7086.85,7079.103448698589,Latih,7076.503850961396,7014.8440830338595
3,2022-08-09,7102.88,7083.508707518647,Latih,7080.664911260077,7008.069076204954
3,2022-08-10,7086.24,7098.21944885261,Latih,7095.158044179749,7017.100923977554
3,2022-08-11,7160.38,7084.567603604267,Latih,7081.586686692307,7002.310995242058
3,2022-08-12,7129.28,7150.275883485157,Latih,7146.461436218101,7052.132470840281
3,2022-08-15,7093.28,7128.625796802119,Latih,7124.650956932977,7011.268453490793
3,2022-08-16,7133.45,7093.276289653848,Latih,7089.997814646433,6998.751194211302
3,2022-08-18,7186.56,7126.471146168784,Latih,7122.976946026161,7033.712521668139
3,2022-08-19,7172.43,7178.116712080918,Latih,7173.640426735363,7053.929477807348
3,2022-08-22,7107.98,7170.0152490163655,Latih,7165.293733829936,7029.55289624876
3,2022-08-23,7163.27,7110.402112214638,Latih,7106.597574582768,6994.858770222125
3,2022-08-24,7194.71,7154.774723339755,Latih,7150.791453554708,7047.404812576835
3,2022-08-25,7174.21,7188.132887055361,Latih,7183.318059874259,7049.981676445072
3,2022-08-26,7135.25,7172.347555643401,Latih,7167.5390957392065,7028.216664897861
3,2022-08-29,7132.04,7135.254445942121,Latih,7131.095268922523,7010.779966768086
3,2022-08-30,7159.47,7128.903984026984,Latih,7125.094155277684,7020.363480792702
3,2022-08-31,7178.59,7153.460149698336,Latih,7149.3333023030345,7037.930932298961
3,2022-09-01,7153.1,7173.199156509719,Latih,7168.615838136157,7041.344151440922
3,2022-09-02,7177.18,7151.806092581827,Latih,7147.389220207411,7020.250842767418
3,2022-09-05,7231.88,7171.359282523475,Latih,7166.844120916804,7042.388070973818
3,2022-09-06,7233.15,7223.022470547048,Latih,7217.633153565017,7068.364094555445
3,2022-09-07,7186.76,7229.007441799729,Latih,7223.1678865964095,7052.831346740788
3,2022-09-08,7232.02,7187.110176832162,Latih,7181.839820312343,7024.42019846207
3,2022-09-09,7242.66,7223.996080994098,Latih,7218.52892180988,7065.593791021175
3,2022-09-12,7254.46,7237.631828690261,Latih,7231.672461065143,7058.553421201175
3,2022-09-13,7318.02,7249.258027922602,Latih,7243.066792770119,7062.534090267486
3,2022-09-14,7278.08,7307.859260935882,Latih,7300.780687454441,7097.539943822693
3,2022-09-15,7305.6,7277.308528256512,Latih,7270.224125577902,7054.404333176678
3,2022-09-16,7168.87,7298.699753745296,Latih,7291.588760959603,7082.972780098984
3,2022-09-19,7195.49,7177.313134831272,Latih,7171.690963842354,6992.208234269676
3,2022-09-20,7196.95,7189.334194911801,Latih,7184.465201037013,7048.78543550617
3,2022-09-21,7188.31,7193.0091898466,Latih,7187.910615283334,7041.736590930287
3,2022-09-22,7218.91,7185.314156344615,Latih,7180.3118532145845,7036.064961445394
3,2022-09-23,7178.58,7212.261010294643,Latih,7206.945275716867,7057.186115745371
3,2022-09-26,7127.5,7178.4438645619975,Latih,7173.388739937625,7023.696974453391
3,2022-09-27,7112.45,7128.622478643731,Latih,7124.525360153988,7004.813514426409
3,2022-09-28,7077.03,7110.478788577391,Latih,7106.975127199365,7010.839559099138
3,2022-09-29,7036.2,7077.07318416483,Latih,7074.131188353964,6993.926502234993
3,2022-09-30,7040.8,7036.967904086772,Latih,7034.8170200116065,6979.7733460301715
3,2022-10-03,7009.72,7037.524682096306,Latih,7035.640506211582,6994.593138191161
3,2022-10-04,7072.26,7009.785998970925,Latih,7008.253368515431,6970.755353810841
3,2022-10-05,7075.38,7063.702395899958,Latih,7061.606754677958,7021.4192829198255
3,2022-10-06,7076.62,7072.026623976298,Latih,7069.42438068039,7004.814545745908
3,2022-10-07,7026.78,7073.4252725768765,Latih,7070.782852660484,7004.639938870727
3,2022-10-10,6994.4,7028.40113656825,Latih,7026.371141074361,6974.213054211194
3,2022-10-11,6939.15,6994.67344659215,Latih,6993.4434411496495,6959.8533650667
3,2022-10-12,6909.21,6941.778504366925,Latih,6941.495429584434,6918.888547446179
3,2022-10-13,6880.63,6909.782175629781,Latih,6910.311623672591,6900.107008689686
3,2022-10-14,6814.53,6881.254555507642,Latih,6882.378536821646,6880.112055282634
3,2022-10-17,6831.12,6818.870039012168,Latih,6821.046302515004,6830.181797897255
3,2022-10-18,6834.49,6828.051046972309,Latih,6830.611589088475,6849.354722403624
3,2022-10-19,6860.42,6832.569190437531,Latih,6834.889300590491,6850.528745133319
3,2022-10-20,6980.65,6856.348570746222,Latih,6858.369374044576,6870.826323553364
3,2022-10-21,7017.77,6968.108808616454,Latih,6968.356011416369,6964.194054318124
3,2022-10-24,7053.04,7011.759271892369,Latih,7010.603745653689,6982.616962928827
3,2022-10-25,7048.38,7046.979819263284,Latih,7045.0891864216965,7006.601777597724
3,2022-10-26,7043.94,7045.877338718836,Latih,7043.764792825047,6994.212850335894
3,2022-10-27,7091.76,7041.444682672087,Latih,7039.424596813385,6992.912760007438
3,2022-10-28,7056.04,7084.356766026685,Latih,7081.77483524091,7023.149971559109
3,2022-10-31,7098.89,7056.236405006713,Latih,7053.7208822286775,6987.384259733018
3,2022-11-01,7052.3,7091.883021850656,Latih,7089.115991634796,7023.865124371709
3,2022-11-02,7015.69,7053.4797776658,Latih,7050.954300412601,6983.0203433728775
3,2022-11-03,7034.57,7016.208698090971,Latih,7014.510249396027,6974.246415154988
3,2022-11-04,7045.53,7030.070080557527,Latih,7028.426515995921,6992.776132593808
3,2022-11-07,7102.4,7041.663950165574,Latih,7039.733633943263,6997.955105238018
3,2022-11-08,7050.13,7094.132643557858,Latih,7091.405207042764,7029.124808976712
3,2022-11-09,7070.08,7051.824913429683,Latih,7049.298673896854,6980.6736879528125
3,2022-11-10,6966.84,7065.271077697939,Latih,7062.91070124454,7008.165257958232
3,2022-11-11,7089.21,6973.543010416681,Latih,6972.313408533985,6934.0306045306215
3,2022-11-14,7019.39,7075.737625413605,Latih,7073.472623593875,7040.87539430863
3,2022-11-15,7035.5,7022.821742918552,Latih,7020.784079788388,6966.033300544673
3,2022-11-16,7014.38,7031.239282989564,Latih,7029.554734687867,6993.179737237749
3,2022-11-17,7044.99,7013.537490908563,Latih,7011.988807740867,6974.93838569885
3,2022-11-18,7082.18,7039.390339070025,Latih,7037.627141446534,7001.188516067325
3,2022-11-21,7063.25,7075.774169995852,Latih,7073.303576875993,7017.030794251621
3,2022-11-22,7030.59,7061.918796086377,Latih,7059.3892832351385,6994.565427084623
3,2022-11-23,7054.12,7030.669635906282,Latih,7028.698156583967,6980.464240414555
3,2022-11-24,7080.52,7049.091019957726,Latih,7047.0850586921615,7004.315790668188
3,2022-11-25,7053.15,7075.07793965406,Latih,7072.55551151938,7013.303650422155
3,2022-11-28,7017.36,7052.625800280636,Latih,7050.235560401743,6988.964599925336
3,2022-11-29,7012.07,7017.796212679804,Latih,7016.070142558277,6975.225675439293
3,2022-11-30,7081.31,7009.842317983567,Latih,7008.466448091924,6974.7470983517715
3,2022-12-01,7020.8,7072.151951715417,Latih,7069.878206099935,7026.314777221741
3,2022-12-02,7019.64,7023.400357997479,Latih,7021.4077590454235,6969.219584556871
3,2022-12-05,6987.33,7017.001513745845,Latih,7015.503903313339,6980.450115821417
3,2022-12-06,6892.57,6987.639937288817,Latih,6986.554899495896,6954.882943161182
3,2022-12-07,6818.75,6898.971951901063,Latih,6899.326680968747,6882.518572073621
3,2022-12-08,6804.23,6823.7469023031335,Latih,6825.775664697622,6832.452673754131
3,2022-12-09,6715.12,6804.073160080047,Latih,6806.869358701738,6827.606413748299
3,2022-12-12,6734.45,6722.0941448129915,Latih,6726.1182750281905,6785.547680019169
3,2022-12-13,6810.32,6731.722622125767,Latih,6736.682932616197,6781.554500598936
3,2022-12-14,6801.75,6802.526629231305,Latih,6806.296415880056,6840.086052286065
3,2022-12-15,6751.86,6801.082243852945,Latih,6803.976283307107,6826.399971714352
3,2022-12-16,6812.19,6755.145703967537,Latih,6758.730749906029,6792.072277989715
3,2022-12-19,6779.7,6805.629264264138,Latih,6809.196620831224,6839.993861290849
3,2022-12-20,6768.32,6781.2796315324595,Latih,6784.43416884008,6808.710353687437
3,2022-12-21,6820.66,6768.102484713521,Latih,6771.673271538941,6802.613013449342
3,2022-12-22,6824.43,6814.680527747307,Latih,6817.968486410115,6845.231933026351
3,2022-12-23,6800.67,6822.534563812052,Latih,6825.063359223638,6843.483487755693
3,2022-12-26,6835.81,6801.351373402209,Latih,6804.146899424227,6824.262965612445
3,2022-12-27,6923.03,6831.103304289614,Latih,6833.8618597495915,6854.337452883163
3,2022-12-28,6850.52,6913.538129145251,Latih,6914.792975935685,6920.530049368786
3,2022-12-29,6860.08,6855.209254159668,Latih,6856.59951768432,6854.93514737282
3,2022-12-30,6850.62,6857.457508247533,Latih,6859.304085810521,6869.103257710378
3,2023-01-02,6850.98,6849.73579495851,Latih,6851.624566941001,6860.720199582616
3,2023-01-03,6888.76,6849.225650526323,Latih,6851.185023054519,6861.863663867155
3,2023-01-04,6813.24,6883.471152570886,Latih,6885.020710118158,6891.849681860848
3,2023-01-05,6653.84,6818.420428550575,Latih,6820.548264876936,6828.41992305312
3,2023-01-06,6684.56,6667.396982973231,Latih,6672.11475402148,6775.664365900187
3,2023-01-09,6688.27,6681.265943396106,Latih,6691.753991881327,6748.861582800174
3,2023-01-10,6622.5,6687.202106332496,Latih,6692.996530097739,6755.8706094754
3,2023-01-11,6584.45,6631.448413715967,Latih,6645.075344751413,6744.041072151834
3,2023-01-12,6629.93,6606.965443704059,Latih,6622.627526830889,6723.271698690972
3,2023-01-13,6641.83,6642.1954074704,Latih,6653.254100728419,6724.176076211652
3,2023-01-16,6688.06,6648.357535872023,Latih,6662.996948010636,6735.779317375146
3,2023-01-17,6767.34,6683.498122351781,Latih,6695.1017446550895,6751.337489457453
3,2023-01-18,6765.79,6759.574010536398,Latih,6764.381932360854,6810.140345432791
3,2023-01-19,6819.91,6764.718882377174,Latih,6768.532455264654,6801.723051981659
3,2023-01-20,6874.93,6813.793054898414,Latih,6817.116751023862,6844.86532136444
3,2023-01-24,6860.85,6868.355954633395,Latih,6870.404513878267,6883.676945650917
3,2023-01-25,6829.93,6860.312357560733,Latih,6861.955496142546,6867.502627427916
3,2023-01-26,6864.82,6831.067544406986,Latih,6833.208563686942,6844.210881882347
3,2023-01-27,6898.98,6859.930365786294,Latih,6862.009214436451,6874.735719474297
3,2023-01-30,6872.48,6893.9482601014215,Latih,6895.195573775514,6898.7156914255465
3,2023-01-31,6839.34,6872.969943552058,Latih,6874.276939237158,6874.563556377929
3,2023-02-01,6862.26,6840.616957628167,Latih,6842.548148230053,6850.633625842371
3,2023-02-02,6890.57,6858.44351694856,Latih,6860.364080475608,6871.848742316704
3,2023-02-03,6911.73,6886.106129050893,Latih,6887.478792884094,6892.265415718897
3,2023-02-06,6873.79,6907.77034032707,Latih,6908.654024197803,6906.512466838107
3,2023-02-07,6935.3,6875.283170768362,Latih,6876.472551190596,6874.448833293658
3,2023-02-08,6940.12,6927.783296985376,Latih,6928.488988562573,6926.783612090993
3,2023-02-09,6897.37,6937.433151757767,Latih,6937.60719813322,6925.01593046968
3,2023-02-10,6880.33,6899.145931016549,Latih,6899.8154815713015,6890.611448282345
3,2023-02-13,6900.14,6879.936372247976,Latih,6881.1581047144955,6880.946818737131
3,2023-02-14,6941.85,6896.3696637651765,Latih,6897.47931870614,6898.231599020704
3,2023-02-15,6914.54,6935.892113806356,Latih,6936.323653756727,6929.577322093893
3,2023-02-16,6895.66,6914.847546189176,Latih,6915.288995774733,6904.097318351313
3,2023-02-17,6895.71,6895.336438567087,Latih,6896.2304356328095,6891.571248016103
3,2023-02-20,6894.72,6893.712939895733,Latih,6894.756231668933,6893.322204325541
3,2023-02-21,6873.4,6892.820826109095,Latih,6893.876090156479,6892.53107016985
3,2023-02-22,6809.97,6873.426504210274,Latih,6874.755852624517,6875.680699595254
3,2023-02-23,6839.45,6814.101553948554,Latih,6816.392181815836,6827.213906998967
3,2023-02-24,6856.58,6835.191409943735,Latih,6837.787308382726,6856.386751987675
3,2023-02-27,6854.78,6853.3095636424805,Latih,6855.28770170156,6867.3256216139
3,2023-02-28,6843.24,6853.193607458808,Latih,6855.058233113029,6864.342821422855
3,2023-03-01,6844.94,6842.584221992529,Latih,6844.607222449817,6855.336711797752
3,2023-03-02,6857.42,6843.103693140186,Latih,6845.197092363275,6857.733431053499
3,2023-03-03,6813.64,6854.555487277248,Latih,6856.4795707425865,6867.49547545139
3,2023-03-06,6807.0,6816.012588980231,Latih,6818.384242688153,6831.578316598868
3,2023-03-07,6766.76,6806.129947460921,Latih,6808.932109799715,6830.270536214149
3,2023-03-08,6776.37,6769.102774947611,Latih,6772.460101056722,6798.899119833441
3,2023-03-09,6799.79,6774.248588427929,Latih,6778.010886800317,6810.182113872501
3,2023-03-10,6765.3,6796.306561972828,Latih,6799.7544424179505,6827.919755516087
3,2023-03-13,6786.96,6767.143379999426,Latih,6770.576171791879,6798.392540179522
3,2023-03-14,6641.81,6783.709577212065,Latih,6787.4367883014975,6818.728860340748
3,2023-03-15,6628.14,6654.180107933592,Latih,6659.256738932518,6767.973009276417
3,2023-03-16,6565.73,6637.801386669884,Latih,6652.3955720854665,6735.594554244898
3,2023-03-17,6678.24,6593.078779897283,Latih,6608.884322929425,6720.844589139989
3,2023-03-20,6612.49,6663.964034240855,Latih,6672.422266592099,6750.432349657142
3,2023-03-21,6691.61,6624.655123385944,Latih,6638.653278996059,6740.068306131684
3,2023-03-24,6762.25,6685.9083384409705,Latih,6699.716204393523,6756.8174952954305
3,2023-03-27,6708.93,6755.212224075223,Latih,6760.050659504856,6805.774231913718
3,2023-03-28,6760.33,6712.778123678435,Latih,6717.212831154187,6775.755144436089
3,2023-03-29,6839.44,6754.847988932158,Latih,6759.534618615534,6802.678838537367
3,2023-03-30,6808.95,6831.183141870832,Latih,6834.306313613689,6860.885322802404
3,2023-03-31,6805.28,6810.176239835354,Latih,6812.749202625486,6829.481487117445
3,2023-04-03,6827.17,6804.157840378912,Latih,6807.018675829204,6829.328986351525
3,2023-04-04,6833.18,6823.656437647079,Latih,6826.410755729114,6847.054588460959
3,2023-04-05,6819.67,6831.033757483398,Latih,6833.401577373183,6849.8458771050355
3,2023-04-06,6792.77,6819.330657688413,Latih,6821.819478259418,6838.566582364178
3,2023-04-10,6771.23,6793.776645561785,Latih,6796.708597217531,6818.4173570120665
3,2023-04-11,6811.31,6771.892942592231,Latih,6775.307417253582,6803.740581961603
3,2023-04-12,6798.96,6806.378697240087,Latih,6809.759698857697,6837.539007003344
3,2023-04-13,6785.6,6798.643173237771,Latih,6801.5642287788105,6824.093403234814
3,2023-04-14,6818.57,6785.453179765074,Latih,6788.63903779748,6814.597439267668
3,2023-04-17,6787.58,6814.1578729611965,Latih,6817.296693856451,6842.005091253854
3,2023-04-18,6821.81,6788.979485332101,Latih,6791.984974552125,6814.393282846841
3,2023-04-26,6910.15,6817.274206607375,Latih,6820.350273953114,6844.400016910471
3,2023-04-27,6945.48,6900.658495581791,Latih,6902.225428620622,6911.56003592615
3,2023-04-28,6915.72,6940.064070219745,Latih,6940.370865350714,6931.554316733528
3,2023-05-02,6863.3,6916.236980174231,Latih,6916.63484530096,6904.705886535689
3,2023-05-03,6812.72,6866.1363757116005,Latih,6867.425076685588,6865.752209198216
3,2023-05-04,6844.03,6815.699157532486,Latih,6818.035611857507,6830.314389712846
3,2023-05-05,6787.63,6839.5820060909155,Latih,6842.100331367589,6859.776587080994
3,2023-05-08,6769.63,6791.275112856954,Latih,6794.077858115465,6812.125366428527
3,2023-05-09,6779.98,6769.989709716764,Latih,6773.464987388578,6802.935143852861
3,2023-05-10,6811.9,6777.771396476654,Latih,6781.459641625016,6812.790343305502
3,2023-05-11,6755.94,6807.618724417718,Latih,6810.902490542563,6837.214746700859
3,2023-05-12,6707.76,6759.737586776938,Latih,6763.191117059317,6794.9344586393545
3,2023-05-15,6711.74,6711.160868974049,Latih,6715.660291748364,6774.237356013386
3,2023-05-16,6676.56,6710.506507961918,Latih,6715.735555651803,6765.120401962128
3,2023-05-17,6663.11,6679.000224136725,Latih,6684.3619196921745,6759.201995657112
3,2023-05-19,6700.56,6663.710766833884,Latih,6674.851696611955,6749.413966491843
3,2023-05-22,6729.65,6696.614499790238,Latih,6702.5537678951205,6759.340775389697
3,2023-05-23,6736.68,6726.171096522531,Latih,6731.345899048767,6779.060276810555
3,2023-05-24,6745.8,6735.026308410935,Latih,6739.705550707899,6782.009402177959
3,2023-05-25,6704.23,6743.906541007184,Latih,6748.402668043101,6788.618658027381
3,2023-05-26,6687.0,6707.06794302227,Latih,6711.691931256075,6771.4824998516115
3,2023-05-29,6681.1,6687.790631046609,Latih,6693.229675564485,6759.660663794305
3,2023-05-30,6636.42,6680.924812051818,Latih,6686.932326603548,6754.998382219101
3,2023-05-31,6633.26,6641.918627099852,Latih,6655.506065324482,6745.235620381558
3,2023-06-05,6633.44,6641.7859007643265,Latih,6656.427711841774,6735.469484335654
3,2023-06-06,6618.92,6642.069939606348,Latih,6656.780473555413,6734.856017383658
3,2023-06-07,6619.75,6631.502154429862,Latih,6646.41866081887,6732.1133801159485
3,2023-06-08,6666.33,6632.809396734842,Latih,6648.0416886704525,6729.295075384996
3,2023-06-09,6694.02,6666.9292683704325,Latih,6681.18231683673,6738.382009070836
3,2023-06-12,6722.37,6690.90263763489,Latih,6697.609308336991,6753.8524741557485
3,2023-06-13,6719.01,6719.0013633653725,Latih,6724.338531452736,6773.868614452509
3,2023-06-14,6699.72,6718.3813834065395,Latih,6723.298378478012,6769.5077247908985
3,2023-06-15,6713.79,6700.615884926486,Latih,6705.70783438297,6765.1261190593505
3,2023-06-16,6698.55,6711.65229271533,Latih,6717.017665148994,6766.534632455137
3,2023-06-19,6686.06,6699.0949801252955,Latih,6704.290061531681,6763.831857928064
3,2023-06-20,6660.46,6686.437338083998,Latih,6691.986666528301,6758.316092207458
3,2023-06-21,6702.63,6662.150705521715,Latih,6672.288082957281,6750.854562892044
3,2023-06-22,6652.26,6698.291638285535,Latih,6704.230827920455,6761.22571355405
3,2023-06-23,6639.73,6656.189577927452,Latih,6665.266501088156,6752.682363714153
3,2023-06-26,6664.67,6645.723310461651,Latih,6659.913930468273,6739.955869886302
3,2023-06-27,6661.88,6664.577411512894,Latih,6678.57984934093,6742.160943075143
3,2023-07-03,6696.72,6661.545971155477,Latih,6674.819636027529,6746.740562150502
3,2023-07-04,6681.75,6693.010576220917,Latih,6699.849805108624,6756.401156097676
3,2023-07-05,6718.98,6682.37257163854,Latih,6687.980887074188,6757.115793250527
3,2023-07-06,6757.33,6714.923234606405,Latih,6720.430278951248,6772.287153260735
3,2023-07-07,6716.46,6752.9150944111,Latih,6757.538410045232,6799.384243557782
3,2023-07-10,6731.04,6719.1622043672405,Latih,6723.541949239692,6776.187782965926
3,2023-07-11,6796.92,6728.753049728296,Latih,6733.7086071810345,6778.723573414116
3,2023-07-12,6808.21,6790.021207706064,Latih,6794.00171983245,6829.747926268016
3,2023-07-13,6810.21,6805.747843586536,Latih,6808.7674125597205,6832.747406930959
3,2023-07-14,6869.57,6808.556888861986,Latih,6811.362055479321,6833.313242616093
3,2023-07-17,6867.14,6862.685513407925,Latih,6864.903545350472,6880.297244392676
3,2023-07-18,6830.2,6865.5346680438915,Latih,6867.141822543184,6872.986265304129
3,2023-07-20,6864.19,6831.868027698135,Latih,6833.955709824002,6843.855300855077
3,2023-07-21,6880.8,6859.383407731989,Latih,6861.461269902627,6874.210665749352
3,2023-07-24,6899.4,6877.429279385847,Latih,6878.90857268725,6884.327596154852
3,2023-07-25,6917.71,6895.741052110537,Latih,6896.85622236882,6897.601014407023
3,2023-07-26,6948.28,6913.966104317354,Latih,6914.704977478432,6910.463608778761
3,2023-07-27,6896.66,6943.267864243438,Latih,6943.479733140519,6933.093852545668
3,2023-07-28,6900.23,6899.224221618518,Latih,6899.837856720433,6889.3077259156535
3,2023-07-31,6931.36,6897.894514484449,Latih,6898.873438468918,6896.82301836495
3,2023-08-01,6886.5,6926.400588997054,Latih,6926.962456344116,6921.234193966734
3,2023-08-02,6854.51,6888.528070794387,Latih,6889.40292118941,6882.768532532197
3,2023-08-03,6898.08,6855.59368971292,Latih,6857.224161000887,6861.4164299244085
3,2023-08-04,6852.84,6892.261828520639,Latih,6893.652988844856,6898.9350261790005
3,2023-08-07,6886.37,6855.104889110366,Latih,6856.664266612866,6859.039933498839
3,2023-08-08,6868.81,6881.470101282936,Latih,6883.00048973952,6889.782065625233
3,2023-08-09,6875.11,6868.531906707923,Latih,6869.984834102134,6872.79047153924
3,2023-08-10,6893.28,6872.684918230515,Latih,6874.198581375223,6879.387799954456
3,2023-08-11,6879.98,6889.696040127023,Latih,6890.9328164062335,6893.25402513866
3,2023-08-14,6910.17,6879.257920957547,Latih,6880.516511886161,6881.039435712141
3,2023-08-15,6915.1,6905.421599848018,Latih,6906.408841648445,6906.2327774739715
3,2023-08-16,6900.54,6912.554519383059,Latih,6913.2404813698395,6907.4136607203345
3,2023-08-18,6859.91,6899.805145956322,Latih,6900.633766333804,6895.3979814371905
3,2023-08-21,6866.03,6861.724772034625,Latih,6863.1763093895115,6864.434519178311
3,2023-08-22,6916.45,6863.675647386948,Latih,6865.373356222252,6872.979830767255
3,2023-08-23,6921.41,6909.954136946247,Latih,6910.98653260474,6912.487035215841
3,2023-08-24,6899.39,6918.823753677653,Latih,6919.381092186915,6911.8581321013435
3,2023-08-25,6895.44,6899.321434691295,Latih,6900.114340026125,6893.9122984388905
3,2023-08-28,6921.73,6893.7981358543475,Latih,6894.8151738203005,6892.769596433981
3,2023-08-29,6957.83,6917.256506758975,Latih,6917.976659229146,6914.016683812783
3,2023-08-30,6966.66,6952.271462829761,Latih,6952.33213132029,6940.317573036601
3,2023-08-31,6953.26,6963.458454475456,Latih,6963.122244318776,6944.061576697877
3,2023-09-01,6977.65,6952.104254550985,Latih,6951.865257467083,6932.614109618713
3,2023-09-04,6996.75,6973.006769117171,Latih,6972.569624169523,6953.208035454802
3,2023-09-05,6991.71,6992.45902426785,Latih,6991.589756450114,6966.173559996539
3,2023-09-06,6995.95,6989.583122584876,Latih,6988.625161290225,6960.437809342795
3,2023-09-07,6954.81,6992.977284736095,Latih,6992.006364687738,6964.263556284362
3,2023-09-08,6924.78,6956.096761371546,Latih,6955.605853290013,6931.190888710071
3,2023-09-11,6963.39,6925.266092708159,Latih,6925.476818185794,6911.058994009541
3,2023-09-12,6933.97,6957.575987412982,Latih,6957.543030028992,6944.4589485848455
3,2023-09-13,6935.48,6934.3467039570705,Latih,6934.374527163554,6917.583345360206
3,2023-09-14,6959.33,6933.113739076008,Latih,6933.3562560982,6921.449672482061
3,2023-09-15,6982.79,6954.845098219565,Latih,6954.777927932195,6940.263159723034
3,2023-09-18,6936.08,6978.197938235457,Latih,6977.648424302394,6956.741963818125
3,2023-09-19,6980.32,6937.972173135926,Latih,6937.819649950017,6917.501534819948
3,2023-09-20,7011.68,6973.906124560292,Latih,6973.572066722567,6956.894957823805
3,2023-09-21,6991.47,7006.2152121455065,Latih,7005.138335228621,6977.794423271473
3,2023-09-22,7016.84,6990.685378929433,Latih,6989.6119098508925,6958.893879212789
3,2023-09-25,6998.38,7011.873524156868,Latih,7010.643653234302,6980.883763250764
3,2023-09-26,6923.8,6997.398999828158,Latih,6996.198274891434,6963.916629372889
3,2023-09-27,6937.83,6928.229701388526,Latih,6928.106727748263,6906.331246066139
3,2023-09-29,6939.89,6934.342914978911,Latih,6934.636885876109,6924.2387191272255
3,2023-10-02,6961.46,6937.448509450306,Latih,6937.605314854135,6924.603851069855
3,2023-10-03,6940.89,6957.163818333201,Latih,6957.034948235802,6941.5558738750715
3,2023-10-04,6886.58,6940.44267657583,Latih,6940.399428416838,6923.256678764272
3,2023-10-05,6874.83,6889.442851190014,Latih,6890.241047642274,6881.968318280918
3,2023-10-06,6888.52,6874.002025330704,Latih,6875.3780745822605,6877.554696804922
3,2023-10-09,6891.46,6885.360754092974,Latih,6886.659185342235,6889.497242083593
3,2023-10-10,6922.19,6889.233179451866,Latih,6890.386194651766,6890.5924585515695
3,2023-10-11,6931.75,6917.3213229474895,Latih,6918.067303245114,6914.742934519993
3,2023-10-12,6935.15,6928.694736802626,Latih,6929.077401176739,6919.553681263076
3,2023-10-13,6926.78,6932.618638456513,Latih,6932.882992548098,6921.388690111685
3,2023-10-16,6896.29,6925.339563012469,Latih,6925.681355746437,6914.430041151987
3,2023-10-17,6939.62,6896.988814184411,Latih,6897.7777736011585,6890.9624332118465
3,2023-10-18,6927.91,6933.5323426926625,Latih,6934.022353974629,6928.1543926451095
3,2023-10-19,6846.43,6926.757918783474,Latih,6927.050140921521,6914.922742832648
3,2023-10-20,6849.17,6851.936787709334,Latih,6853.339337388017,6851.243045986333
3,2023-10-23,6741.96,6847.216214162447,Latih,6849.231479723491,6860.805283441285
3,2023-10-24,6806.76,6750.3719053665045,Latih,6753.704076247836,6799.90014992717
3,2023-10-25,6834.39,6799.878940617473,Latih,6803.618729320796,6836.576696230805
3,2023-10-26,6714.52,6830.325487607454,Latih,6833.010236463284,6852.657209219375
3,2023-10-27,6758.79,6724.216577921978,Latih,6728.008750929854,6791.6168607509435
3,2023-10-30,6735.89,6753.890341517354,Latih,6758.540045478668,6800.9485758778765
3,2023-10-31,6752.21,6736.886562167279,Latih,6741.03294858309,6780.2066108537
3,2023-11-01,6642.42,6749.641417281354,Latih,6754.114586248423,6793.783438818485
3,2023-11-02,6751.39,6651.66102037729,Latih,6657.005928965893,6760.964610360887
3,2023-11-03,6788.85,6741.3555946463575,Latih,6746.839232522571,6801.629448527129
3,2023-11-06,6878.84,6784.285927872091,Latih,6788.164339368075,6821.491361718808
3,2023-11-07,6843.79,6869.435297749083,Latih,6871.7499374247,6889.655056386931
3,2023-11-08,6804.11,6845.2088628575575,Latih,6847.034006910957,6853.592974724807
3,2023-11-09,6838.23,6806.177724457713,Latih,6808.776582335266,6825.241508457099
3,2023-11-10,6809.26,6833.588111682569,Latih,6836.279788315034,6855.94850846056
3,2023-11-13,6838.31,6810.350017170938,Latih,6812.928697058293,6829.837471704518
3,2023-11-14,6862.06,6834.096305575705,Latih,6836.711978445089,6855.545329796412
3,2023-11-15,6958.21,6858.171360700765,Latih,6860.112079798022,6871.7831638485595
3,2023-11-16,6958.01,6947.756121863177,Latih,6948.281063488177,6946.145380165628
3,2023-11-17,6977.67,6955.658854144267,Latih,6955.427569536619,6937.154179833283
3,2023-11-20,6994.89,6973.444721184427,Latih,6972.9696416152065,6952.793445016197
3,2023-11-21,6961.79,6990.776404085216,Latih,6989.930228856262,6964.693885555321
3,2023-11-22,6906.95,6962.324003026538,Latih,6961.754355943256,6936.833080749263
3,2023-11-23,7004.34,6909.736707891868,Latih,6910.1145968083,6896.259267738804
3,2023-11-24,7009.63,6993.463933019695,Latih,6992.9247771216005,6978.760097042377
3,2023-11-27,7013.41,7006.481830655991,Latih,7005.239897779285,6973.9884507603
3,2023-11-28,7041.07,7010.372505886018,Latih,7009.04129661268,6976.512448294217
3,2023-11-29,7036.09,7035.754758476081,Latih,7034.0481937450795,6998.1524908221345
3,2023-11-30,7080.74,7033.68983263916,Latih,7031.825789904657,6990.339573017415
3,2023-12-01,7059.91,7073.683550851412,Latih,7071.301516688533,7018.810537827076
3,2023-12-04,7093.6,7058.766994017428,Latih,7056.2905717004,6992.976746656355
3,2023-12-05,7100.85,7087.434582131575,Latih,7084.70288581855,7019.505557489456
3,2023-12-06,7087.4,7096.977785015773,Latih,7093.888086316656,7013.866661188662
3,2023-12-11,7088.79,7153.805865930397,Uji,7149.656957265813,7037.240845034185
3,2023-12-12,7125.31,7091.890151407193,Uji,7088.427070209454,6987.078137201723
3,2023-12-13,7075.34,7118.702978662326,Uji,7115.346033693029,7030.117207374635
3,2023-12-14,7176.02,7076.679354636141,Uji,7073.656467504569,6989.1047696972455
3,2023-12-15,7190.99,7163.678911694368,Uji,7159.552423018892,7064.860208977528
3,2023-12-18,7119.52,7185.891112344348,Uji,7181.021535549842,7043.927113546197
3,2023-12-19,7187.85,7122.492943301275,Uji,7118.396945810988,6996.3311805868725
3,2023-12-20,7219.67,7178.053667071544,Uji,7173.671859560094,7058.862951570815
3,2023-12-21,7209.62,7212.90854442009,Uji,7207.5869806451465,7057.783832655018
3,2023-12-22,7237.52,7206.620051354851,Uji,7201.171276561703,7042.209159460727
3,2023-12-26,7237.52,7230.997260673135,Uji,7225.2799392504385,7062.1141638714735
3,2023-12-27,7245.92,7233.463324955195,Uji,7227.524404360144,7053.798993470734
3,2023-12-28,7303.89,7241.070158220024,Uji,7235.026312075943,7058.890079757637
3,2023-12-29,7272.8,7294.308664358356,Uji,7287.474334238268,7091.521163226436
3,2024-01-02,7323.59,7271.278178945874,Uji,7264.3719255007245,7055.40103621251
3,2024-01-03,7279.09,7314.524364978175,Uji,7307.230604441265,7095.4498627579915
3,2024-01-04,7359.76,7278.715517093038,Uji,7271.5743021620265,7053.366556720799
3,2024-01-05,7350.62,7347.834908636913,Uji,7340.039568103655,7115.497189259602
3,2024-01-08,7283.58,7346.68826071392,Uji,7338.366498836382,7085.9151794696545
3,2024-01-09,7200.2,7285.170590677358,Uji,7277.758766477799,7048.082434327666
3,2024-01-10,7227.3,7203.738454994645,Uji,7197.899886270846,7017.615328207672
3,2024-01-11,7219.96,7220.909655613391,Uji,7215.39474185237,7058.72744515664
3,2024-01-12,7241.14,7216.658063398687,Uji,7211.0196603376535,7046.202114681069
3,2024-01-15,7224.0,7235.189395076722,Uji,7229.344772955864,7061.22646682269
3,2024-01-16,7242.79,7221.5399263472245,Uji,7215.741130684105,7044.5258617753425
3,2024-01-17,7200.63,7237.040658417433,Uji,7231.143349322169,7061.022444921798
3,2024-01-18,7252.97,7200.522531756844,Uji,7195.00241655835,7029.935336422982
3,2024-01-19,7227.4,7244.193755942673,Uji,7238.354918179006,7074.1574645812
3,2024-01-22,7247.93,7225.664531743614,Uji,7219.729377706734,7043.071297721926
3,2024-01-23,7256.23,7241.995834730358,Uji,7236.007321119398,7063.1244085807275
3,2024-01-24,7227.82,7251.326720317694,Uji,7245.071543356271,7062.036276829309
3,2024-01-25,7178.04,7226.33300613889,Uji,7220.366688317148,7042.360673747126
3,2024-01-26,7137.09,7178.742409136973,Uji,7173.623253023706,7020.736773611367
3,2024-01-29,7157.17,7137.2592413682505,Uji,7133.046659934596,7010.757277739107
3,2024-01-30,7192.22,7151.823669853288,Uji,7147.685477943498,7035.031848347249
3,2024-01-31,7207.94,7185.338863172614,Uji,7180.603537272893,7050.290534215038
3,2024-02-01,7201.7,7202.672474192466,Uji,7197.462606803263,7049.372032101219
3,2024-02-02,7238.79,7198.4111517024885,Uji,7193.1543368560915,7040.904943854276
3,2024-02-05,7198.62,7231.44731953451,Uji,7225.7769904089855,7065.244308230944
3,2024-02-06,7247.41,7198.348734452809,Uji,7192.885566026652,7029.905742037358
3,2024-02-07,7235.15,7238.981108474822,Uji,7233.227601189703,7071.38666780717
3,2024-02-12,7297.67,7232.1911699331695,Uji,7226.203463441818,7049.414988800352
3,2024-02-13,7209.74,7287.724048076964,Uji,7281.052890637612,7090.961201578449
3,2024-02-15,7303.28,7213.623024633017,Uji,7207.553485181417,7019.203111836375
3,2024-02-16,7335.54,7290.620890029766,Uji,7284.018875836826,7101.934351368021
3,2024-02-19,7296.7,7328.039941532714,Uji,7320.354997025829,7093.608374532531
3,2024-02-20,7352.6,7295.718926513293,Uji,7288.262845255233,7060.454412077731
3,2024-02-21,7349.02,7342.907443430528,Uji,7335.061702761753,7105.909236077142
3,2024-02-22,7339.64,7344.606430205211,Uji,7336.361613730295,7087.079359824131
3,2024-02-23,7295.1,7335.795733205183,Uji,7327.696467299563,7082.461245627472
3,2024-02-26,7283.82,7294.63240900109,Uji,7287.163772549129,7058.277117255396
3,2024-02-27,7285.32,7280.480777355528,Uji,7273.5065465034,7064.699771535463
3,2024-02-28,7328.64,7280.842053060031,Uji,7273.938803893422,7068.970734620758
3,2024-02-29,7316.11,7320.204065659147,Uji,7312.747939561109,7094.779146363806
3,2024-03-01,7311.91,7312.686194911103,Uji,7305.042592864135,7074.274048524567
3,2024-03-04,7276.75,7307.775320496658,Uji,7300.283546615937,7075.462890867063
3,2024-03-05,7247.46,7275.564118583893,Uji,7268.544778713678,7055.408748688763
3,2024-03-06,7329.8,7245.932201898189,Uji,7239.557705754728,7048.138932700222
3,2024-03-07,7373.96,7317.908169094425,Uji,7310.738122057418,7106.76585902102
3,2024-03-08,7381.91,7365.176232133019,Uji,7356.800931321488,7108.990280660463
3,2024-03-13,7421.21,7376.278610739816,Uji,7367.453564946759,7100.647309473228
3,2024-03-14,7433.31,7412.570295510405,Uji,7403.191475986354,7122.097006293609
3,2024-03-15,7328.05,7427.001504420157,Uji,7417.159487921113,7117.717844340875
3,2024-03-18,7302.45,7332.750381244524,Uji,7324.126577273709,7050.454244975513
3,2024-03-19,7336.75,7300.263906705478,Uji,7292.795539293386,7066.170791860885
3,2024-03-20,7331.13,7329.0623827160425,Uji,7321.368918613296,7094.589159376095
3,2024-03-21,7338.35,7327.004765795571,Uji,7319.1092527509745,7080.960361876556
3,2024-03-22,7350.15,7333.046235420807,Uji,7325.105075278384,7087.011203057239
3,2024-03-25,7377.76,7344.370213199958,Uji,7336.224313716992,7092.011174508403
3,2024-03-26,7365.66,7370.416052627671,Uji,7361.831797517644,7105.228296167922
3,2024-03-27,7310.09,7361.898967805015,Uji,7353.246645608054,7089.665953967641
3,2024-03-28,7288.81,7310.506792609791,Uji,7302.644416309097,7059.624603440828
3,2024-04-01,7205.06,7286.324502676822,Uji,7279.168983792758,7063.256551996536
3,2024-04-02,7236.98,7208.601754192199,Uji,7202.66103999802,7019.000121254981
3,2024-04-03,7166.84,7230.105214146464,Uji,7224.430804582922,7063.145886930293
3,2024-04-04,7254.4,7169.409640270552,Uji,7164.357609604677,7011.273296208441
3,2024-04-05,7286.88,7242.56220849523,Uji,7236.913626759142,7085.094787228177
3,2024-04-16,7164.81,7279.654421396946,Uji,7272.965193446373,7078.684374262163
3,2024-04-17,7130.84,7171.981885621032,Uji,7166.559028335294,6995.294614810405
3,2024-04-18,7166.81,7130.43002300568,Uji,7126.400568043068,7010.899510150015
3,2024-04-19,7087.32,7160.000957321008,Uji,7155.792052765567,7042.737239884202
3,2024-04-22,7073.82,7091.196252744268,Uji,7087.694295285413,6984.059689227995
3,2024-04-23,7110.81,7071.945060055919,Uji,7069.242733928629,6999.4207896060325
3,2024-04-24,7174.53,7104.24899104364,Uji,7101.1919806886435,7025.790597876372
3,2024-04-25,7155.29,7165.221586304983,Uji,7161.075278359135,7053.385837911433
3,2024-04-26,7036.08,7153.430375952799,Uji,7149.018435975987,7022.772149902643
3,2024-04-29,7155.78,7043.776451219384,Uji,7041.005699285332,6956.561258705907
3,2024-04-30,7234.2,7142.055818678217,Uji,7138.31791325398,7064.293969732589
3,2024-05-01,7234.2,7223.236267563192,Uji,7217.983533154813,7076.148180254169
3,2024-05-02,7117.42,7230.163326758235,Uji,7224.292338730184,7052.7762832475355
3,2024-05-03,7134.72,7124.410524969771,Uji,7119.997643353417,6982.288330728467
3,2024-05-06,7135.89,7129.754957133607,Uji,7126.053237571791,7027.287670229139
3,2024-05-07,7123.61,7132.343613916115,Uji,7128.4899316681185,7022.842279628576
3,2024-05-08,7088.79,7121.326520947888,Uji,7117.616909549906,7015.089806114495
3,2024-05-13,7099.26,7088.709068832467,Uji,7085.531752815912,6997.719605672417
3,2024-05-14,7083.76,7095.112800641727,Uji,7092.081124874424,7014.329903003633
3,2024-05-15,7179.83,7082.001770370672,Uji,7079.080580309698,7001.885553528725
3,2024-05-16,7246.7,7167.831811117014,Uji,7163.632457476934,7064.659908794827
3,2024-05-17,7317.24,7236.677320073933,Uji,7231.081873712033,7076.556448255846
3,2024-05-20,7266.69,7306.466979612211,Uji,7299.459791376093,7099.379907488894
3,2024-05-21,7186.04,7266.925203540419,Uji,7259.989131509754,7047.765236321752
3,2024-05-22,7222.38,7189.422664188825,Uji,7183.895015873992,7014.068889490426
3,2024-05-27,7176.42,7215.202692225662,Uji,7209.861623060193,7059.96574599511
3,2024-05-28,7253.63,7176.794560483179,Uji,7171.73885293909,7021.368210184635
3,2024-05-29,7140.23,7242.651619411798,Uji,7236.99671523878,7081.772907121846
3,2024-05-30,7034.14,7146.783970181424,Uji,7141.932015498357,6990.300831276235
3,2024-05-31,6970.74,7040.688501279417,Uji,7038.061551155511,6959.8440831912085
3,2024-06-03,7036.19,6973.898143044168,Uji,6972.905116886551,6940.386895642927
3,2024-06-04,7099.31,7027.6515018124,Uji,7026.257202689709,6998.228718785105
3,2024-06-05,6947.67,7090.516613194416,Uji,7087.89419190831,7030.035688294234
3,2024-06-06,6974.9,6958.766713034563,Uji,6957.544420068316,6916.149452536749
3,2024-06-07,6897.95,6970.022309846932,Uji,6969.663948741013,6951.529675070099
3,2024-06-10,6921.55,6902.745303328082,Uji,6903.131510060474,6887.919951009793
3,2024-06-11,6855.69,6917.315359230386,Uji,6918.01784474914,6913.646171072768
3,2024-06-12,6850.1,6859.760287748913,Uji,6861.097707359234,6859.177188672164
3,2024-06-13,6831.56,6848.876907595732,Uji,6850.806999618151,6860.704931570032
3,2024-06-14,6734.83,6831.593450091516,Uji,6833.799464919901,6846.4803901198875
3,2024-06-19,6726.92,6742.358642539108,Uji,6745.919654249275,6794.92450416419
3,2024-06-20,6819.32,6726.645783741942,Uji,6731.286643017552,6773.784987893132
3,2024-06-21,6879.98,6810.13859667364,Uji,6813.867220222387,6847.946343527772
3,2024-06-24,6889.17,6872.918489677053,Uji,6874.906806411188,6887.742945195777
3,2024-06-25,6882.7,6886.404561525924,Uji,6887.6540050989815,6889.5469471994475
3,2024-06-26,6905.64,6881.35779955749,Uji,6882.615045286757,6883.573163521332
3,2024-06-27,6967.95,6901.559756723985,Uji,6902.581951287433,6902.386874962196
3,2024-06-28,7063.58,6960.140654807144,Uji,6960.0924069905805,6949.860417200974
3,2024-07-01,7139.63,7052.430522175496,Uji,7050.494376756017,7020.331958288015
3,2024-07-02,7125.14,7129.5179778487245,Uji,7126.106911025718,7046.3097754687715
3,2024-07-03,7196.75,7123.04263659425,Uji,7119.284239299967,7014.906769323409
3,2024-07-04,7220.89,7186.610031715119,Uji,7182.072494959318,7062.582158724136
3,2024-07-05,7253.37,7214.800029221264,Uji,7209.392507208076,7055.870690144366
3,2024-07-08,7250.98,7246.346747496815,Uji,7240.341956973762,7068.361673196621
3,2024-07-09,7269.8,7247.053246193619,Uji,7240.820534061284,7057.233018362587
3,2024-07-10,7287.04,7263.88487365732,Uji,7257.436032829974,7069.351739915676
3,2024-07-11,7300.41,7281.160461745358,Uji,7274.346937375163,7074.191632644602
3,2024-07-12,7327.58,7294.791770283678,Uji,7287.674410221077,7077.156810724207
3,2024-07-15,7278.86,7320.57794139753,Uji,7313.015140991311,7089.63931902058
3,2024-07-16,7224.29,7278.859901822901,Uji,7271.689854785895,7052.048082001274
3,2024-07-17,7224.22,7225.136496160118,Uji,7219.034671924202,7033.540425831738
3,2024-07-18,7321.07,7220.249790493934,Uji,7214.5820620871455,7049.681114071076
3,2024-07-19,7294.5,7308.021043577293,Uji,7301.071878272989,7108.4010385066995
3,2024-07-22,7321.98,7292.447715582349,Uji,7285.133956415153,7063.432728270955
3,2024-07-23,7313.86,7314.984378314714,Uji,7307.538475731711,7088.006695413659
3,2024-07-24,7262.76,7310.060007066826,Uji,7302.497341180542,7074.895306422778
3,2024-07-25,7240.28,7263.067485694382,Uji,7256.207417426797,7046.394298827712
3,2024-07-26,7288.17,7238.193583937377,Uji,7232.019836376398,7047.949349272315
3,2024-07-29,7288.9,7279.574561395741,Uji,7272.981246158575,7083.674480918119
3,2024-07-30,7241.86,7284.468531138396,Uji,7277.4859600503205,7069.844038036533
3,2024-07-31,7255.76,7241.93489719996,Uji,7235.533945469349,7041.168916806046
3,2024-08-01,7325.98,7250.36454406509,Uji,7244.163488957376,7063.56043252892
3,2024-08-02,7308.12,7315.18252617846,Uji,7307.994274110297,7101.976859667373
3,2024-08-05,7059.65,7305.215585500101,Uji,7297.692827194431,7070.224236211844
3,2024-08-06,7129.21,7078.629176248976,Uji,7074.350769727298,6925.588716351438
3,2024-08-07,7212.13,7119.691117262319,Uji,7116.484834619834,7041.165688327615
3,2024-08-08,7195.12,7200.959990584339,Uji,7196.135567647899,7070.690706505246
4,2022-01-05,6662.3,6704.08236797841,Latih,6702.2387906781,6647.666438521752
4,2022-01-06,6653.35,6676.855860850824,Latih,6674.333811836553,6644.831171148726
4,2022-01-07,6701.32,6666.70659316064,Latih,6664.04891056494,6644.968504755506
4,2022-01-10,6691.12,6708.538851921575,Latih,6706.82499366583,6648.554517543772
4,2022-01-11,6647.97,6702.752767163531,Latih,6700.784564430729,6645.909892176995
4,2022-01-12,6647.06,6663.892146250169,Latih,6661.0961992353305,6647.137194128046
4,2022-01-13,6658.36,6660.175153942268,Latih,6657.411753040115,6645.131707189092
4,2022-01-14,6693.4,6670.1101731905455,Latih,6667.567723872077,6645.927487116167
4,2022-01-17,6645.05,6701.870589750424,Latih,6699.99678690435,6647.818135080347
4,2022-01-18,6614.06,6661.462861737024,Latih,6658.607452618789,6649.440722013125
4,2022-01-19,6591.98,6630.784928238697,Latih,6627.3828219950265,6643.035634108493
4,2022-01-20,6626.87,6609.160686588218,Latih,6605.365037404005,6642.8194787940465
4,2022-01-21,6726.37,6638.253113744714,Latih,6635.4447106506,6646.06383819879
4,2022-01-24,6655.17,6727.39695517661,Latih,6727.7165082305855,6651.3180541893935
4,2022-01-25,6568.17,6672.640392668855,Latih,6669.9435189944625,6665.279205336284
4,2022-01-26,6600.82,6604.178018943373,Latih,6608.140706930165,6652.819822970788
4,2022-01-27,6611.16,6612.476046291222,Latih,6604.691025832598,6645.287825106391
4,2022-01-28,6645.51,6625.234610494382,Latih,6621.827585165954,6644.648020889172
4,2022-01-31,6631.15,6656.319826111506,Latih,6653.5691398476165,6646.531571409115
4,2022-02-02,6707.65,6645.934481136807,Latih,6642.864390490362,6644.16414067001
4,2022-02-03,6683.85,6712.427178343253,Latih,6711.075625870244,6649.886471245447
4,2022-02-04,6731.39,6696.748600826576,Latih,6694.631558612004,6645.163219065824
4,2022-02-07,6804.94,6737.198331747671,Latih,6736.034027694185,6649.327078873674
4,2022-02-08,6789.52,6805.471944483546,Latih,6805.6833940244,6702.964397695676
4,2022-02-09,6834.61,6796.794265276816,Latih,6796.620048230317,6735.833941820879
4,2022-02-10,6823.64,6835.6421327680655,Latih,6836.363227931292,6738.174042874893
4,2022-02-11,6815.61,6828.9804897070235,Latih,6829.435656950504,6769.246912300312
4,2022-02-14,6734.49,6821.136533958941,Latih,6821.448175107866,6757.619811927102
4,2022-02-15,6807.5,6748.8324907812685,Latih,6747.575092563948,6737.182275234481
4,2022-02-16,6850.2,6807.945811030297,Latih,6808.203490918307,6705.389047538952
4,2022-02-17,6835.12,6850.647086551819,Latih,6851.650605698261,6752.652143935583
4,2022-02-18,6892.82,6840.188297896417,Latih,6840.8486316973285,6785.7815398443
4,2022-02-21,6902.96,6890.214420284667,Latih,6892.015050936975,6785.337956043507
4,2022-02-22,6861.99,6903.078557354846,Latih,6905.009320746103,6836.762572289141
4,2022-02-23,6920.06,6867.519120647942,Latih,6868.640852963959,6839.839346685441
4,2022-02-24,6817.82,6916.125366350453,Latih,6918.424731435816,6810.3735247975865
4,2022-02-25,6888.17,6829.598445689709,Latih,6829.8408705973925,6848.978165848288
4,2022-03-01,6921.44,6884.9333529431,Latih,6886.6636555505165,6777.1976399827245
4,2022-03-02,6868.4,6919.112912039797,Latih,6921.408631443423,6835.302825807364
4,2022-03-04,6928.33,6874.436762963569,Latih,6875.661737883723,6858.29807972673
4,2022-03-07,6869.07,6923.873913831752,Latih,6926.32678538863,6817.734647490411
4,2022-03-08,6814.18,6875.4944243622185,Latih,6876.724441182649,6864.907571439778
4,2022-03-09,6864.44,6822.937345602541,Latih,6823.168290491134,6800.2732023239405
4,2022-03-10,6924.01,6863.695188342367,Latih,6864.967970819507,6762.7570946151245
4,2022-03-11,6922.6,6919.78501027469,Latih,6922.158400798481,6813.312125270395
4,2022-03-14,6952.2,6922.5577451563295,Latih,6924.834382906597,6869.315019670759
4,2022-03-15,6918.19,6948.64800188069,Latih,6951.502208699629,6872.676027963196
4,2022-03-16,6992.4,6920.558877327483,Latih,6922.716862357896,6895.223716273345
4,2022-03-17,6964.38,6983.913017467308,Latih,6987.554484694649,6873.253855590856
4,2022-03-18,6954.96,6964.133358265208,Latih,6967.143269307064,6940.48886272554
4,2022-03-21,6955.18,6953.9091601801365,Latih,6956.768331331656,6912.548461302558
4,2022-03-22,7000.82,6953.468058545634,Latih,6956.342510533378,6903.692040267029
4,2022-03-23,6996.12,6993.857868421127,Latih,6997.620186119725,6909.674061026612
4,2022-03-24,7049.69,6992.780142844965,Latih,6996.397770933559,6952.848396073625
4,2022-03-25,7002.53,7039.853185457046,Latih,7044.51872727042,6954.603649623439
4,2022-03-28,7049.6,7001.748675057938,Latih,7005.434174881032,7000.414872659495
4,2022-03-29,7011.69,7040.206118476445,Latih,7044.862403878029,6960.733876395271
4,2022-03-30,7053.19,7009.845915191225,Latih,7013.709769004635,7001.398689611008
4,2022-03-31,7071.44,7044.000213074739,Latih,7048.715656772908,6969.9286477232445
4,2022-04-01,7078.76,7062.945450708923,Latih,7067.967803926525,7011.817737749867
4,2022-04-04,7116.22,7070.652628752052,Latih,7075.7960909999,7030.156344285065
4,2022-04-05,7148.3,7104.285309732022,Latih,7110.149169033829,7041.5449369192675
4,2022-04-06,7104.22,7135.19262383706,Latih,7141.6370514918035,7081.179185718357
4,2022-04-07,7127.37,7098.362498980822,Latih,7103.911898840728,7106.762821960512
4,2022-04-08,7210.83,7115.867252777878,Latih,7121.918360499208,7067.238150460778
4,2022-04-11,7203.79,7191.261709338499,Latih,7198.909832508637,7099.165531487526
4,2022-04-12,7214.78,7190.666092852426,Latih,7198.080013290717,7178.2982339049095
4,2022-04-13,7262.78,7199.913248231484,Latih,7207.549167417362,7172.837674913477
4,2022-04-14,7235.53,7243.117679544765,Latih,7251.674844406923,7188.973255442453
4,2022-04-18,7275.29,7222.250469524936,Latih,7230.221481160002,7231.774334733564
4,2022-04-19,7199.23,7255.584825143894,Latih,7264.361299740157,7210.313318140581
4,2022-04-20,7227.36,7190.982207071854,Latih,7198.232356246783,7239.518590135653
4,2022-04-21,7276.19,7210.7343038857725,Latih,7218.620353037194,7169.938659821819
4,2022-04-22,7225.61,7255.829628794273,Latih,7264.6331486607405,7202.591557370498
4,2022-04-25,7215.98,7214.379727065638,Latih,7222.142185020522,7243.462338676531
4,2022-04-26,7232.15,7202.447333166673,Latih,7210.081287304238,7193.881429010702
4,2022-04-27,7196.76,7216.1020919121065,Latih,7224.061882087069,7186.544765998196
4,2022-04-28,7228.91,7185.885854271722,Latih,7193.138175342156,7197.901659300401
4,2022-05-09,6909.75,7211.938775078133,Latih,7219.857919780092,7167.753474385808
4,2022-05-10,6819.79,6931.766220110697,Latih,6933.437752260012,7155.064433462688
4,2022-05-11,6816.2,6830.64542860213,Latih,6830.93816908899,6839.559120453628
4,2022-05-12,6599.84,6821.398661061555,Latih,6821.726281155973,6754.079441264294
4,2022-05-13,6597.99,6644.99565991328,Latih,6648.7534592935535,6736.104265243431
4,2022-05-17,6644.47,6613.517744904315,Latih,6609.855599421863,6643.803922751107
4,2022-05-18,6793.41,6653.994437063942,Latih,6651.755439038435,6646.999828201392
4,2022-05-19,6823.33,6786.477684065128,Latih,6789.494576199676,6668.684970189643
4,2022-05-20,6918.14,6825.925873816043,Latih,6826.422953471571,6733.109195487518
4,2022-05-23,6840.77,6911.817877024452,Latih,6914.124921311776,6795.727761160758
4,2022-05-24,6914.14,6849.771424825224,Latih,6850.462630569372,6850.803695731196
4,2022-05-25,6883.5,6909.456250934641,Latih,6911.665146229903,6799.073798887756
4,2022-05-27,7026.26,6887.302218684591,Latih,6888.829474918283,6853.801325221095
4,2022-05-30,7037.56,7011.525928075365,Latih,7015.866668087296,6871.943582060372
4,2022-05-31,7148.97,7031.156450452858,Latih,7035.550867310817,6982.060959432173
4,2022-06-02,7148.72,7130.476973291701,Latih,7137.025962201423,7005.900822143605
4,2022-06-03,7182.96,7137.774283626146,Latih,7144.188770150013,7112.603048970763
4,2022-06-06,7096.58,7168.047507667611,Latih,7175.128559264015,7116.363220629755
4,2022-06-07,7141.04,7093.942846765579,Latih,7099.30324000484,7139.074783626861
4,2022-06-08,7193.31,7127.444696897333,Latih,7133.770704535312,7061.5159297729115
4,2022-06-09,7182.83,7176.685291222405,Latih,7183.976602988315,7110.214739593331
4,2022-06-10,7086.65,7170.941661850284,Latih,7177.968209211897,7159.065478675434
4,2022-06-13,6995.44,7085.1496175468565,Latih,7090.316918933452,7137.79026257164
4,2022-06-14,7049.88,6997.970766252329,Latih,7001.4753264952205,7034.371993458325
4,2022-06-15,7007.05,7039.975380435045,Latih,7044.645369463022,6953.974368757054
4,2022-06-16,7050.33,7005.760062630227,Latih,7009.533317374042,7001.124927353909
4,2022-06-17,6936.97,7041.156995012815,Latih,7045.822226555403,6965.149391666697
4,2022-06-20,6976.38,6943.794746241613,Latih,6946.203843761727,6990.822592742492
4,2022-06-21,7044.07,6971.008390059518,Latih,6974.316316191601,6889.373819156923
4,2022-06-22,6984.31,7033.549362180287,Latih,7038.12849357968,6935.036060503764
4,2022-06-23,6998.27,6985.2512153685575,Latih,6988.588746504833,6992.417746566583
4,2022-06-24,7042.94,6993.567894515444,Latih,6997.246645948937,6937.2829381144475
4,2022-06-27,7016.06,7034.026972343976,Latih,7038.558632313067,6955.8747773230525
4,2022-06-28,6996.46,7013.262358530811,Latih,7017.218983309321,6995.528883452465
4,2022-06-29,6942.35,6994.10936874931,Latih,6997.715904657294,6967.488109430121
4,2022-06-30,6911.58,6944.918728020831,Latih,6947.4952166301455,6940.829022930904
4,2022-07-01,6794.33,6914.0467072177335,Latih,6916.087487458627,6884.87882285241
4,2022-07-04,6639.17,6808.245972160129,Latih,6808.041167585281,6837.250757515461
4,2022-07-05,6703.27,6663.072404368829,Latih,6659.985067837845,6710.229788922982
4,2022-07-06,6646.41,6709.306978964822,Latih,6707.647560304122,6649.264766157427
4,2022-07-07,6652.59,6663.332036377203,Latih,6660.491597824405,6654.739448933611
4,2022-07-08,6740.22,6664.961946993332,Latih,6662.307961791168,6645.56668743954
4,2022-07-11,6722.15,6742.900113347491,Latih,6741.9440397754515,6651.197022726843
4,2022-07-12,6718.29,6732.8283487141325,Latih,6731.4186333966445,6664.067862938802
4,2022-07-13,6640.99,6728.194170106071,Latih,6726.730390104074,6651.531882472942
4,2022-07-14,6690.09,6659.55090204821,Latih,6656.587518696348,6665.302863483738
4,2022-07-15,6651.9,6697.770206174269,Latih,6695.852215597049,6648.3055963415
4,2022-07-18,6659.25,6667.299275002193,Latih,6664.581005571496,6645.225092231789
4,2022-07-19,6736.09,6671.224142272931,Latih,6668.6933604288215,6645.7894877199915
4,2022-07-20,6874.74,6739.696011577268,Latih,6738.651821101924,6650.647662443826
4,2022-07-21,6864.13,6867.537064641749,Latih,6869.10121724311,6743.517009238323
4,2022-07-22,6886.96,6867.5077957642425,Latih,6868.704070636665,6813.5425013292115
4,2022-07-25,6858.41,6886.988147081173,Latih,6888.640985415615,6807.146786187915
4,2022-07-26,6871.54,6863.272340972458,Latih,6864.34305960003,6824.16989630106
4,2022-07-27,6898.22,6872.960959968602,Latih,6874.320411418712,6799.303657828596
4,2022-07-28,6956.82,6897.449288623371,Latih,6899.31259397451,6815.92569123867
4,2022-07-29,6951.12,6951.0897295451605,Latih,6954.062227101371,6849.966223167214
4,2022-08-01,6968.78,6950.001946024343,Latih,6952.795236345574,6904.8041024768745
4,2022-08-02,6988.16,6965.24004244809,Latih,6968.383628487038,6902.0417616665745
4,2022-08-03,7046.63,6983.576166816998,Latih,6987.076253989388,6921.224097893279
4,2022-08-04,7057.35,7036.609045827443,Latih,7041.224272061641,6946.620434004112
4,2022-08-05,7084.65,7050.038134287652,Latih,7054.793913188038,7003.887268164209
4,2022-08-08,7086.85,7074.912284665166,Latih,7080.186836320221,7017.3461426199
4,2022-08-09,7102.88,7078.700897812902,Latih,7083.986412369073,7043.756650507506
4,2022-08-10,7086.24,7093.030133535923,Latih,7098.62498806602,7047.736855865773
4,2022-08-11,7160.38,7079.391508871377,Latih,7084.643876165212,7061.149810245094
4,2022-08-12,7129.28,7143.855901308127,Latih,7150.570264546939,7053.869357956704
4,2022-08-15,7093.28,7121.346893422668,Latih,7127.369714790648,7121.262861751382
4,2022-08-16,7133.45,7087.400994083941,Latih,7092.75962912208,7087.263595837415
4,2022-08-18,7186.56,7120.507559233968,Latih,7126.6897563625025,7057.467930247841
4,2022-08-19,7172.43,7170.201717736791,Latih,7177.370524253916,7102.155042225184
4,2022-08-22,7107.98,7161.285879845688,Latih,7168.117939136098,7151.384104819365
4,2022-08-23,7163.27,7103.317213167014,Latih,7108.911602290931,7130.318735190695
4,2022-08-24,7194.71,7147.879596288271,Latih,7154.6249348939145,7075.034014236986
4,2022-08-25,7174.21,7179.423999741149,Latih,7186.716656013799,7131.6747736621555
4,2022-08-26,7135.25,7163.4105107665755,Latih,7170.267753702472,7159.399795447656
4,2022-08-29,7132.04,7127.561462136572,Latih,7133.684449256724,7135.2095335949125
4,2022-08-30,7159.47,7122.092525833909,Latih,7128.198448060816,7097.510702248873
4,2022-08-31,7178.59,7146.1416661906915,Latih,7152.785029131242,7097.63972318417
4,2022-09-01,7153.1,7164.907101904223,Latih,7171.890469914745,7126.151333124702
4,2022-09-02,7177.18,7143.6479164577195,Latih,7150.113080543347,7141.490707104273
4,2022-09-05,7231.88,7163.2298814571595,Latih,7170.1933404255615,7119.884121800726
4,2022-09-06,7233.15,7213.244808241204,Latih,7221.244519924001,7149.342729892798
4,2022-09-07,7186.76,7218.059693726376,Latih,7226.020569849091,7201.893913507535
4,2022-09-08,7232.02,7177.106897509168,Latih,7184.163489425254,7197.691554266287
4,2022-09-09,7242.66,7214.01521060355,Latih,7222.006441551523,7158.536725543806
4,2022-09-12,7254.46,7226.48209764369,Latih,7234.627740019638,7203.138926749303
4,2022-09-13,7318.02,7237.638918000537,Latih,7246.001749926884,7214.710579147414
4,2022-09-14,7278.08,7294.663016982163,Latih,7304.248884636249,7233.439868314344
4,2022-09-15,7305.6,7263.619700849137,Latih,7272.354444024644,7289.665071733081
4,2022-09-16,7168.87,7285.26982748636,Latih,7294.586483521546,7254.61709056147
4,2022-09-19,7195.49,7166.169904004405,Latih,7172.794081868004,7265.009145141921
4,2022-09-20,7196.95,7180.491848363948,Latih,7187.793192218614,7137.130678591794
4,2022-09-21,7188.31,7183.579973499846,Latih,7190.87868005283,7162.803362549613
4,2022-09-22,7218.91,7176.035170501541,Latih,7183.164107222628,7163.192804098198
4,2022-09-23,7178.58,7202.5221084261675,Latih,7210.256486874893,7158.490184925863
4,2022-09-26,7127.5,7168.909543335508,Latih,7175.823565825294,7183.093986024928
4,2022-09-27,7112.45,7121.000424377982,Latih,7126.967500428026,7138.490647159881
4,2022-09-28,7077.03,7104.239389655652,Latih,7109.973142074409,7087.797571860612
4,2022-09-29,7036.2,7071.889833512365,Latih,7076.951797967016,7069.2420860458005
4,2022-09-30,7040.8,7033.379540636593,Latih,7037.688374469335,7030.539942400509
4,2022-10-03,7009.72,7034.6934857047145,Latih,7039.139407513197,6991.96195878153
4,2022-10-04,7072.26,7007.509265899709,Latih,7011.34504020696,6992.73815286522
4,2022-10-05,7075.38,7060.73725352293,Latih,7065.826159824191,6970.269014775799
4,2022-10-06,7076.62,7067.71793251997,Latih,7072.7946348369705,7030.547078628593
4,2022-10-07,7026.78,7069.025413613377,Latih,7074.122697225868,7033.680916993672
4,2022-10-10,6994.4,7025.018570334964,Latih,7029.144602962786,7029.046764241511
4,2022-10-11,6939.15,6993.010415480187,Latih,6996.564438057591,6977.5172506142135
4,2022-10-12,6909.21,6941.948816054507,Latih,6944.465474113866,6938.377418313069
4,2022-10-13,6880.63,6911.734103912155,Latih,6913.73253219072,6881.482753961122
4,2022-10-14,6814.53,6884.430559133923,Latih,6885.9077842033275,6848.693130419287
4,2022-10-17,6831.12,6824.027068315774,Latih,6824.25136823836,6811.239826688795
4,2022-10-18,6834.49,6834.2425271070315,Latih,6834.866585081847,6751.479617706261
4,2022-10-19,6860.42,6838.3433502334665,Latih,6839.013664411338,6767.672624186598
4,2022-10-20,6980.65,6861.509511644278,Latih,6862.68044773582,6774.963599825824
4,2022-10-21,7017.77,6969.619824867295,Latih,6973.100002997565,6840.614092838796
4,2022-10-24,7053.04,7010.571431713155,Latih,7014.633910541586,6936.054472647948
4,2022-10-25,7048.38,7044.277802004869,Latih,7048.983317037877,6975.735830894756
4,2022-10-26,7043.94,7042.535528116281,Latih,7047.109281488712,7008.980259697489
4,2022-10-27,7091.76,7038.293299078996,Latih,7042.786071776207,7003.997259157946
4,2022-10-28,7056.04,7080.297189296543,Latih,7085.725583549798,7005.329872185042
4,2022-10-31,7098.89,7051.924942650851,Latih,7056.6026367366885,7046.969039093312
4,2022-11-01,7052.3,7087.4212651086455,Latih,7092.9743365061895,7017.754614110045
4,2022-11-02,7015.69,7049.097548399028,Latih,7053.694158386048,7053.362737474497
4,2022-11-03,7034.57,7013.5666824603595,Latih,7017.505259821467,7004.452581536821
4,2022-11-04,7045.53,7027.798079462104,Latih,7032.146627955491,6971.585545433806
4,2022-11-07,7102.4,7038.76785824662,Latih,7043.30768867975,6990.95295818453
4,2022-11-08,7050.13,7089.817072696746,Latih,7095.450711075128,7008.095987956575
4,2022-11-09,7070.08,7047.4146396542155,Latih,7051.96501929408,7056.471805888471
4,2022-11-10,6966.84,7061.535890526829,Latih,7066.5352837062455,7008.727337294868
4,2022-11-11,7089.21,6971.551829341697,Latih,6974.519129862237,7014.1987040520235
4,2022-11-14,7019.39,7072.838227882444,Latih,7078.306802202523,6932.395707824272
4,2022-11-15,7035.5,7019.330686280779,Latih,7023.298273960405,7040.244798901136
4,2022-11-16,7014.38,7028.870478723103,Latih,7033.232834266478,6975.238777095126
4,2022-11-17,7044.99,7011.274039908699,Latih,7015.2066187012715,6988.2050966775905
4,2022-11-18,7082.18,7036.927590501363,Latih,7041.480452307517,6971.547744109677
4,2022-11-21,7063.25,7071.893143067418,Latih,7077.134030342161,7005.216623348048
4,2022-11-22,7030.59,7057.656678309498,Latih,7062.485836250839,7038.633562707955
4,2022-11-23,7054.12,7027.486774439865,Latih,7031.70252703672,7016.683300796799
4,2022-11-24,7080.52,7046.098367555197,Latih,7050.809932868537,6988.143507926513
4,2022-11-25,7053.15,7071.040777505695,Latih,7076.238640564739,7013.769340995602
4,2022-11-28,7017.36,7048.609751011189,Latih,7053.24436916953,7035.863413416201
4,2022-11-29,7012.07,7015.101385192923,Latih,7019.071403327041,7005.461995828203
4,2022-11-30,7081.31,7008.006319699339,Latih,7011.915111064963,6970.557049489068
4,2022-12-01,7020.8,7068.901925840436,Latih,7074.164170087634,6973.577483881759
4,2022-12-02,7019.64,7020.044929630809,Latih,7024.049129263216,7032.841272534186
4,2022-12-05,6987.33,7014.93518347507,Latih,7018.987268232159,6974.736862386512
4,2022-12-06,6892.57,6986.27417815094,Latih,6989.69892123406,6969.837686671065
4,2022-12-07,6818.75,6900.265099432507,Latih,6901.883652845064,6924.3209106111935
4,2022-12-08,6804.23,6828.5660455042425,Latih,6828.858527432114,6823.178581138879
4,2022-12-09,6715.12,6810.739308198718,Latih,6810.835233583479,6751.20046449425
4,2022-12-12,6734.45,6730.929026095886,Latih,6729.307977589089,6723.370726318377
4,2022-12-13,6810.32,6742.015583047589,Latih,6740.874394167681,6658.321382953833
4,2022-12-14,6801.75,6810.437802562145,Latih,6810.750400379328,6706.953807753936
4,2022-12-15,6751.86,6807.976476126341,Latih,6808.033979645399,6742.850521733483
4,2022-12-16,6812.19,6763.263378970645,Latih,6762.360103144072,6726.853528822381
4,2022-12-19,6779.7,6813.267006726889,Latih,6813.595686913161,6713.574120160656
4,2022-12-20,6768.32,6788.596368129279,Latih,6788.222621111299,6741.120451829155
4,2022-12-21,6820.66,6776.336560983086,Latih,6775.779211227322,6708.650239133851
4,2022-12-22,6824.43,6821.8707380628875,Latih,6822.345090383321,6723.582473202067
4,2022-12-23,6800.67,6828.737961375744,Latih,6829.224750383526,6756.205145204983
4,2022-12-26,6835.81,6807.973295850781,Latih,6807.993334172395,6755.997367201767
4,2022-12-27,6923.03,6837.456156775983,Latih,6838.18762015465,6742.415250604173
4,2022-12-28,6850.52,6916.98600579981,Latih,6919.373668779772,6802.4590600133215
4,2022-12-29,6860.08,6858.726667106185,Latih,6859.601915138398,6856.9646910226675
4,2022-12-30,6850.62,6862.2905149251565,Latih,6863.4361639476165,6790.039980530169
4,2023-01-02,6850.98,6854.566970098052,Latih,6855.51740708414,6797.5638661062985
4,2023-01-03,6888.76,6854.247055061493,Latih,6855.215513609085,6788.691931531454
4,2023-01-04,6813.24,6887.693108163513,Latih,6889.396236221231,6795.020188632634
4,2023-01-05,6653.84,6823.4345545375645,Latih,6823.6242334115805,6818.709027038842
4,2023-01-06,6684.56,6677.326218434882,Latih,6674.502314729405,6722.161549352425
4,2023-01-09,6688.27,6693.745347678676,Latih,6691.704774284973,6647.4093533194155
4,2023-01-10,6622.5,6699.100492170468,Latih,6697.096349738255,6646.403313222834
4,2023-01-11,6584.45,6641.167984966346,Latih,6637.879780421116,6653.977540234039
4,2023-01-12,6629.93,6603.068907537986,Latih,6601.91269961283,6641.969149384358
4,2023-01-13,6641.83,6639.565197188117,Latih,6634.66353930638,6646.576909727761
4,2023-01-16,6688.06,6654.331042083214,Latih,6651.48689320893,6645.517651727358
4,2023-01-17,6767.34,6696.031086705341,Latih,6694.07260579051,6648.134999120841
4,2023-01-18,6765.79,6769.285295382166,Latih,6768.8155971235265,6668.057020902049
4,2023-01-19,6819.91,6773.264298441136,Latih,6772.67213371756,6696.582967938498
4,2023-01-20,6874.93,6821.036497486263,Latih,6821.4991887963115,6722.352857148069
4,2023-01-24,6860.85,6873.361726400887,Latih,6874.831996233499,6770.46003229084
4,2023-01-25,6829.93,6864.619019608532,Latih,6865.751223563586,6813.201927429466
4,2023-01-26,6864.82,6836.315704789193,Latih,6836.862686329515,6795.011113212135
4,2023-01-27,6898.98,6865.094225173627,Latih,6866.356044749652,6771.3569863501425
4,2023-01-30,6872.48,6897.668107095399,Latih,6899.554010502138,6809.703365755109
4,2023-01-31,6839.34,6876.530366805828,Latih,6877.860859649218,6837.7454842841935
4,2023-02-01,6862.26,6845.425022371443,Latih,6846.141541040572,6807.47991358879
4,2023-02-02,6890.57,6863.4645537245615,Latih,6864.665637794172,6779.833041257585
4,2023-02-03,6911.73,6890.05550993029,Latih,6891.780770637431,6805.95395015004
4,2023-02-06,6873.79,6910.685026671926,Latih,6912.789024585525,6836.028962870867
4,2023-02-07,6935.3,6878.5497125065685,Latih,6879.890883836186,6849.987425004277
4,2023-02-08,6940.12,6930.403614240927,Latih,6932.985817003889,6823.926902563601
4,2023-02-09,6897.37,6938.818623371168,Latih,6941.422932927651,6882.748400210178
4,2023-02-10,6880.33,6901.325423988738,Latih,6903.092364404836,6880.5215867770075
4,2023-02-13,6900.14,6883.366175201571,Latih,6884.851286320127,6837.470118961365
4,2023-02-14,6941.85,6899.740974506774,Latih,6901.631428551713,6824.526655993492
4,2023-02-15,6914.54,6937.976238186402,Latih,6940.65514201109,6849.836116284165
4,2023-02-16,6895.66,6916.63152142648,Latih,6918.730477439802,6884.876082127131
4,2023-02-17,6895.71,6898.086429683009,Latih,6899.84987955276,6856.106326892409
4,2023-02-20,6894.72,6896.85656799797,Latih,6898.642952050009,6838.293991322549
4,2023-02-21,6873.4,6895.984138258734,Latih,6897.751207954326,6838.184258887799
4,2023-02-22,6809.97,6877.05674119476,Latih,6878.4101165086395,6833.870409010679
4,2023-02-23,6839.45,6819.5051818764505,Latih,6819.649173377185,6803.692825939086
4,2023-02-24,6856.58,6841.303876508506,Latih,6842.095325572523,6748.495950401744
4,2023-02-27,6854.78,6858.447242407236,Latih,6859.5376632297375,6779.036550293291
4,2023-02-28,6843.24,6858.010872402225,Latih,6859.0463494396545,6794.919738465574
4,2023-03-01,6844.94,6847.680639275941,Latih,6848.493652159604,6791.391571787026
4,2023-03-02,6857.42,6848.405767959389,Latih,6849.265295605096,6780.768766237224
4,2023-03-03,6813.64,6859.560804259215,Latih,6860.661179602776,6784.35150179031
4,2023-03-06,6807.0,6821.67340584281,Latih,6821.907401727467,6789.191519209172
4,2023-03-07,6766.76,6812.844909178047,Latih,6813.000690968661,6746.816351211985
4,2023-03-08,6776.37,6776.798838598752,Latih,6776.179357118034,6734.170657703299
4,2023-03-09,6799.79,6782.584664797808,Latih,6782.199049922253,6698.306095533982
4,2023-03-10,6765.3,6803.951488351253,Latih,6804.01038808885,6714.484661494808
4,2023-03-13,6786.96,6775.020702578449,Latih,6774.381208632016,6727.133923117537
4,2023-03-14,6641.81,6791.854495800163,Latih,6791.676607216026,6703.762931275979
4,2023-03-15,6628.14,6664.910500218582,Latih,6661.883097661148,6705.053050133303
4,2023-03-16,6565.73,6643.022033905693,Latih,6639.897658799597,6644.113236869135
4,2023-03-17,6678.24,6597.462036478895,Latih,6601.498255410049,6640.481995649793
4,2023-03-20,6612.49,6676.921896816504,Latih,6664.945056627404,6650.5849101773
4,2023-03-21,6691.61,6631.635858798034,Latih,6628.164555705048,6651.4727758881545
4,2023-03-24,6762.25,6695.890753814295,Latih,6695.336325775102,6649.572044123421
4,2023-03-27,6708.93,6765.02201964321,Latih,6764.4491563481315,6666.346161930573
4,2023-03-28,6760.33,6722.620077862757,Latih,6720.9274731558735,6682.765834148241
4,2023-03-29,6839.44,6764.492361555122,Latih,6763.861968885087,6670.817435447883
4,2023-03-30,6808.95,6837.945065967472,Latih,6838.794147830041,6731.53027916791
4,2023-03-31,6805.28,6816.311073411136,Latih,6816.474741250901,6771.477319703424
4,2023-04-03,6827.17,6811.006813328294,Latih,6811.134593180446,6742.116964027007
4,2023-04-04,6833.18,6830.123992689878,Latih,6830.681937131316,6742.1227169645035
4,2023-04-05,6819.67,6836.917914529474,Latih,6837.567311285169,6763.736697055124
4,2023-04-06,6792.77,6825.371962894827,Latih,6825.75152749005,6767.267901801788
4,2023-04-10,6771.23,6800.663419549492,Latih,6800.535251858857,6750.25228989931
4,2023-04-11,6811.31,6779.79287411871,Latih,6779.276932584966,6721.44790068807
4,2023-04-12,6798.96,6813.795682290821,Latih,6814.084699528245,6719.283529250639
4,2023-04-13,6785.6,6805.575161231784,Latih,6805.5772038477935,6743.342701696178
4,2023-04-14,6818.57,6792.922887396839,Latih,6792.679376541402,6729.568243066985
4,2023-04-17,6787.58,6821.187935485869,Latih,6821.601500588089,6727.945811269599
4,2023-04-18,6821.81,6795.9978777361175,Latih,6795.770061411288,6748.391389146766
4,2023-04-26,6910.15,6824.187814438968,Latih,6824.662089191705,6730.392283491511
4,2023-04-27,6945.48,6904.6470278913175,Latih,6906.800358859936,6790.771262917544
4,2023-04-28,6915.72,6941.8630520379975,Latih,6944.600959023877,6859.859672594104
4,2023-05-02,6863.3,6917.920334560911,Latih,6920.038036100905,6888.489392280616
4,2023-05-03,6812.72,6869.539086890256,Latih,6870.671445980703,6852.090750664505
4,2023-05-04,6844.03,6821.256350194245,Latih,6821.465627839594,6794.595660629298
4,2023-05-05,6787.63,6845.541089501413,Latih,6846.418457717332,6751.817580160222
4,2023-05-08,6769.63,6797.760267514017,Latih,6797.503776997354,6772.430277639651
4,2023-05-09,6779.98,6778.030600692356,Latih,6777.489501369024,6716.342795666175
4,2023-05-10,6811.9,6785.971890971686,Latih,6785.653191162373,6701.244515015498
4,2023-05-11,6755.94,6814.908132339148,Latih,6815.198442371517,6722.415092296618
4,2023-05-12,6707.76,6767.557707644128,Latih,6766.721993281268,6737.080558128377
4,2023-05-15,6711.74,6721.15921957733,Latih,6719.451191826778,6676.624566907597
4,2023-05-16,6676.56,6721.428689755219,Latih,6719.854194794315,6647.031055663237
4,2023-05-17,6663.11,6690.575569614186,Latih,6688.311937381043,6649.612586172829
4,2023-05-19,6700.56,6676.303035877359,Latih,6673.818639515799,6645.041108119496
4,2023-05-22,6729.65,6708.525200006978,Latih,6706.785162653641,6648.104741255203
4,2023-05-23,6736.68,6736.786705837865,Latih,6735.569099848885,6650.974455149481
4,2023-05-24,6745.8,6744.968882598897,Latih,6743.854196015319,6664.220988035809
4,2023-05-25,6704.23,6753.511219103059,Latih,6752.5657852334,6671.573733417404
4,2023-05-26,6687.0,6717.35214531781,Latih,6715.587234589772,6666.49417402358
4,2023-05-29,6681.1,6699.3044305727035,Latih,6697.252661574796,6645.514413276025
4,2023-05-30,6636.42,6692.922276850357,Latih,6690.775784766986,6645.822285927692
4,2023-05-31,6633.26,6652.998325632522,Latih,6649.989326011101,6645.152294948557
4,2023-06-05,6633.44,6647.187638986716,Latih,6644.169182570287,6644.677166951158
4,2023-06-06,6618.92,6647.133626014003,Latih,6644.122344609507,6644.818359550843
4,2023-06-07,6619.75,6634.30077458144,Latih,6631.006765386916,6643.836236160704
4,2023-06-08,6666.33,6634.055156470246,Latih,6630.794191114463,6644.485193366119
4,2023-06-09,6694.02,6675.31777099551,Latih,6672.962182258081,6647.578315154472
4,2023-06-12,6722.37,6702.956925340906,Latih,6701.08588907601,6647.5341338873
4,2023-06-13,6719.01,6729.905184212942,Latih,6728.553515388388,6648.30603589178
4,2023-06-14,6699.72,6728.845971460361,Latih,6727.395946796555,6652.005116525749
4,2023-06-15,6713.79,6711.554477117078,Latih,6709.73301953824,6646.119441309283
4,2023-06-16,6698.55,6722.699610607642,Latih,6721.17438406201,6647.497159951934
4,2023-06-19,6686.06,6710.1671788639,Latih,6708.329031302349,6645.899213690766
4,2023-06-20,6660.46,6698.089552381053,Latih,6696.0261094448115,6645.683375111083
4,2023-06-21,6702.63,6674.5998431798935,Latih,6672.052830295277,6644.475077245691
4,2023-06-22,6652.26,6710.177560007291,Latih,6708.480882996337,6648.351975360075
4,2023-06-23,6639.73,6668.46400567801,Latih,6665.738134613049,6652.413794863085
4,2023-06-26,6664.67,6653.980242175469,Latih,6651.069217018792,6644.46435351164
4,2023-06-27,6661.88,6675.197618633521,Latih,6672.786465569448,6646.650566719631
4,2023-07-03,6696.72,6674.412530120623,Latih,6671.918056422484,6645.444317934224
4,2023-07-04,6681.75,6705.045164084152,Latih,6703.2318511134545,6647.897202419052
4,2023-07-05,6718.98,6694.153250339045,Latih,6692.008076906516,6645.468797006467
4,2023-07-06,6757.33,6726.078200911302,Latih,6724.674872000832,6648.579759365031
4,2023-07-07,6716.46,6762.5166735396015,Latih,6761.816198455714,6672.356869809938
4,2023-07-10,6731.04,6728.949407983739,Latih,6727.409042809326,6679.315584220899
4,2023-07-11,6796.92,6739.089367550333,Latih,6737.880294007977,6656.842774593841
4,2023-07-12,6808.21,6798.353479401496,Latih,6798.409328143027,6698.365745092646
4,2023-07-13,6810.21,6812.786991964607,Latih,6812.98577211502,6731.226627491731
4,2023-07-14,6869.57,6815.318181039123,Latih,6815.542739520698,6742.1999485343895
4,2023-07-17,6867.14,6867.965471029913,Latih,6869.342711338436,6764.355881193005
4,2023-07-18,6830.2,6869.821666008865,Latih,6871.082503060734,6809.13981058362
4,2023-07-20,6864.19,6836.979037874372,Latih,6837.523950942786,6800.990858652619
4,2023-07-21,6880.8,6864.555103826557,Latih,6865.804409147536,6771.511979535841
4,2023-07-24,6899.4,6881.542791358269,Latih,6883.0757100338105,6806.226988441972
4,2023-07-25,6917.71,6899.118080047408,Latih,6900.993563526908,6824.852957437068
4,2023-07-26,6948.28,6916.571070334951,Latih,6918.781155001561,6845.311282272371
4,2023-07-27,6896.66,6944.850184032961,Latih,6947.633804248019,6867.439122496878
4,2023-07-28,6900.23,6901.248037283459,Latih,6902.991578111091,6888.111017056741
4,2023-07-31,6931.36,6900.922614940443,Latih,6902.795771389046,6839.95430201176
4,2023-08-01,6886.5,6928.702425375623,Latih,6931.177145167036,6848.258285912308
4,2023-08-02,6854.51,6891.118213229217,Latih,6892.683813760914,6870.5302986288425
4,2023-08-03,6898.08,6859.791206173931,Latih,6860.786554856334,6823.117561217576
4,2023-08-04,6852.84,6896.176195875444,Latih,6898.056566119828,6799.829359964159
4,2023-08-07,6886.37,6859.095294656191,Latih,6860.044697406326,6833.782860937149
4,2023-08-08,6868.81,6885.70434999112,Latih,6887.3588431030885,6796.396963534978
4,2023-08-09,6875.11,6872.432775666749,Latih,6873.706540668046,6825.261532350808
4,2023-08-10,6893.28,6876.820961253083,Latih,6878.237812798655,6809.6857837438865
4,2023-08-11,6879.98,6893.32007571999,Latih,6895.083111895361,6818.512263648539
4,2023-08-14,6910.17,6882.780564948357,Latih,6884.2636334509025,6833.554191367657
4,2023-08-15,6915.1,6908.590336881915,Latih,6910.676313234011,6825.786122682721
4,2023-08-16,6900.54,6914.988947883885,Latih,6917.135737310093,6855.063041373524
4,2023-08-18,6859.91,6902.441287015715,Latih,6904.2990074927,6857.408429958854
4,2023-08-21,6866.03,6865.515702180897,Latih,6866.599840019976,6837.225418734582
4,2023-08-22,6916.45,6868.187831760084,Latih,6869.4383264524095,6799.846011163023
4,2023-08-23,6921.41,6913.204451312463,Latih,6915.42886014704,6813.614587575225
4,2023-08-24,6899.39,6920.9948594940115,Latih,6923.257069652718,6861.990715777908
4,2023-08-25,6895.44,6901.84978161756,Latih,6903.6777936667595,6863.182000461851
4,2023-08-28,6921.73,6896.869444235601,Latih,6898.646209893265,6841.771816566022
4,2023-08-29,6957.83,6919.86009580497,Latih,6922.153022771518,6842.210694593223
4,2023-08-30,6966.66,6953.569827363535,Latih,6956.53454229419,6872.606889289653
4,2023-08-31,6953.26,6963.817399181174,Latih,6966.91191072409,6908.220649240056
4,2023-09-01,6977.65,6952.559120277211,Latih,6955.382584432408,6914.4310292983455
4,2023-09-04,6996.75,6973.231195828365,Latih,6976.544887825894,6905.128076889554
4,2023-09-05,6991.71,6991.773831261446,Latih,6995.430760316302,6930.725003063721
4,2023-09-06,6995.95,6988.604156620551,Latih,6992.140804033925,6948.434173597141
4,2023-09-07,6954.81,6992.014911662389,Latih,6995.639882826259,6944.10113864307
4,2023-09-08,6924.78,6955.906916205332,Latih,6958.726450263903,6942.322666496082
4,2023-09-11,6963.39,6926.564840649408,Latih,6928.84794237439,6898.731792918482
4,2023-09-12,6933.97,6958.694259669826,Latih,6961.763639279054,6876.178312886989
4,2023-09-13,6935.48,6935.27367621426,Latih,6937.725668670578,6908.286892052928
4,2023-09-14,6959.33,6934.6241243231725,Latih,6937.139722290678,6880.757599421776
4,2023-09-15,6982.79,6955.824668591067,Latih,6958.8026217419365,6885.954686803854
4,2023-09-18,6936.08,6978.18790091877,Latih,6981.594493160892,6911.543597649375
4,2023-09-19,6980.32,6938.449504559083,Latih,6940.919932271286,6926.932459819358
4,2023-09-20,7011.68,6974.433831251907,Latih,6977.819428504157,6888.981430035867
4,2023-09-21,6991.47,7005.161653707078,Latih,7009.10602278953,6935.026959227366
4,2023-09-22,7016.84,6989.399432357599,Latih,6992.913998833348,6962.709111932561
4,2023-09-25,6998.38,7010.478867595247,Latih,7014.510629615836,6946.3115077245675
4,2023-09-26,6923.8,6995.860511211206,Latih,6999.503529792478,6968.459618973779
4,2023-09-27,6937.83,6928.638173466963,Latih,6930.8515159768285,6939.700930063767
4,2023-09-29,6939.89,6936.016671323819,Latih,6938.589824522181,6871.530921914613
4,2023-10-02,6961.46,6938.785838091417,Latih,6941.382752860828,6885.099942499436
4,2023-10-03,6940.89,6958.006570327923,Latih,6961.020799304889,6890.428326135911
4,2023-10-04,6886.58,6941.265160232826,Latih,6943.854007961793,6907.5620994961655
4,2023-10-05,6874.83,6891.832146308459,Latih,6893.388206013478,6879.538080096281
4,2023-10-06,6888.52,6877.772484186924,Latih,6879.163143706954,6826.413981474668
4,2023-10-09,6891.46,6889.090309225954,Latih,6890.7610139865055,6817.49348952177
4,2023-10-10,6922.19,6892.615011214056,Latih,6894.326981989183,6830.8810792643135
4,2023-10-11,6931.75,6919.998424863856,Latih,6922.304952033203,6838.527056394847
4,2023-10-12,6935.15,6930.5294290447655,Latih,6932.986127274675,6869.047514541184
4,2023-10-13,6926.78,6934.1823504353,Latih,6936.694121729774,6878.609853327311
4,2023-10-16,6896.29,6927.007338502449,Latih,6929.352287537497,6880.492317899501
4,2023-10-17,6939.62,6899.469797839561,Latih,6901.231205093303,6867.759166812932
4,2023-10-18,6927.91,6935.743684743686,Latih,6938.383701296491,6845.848722986015
4,2023-10-19,6846.43,6928.308640036029,Latih,6930.670369549435,6884.890561430491
4,2023-10-20,6849.17,6855.437822627458,Latih,6856.227746193443,6860.922453460727
4,2023-10-23,6741.96,6852.363064991268,Latih,6853.301194569502,6784.450219612147
4,2023-10-24,6806.76,6757.705563015662,Latih,6756.554432542644,6770.042653443538
4,2023-10-25,6834.39,6807.795303843049,Latih,6808.029868557481,6707.366739386634
4,2023-10-26,6714.52,6836.610953298242,Latih,6837.307718060644,6744.66409326317
4,2023-10-27,6758.79,6732.433593778331,Latih,6730.765746094603,6751.742791972778
4,2023-10-30,6735.89,6763.507251808666,Latih,6762.8404023212415,6671.745662216854
4,2023-10-31,6752.21,6746.236519752166,Latih,6745.072513041517,6683.773451454653
4,2023-11-01,6642.42,6759.128451913617,Latih,6758.308690640352,6674.9067139154795
4,2023-11-02,6751.39,6663.105028049212,Latih,6660.12996429504,6684.595617326511
4,2023-11-03,6788.85,6750.938802797816,Latih,6751.368346845529,6652.362399800131
4,2023-11-06,6878.84,6792.587743235852,Latih,6792.462833388474,6700.366655537501
4,2023-11-07,6843.79,6874.724590829646,Latih,6876.307101119196,6762.702861867271
4,2023-11-08,6804.11,6849.790868461165,Latih,6850.586583748493,6814.188278259067
4,2023-11-09,6838.23,6812.322982003717,Latih,6812.387414903669,6774.8159497154
4,2023-11-10,6809.26,6839.829133605393,Latih,6840.603672911557,6744.870462119898
4,2023-11-13,6838.31,6816.503622289924,Latih,6816.67476248446,6770.384365002834
4,2023-11-14,6862.06,6840.247456193002,Latih,6841.0175482845625,6747.645110338053
4,2023-11-15,6958.21,6863.218147008453,Latih,6864.416542064582,6778.82913427266
4,2023-11-16,6958.01,6949.879130504772,Latih,6952.920766734525,6829.544484428794
4,2023-11-17,6977.67,6956.190943254277,Latih,6959.116667489455,6907.208235664407
4,2023-11-20,6994.89,6973.569468553113,Latih,6976.877989370871,6909.680938695708
4,2023-11-21,6961.79,6990.129758076717,Latih,6993.750463017274,6930.526895166678
4,2023-11-22,6906.95,6962.010201130555,Latih,6964.966771453069,6942.428572257801
4,2023-11-23,7004.34,6911.26272502009,Latih,6913.190773541967,6902.493826202193
4,2023-11-24,7009.63,6993.717057195951,Latih,6997.603974471142,6868.434367755686
4,2023-11-27,7013.41,7004.969182395986,Latih,7008.845653888038,6957.798766468808
4,2023-11-28,7041.07,7008.670092334798,Latih,7012.61399601107,6963.308193109081
4,2023-11-29,7036.09,7033.394381922537,Latih,7037.872054774815,6970.160575135993
4,2023-11-30,7080.74,7030.855539501959,Latih,7035.204087995345,6996.077235355427
4,2023-12-01,7059.91,7070.018642112075,Latih,7075.241843952,6996.522215374758
4,2023-12-04,7093.6,7054.604803143796,Latih,7059.370665844735,7036.863829854781
4,2023-12-05,7100.85,7083.002595417559,Latih,7088.448313123048,7020.844135464482
4,2023-12-06,7087.4,7091.689867162765,Latih,7097.237353686156,7053.966214153823
4,2023-12-07,7134.62,7080.280693233072,Latih,7085.558037325204,7059.340621290264
4,2023-12-08,7159.6,7121.145786241357,Latih,7127.357614229983,7051.971483268794
4,2023-12-11,7088.79,7146.430786851712,Latih,7153.073684386083,7100.126595248045
4,2023-12-12,7125.31,7085.47509160167,Latih,7090.71106625563,7115.785806696478
4,2023-12-13,7075.34,7113.003556844059,Latih,7119.032583627764,7052.215562954005
4,2023-12-14,7176.02,7071.262569406091,Latih,7076.276803871452,7081.364572513163
4,2023-12-15,7190.99,7156.956102734873,Latih,7163.987459293673,7045.254120745714
4,2023-12-18,7119.52,7176.993545248579,Latih,7184.199015430284,7143.4548246050545
4,2023-12-19,7187.85,7114.778460877005,Latih,7120.575870518748,7149.447394571372
4,2023-12-20,7219.67,7170.402928341697,Latih,7177.613052585196,7088.960725326599
4,2023-12-21,7209.62,7203.163334717824,Latih,7210.913071570471,7158.138286142417
4,2023-12-22,7237.52,7196.420168007685,Latih,7203.937253482415,7187.448015968872
4,2023-12-26,7237.52,7220.423388288097,Latih,7228.495031081515,7181.079242674184
4,2023-12-27,7245.92,7222.306214842873,Latih,7230.345382627325,7207.80757127054
4,2023-12-28,7303.89,7229.737251886207,Latih,7237.939880663234,7208.78875092037
4,2023-12-29,7272.8,7281.586758117759,Latih,7290.907654520357,7223.607904214935
4,2024-01-02,7323.59,7257.995318882546,Latih,7266.6437033558705,7275.5116044104925
4,2024-01-03,7279.09,7300.828149217452,Latih,7310.5010478270915,7251.660313391765
4,2024-01-04,7359.76,7264.889173771224,Latih,7273.637051743351,7295.119063326205
4,2024-01-05,7350.62,7333.250153589337,Latih,7343.619506690592,7261.911401611647
4,2024-01-08,7283.58,7330.608508114903,Latih,7340.7060122955745,7338.126058995813
4,2024-01-09,7200.2,7270.685342329822,Latih,7279.48906904348,7321.538517354814
4,2024-01-10,7227.3,7192.399730870796,Latih,7199.659188169314,7247.573736865599
4,2024-01-11,7219.96,7210.746663005427,Latih,7218.630436837749,7170.860939734052
4,2024-01-12,7241.14,7206.082258851602,Latih,7213.791608790234,7195.965414458586
4,2024-01-15,7224.0,7224.3235954953,Latih,7232.453724331933,7191.407898590637
4,2024-01-16,7242.79,7210.5901831055435,Latih,7218.36210431941,7209.696241258457
4,2024-01-17,7200.63,7226.05588900693,Latih,7234.213321672755,7195.470894537045
4,2024-01-18,7252.97,7190.0274004388575,Latih,7197.342758190705,7208.5468948424605
4,2024-01-19,7227.4,7233.484392172175,Latih,7241.867236564238,7174.271643064092
4,2024-01-22,7247.93,7214.396223129109,Latih,7222.220631817655,7221.426597163753
4,2024-01-23,7256.23,7230.8323526264,Latih,7239.085917524178,7199.328594646528
4,2024-01-24,7227.82,7239.560373268206,Latih,7247.9515432597,7219.965997437314
4,2024-01-25,7178.04,7214.987857806757,Latih,7222.816558574514,7224.598753970938
4,2024-01-26,7137.09,7169.033134532045,Latih,7175.926265455555,7191.566653809619
4,2024-01-29,7157.17,7129.447649958199,Latih,7135.6019744277655,7139.093606721229
4,2024-01-30,7192.22,7144.447742832966,Latih,7151.040428211757,7102.208874206605
4,2024-01-31,7207.94,7176.809554672312,Latih,7184.060841506791,7125.540047963922
4,2024-02-01,7201.7,7193.08149921186,Latih,7200.597860721423,7160.954510645935
4,2024-02-02,7238.79,7188.622184047771,Latih,7195.9988202799095,7175.285401146482
4,2024-02-05,7198.62,7221.012385664062,Latih,7229.118003108578,7173.640190302203
4,2024-02-06,7247.41,7187.979406402183,Latih,7195.260168961359,7204.480175646618
4,2024-02-07,7235.15,7228.430132775384,Latih,7236.707123117524,7171.696395537923
4,2024-02-12,7297.67,7220.877004177646,Latih,7228.858565019445,7217.005445306377
4,2024-02-13,7209.74,7275.357451541506,Latih,7284.5698565924995,7212.563557018117
4,2024-02-15,7303.28,7201.790127929523,Latih,7209.218734518364,7262.186456663689
4,2024-02-16,7335.54,7278.605521267735,Latih,7287.956669071997,7188.875933839155
4,2024-02-19,7296.7,7313.456635625449,Latih,7323.326452760784,7282.256270762765
4,2024-02-20,7352.6,7281.274212012374,Latih,7290.350718458974,7308.624426688042
4,2024-02-21,7349.02,7328.104519445984,Latih,7338.314031380504,7277.945420169913
4,2024-02-22,7339.64,7328.709909461825,Latih,7338.784712163299,7331.079757727473
4,2024-02-23,7295.1,7320.1703783226885,Latih,7330.0668270338465,7326.554354885904
4,2024-02-26,7283.82,7280.1354148031105,Latih,7289.176033262098,7312.365361558285
4,2024-02-27,7285.32,7267.150840956054,Latih,7276.023964902245,7268.378117051206
4,2024-02-28,7328.64,7267.716568023047,Latih,7276.631992219769,7257.746998829922
4,2024-02-29,7316.11,7306.1405539084335,Latih,7315.897070494977,7264.24448278912
4,2024-03-01,7311.91,7297.979397993173,Latih,7307.441674450722,7304.281566492405
4,2024-03-04,7276.75,7293.418314011181,Latih,7302.813468555298,7291.787168775881
4,2024-03-05,7247.46,7262.030959287962,Latih,7270.746775945507,7283.656212550484
4,2024-03-06,7329.8,7233.747036392766,Latih,7241.933944783289,7246.551187777598
4,2024-03-07,7373.96,7304.61174632081,Latih,7314.434867702809,7228.109881612139
4,2024-03-08,7381.91,7349.234166839214,Latih,7359.820812914463,7312.150602462378
4,2024-03-13,7421.21,7359.247225654217,Latih,7369.937140189502,7355.38487148294
4,2024-03-14,7433.31,7394.55014598856,Latih,7405.995466464855,7367.591906739566
4,2024-03-15,7328.05,7407.906527661183,Latih,7419.541475299696,7406.654947021105
4,2024-03-18,7302.45,7315.605674514857,Latih,7325.178407372324,7405.950735759832
4,2024-03-19,7336.75,7285.855360171878,Latih,7295.052613666142,7302.120633889522
4,2024-03-20,7331.13,7314.471014249411,Latih,7324.365446200459,7281.602478504264
4,2024-03-21,7338.35,7311.814010371056,Latih,7321.5592020738995,7313.8055868364245
4,2024-03-22,7350.15,7317.821938741294,Latih,7327.713991949647,7309.264980726328
4,2024-03-25,7377.76,7328.747917633145,Latih,7338.861193912118,7317.560173621265
4,2024-03-26,7365.66,7353.96910588512,Latih,7364.605964115951,7332.089895984023
4,2024-03-27,7310.09,7345.128250100703,Latih,7355.497448066564,7357.126938524338
4,2024-03-28,7288.81,7295.15221058854,Latih,7304.454180473174,7339.043684846252
4,2024-04-01,7205.06,7272.576908178411,Latih,7281.529513157689,7283.321533795678
4,2024-04-02,7236.98,7197.0519827521575,Latih,7204.399918936565,7253.151836773237
4,2024-04-03,7166.84,7219.637989504413,Latih,7227.704461118059,7176.647593321871
4,2024-04-04,7254.4,7159.743316919872,Latih,7166.407881697485,7199.033733975961
4,2024-04-05,7286.88,7232.469134447651,Latih,7240.919100753147,7142.067603919572
4,2024-04-16,7164.81,7267.111178007207,Latih,7276.091190239274,7229.744750096875
4,2024-04-17,7130.84,7161.315045299599,Latih,7167.88192649133,7246.600986238796
4,2024-04-18,7166.81,7123.025820359056,Latih,7129.073980507916,7125.689029653137
4,2024-04-19,7087.32,7152.553929107257,Latih,7159.341516251632,7097.347551527085
4,2024-04-22,7073.82,7084.661199617446,Latih,7089.86020033604,7122.521268348758
4,2024-04-23,7110.81,7067.354191734848,Latih,7072.383060638963,7044.792489527519
4,2024-04-24,7174.53,7099.166048605503,Latih,7104.9303109849125,7036.180355024392
4,2024-04-25,7155.29,7158.031604703733,Latih,7164.992788353035,7079.06044994241
4,2024-04-26,7036.08,7145.311329854794,Latih,7151.82381023533,7137.8570742142865
4,2024-04-29,7155.78,7038.554753928239,Latih,7042.770144542511,7105.499451030555
4,2024-04-30,7234.2,7136.401490532226,Latih,7143.084774980612,7005.278470658114
4,2024-05-01,7234.2,7213.852990694121,Latih,7221.922720151024,7129.112402373617
4,2024-05-02,7117.42,7219.145176072197,Latih,7227.123582494335,7204.2390952456735
4,2024-05-03,7134.72,7115.836691105429,Latih,7121.542881136005,7190.597367873264
4,2024-05-06,7135.89,7123.2601265144995,Latih,7129.438910664385,7080.742479586661
4,2024-05-07,7123.61,7125.462687114542,Latih,7131.644108566111,7097.45262990004
4,2024-05-08,7088.79,7114.678243413035,Latih,7120.619308428828,7097.139049558701
4,2024-05-13,7099.26,7083.046343598426,Latih,7088.324204808534,7081.3071724177
4,2024-05-14,7083.76,7089.958711310685,Latih,7095.480859053196,7049.17258221751
4,2024-05-15,7179.83,7076.953349320947,Latih,7082.161709874928,7057.392172464189
4,2024-05-16,7246.7,7160.894835231373,Latih,7167.990469554732,7053.76562409049
4,2024-05-17,7317.24,7226.534068000393,Latih,7234.81907367118,7153.612573030063
4,2024-05-20,7266.69,7293.449341089809,Latih,7303.02900332817,7225.9146123755745
4,2024-05-21,7186.04,7253.491066166242,Latih,7262.005051677307,7287.587239989126
4,2024-05-22,7222.38,7178.733440394472,Latih,7185.736924294305,7229.7388549519355
4,2024-05-27,7176.42,7205.438653817251,Latih,7213.243205175475,7156.720917478868
4,2024-05-28,7253.63,7167.232943430016,Latih,7174.100838996243,7186.165873656345
4,2024-05-29,7140.23,7232.434487543183,Latih,7240.858287679035,7151.155331826278
4,2024-05-30,7034.14,7137.326614593334,Latih,7143.454048928089,7211.876100379303
4,2024-05-31,6970.74,7035.822250825221,Latih,7040.017473838384,7090.845310082496
4,2024-06-03,7036.19,6972.5764986134045,Latih,6975.66154689734,6980.894186140346
4,2024-06-04,7099.31,7026.19780617004,Latih,7030.630179487521,6928.71243160848
4,2024-06-05,6947.67,7086.453220255435,Latih,7092.037577290595,6998.787347250035
4,2024-06-06,6974.9,6956.565827931807,Latih,6959.126104892538,7038.749397134836
4,2024-06-07,6897.95,6970.4212025964725,Latih,6973.68786271398,6899.451621142664
4,2024-06-10,6921.55,6904.185629376212,Latih,6905.923326770702,6913.441368913691
4,2024-06-11,6855.69,6919.870231317323,Latih,6922.156746020954,6844.551325693163
4,2024-06-12,6850.1,6863.200384005939,Latih,6864.17791797403,6856.38727708939
4,2024-06-13,6831.56,6853.810685056481,Latih,6854.75615770999,6793.337874573495
4,2024-06-14,6734.83,6837.0321976024225,Latih,6837.623418585689,6785.122860820915
4,2024-06-19,6726.92,6750.209653522095,Latih,6748.940296951553,6752.290937028549
4,2024-06-20,6819.32,6736.68434233429,Latih,6735.373693893273,6660.419479258518
4,2024-06-21,6879.98,6817.891411805182,Latih,6818.387896775036,6709.577741937654
4,2024-06-24,6889.17,6877.789368088877,Latih,6879.358562590516,6773.096248026513
4,2024-06-25,6882.7,6890.012873553075,Latih,6891.690249135531,6822.457460119754
4,2024-06-26,6905.64,6884.90935866896,Latih,6886.450189249553,6830.106048696071
4,2024-06-27,6967.95,6904.766456288138,Latih,6906.76113546137,6827.635414136678
4,2024-06-28,7063.58,6961.436536302612,Latih,6964.616941141532,6858.37476832274
4,2024-07-01,7139.63,7050.239810298737,Latih,7055.208383246717,6929.239167979998
4,2024-07-02,7125.14,7123.970388056105,Latih,7130.307410306996,7029.737065029198
4,2024-07-03,7196.75,7116.284101579253,Latih,7122.250660511319,7100.90066914803
4,2024-07-04,7220.89,7178.655459003519,Latih,7186.0321986592535,7095.384416550459
4,2024-07-05,7253.37,7204.843244178369,Latih,7212.606374386623,7166.807045064042
4,2024-07-08,7250.98,7235.205515935499,Latih,7243.5724848056625,7193.727482988907
4,2024-07-09,7269.8,7235.283135343868,Latih,7243.565813983757,7224.56431391366
4,2024-07-10,7287.04,7251.77082150348,Latih,7260.422412108263,7224.473146014289
4,2024-07-11,7300.41,7268.292120331607,Latih,7277.25729127773,7244.516742231925
4,2024-07-12,7327.58,7281.283158153378,Latih,7290.48837526449,7262.59456617125
4,2024-07-15,7278.86,7306.221224312868,Latih,7315.939474169103,7278.576924643599
4,2024-07-16,7224.29,7264.954951177916,Latih,7273.693727873646,7298.914657566632
4,2024-07-17,7224.22,7213.392238576487,Latih,7221.125841348247,7245.866058169682
4,2024-07-18,7321.07,7209.647683880404,Latih,7217.443495944814,7193.579535535647
4,2024-07-19,7294.5,7295.320480778302,Latih,7305.00087759861,7204.826075861528
4,2024-07-22,7321.98,7278.351461205565,Latih,7287.402111753308,7294.505089151944
4,2024-07-23,7313.86,7300.868329284276,Latih,7310.484603475418,7272.261000806175
4,2024-07-24,7262.76,7295.539531953419,Latih,7304.965713576164,7297.638410399045
4,2024-07-25,7240.28,7249.786329554398,Latih,7258.227815125068,7283.890105011546
4,2024-07-26,7288.17,7226.45112227686,Latih,7234.514698029834,7232.310017246085
4,2024-07-29,7288.9,7267.299512374482,Latih,7276.321100891911,7216.368304246739
4,2024-07-30,7241.86,7271.17722494968,Latih,7280.157133758151,7262.332439068637
4,2024-07-31,7255.76,7229.612885012703,Latih,7237.676719324667,7257.536842084011
4,2024-08-01,7325.98,7238.735052976686,Latih,7247.124051072677,7214.096036143378
4,2024-08-02,7308.12,7301.7925225330255,Latih,7311.531715667334,7235.615125085193
4,2024-08-05,7059.65,7290.731627560937,Latih,7300.0415093506235,7300.799966287698
4,2024-08-06,7129.21,7069.719489362298,Latih,7074.215519902765,7253.588956599315
4,2024-08-07,7212.13,7114.487168320481,Latih,7120.6259792507335,7024.75489187842
4,2024-08-08,7195.12,7192.535939745975,Latih,7200.207126377894,7101.080057374301
4,2024-08-13,7356.64,7276.796642583691,Uji,7285.982778041446,7233.4913732648665
4,2024-08-14,7436.04,7331.741306755632,Uji,7342.028282963127,7279.308336310469
4,2024-08-15,7409.5,7405.964025691845,Uji,7417.727322012284,7345.11542557487
4,2024-08-16,7432.09,7387.843953213787,Uji,7398.998343116142,7418.080772149661
4,2024-08-19,7466.83,7406.03699103842,Uji,7417.661854876378,7395.294123622275
4,2024-08-20,7533.98,7438.293879640203,Uji,7450.568398792846,7420.993697714905
4,2024-08-21,7554.59,7500.0420064784175,Uji,7513.582637286296,7462.1189527774895
4,2024-08-22,7488.68,7522.8059535266075,Uji,7536.669472799414,7528.856647553555
4,2024-08-23,7544.3,7465.8901907611935,Uji,7478.447159752952,7540.901669747942
4,2024-08-26,7606.19,7510.646027717699,Uji,7524.361858096234,7484.25687680255
4,2024-08-27,7597.88,7569.149963214513,Uji,7584.005418191075,7544.770849876517
4,2024-08-28,7658.88,7565.975169105645,Uji,7580.596990180133,7603.09110506785
4,2024-08-29,7627.6,7619.377528910759,Uji,7635.195857560759,7602.25585611117
4,2024-08-30,7670.73,7595.822598204732,Uji,7610.961226985575,7657.040058574803
4,2024-09-02,7694.53,7631.86634175313,Uji,7647.880451269275,7632.112076215868
4,2024-09-03,7616.52,7655.831243591435,Uji,7672.258426947722,7676.211069917807
4,2024-09-04,7672.9,7588.426673472046,Uji,7603.308087771059,7689.8986656547895
4,2024-09-05,7681.04,7633.038027665739,Uji,7649.107468805439,7621.750893578652
4,2024-09-06,7721.85,7644.043952996855,Uji,7660.206165101655,7676.714018862376
4,2024-09-09,7702.74,7680.695517015586,Uji,7697.6423005153065,7689.279468588959
4,2024-09-10,7761.39,7666.544066453108,Uji,7683.07157069696,7726.143361249105
4,2024-09-11,7760.96,7717.138682489529,Uji,7734.829495334761,7714.687129583492
4,2024-09-12,7798.15,7720.716208078995,Uji,7738.330384040015,7770.823905828139
4,2024-09-13,7812.13,7753.587019143242,Uji,7771.925263695857,7774.75627777352
4,2024-09-17,7831.78,7768.464089651247,Uji,7787.03110719695,7812.017627310897
4,2024-09-18,7829.13,7786.790854184769,Uji,7805.723784411097,7827.705952501443
4,2024-09-19,7905.39,7785.77254546418,Uji,7804.6311141253955,7846.221258249431
4,2024-09-20,7743.0,7853.056523671299,Uji,7873.40201336399,7852.590807221085
4,2024-09-23,7775.73,7714.545852952137,Uji,7731.642807512419,7906.678658616698
4,2024-09-24,7778.49,7732.541351709501,Uji,7750.46435052647,7754.931525883812
4,2024-09-25,7740.9,7737.191690254347,Uji,7755.1302026106305,7786.609449198388
4,2024-09-26,7744.52,7704.124374358786,Uji,7721.328268916741,7784.86241782441
4,2024-09-27,7696.92,7704.789905195368,Uji,7722.108082826271,7749.273944943088
4,2024-09-30,7527.93,7662.925378272661,Uji,7679.312950391899,7747.181375336784
4,2024-10-01,7642.13,7510.217440338244,Uji,7523.37240455877,7681.839692251811
4,2024-10-02,7563.26,7599.839260380388,Uji,7615.413095650794,7533.2866938401385
4,2024-10-03,7543.83,7537.774347069376,Uji,7551.680580287094,7633.477681369905
4,2024-10-04,7496.09,7515.263270712008,Uji,7528.883330841176,7555.650081303234
4,2024-10-07,7504.13,7471.719144599542,Uji,7484.43290376197,7531.459198908918
4,2024-10-08,7557.14,7475.6100436831575,Uji,7488.535821216214,7486.66333702098
4,2024-10-09,7501.29,7523.047551045529,Uji,7536.995360548609,7500.5579867960105
4,2024-10-10,7480.08,7477.217660050497,Uji,7490.0170539499395,7544.817700765247
4,2024-10-11,7520.6,7454.685381856068,Uji,7467.1370656276795,7488.835439372169
4,2024-10-14,7559.65,7489.0995832348935,Uji,7502.36448673736,7473.249606964693
4,2024-10-15,7626.95,7526.379342172257,Uji,7540.35693767082,7516.629599831214
4,2024-10-16,7648.94,7588.551092057347,Uji,7603.792627315642,7561.9013136817175
4,2024-10-17,7735.04,7612.546090161922,Uji,7628.1369903255745,7628.944004640703
4,2024-10-18,7760.06,7690.197559845577,Uji,7707.4383766271,7660.068301448949
4,2024-10-21,7772.6,7718.141787941589,Uji,7735.769098699228,7745.4751962830005
4,2024-10-22,7788.98,7730.923599829809,Uji,7748.765928242344,7770.909437141558
4,2024-10-23,7787.56,7746.2603882194935,Uji,7764.406782002588,7784.836148231171
4,2024-10-24,7716.55,7746.109596617359,Uji,7764.20924293532,7800.362512071276
4,2024-10-25,7694.66,7683.195368740688,Uji,7699.914930601251,7790.706988625669
4,2024-10-28,7634.63,7659.038409285672,Uji,7675.414915080199,7720.1220395232585
4,2024-10-29,7606.6,7604.456193103911,Uji,7619.689971592548,7692.1388207317705
4,2024-10-30,7569.85,7575.6085599018315,Uji,7590.366796698689,7631.355429191713
4,2024-10-31,7574.02,7541.20645908367,Uji,7555.282203574296,7600.209516852022
4,2024-11-01,7505.26,7542.415274067038,Uji,7556.615023448582,7565.490009019491
4,2024-11-04,7479.5,7481.868825984107,Uji,7494.725826826203,7561.452558701154
4,2024-11-05,7491.93,7454.440267934902,Uji,7466.876024472818,7492.570996215451
4,2024-11-06,7383.87,7463.6978173853,Uji,7476.405474555598,7469.344745695696
4,2024-11-07,7243.86,7368.942308625075,Uji,7379.532988220548,7468.629674956903
4,2024-11-08,7287.19,7237.791260956604,Uji,7245.783422716935,7348.7522645963145
4,2024-11-11,7266.46,7266.674213316522,Uji,7275.672531524979,7219.683547598199
4,2024-11-12,7321.99,7251.259702094872,Uji,7259.804249278387,7258.772236931404
4,2024-11-13,7308.67,7298.984933899726,Uji,7308.633993370619,7245.399772889693
4,2024-11-14,7214.56,7290.948868823136,Uji,7300.274212440338,7297.041759677018
4,2024-11-15,7161.26,7206.796398778036,Uji,7214.305986042098,7273.2875317026
4,2024-11-18,7134.28,7153.294080067941,Uji,7159.876112816402,7176.903359873366
4,2024-11-19,7195.71,7125.829478895729,Uji,7131.948639342851,7122.690055656498
4,2024-11-20,7180.33,7178.352221021723,Uji,7185.6980887342215,7104.019045685592
4,2024-11-21,7140.91,7168.892013036082,Uji,7175.86710715897,7161.072672103712
4,2024-11-22,7195.56,7132.981530790395,Uji,7139.2075278115935,7141.733649129934
4,2024-11-25,7314.11,7178.666939022612,Uji,7186.002205816579,7110.353120364014
4,2024-11-26,7245.89,7287.229290925348,Uji,7296.80755694517,7176.5565805578935
4,2024-11-28,7200.16,7234.879266203719,Uji,7242.992175011713,7282.158949159467
4,2024-11-29,7114.27,7189.8208635187875,Uji,7197.123396744801,7211.461837167814
4,2024-12-02,7046.99,7110.752904272143,Uji,7116.437427059475,7157.618996269772
4,2024-12-03,7196.02,7045.438007898386,Uji,7049.913353719767,7067.476490136443
4,2024-12-04,7326.76,7172.735750960182,Uji,7180.1892826355215,7020.431009912543
4,2024-12-05,7313.31,7298.451009588326,Uji,7308.275010070886,7178.474984829497
4,2024-12-06,7382.79,7295.375553842868,Uji,7304.785549672928,7302.153419169273
4,2024-12-09,7437.73,7355.932757979723,Uji,7366.710324012134,7297.384660607661
4,2024-12-10,7453.29,7409.223885707953,Uji,7420.989612482885,7370.364745044802
4,2024-12-11,7464.75,7426.696474766831,Uji,7438.7008514882145,7424.8151478541895
4,2024-12-12,7394.24,7437.884529049497,Uji,7450.09389133702,7441.060460817916
4,2024-12-13,7324.79,7376.281815786456,Uji,7387.105870725011,7443.802427179915
4,2024-12-16,7258.63,7310.085129838076,Uji,7319.639866989938,7368.140620625112
4,2024-12-17,7157.73,7246.870404704888,Uji,7255.218757327875,7293.878652434433
4,2024-12-18,7107.88,7153.145305225917,Uji,7159.60741831548,7218.7103315652175
4,2024-12-19,6977.24,7102.236695153775,Uji,7107.84628754622,7116.22442616469
4,2024-12-20,6983.87,6983.302999245572,Uji,6986.428667146612,7051.525520725307
4,2024-12-23,7096.44,6980.3519879413125,Uji,6983.758735318828,6928.82759378199
4,2024-12-24,7065.75,7080.383496286929,Uji,7085.972921078265,6948.329146935984
4,2024-12-27,7036.57,7060.830593317804,Uji,7065.6917608619315,7052.586750237998
4,2024-12-30,7079.9,7032.945626941973,Uji,7037.274835223014,7019.776855671458
4,2025-01-02,7163.21,7069.307966876088,Uji,7074.514155534564,6996.883887687971
4,2025-01-03,7164.43,7145.931509444781,Uji,7152.708443958827,7048.1262457025605
4,2025-01-06,7080.47,7152.63304815776,Uji,7159.33660363085,7128.080183179443
4,2025-01-07,7083.28,7078.440839182198,Uji,7083.509267611564,7119.441106829707
4,2025-01-08,7080.35,7075.26061533457,Uji,7080.481541855394,7039.335188379342
4,2025-01-09,7064.59,7072.85824034816,Uji,7078.01887091285,7041.68492075568
4,2025-01-10,7088.87,7058.71858007556,Uji,7063.575972658453,7037.03690924173
4,2025-01-13,7016.88,7079.134139254153,Uji,7084.482276797355,7024.775059479528
4,2025-01-14,6956.67,7017.087325072341,Uji,7021.00640708571,7039.625860394294
4,2025-01-15,7079.56,6958.964815795467,Uji,6961.7961659998155,6962.372726688431
4,2025-01-16,7107.52,7063.615118489323,Uji,7068.907769273577,6923.999780347389
4,2025-01-17,7154.66,7096.6429265714305,Uji,7102.336498923363,7041.295065512712
4,2025-01-20,7170.74,7140.231783388919,Uji,7146.810092887946,7073.587480119525
4,2025-01-21,7181.82,7157.638077923128,Uji,7164.474325869152,7120.626237809722
4,2025-01-22,7257.13,7168.525066119502,Uji,7175.558232591223,7137.325270086593
4,2025-01-23,7232.64,7235.895196181613,Uji,7244.380740203936,7156.737465254137
4,2025-01-24,7166.06,7219.312567161397,Uji,7227.233935470657,7226.024034539538
4,2025-01-30,7073.48,7158.760430780718,Uji,7165.414860045979,7194.78483411677
4,2025-01-31,7109.2,7072.367133405267,Uji,7077.297749893724,7120.186066987579
4,2025-02-03,7030.06,7097.718842234673,Uji,7103.452232670847,7035.666650025899
4,2025-02-04,7073.46,7030.118853231722,Uji,7034.270793470198,7060.641690120754
4,2025-02-05,7024.23,7063.17153468853,Uji,7068.260027295409,6989.894986515094
4,2025-02-06,6875.54,7022.5495388413,Uji,7026.629547969156,7025.7216439366875
4,2025-02-07,6742.58,6887.689876176156,Uji,6888.9340620291605,6956.450381343409
4,2025-02-10,6648.14,6760.033615220807,Uji,6758.863855572663,6795.0308154070635
4,2025-02-11,6531.99,6667.5153075011185,Uji,6664.662748995733,6677.073593375099
4,2025-02-12,6645.78,6597.87656148136,Uji,6601.887367295924,6660.798688335131
4,2025-02-13,6613.57,6644.12555720494,Uji,6624.891761275537,6649.784295197139
4,2025-02-14,6638.46,6630.4007095816805,Uji,6626.988222194619,6642.97291416184
4,2025-02-17,6830.88,6650.245758351991,Uji,6647.355081787715,6645.959819917688
4,2025-02-18,6873.55,6816.866044424205,Uji,6816.731852309136,6687.722358247353
4,2025-02-19,6794.87,6872.881272088324,Uji,6874.311878972089,6773.637450773442
4,2025-02-20,6788.04,6806.157229226855,Uji,6806.0072133016865,6801.440958139923
4,2025-02-21,6803.0,6794.8054295367265,Uji,6794.614147596982,6726.094541839379
4,2025-02-24,6749.6,6807.578734834222,Uji,6807.686476364759,6722.019212629217
4,2025-02-25,6587.09,6761.348465245388,Uji,6760.399760604523,6727.675164648313
4,2025-02-26,6606.18,6628.227766913778,Uji,6631.977686708875,6701.542594745472
4,2025-02-27,6485.45,6619.90252946437,Uji,6616.414588100469,6644.874654306629
4,2025-02-28,6270.6,6581.972772621662,Uji,6586.011641782449,6651.87681955562
4,2025-03-03,6519.66,6565.73,Uji,6569.443968783728,6661.722532529246
4,2025-03-04,6380.4,6551.847324738128,Uji,6474.486866428096,6652.0002879366375
4,2025-03-05,6531.4,6565.73,Uji,6569.443968783728,6639.037956626572
4,2025-03-06,6617.85,6553.115175202562,Uji,6506.766139774315,6648.30118144677
4,2025-03-07,6636.0,6620.631808019584,Uji,6602.529000817988,6647.933517028997
4,2025-03-10,6598.21,6648.358368231067,Uji,6645.414842209527,6645.619808383742
4,2025-03-11,6545.85,6616.152619365235,Uji,6612.452649934744,6642.341332120457
4,2025-03-12,6665.04,6587.824308355676,Uji,6591.883408141325,6640.370227063008
4,2025-03-13,6647.42,6662.561698654603,Uji,6646.036553761521,6650.510981698492
4,2025-03-14,6515.63,6661.645585374246,Uji,6658.869314698439,6644.458464830675
4,2025-03-17,6471.95,6595.609639085087,Uji,6599.617581358853,6665.839735367607
4,2025-03-18,6223.39,6565.193000654629,Uji,6559.43859321067,6638.783974132099
4,2025-03-19,6311.66,6565.73,Uji,6569.443968783728,6672.230137121689
4,2025-03-20,6381.67,6543.8891101570025,Uji,6472.500784341235,6639.966939680585
4,2025-03-21,6258.18,6549.309206282717,Uji,6496.332418412856,6641.059260911652
4,2025-03-24,6161.22,6562.019413087041,Uji,6535.358413655307,6634.999304008938
4,2025-03-25,6235.62,6554.390444693973,Uji,6501.907254013262,6635.001055746086
4,2025-03-26,6472.36,6541.327630896974,Uji,6458.720747301863,6637.403198029407
4,2025-03-27,6510.62,6537.545166605186,Uji,6458.827997570323,6650.254639853249
