Fold,Date,Actual_Close,Predicted_GANN,Data,Predicted_GADAM,Predicted_ADAM
1,2022-01-05,6662.3,6702.262522324939,Latih,6706.791743113716,6782.190312926204
1,2022-01-06,6653.35,6669.998767634346,Latih,6674.789604711846,6800.895503033433
1,2022-01-07,6701.32,6661.304502007676,Latih,6666.31591462852,6785.690001823933
1,2022-01-10,6691.12,6708.073438206633,Latih,6712.579406089803,6775.6022921133335
1,2022-01-11,6647.97,6698.086863864976,Latih,6702.532832077462,6800.40639019135
1,2022-01-12,6647.06,6656.033878571106,Latih,6661.000863793804,6800.503410935435
1,2022-01-13,6658.36,6655.186118145895,Latih,6660.320157137824,6779.386945158273
1,2022-01-14,6693.4,6666.202108325078,Latih,6671.21272967191,6777.600058535367
1,2022-01-17,6645.05,6700.348514894564,Latih,6704.925106620808,6779.005255675942
1,2022-01-18,6614.06,6653.18539763422,Latih,6658.176849049342,6801.970960468087
1,2022-01-19,6591.98,6623.020650237807,Latih,6628.535381706813,6781.861839258701
1,2022-01-20,6626.87,6601.525475443756,Latih,6607.400484520352,6769.235617017178
1,2022-01-21,6726.37,6637.355649807016,Latih,6643.539456204037,6754.23987727287
1,2022-01-24,6655.17,6738.838435517574,Latih,6743.293519206668,6759.608555384902
1,2022-01-25,6568.17,6663.020268922462,Latih,6667.77836835654,6816.988623777663
1,2022-01-26,6600.82,6581.992131362522,Latih,6586.523748392763,6792.27850795153
1,2022-01-27,6611.16,6616.090081630356,Latih,6622.342291028061,6745.615834577108
1,2022-01-28,6645.51,6620.234046928592,Latih,6625.9420760881985,6760.450006718663
1,2022-01-31,6631.15,6653.708725164544,Latih,6658.993950244201,6761.464778711823
1,2022-02-02,6707.65,6639.679426396798,Latih,6645.000823249083,6780.062587660581
1,2022-02-03,6683.85,6716.816224755666,Latih,6721.538368698678,6763.93247749391
1,2022-02-04,6731.39,6690.994358393567,Latih,6695.498859782237,6804.38158201817
1,2022-02-07,6804.94,6737.357645333135,Latih,6741.415509468639,6787.040527205498
1,2022-02-08,6789.52,6809.010302876268,Latih,6812.070528738533,6801.706991457972
1,2022-02-09,6834.61,6793.911992919477,Latih,6796.877772315773,6839.711882212796
1,2022-02-10,6823.64,6837.879397106209,Latih,6840.3955851596975,6826.783076789416
1,2022-02-11,6815.61,6827.144847267306,Latih,6829.6201422799,6850.261843650381
1,2022-02-14,6734.49,6819.327292144334,Latih,6821.932503799236,6845.817711193601
1,2022-02-15,6807.5,6740.259479239011,Latih,6743.803616635526,6851.482346886436
1,2022-02-16,6850.2,6811.502900413905,Latih,6814.523140562807,6802.92840202156
1,2022-02-17,6835.12,6853.060020660798,Latih,6855.335956823867,6833.779247287549
1,2022-02-18,6892.82,6838.321286715307,Latih,6840.611149300971,6856.569542456906
1,2022-02-21,6902.96,6894.580489095495,Latih,6896.278120009945,6842.3134434569265
1,2022-02-22,6861.99,6904.412332441854,Latih,6905.786469439911,6869.492735109968
1,2022-02-23,6920.06,6864.465866270107,Latih,6866.262606892032,6879.3361205065685
1,2022-02-24,6817.82,6921.109332410743,Latih,6922.4037933910395,6852.3016003466055
1,2022-02-25,6888.17,6821.393741150534,Latih,6823.623677917755,6892.982221096204
1,2022-03-01,6921.44,6890.063475027129,Latih,6891.876104431198,6834.355168163814
1,2022-03-02,6868.4,6922.430717808058,Latih,6923.614505929997,6865.015284742159
1,2022-03-04,6928.33,6870.697433966441,Latih,6872.355121368809,6887.666231282994
1,2022-03-07,6869.07,6929.164987158826,Latih,6930.34341571813,6854.474333277981
1,2022-03-08,6814.18,6871.344274094744,Latih,6872.969403209133,6890.975824512288
1,2022-03-09,6864.44,6817.891942188775,Latih,6820.348035618698,6868.333001717967
1,2022-03-10,6924.01,6866.934957694453,Latih,6869.026959576053,6835.377240978517
1,2022-03-11,6922.6,6924.957519483616,Latih,6926.198785749724,6853.038519108335
1,2022-03-14,6952.2,6923.528795129111,Latih,6924.569352104714,6882.506533912465
1,2022-03-15,6918.19,6952.383962936456,Latih,6953.097628792579,6878.304763410135
1,2022-03-16,6992.4,6919.204303302814,Latih,6920.191771067431,6896.895123832868
1,2022-03-17,6964.38,6991.574604172766,Latih,6991.853470234931,6871.371093008561
1,2022-03-18,6954.96,6964.193316090163,Latih,6964.516704503354,6911.193972730089
1,2022-03-21,6955.18,6955.0363134217805,Latih,6955.567205531652,6898.528123486089
1,2022-03-22,7000.82,6955.259347189719,Latih,6955.821974662597,6893.868616793798
1,2022-03-23,6996.12,6999.748654613556,Latih,6999.7987053323395,6888.567545133278
1,2022-03-24,7049.69,6995.125588727057,Latih,6995.062371208728,6911.573699852873
1,2022-03-25,7002.53,7047.349420254298,Latih,7046.7024746227935,6902.912752137231
1,2022-03-28,7049.6,7001.329472383321,Latih,7001.01671869284,6934.851820725255
1,2022-03-29,7011.69,7047.255902216502,Latih,7046.5866743088445,6906.07630783503
1,2022-03-30,7053.19,7010.2586303377775,Latih,7009.843538541856,6933.721881437353
1,2022-03-31,7071.44,7050.74700315363,Latih,7050.004260615178,6910.156412045408
1,2022-04-01,7078.76,7068.499098439287,Latih,7067.400894514392,6928.406123731187
1,2022-04-04,7116.22,7075.618032462668,Latih,7074.371322231364,6936.515226401142
1,2022-04-05,7148.3,7112.1270777262025,Latih,7110.433709141093,6935.675969533972
1,2022-04-06,7104.22,7143.364296816669,Latih,7141.174936580739,6950.299430681521
1,2022-04-07,7127.37,7100.366256045178,Latih,7098.554597270563,6971.303134636935
1,2022-04-08,7210.83,7122.972806838829,Latih,7121.061806249696,6946.877582045847
1,2022-04-11,7203.79,7204.307883544057,Latih,7201.37675139913,6948.372731216007
1,2022-04-12,7214.78,7197.369317793935,Latih,7194.213759238808,6990.258852646411
1,2022-04-13,7262.78,7208.0886962724635,Latih,7204.835441752762,6985.49352624303
1,2022-04-14,7235.53,7254.868689206935,Latih,7251.037150539256,6985.210229046404
1,2022-04-18,7275.29,7228.261921227071,Latih,7224.5615441394775,7012.049821491304
1,2022-04-19,7199.23,7267.044391677478,Latih,7262.997246667244,6993.933908965648
1,2022-04-20,7227.36,7192.865597128956,Latih,7189.526842814771,7021.484170975749
1,2022-04-21,7276.19,7220.355680112931,Latih,7216.977974016758,6981.759599137365
1,2022-04-22,7225.61,7267.929183726409,Latih,7263.9015779090905,6989.808649385035
1,2022-04-25,7215.98,7218.579681420418,Latih,7214.941846630664,7019.821609325472
1,2022-04-26,7232.15,7209.238512363524,Latih,7205.892541630358,6996.083979809345
1,2022-04-27,7196.76,7225.009721739385,Latih,7221.517354763838,6989.430736917317
1,2022-04-28,7228.91,7190.497092456905,Latih,7187.342884342757,7001.57879754907
1,2022-05-09,6909.75,7221.868891431185,Latih,7218.482702877613,6980.360964295922
1,2022-05-10,6819.79,6910.724989898849,Latih,6910.801310914803,7024.198472940986
1,2022-05-11,6816.2,6823.3234791082505,Latih,6825.568777141607,6887.677520125553
1,2022-05-12,6599.84,6819.905913902557,Latih,6822.518531882202,6843.854064506927
1,2022-05-13,6597.99,6609.003204754746,Latih,6614.0552730342815,6867.73133806054
1,2022-05-17,6644.47,6607.396929062462,Latih,6613.256223437196,6761.528882457045
1,2022-05-18,6793.41,6655.349996268762,Latih,6661.228898413492,6755.110067678716
1,2022-05-19,6823.33,6808.810121101771,Latih,6812.132205910121,6760.319900170592
1,2022-05-20,6918.14,6826.880203036702,Latih,6829.508730899132,6830.033398320115
1,2022-05-23,6840.77,6919.272964786341,Latih,6920.7294997847575,6833.513315917887
1,2022-05-24,6914.14,6843.766939963141,Latih,6845.746496532598,6889.317778399036
1,2022-05-25,6883.5,6915.357909784366,Latih,6916.795897319962,6842.565680511037
1,2022-05-27,7026.26,6885.423444225833,Latih,6886.938343595311,6882.285905617519
1,2022-05-30,7037.56,7024.612678510015,Latih,7024.63791487581,6850.294887253086
1,2022-05-31,7148.97,7035.497697014875,Latih,7034.877338190145,6919.175458727528
1,2022-06-02,7148.72,7144.089061609588,Latih,7142.178145423017,6911.529261904408
1,2022-06-03,7182.96,7143.74389733561,Latih,7141.430760743699,6966.358494992312
1,2022-06-06,7096.58,7177.120932358589,Latih,7174.424734742726,6962.177403117474
1,2022-06-07,7141.04,7092.887218494489,Latih,7091.035299698188,6989.25690984255
1,2022-06-08,7193.31,7136.305162007889,Latih,7134.26865481027,6941.4994930482435
1,2022-06-09,7182.83,7187.217082325307,Latih,7184.432726234284,6957.173133063371
1,2022-06-10,7086.65,7176.953604281034,Latih,7174.0967463899515,6984.125445128738
1,2022-06-13,6995.44,7083.207679569794,Latih,7081.467551965786,6990.369926416934
1,2022-06-14,7049.88,6994.384492038548,Latih,6994.016876683295,6953.871769083793
1,2022-06-15,7007.05,7047.535274694033,Latih,7046.888751075335,6902.555729303407
1,2022-06-16,7050.33,7005.735328278603,Latih,7005.371215629639,6934.409593505911
1,2022-06-17,6936.97,7047.963364484378,Latih,7047.269533230134,6908.21304307406
1,2022-06-20,6976.38,6937.4214989018965,Latih,6937.841654851489,6942.9368686652715
1,2022-06-21,7044.07,6975.941308581887,Latih,6976.3315860248185,6882.507166931673
1,2022-06-22,6984.31,7041.889123162098,Latih,7041.377010622091,6893.869228712366
1,2022-06-23,6998.27,6983.573832190095,Latih,6983.485884721337,6934.246949770502
1,2022-06-24,7042.94,6997.2364123798025,Latih,6997.209065949977,6903.1980327940455
1,2022-06-27,7016.06,7040.767624130315,Latih,7040.188622560568,6904.770283703851
1,2022-06-28,6996.46,7014.52454678661,Latih,7014.084598436419,6929.928112915805
1,2022-06-29,6942.35,6995.443068960965,Latih,6995.320685247243,6919.029547799875
1,2022-06-30,6911.58,6942.714974331909,Latih,6943.270638593488,6915.801972759415
1,2022-07-01,6794.33,6912.769916251947,Latih,6913.86736055379,6892.833588185952
1,2022-07-04,6639.17,6798.503597751293,Latih,6801.027804048094,6891.595191606924
1,2022-07-05,6703.27,6647.361689489346,Latih,6652.052182471913,6852.3126570821205
1,2022-07-06,6646.41,6709.987202979644,Latih,6714.522848913392,6768.396423451929
1,2022-07-07,6652.59,6654.50213034035,Latih,6659.442433803392,6806.664586895738
1,2022-07-08,6740.22,6660.5781441164145,Latih,6665.655833848431,6777.964213385611
1,2022-07-11,6722.15,6747.328911160256,Latih,6751.431424250629,6770.618025466232
1,2022-07-12,6718.29,6728.2992248562205,Latih,6732.255805918299,6815.862567007576
1,2022-07-13,6640.99,6724.5529855269415,Latih,6728.618540845834,6807.431890579496
1,2022-07-14,6690.09,6649.205078351807,Latih,6654.151564302457,6814.694899774825
1,2022-07-15,6651.9,6697.13776761474,Latih,6701.814608483035,6770.853719618349
1,2022-07-18,6659.25,6659.86574429871,Latih,6664.79239564748,6799.531009027991
1,2022-07-19,6736.09,6667.065251117065,Latih,6672.048293927029,6779.875235075385
1,2022-07-20,6874.74,6741.961572938884,Latih,6746.056162738825,6774.3833925259405
1,2022-07-21,6864.13,6877.046468927308,Latih,6879.306811717196,6795.746060574087
1,2022-07-22,6886.96,6866.577618351024,Latih,6868.4529166567745,6865.201814402384
1,2022-07-25,6858.41,6888.8417901552175,Latih,6890.499625262068,6857.277215731185
1,2022-07-26,6871.54,6860.990675215762,Latih,6862.885765922111,6871.89044306819
1,2022-07-27,6898.22,6873.8157076901625,Latih,6875.6673099768595,6856.29130941395
1,2022-07-28,6956.82,6899.811169019984,Latih,6901.315834578919,6859.587461535376
1,2022-07-29,6951.12,6956.9096704686235,Latih,6957.660178042705,6865.765328102154
1,2022-08-01,6968.78,6951.299980843121,Latih,6951.901391292865,6895.264677357123
1,2022-08-02,6988.16,6968.52000238305,Latih,6968.944083051738,6890.367936165974
1,2022-08-03,7046.63,6987.395411355555,Latih,6987.537967281401,6896.7574843562115
1,2022-08-04,7057.35,7044.373850160904,Latih,7043.790164249011,6899.360100632357
1,2022-08-05,7084.65,7054.770304440329,Latih,7053.853945833513,6926.84940289264
1,2022-08-08,7086.85,7081.372430279327,Latih,7080.110822995974,6928.88666971331
1,2022-08-09,7102.88,7083.492031798435,Latih,7082.106605957819,6942.054060076528
1,2022-08-10,7086.24,7099.116000906304,Latih,7097.542779367044,6941.236283661179
1,2022-08-11,7160.38,7082.880872852875,Latih,7081.435985407901,6951.093236769491
1,2022-08-12,7129.28,7155.167066570603,Latih,7152.95120393046,6934.121316558174
1,2022-08-15,7093.28,7124.78349498399,Latih,7122.6469285500825,6974.274780011234
1,2022-08-16,7133.45,7089.719252762868,Latih,7088.0995254123945,6963.244293692168
1,2022-08-18,7186.56,7128.909556388934,Latih,7126.970112136682,6940.7758676899
1,2022-08-19,7172.43,7180.64414847025,Latih,7177.96305891284,6954.239806451852
1,2022-08-22,7107.98,7166.822005238617,Latih,7164.10631063112,6982.037874381601
1,2022-08-23,7163.27,7104.009492598848,Latih,7102.067938282565,6982.726346073209
1,2022-08-24,7194.71,7157.96446285733,Latih,7155.637188836419,6944.472151253276
1,2022-08-25,7174.21,7188.561572923748,Latih,7185.680702504006,6967.94154942995
1,2022-08-26,7135.25,7168.54968346485,Latih,7165.784444553936,6985.835694226085
1,2022-08-29,7132.04,7130.590433394988,Latih,7128.336631803591,6980.369868766127
1,2022-08-30,7159.47,7127.496826319773,Latih,7125.4206921196765,6961.586880598124
1,2022-09-02,7177.18,7147.986476476274,Uji,7145.516519925675,6980.408651742993
1,2022-09-05,7231.88,7171.482672466124,Uji,7168.83538613447,6965.016831879671
1,2022-09-06,7233.15,7224.781834824178,Uji,7221.433585221859,6970.378082566318
1,2022-09-07,7186.76,7225.970011879298,Uji,7222.408688011262,6997.1330192423475
1,2022-09-08,7232.02,7180.748259029475,Uji,7177.702550407734,7003.255918641152
1,2022-09-09,7242.66,7224.909620301816,Uji,7221.524950994345,6975.073650252876
1,2022-09-12,7254.46,7235.240156180953,Uji,7231.571641060207,6996.074779930175
1,2022-09-13,7318.02,7246.733084132767,Uji,7242.893485020494,6999.909736901583
1,2022-09-14,7278.08,7308.680006306276,Uji,7304.084793264969,6998.18070823437
1,2022-09-15,7305.6,7269.6889771271735,Uji,7265.310594265559,7031.302889723843
1,2022-09-16,7168.87,7296.551611471279,Uji,7292.009825251204,7011.2707858515405
1,2022-09-19,7195.49,7163.243252241695,Uji,7160.134790315711,7034.10809324748
1,2022-09-20,7196.95,7189.316722638694,Uji,7186.406775536624,6970.603564008531
1,2022-09-21,7188.31,7190.715695090382,Uji,7187.69264855632,6983.524203484117
1,2022-09-22,7218.91,7182.292150678721,Uji,7179.360638722267,6985.266356749593
1,2022-09-23,7178.58,7212.128624863715,Uji,7208.8853720475145,6977.389825336991
1,2022-09-26,7127.5,7172.787451659526,Uji,7169.885227391805,6997.221093314946
1,2022-09-27,7112.45,7123.031762027818,Uji,7120.849027392942,6983.437859664022
1,2022-09-28,7077.03,7108.4077944649025,Uji,7106.579381781892,6960.096711179073
1,2022-09-29,7036.2,7073.894278955531,Uji,7072.517926390242,6956.891988132054
1,2022-09-30,7040.8,7034.125817785329,Uji,7033.336105221575,6944.309085505061
1,2022-10-03,7009.72,7038.646967579192,Uji,7037.954149155683,6923.680677537968
1,2022-10-04,7072.26,7008.346321508947,Uji,7007.985247352185,6929.626880174927
1,2022-10-05,7075.38,7069.338102098774,Uji,7068.388657687973,6906.927212255645
1,2022-10-06,7076.62,7072.322534461093,Uji,7071.110682487559,6937.319202997736
1,2022-10-07,7026.78,7073.528393852782,Uji,7072.291389916014,6938.706865506224
1,2022-10-10,6994.4,7024.943620952432,Uji,7024.261057440107,6945.223840463214
1,2022-10-11,6939.15,6993.42525693065,Uji,6993.286963334143,6924.546563413193
1,2022-10-12,6909.21,6939.597481331877,Uji,6940.196486308627,6915.167982921053
1,2022-10-13,6880.63,6910.462561235476,Uji,6911.598197696258,6891.540477646635
1,2022-10-14,6814.53,6882.630268067166,Uji,6884.19528145735,6880.201120154901
1,2022-10-17,6831.12,6818.222589222228,Uji,6820.632746558225,6873.977570701881
1,2022-10-18,6834.49,6834.4545943808935,Uji,6836.918959261813,6839.498491437474
1,2022-10-19,6860.42,6837.7245184064295,Uji,6840.090807511248,6847.259243636767
1,2022-10-20,6980.65,6862.997810322087,Uji,6865.061073131603,6845.843622779886
1,2022-10-21,7017.77,6980.173421804963,Uji,6980.794076038657,6844.34817820076
1,2022-10-24,7053.04,7016.248173689905,Uji,7016.015475828711,6899.0866152334675
1,2022-10-25,7048.38,7050.595289549896,Uji,7049.832079390355,6913.1647725338225
1,2022-10-26,7043.94,7046.020670733519,Uji,7045.181456067629,6931.06543742781
1,2022-10-27,7091.76,7041.696811926431,Uji,7040.924401887722,6929.299524841359
1,2022-10-28,7056.04,7088.315384962632,Uji,7087.022801939322,6921.447976586868
1,2022-10-31,7098.89,7053.45223184354,Uji,7052.386522904702,6949.202872606569
1,2022-11-01,7052.3,7095.254668134525,Uji,7093.838182151391,6926.554584746411
1,2022-11-02,7015.69,7049.800048618385,Uji,7048.750291763612,6953.153207879121
1,2022-11-03,7034.57,7014.155327782693,Uji,7013.685543127122,6934.57586655145
1,2022-11-04,7045.53,7032.592729663915,Uji,7032.044239620036,6914.330730614711
1,2022-11-07,7102.4,7043.259272139139,Uji,7042.519314885206,6922.318335797837
1,2022-11-08,7050.13,7098.685758850649,Uji,7097.26813343294,6920.968970951488
1,2022-11-09,7070.08,7047.681586533852,Uji,7046.643435031243,6955.136921274717
1,2022-11-10,6966.84,7067.176214896511,Uji,7066.104386771987,6927.062181749395
1,2022-11-11,7089.21,6966.520547909793,Uji,6966.533967917022,6949.1110848212775
1,2022-11-14,7019.39,7085.89991026528,Uji,7084.916282817198,6883.826779875204
1,2022-11-15,7035.5,7017.728468009297,Uji,7017.082999422613,6952.292386157566
1,2022-11-16,7014.38,7033.495963672465,Uji,7032.923672106332,6916.040431095411
1,2022-11-17,7044.99,7012.893636096778,Uji,7012.499560538593,6926.467692309669
1,2022-11-18,7082.18,7042.751253123351,Uji,7042.090676478214,6912.4514020866645
1,2022-11-21,7063.25,7078.975946158243,Uji,7077.787009480071,6923.099861313154
1,2022-11-22,7030.59,7060.489253181288,Uji,7059.377418242762,6943.636228287273
1,2022-11-23,7054.12,7028.669698619908,Uji,7027.993001085584,6938.195934602074
1,2022-11-24,7080.52,7051.636352940866,Uji,7050.81444080002,6919.342575798681
1,2022-11-25,7053.15,7077.349466602874,Uji,7076.145928281617,6927.7874107564
1,2022-11-28,7017.36,7050.6452558661185,Uji,7049.652808350393,6944.016799435669
1,2022-11-29,7012.07,7015.782482558552,Uji,7015.2908376396335,6934.796072833589
1,2022-11-30,7081.31,7010.658445270124,Uji,7010.356241899791,6917.818877462198
1,2022-12-01,7020.8,7078.157789931369,Uji,7077.09836898334,6907.010475382256
1,2022-12-02,7019.64,7019.11009573466,Uji,7018.477582941119,6948.2394595718915
1,2022-12-05,6987.33,7018.034469494883,Uji,7017.63486556894,6918.613738582184
1,2022-12-06,6892.57,6986.539991397916,Uji,6986.506989996492,6921.872542570283
1,2022-12-07,6818.75,6894.198124392675,Uji,6895.345239601777,6917.211136820366
1,2022-12-08,6804.23,6822.325334419644,Uji,6824.644780103004,6879.35038453941
1,2022-12-09,6715.12,6808.238589158688,Uji,6810.9891842252355,6844.761202133933
1,2022-12-12,6734.45,6721.3881215894435,Uji,6725.1908684334385,6848.180560894052
1,2022-12-13,6810.32,6740.312019833351,Uji,6744.221905178452,6802.058739131722
1,2022-12-14,6801.75,6814.25187073115,Uji,6817.240607624089,6802.57448098186
1,2022-12-15,6751.86,6805.8287905335765,Uji,6808.637855474387,6840.908647228518
1,2022-12-16,6812.19,6757.2042218256265,Uji,6760.60395699027,6842.606278142968
1,2022-12-19,6779.7,6816.058845163619,Uji,6818.963348300493,6810.916365915571
1,2022-12-20,6768.32,6784.332914143235,Uji,6787.382484182151,6844.441822842398
1,2022-12-21,6820.66,6773.269384221463,Uji,6776.564671216636,6829.809626029767
1,2022-12-22,6824.43,6824.300354351438,Uji,6827.050042090453,6818.008755333459
1,2022-12-23,6800.67,6827.927638821043,Uji,6830.444776403345,6843.306566193142
1,2022-12-26,6835.81,6804.76318709794,Uji,6807.53306814972,6847.976981916467
1,2022-12-27,6923.03,6839.038961693087,Uji,6841.501174308696,6832.125252497233
1,2022-12-28,6850.52,6924.0283316875,Uji,6925.384596443227,6839.072321805396
1,2022-12-29,6860.08,6853.266701432507,Uji,6855.119147744816,6890.567463820622
1,2022-12-30,6850.62,6862.651759821218,Uji,6864.660582978767,6853.768664564531
1,2023-01-02,6850.98,6853.421537931005,Uji,6855.501681252758,6859.592166978162
1,2023-01-03,6888.76,6853.781071741025,Uji,6855.891557783525,6854.8963882852
1,2023-01-04,6813.24,6890.608377962158,Uji,6892.293854907797,6850.59574018244
1,2023-01-05,6653.84,6816.957690238988,Uji,6819.352760617172,6878.129395988627
1,2023-01-06,6684.56,6661.644654879583,Uji,6666.101890833987,6859.875295369666
1,2023-01-09,6688.27,6691.735486733037,Uji,6696.427636115867,6777.829717904358
1,2023-01-10,6622.5,6695.323956574815,Uji,6699.862841456849,6792.500360083612
1,2023-01-11,6584.45,6631.208532148311,Uji,6636.471501327614,6802.120310800108
1,2023-01-12,6629.93,6594.177604748313,Uji,6600.106378256385,6774.279492973118
1,2023-01-13,6641.83,6643.071575881253,Uji,6648.977228362721,6750.173404076125
1,2023-01-16,6688.06,6650.1043929164225,Uji,6655.36265137778,6771.133408605485
1,2023-01-17,6767.34,6695.158179394322,Uji,6699.8547388109755,6771.50750185731
1,2023-01-18,6765.79,6772.397569066315,Uji,6776.03696530345,6784.850491749079
1,2023-01-19,6819.91,6770.814451326756,Uji,6774.18302084568,6824.029928545392
1,2023-01-20,6874.93,6823.571559336221,Uji,6826.338887210524,6816.853199868237
1,2023-01-24,6860.85,6877.155327130599,Uji,6879.108845509931,6836.952403776683
1,2023-01-25,6829.93,6863.380111722988,Uji,6865.291576526207,6865.68402733509
1,2023-01-26,6864.82,6833.2524065006155,Uji,6835.5617449772735,6862.42309218232
1,2023-01-27,6898.98,6867.291073200745,Uji,6869.321524514598,6843.079206793943
1,2023-01-30,6872.48,6900.558152787136,Uji,6902.078707128214,6856.192009800713
1,2023-01-31,6839.34,6874.695034673257,Uji,6876.388656466051,6876.135195574804
1,2023-02-01,6862.26,6842.41459992651,Uji,6844.576128417889,6867.028306927127
1,2023-02-02,6890.57,6864.786996914786,Uji,6866.811962062163,6848.011122752468
1,2023-02-03,6911.73,6892.362474190042,Uji,6893.986653775619,6855.9295600366995
1,2023-02-06,6873.79,6912.963282519628,Uji,6914.247298682977,6867.346610086006
1,2023-02-07,6935.3,6875.9604400718645,Uji,6877.592954410358,6882.251300567433
1,2023-02-08,6940.12,6935.95441358333,Uji,6937.0350617754975,6856.299433160465
1,2023-02-09,6897.37,6940.596892058902,Uji,6941.399898026042,6885.983286414191
1,2023-02-10,6880.33,6898.920152282165,Uji,6900.1850301647655,6893.420882307337
1,2023-02-13,6900.14,6882.348658921763,Uji,6883.960030418679,6874.412876911207
1,2023-02-14,6941.85,6901.67477757101,Uji,6903.125953006792,6863.683454527896
1,2023-02-15,6914.54,6942.315286003404,Uji,6943.22670706039,6868.483997899933
1,2023-02-16,6895.66,6915.655766422798,Uji,6916.721834072519,6892.236840977715
1,2023-02-17,6895.71,6897.276560107516,Uji,6898.653587893295,6881.041432054087
1,2023-02-20,6894.72,6897.342520709084,Uji,6898.78761916046,6871.7489421743585
1,2023-02-21,6873.4,6896.3774196231825,Uji,6897.833448206233,6871.890886181635
1,2023-02-22,6809.97,6875.595736604972,Uji,6877.294506953998,6873.930769481702
1,2023-02-23,6839.45,6813.784132837688,Uji,6816.271708422934,6870.961782788081
1,2023-02-24,6856.58,6842.5787629080205,Uji,6844.96632145826,6836.268278816976
1,2023-02-27,6854.78,6859.250083397668,Uji,6861.338413767856,6848.738440722863
1,2023-02-28,6843.24,6857.479824079316,Uji,6859.5260797727515,6857.377570376437
1,2023-03-01,6844.94,6846.232423177997,Uji,6848.414524793664,6857.859931013625
1,2023-03-02,6857.42,6847.900048981945,Uji,6850.105108094255,6851.982221055071
1,2023-03-03,6813.64,6860.063935093921,Uji,6862.122830070894,6851.339284545223
1,2023-03-06,6807.0,6817.3761581373565,Uji,6819.880677536761,6862.666677973908
1,2023-03-07,6766.76,6810.943416936432,Uji,6813.681562625205,6841.919452301302
1,2023-03-08,6776.37,6771.723846722274,Uji,6774.937389836937,6843.422661916056
1,2023-03-09,6799.79,6781.128254398138,Uji,6784.3802850807015,6822.490700137651
1,2023-03-10,6765.3,6803.949124395284,Uji,6806.903593848381,6824.441855245269
1,2023-03-13,6786.96,6770.307234135299,Uji,6773.56335834208,6840.049302551784
1,2023-03-14,6641.81,6791.452628890307,Uji,6794.591222530636,6820.517431559002
1,2023-03-15,6628.14,6649.941849409055,Uji,6654.629530731303,6848.374665684143
1,2023-03-16,6565.73,6636.748668788234,Uji,6642.117283598344,6778.59940596047
1,2023-03-17,6678.24,6577.699358414357,Uji,6582.322862798536,6779.272368681461
1,2023-03-20,6612.49,6706.560195237417,Uji,6711.63266256096,6735.239805717491
1,2023-03-21,6691.61,6621.459994129844,Uji,6626.87169117228,6798.373216894897
1,2023-03-24,6762.25,6703.977645670195,Uji,6709.048435492833,6756.6551831650995
1,2023-03-27,6708.93,6767.432651706366,Uji,6771.116211583643,6787.199921442301
1,2023-03-28,6760.33,6715.392395749709,Uji,6719.417163530908,6828.265354568995
1,2023-03-29,6839.44,6765.545283834366,Uji,6769.187444255381,6795.94672766331
1,2023-03-30,6808.95,6842.6142330843595,Uji,6845.182328712979,6811.85285453323
1,2023-03-31,6805.28,6812.820783104931,Uji,6815.4432339829555,6854.378662974875
1,2023-04-03,6827.17,6809.2710645890575,Uji,6812.045545580421,6839.8163936841875
1,2023-04-04,6833.18,6830.612610896267,Uji,6833.154900441803,6835.416825779714
1,2023-04-05,6819.67,6836.451158066429,Uji,6838.846481652298,6845.4716184914505
1,2023-04-06,6792.77,6823.276255875266,Uji,6825.801263996399,6850.028976984064
1,2023-04-10,6771.23,6797.06662304643,Uji,6799.94245041314,6846.571974681655
1,2023-04-11,6811.31,6776.094126938015,Uji,6779.30927370134,6835.893531445303
2,2022-01-05,6662.3,6693.128673513548,Latih,6703.531895969975,6777.510696843295
2,2022-01-06,6653.35,6663.810199485583,Latih,6674.510363487764,6781.313552975981
2,2022-01-07,6701.32,6653.690606706377,Latih,6664.850419720276,6775.237018487779
2,2022-01-10,6691.12,6698.056306869852,Latih,6708.466389842946,6775.696695524482
2,2022-01-11,6647.97,6691.065373125838,Latih,6701.210855387467,6783.543041532963
2,2022-01-12,6647.06,6650.189792666968,Latih,6661.17762194441,6779.982276442675
2,2022-01-13,6658.36,6647.051151131625,Latih,6658.451956608456,6772.50319227579
2,2022-01-14,6693.4,6657.565649598998,Latih,6668.7788165819775,6772.818125862805
2,2022-01-17,6645.05,6690.918679137098,Latih,6701.420045095849,6776.229932545451
2,2022-01-18,6614.06,6647.581193304147,Latih,6658.598695437175,6780.253513470917
2,2022-01-19,6591.98,6616.049361901364,Latih,6628.049459292077,6770.621661949781
2,2022-01-20,6626.87,6593.766700830612,Latih,6606.4350540217065,6764.355544033673
2,2022-01-21,6726.37,6624.481127455466,Latih,6637.475960527966,6764.143047376897
2,2022-01-24,6655.17,6717.446570750644,Latih,6728.683166622242,6772.17630883458
2,2022-01-25,6568.17,6658.789147639659,Latih,6669.327646705373,6786.361682563751
2,2022-01-26,6600.82,6584.893353973517,Latih,6593.786705065894,6770.450619852868
2,2022-01-27,6611.16,6598.037910535786,Latih,6611.927536583623,6764.143047376897
2,2022-01-28,6645.51,6610.9932844274545,Latih,6623.450811250962,6764.143047376897
2,2022-01-31,6631.15,6643.650447948585,Latih,6655.4169570777685,6766.090694250789
2,2022-02-02,6707.65,6632.048736949348,Latih,6643.748154261122,6771.414634544579
2,2022-02-03,6683.85,6701.5107227418,Latih,6713.1502170276835,6772.132679535774
2,2022-02-04,6731.39,6684.605344723926,Latih,6694.818658662604,6784.331059310167
2,2022-02-07,6804.94,6727.781670070163,Latih,6737.3894425229955,6785.884338575631
2,2022-02-08,6789.52,6799.053840178282,Latih,6806.948164963456,6820.375451600883
2,2022-02-09,6834.61,6788.539851765662,Latih,6796.024675449759,6839.338390489257
2,2022-02-10,6823.64,6829.870361828541,Latih,6836.7149603036405,6846.506105847396
2,2022-02-11,6815.61,6822.006954208348,Latih,6828.626814712619,6857.72760185633
2,2022-02-14,6734.49,6813.91921217713,Latih,6820.779325284693,6852.149217106142
2,2022-02-15,6807.5,6737.6659482486775,Latih,6746.007125836783,6828.034635540282
2,2022-02-16,6850.2,6801.611176236005,Latih,6809.432591216597,6822.0292620975115
2,2022-02-17,6835.12,6845.396607846356,Latih,6851.805316893198,6856.295749251881
2,2022-02-18,6892.82,6833.564637953972,Latih,6839.841876184679,6865.673470196466
2,2022-02-21,6902.96,6886.700460542185,Latih,6892.115605351671,6876.304894512039
2,2022-02-22,6861.99,6899.238435891613,Latih,6903.946588764534,6897.10134010975
2,2022-02-23,6920.06,6861.479116213957,Latih,6866.804625906984,6889.374470223232
2,2022-02-24,6817.82,6913.58799120103,Latih,6918.283342260169,6891.984291475459
2,2022-02-25,6888.17,6821.097644290064,Latih,6827.031923947369,6882.97858541016
2,2022-03-01,6921.44,6881.436516139252,Latih,6887.091577252192,6869.641023569147
2,2022-03-02,6868.4,6916.266148580061,Latih,6920.696585047888,6900.562739808306
2,2022-03-04,6928.33,6868.450768767338,Latih,6873.494997277003,6896.877005698725
2,2022-03-07,6869.07,6921.6583129007095,Latih,6926.151211458195,6896.196379669353
2,2022-03-08,6814.18,6869.442427305619,Latih,6874.411593691748,6899.216329782352
2,2022-03-09,6864.44,6814.991403316292,Latih,6821.458157714937,6866.01710136954
2,2022-03-10,6924.01,6859.061725728253,Latih,6865.161913304964,6862.18187077258
2,2022-03-11,6922.6,6917.410195784318,Latih,6922.014454427707,6893.8043013513525
2,2022-03-14,6952.2,6919.2508544701805,Latih,6923.331247648048,6912.11237477784
2,2022-03-15,6918.19,6946.84488382583,Latih,6950.4247731668265,6919.550340684699
2,2022-03-16,6992.4,6916.623343846547,Latih,6920.520789913284,6919.779786853242
2,2022-03-17,6964.38,6984.188245445545,Latih,6987.111453305539,6928.869388517785
2,2022-03-18,6954.96,6961.931294497304,Latih,6964.657520332986,6944.684942075064
2,2022-03-21,6955.18,6951.640160776428,Latih,6954.78761336749,6933.388944442321
2,2022-03-22,7000.82,6951.346324399165,Latih,6954.576686109952,6930.493044129063
2,2022-03-23,6996.12,6994.020262629447,Latih,6996.457001565752,6942.712521113207
2,2022-03-24,7049.69,6992.046944868025,Latih,6994.145052288828,6955.775707127504
2,2022-03-25,7002.53,7041.872590584222,Latih,7043.08479455537,6968.563172115737
2,2022-03-28,7049.6,7000.62998929864,Latih,7002.167148591934,6972.809697412903
2,2022-03-29,7011.69,7042.128402659957,Latih,7043.283166619007,6970.549627990777
2,2022-03-30,7053.19,7009.187654301583,Latih,7010.56670783168,6975.220070442016
2,2022-03-31,7071.44,7045.969933273856,Latih,7046.978070504133,6974.378334370906
2,2022-04-01,7078.76,7065.229690398044,Latih,7065.539310447641,6992.252894887981
2,2022-04-04,7116.22,7073.039828124114,Latih,7073.054445957013,6999.925553240834
2,2022-04-05,7148.3,7108.443950365854,Latih,7107.741397587133,7012.194130001128
2,2022-04-06,7104.22,7140.417231354194,Latih,7138.81339501329,7032.483457865181
2,2022-04-07,7127.37,7100.914197023582,Latih,7099.779655894708,7030.80985051817
2,2022-04-08,7210.83,7120.216507287099,Latih,7119.086225956156,7023.147729560198
2,2022-04-11,7203.79,7199.458748113598,Latih,7196.6676388294345,7052.513565815156
2,2022-04-12,7214.78,7197.303514560545,Latih,7193.866306030238,7076.929561714598
2,2022-04-13,7262.78,7207.203195271578,Latih,7203.640210602369,7077.6473600859135
2,2022-04-14,7235.53,7252.654252712819,Latih,7248.157430657239,7093.872930404018
2,2022-04-18,7275.29,7229.727302810043,Latih,7225.261375499455,7101.673023974967
2,2022-04-19,7199.23,7265.448354017828,Latih,7260.543533000443,7103.711404544782
2,2022-04-20,7227.36,7196.458998410786,Latih,7192.5075650102735,7095.932699643444
2,2022-04-21,7276.19,7218.7207023967185,Latih,7214.981362093178,7079.566242113778
2,2022-04-22,7225.61,7265.8563978196125,Latih,7261.011213973257,7101.388603993129
2,2022-04-25,7215.98,7221.165557369081,Latih,7216.748236594884,7103.237939214778
2,2022-04-26,7232.15,7209.481873284664,Latih,7205.697244603123,7084.810412086317
2,2022-04-27,7196.76,7224.086343870251,Latih,7220.109800081937,7086.094898102353
2,2022-04-28,7228.91,7191.8626316035625,Latih,7188.351168069326,7081.744792455504
2,2022-05-09,6909.75,7220.038549356548,Latih,7216.295128614989,7079.204204129645
2,2022-05-10,6819.79,6923.406399451542,Latih,6924.903270024407,7004.319736586272
2,2022-05-11,6816.2,6822.3924210811,Latih,6828.387458908891,6880.269421186191
2,2022-05-12,6599.84,6814.266542648408,Latih,6821.151900663708,6851.098750936427
2,2022-05-13,6597.99,6622.1026636758515,Latih,6629.935395145946,6799.542169961066
2,2022-05-17,6644.47,6598.630577342887,Latih,6611.325571086039,6764.143047376897
2,2022-05-18,6793.41,6640.902121608639,Latih,6653.874641186979,6764.143047376897
2,2022-05-19,6823.33,6779.23678938481,Latih,6789.049009718328,6790.044434814781
2,2022-05-20,6918.14,6819.532594530318,Latih,6826.537069947754,6844.723156213499
2,2022-05-23,6840.77,6909.743321788655,Latih,6914.8278165987595,6879.347892373842
2,2022-05-24,6914.14,6842.448491378464,Latih,6848.002348660566,6888.48621267472
2,2022-05-25,6883.5,6906.929030235753,Latih,6911.922410210119,6883.752837314052
2,2022-05-27,7026.26,6882.178528098804,Latih,6887.028016583068,6898.6074028781495
2,2022-05-30,7037.56,7013.999656564057,Latih,7016.654855874241,6924.652950846004
2,2022-05-31,7148.97,7032.132226315799,Latih,7033.27739451951,6974.786961092407
2,2022-06-02,7148.72,7136.872586236076,Latih,7135.981212309079,7005.862186996996
2,2022-06-03,7182.96,7142.546368039923,Latih,7140.633853288966,7042.866917101208
2,2022-06-06,7096.58,7174.5391992587665,Latih,7172.0349761552425,7051.904055991237
2,2022-06-07,7141.04,7095.6104795599695,Latih,7094.289538641642,7039.646599545542
2,2022-06-08,7193.31,7132.589471516685,Latih,7131.292385466771,7024.390873116316
2,2022-06-09,7182.83,7183.806681116902,Latih,7181.1936313862425,7052.250713862842
2,2022-06-10,7086.65,7176.782050129257,Latih,7173.869648704014,7065.854580334491
2,2022-06-13,6995.44,7086.321474512289,Latih,7085.173929789731,7036.962254249516
2,2022-06-14,7049.88,6995.962416606007,Latih,6997.282281364856,6982.514279378708
2,2022-06-15,7007.05,7042.014150395456,Latih,7043.229313805167,6968.400492674762
2,2022-06-16,7050.33,7004.865214921295,Latih,7006.322200333535,6974.072615399415
2,2022-06-17,6936.97,7043.050402292077,Latih,7044.150909877483,6972.1616252077165
2,2022-06-20,6976.38,6939.381381551375,Latih,6942.049786235144,6955.556798353843
2,2022-06-21,7044.07,6970.209247716123,Latih,6973.237470805103,6930.494635948289
2,2022-06-22,6984.31,7035.57261848456,Latih,7037.063951320115,6960.8757614100505
2,2022-06-23,6998.27,6983.300772596654,Latih,6985.205619711336,6966.19642838543
2,2022-06-24,7042.94,6993.181261797008,Latih,6995.3940698820925,6951.169879084877
2,2022-06-27,7016.06,7035.67705079383,Latih,7036.986512677732,6967.440513581091
2,2022-06-28,6996.46,7012.919371808827,Latih,7014.283986865938,6974.294662971551
2,2022-06-29,6942.35,6993.172876721082,Latih,6995.124850652871,6960.646091041617
2,2022-06-30,6911.58,6941.55392333602,Latih,6944.624856504252,6940.093373145511
2,2022-07-01,6794.33,6909.922322981702,Latih,6914.0250464687215,6914.930701928781
2,2022-07-04,6639.17,6798.690569094749,Latih,6805.11035361621,6874.0653393799475
2,2022-07-05,6703.27,6647.436595584388,Latih,6657.627074764159,6797.413055695326
2,2022-07-06,6646.41,6698.788386774229,Latih,6709.633966825772,6773.332821552781
2,2022-07-07,6652.59,6649.375818147372,Latih,6660.278883050991,6782.012361616521
2,2022-07-08,6740.22,6652.137630110767,Latih,6663.456871667219,6772.465100714294
2,2022-07-11,6722.15,6733.378158961556,Latih,6744.120360443318,6778.430745936363
2,2022-07-12,6718.29,6722.133536733856,Latih,6731.382690250895,6801.104215442271
2,2022-07-13,6640.99,6717.56721271204,Latih,6727.049657425752,6794.409158294529
2,2022-07-14,6690.09,6645.105863961588,Latih,6655.964699831691,6784.376190748244
2,2022-07-15,6651.9,6686.9035953875045,Latih,6697.622255880701,6773.09631308767
2,2022-07-18,6659.25,6653.808760048982,Latih,6664.737916214926,6779.968757189243
2,2022-07-19,6736.09,6658.654218540204,Latih,6669.807400842323,6773.6899271393095
2,2022-07-20,6874.74,6730.681875021331,Latih,6740.623279332094,6779.420072795777
2,2022-07-21,6864.13,6864.272377817075,Latih,6871.189370437007,6840.43194787804
2,2022-07-22,6886.96,6861.983139989117,Latih,6867.531280173997,6881.09331094597
2,2022-07-25,6858.41,6882.761044255835,Latih,6888.010819225652,6883.84348133002
2,2022-07-26,6871.54,6857.284291411677,Latih,6862.819158963004,6883.403175163908
2,2022-07-27,6898.22,6868.04380112503,Latih,6873.613688699346,6877.94431137566
2,2022-07-28,6956.82,6893.67930991207,Latih,6898.665605169877,6889.165224464877
2,2022-07-29,6951.12,6949.870685555986,Latih,6953.594869946889,6913.13378464167
2,2022-08-01,6968.78,6947.649851114801,Latih,6950.9335275596895,6929.995544570733
2,2022-08-02,6988.16,6963.855377962642,Latih,6966.885260130816,6932.9093136153115
2,2022-08-03,7046.63,6982.907391467746,Latih,6985.438473718223,6943.607616758397
2,2022-08-04,7057.35,7038.590169658724,Latih,7039.928687848512,6965.251963924223
2,2022-08-05,7084.65,7051.711154404943,Latih,7052.325506946509,6986.4443241096105
2,2022-08-08,7086.85,7077.79842597253,Latih,7077.840620392033,6997.074448065815
2,2022-08-09,7102.88,7081.302490910361,Latih,7081.05515359051,7006.222476221978
2,2022-08-10,7086.24,7096.403205534886,Latih,7095.857682359885,7011.180029053748
2,2022-08-11,7160.38,7081.698876317809,Latih,7081.294374874303,7011.777701123417
2,2022-08-12,7129.28,7150.119391961176,Latih,7148.581963628012,7026.296572190585
2,2022-08-15,7093.28,7124.979723653272,Latih,7123.299390309528,7041.2701654768625
2,2022-08-16,7133.45,7089.679450801084,Latih,7088.909772574972,7021.931983230771
2,2022-08-18,7186.56,7125.319700368122,Latih,7124.184621159508,7021.335207960667
2,2022-08-19,7172.43,7177.094674457393,Latih,7174.668562595925,7048.073197292154
2,2022-08-22,7107.98,7166.702650785526,Latih,7164.032833642444,7060.968816307849
2,2022-08-23,7163.27,7105.708352974725,Latih,7104.286522105408,7039.3789497155585
2,2022-08-24,7194.71,7153.973567448933,Latih,7152.185976877291,7033.884482984605
2,2022-08-25,7174.21,7186.294089228593,Latih,7183.452221089088,7059.595636814898
2,2022-08-26,7135.25,7168.798650727353,Latih,7166.022921555718,7063.99878815598
2,2022-08-29,7132.04,7131.293596146183,Latih,7129.382292074636,7047.197113797729
2,2022-08-30,7159.47,7126.227171847299,Latih,7124.730234014466,7034.123211028638
2,2022-08-31,7178.59,7151.697310794671,Latih,7149.754080658633,7040.4189233303705
2,2022-09-01,7153.1,7171.024327886185,Latih,7168.496967353902,7054.1122455585655
2,2022-09-02,7177.18,7148.211181848127,Latih,7145.950036266524,7053.322972261971
2,2022-09-05,7231.88,7169.368522010526,Latih,7166.924294797858,7051.739000031417
2,2022-09-06,7233.15,7221.7765469122805,Latih,7218.161861748186,7073.853853088685
2,2022-09-07,7186.76,7225.864159326641,Latih,7221.723859937874,7091.34794639058
2,2022-09-08,7232.02,7182.568111238562,Latih,7179.22085170456,7079.396164076396
2,2022-09-09,7242.66,7222.415382081954,Latih,7218.710075321881,7076.895797211
2,2022-09-12,7254.46,7234.761128444761,Latih,7230.45460725674,7093.923689259361
2,2022-09-13,7318.02,7246.355401612611,Latih,7241.7462554115955,7100.402214152288
2,2022-09-14,7278.08,7306.394204327563,Latih,7300.573975154855,7119.931414705588
2,2022-09-15,7305.6,7272.430297346209,Latih,7266.7177738011815,7130.326218456105
2,2022-09-16,7168.87,7296.036931638815,Latih,7290.214774347044,7125.125991662219
2,2022-09-19,7195.49,7169.686930695852,Latih,7165.983148495039,7097.356548311781
2,2022-09-20,7196.95,7187.320162450158,Latih,7184.413141822301,7061.559627860851
2,2022-09-21,7188.31,7190.096384861553,Latih,7186.919068844997,7070.297370216318
2,2022-09-22,7218.91,7182.097515667163,Latih,7179.056602864347,7068.455119711228
2,2022-09-23,7178.58,7210.242897394982,Latih,7206.750715051379,7073.891742870279
2,2022-09-26,7127.5,7174.166713559709,Latih,7171.092439813098,7072.752269343801
2,2022-09-27,7112.45,7124.280892592743,Latih,7122.463842155412,7046.504515494173
2,2022-09-28,7077.03,7107.504328622294,Latih,7106.418573389721,7026.477187622847
2,2022-09-29,7036.2,7073.5972338933425,Latih,7073.264341895052,7012.3273047364355
2,2022-09-30,7040.8,7033.553025865617,Latih,7034.254412804905,6990.348316813168
2,2022-10-03,7009.72,7035.687902068558,Latih,7036.685322544042,6978.767092078979
2,2022-10-04,7072.26,7006.8795612627855,Latih,7008.373763856946,6971.935631717498
2,2022-10-05,7075.38,7063.69127558536,Latih,7064.386698807544,6978.837356324847
2,2022-10-06,7076.62,7069.923808357783,Latih,7069.989498925872,6999.282906673012
2,2022-10-07,7026.78,7071.248381314345,Latih,7071.263806266852,7000.591561437307
2,2022-10-10,6994.4,7024.725827753605,Latih,7025.594422971668,6987.711905453857
2,2022-10-11,6939.15,6991.815660260377,Latih,6993.704678862748,6963.45984451478
2,2022-10-12,6909.21,6938.453507882108,Latih,6941.598897834172,6938.59538157319
2,2022-10-13,6880.63,6907.537262120292,Latih,6911.710586153017,6913.296105362819
2,2022-10-14,6814.53,6879.2343799689825,Latih,6884.179041307015,6896.29711268042
2,2022-10-17,6831.12,6815.931540719602,Latih,6822.285836452876,6869.735949803035
2,2022-10-18,6834.49,6827.934216409062,Latih,6834.609162826574,6853.421080668309
2,2022-10-19,6860.42,6831.9640300915,Latih,6838.427802631593,6859.52153728489
2,2022-10-20,6980.65,6856.380945210495,Latih,6862.363921084146,6867.481664738099
2,2022-10-21,7017.77,6970.141673868949,Latih,6973.800391891653,6907.6223908189395
2,2022-10-24,7053.04,7011.214914556801,Latih,7013.12312466985,6955.213368960671
2,2022-10-25,7048.38,7046.152073265378,Latih,7047.106806081598,6976.245291703994
2,2022-10-26,7043.94,7043.666234552924,Latih,7044.37721724755,6986.066726653035
2,2022-10-27,7091.76,7039.268822729055,Latih,7040.099707525435,6983.42314089721
2,2022-10-28,7056.04,7083.733445489475,Latih,7083.775684748957,6994.761422629414
2,2022-10-31,7098.89,7052.87959455735,Latih,7053.101328249639,7000.250105003176
2,2022-11-01,7052.3,7091.039850900243,Latih,7090.8470838338835,7000.454620143829
2,2022-11-02,7015.69,7049.761691511934,Latih,7049.982618084615,7001.490647840558
2,2022-11-03,7034.57,7013.0698547757265,Latih,7014.35465467161,6977.131778073365
2,2022-11-04,7045.53,7028.776805905762,Latih,7030.071067037048,6970.675807689482
2,2022-11-07,7102.4,7040.02285180277,Latih,7040.953236510817,6979.515112595614
2,2022-11-08,7050.13,7093.763610537122,Latih,7093.606625773381,6998.092719131169
2,2022-11-09,7070.08,7047.919396166866,Latih,7048.145613856976,7002.013840706407
2,2022-11-10,6966.84,7063.796156294412,Latih,7064.157476838894,6990.931102010069
2,2022-11-11,7089.21,6968.349778659397,Latih,6970.318253703172,6969.703228561932
2,2022-11-14,7019.39,7077.2616465932815,Latih,7078.057825246522,6968.339061904603
2,2022-11-15,7035.5,7018.485582504929,Latih,7019.366463877023,6989.69324957138
2,2022-11-16,7014.38,7029.842293468179,Latih,7031.086423503819,6972.0838278455085
2,2022-11-17,7044.99,7010.954483963311,Latih,7012.416670813024,6971.513866882378
2,2022-11-18,7082.18,7038.447488848034,Latih,7039.573106821243,6973.038964221531
2,2022-11-21,7063.25,7074.834144692489,Latih,7075.032965155908,6992.540319148359
2,2022-11-22,7030.59,7059.111230530209,Latih,7059.296060920424,6999.164887850342
2,2022-11-23,7054.12,7027.57827812797,Latih,7028.503909798326,6984.53288551813
2,2022-11-24,7080.52,7047.841374604766,Latih,7048.659390327399,6980.5536961711005
2,2022-11-25,7053.15,7073.766594491072,Latih,7073.910127261349,6994.961857332049
2,2022-11-28,7017.36,7049.582152239149,Latih,7049.957418016856,6995.9553767294265
2,2022-11-29,7012.07,7014.675933115542,Latih,7015.923964229286,6977.842984967882
2,2022-11-30,7081.31,7007.833352439462,Latih,7009.5026103085875,6965.209545304829
2,2022-12-01,7020.8,7072.275351335474,Latih,7072.792221764394,6981.983732756432
2,2022-12-02,7019.64,7019.384713748158,Latih,7020.313842936815,6987.590837512668
2,2022-12-05,6987.33,7015.091823913515,Latih,7016.598088461817,6968.303772841746
2,2022-12-06,6892.57,6984.828380974587,Latih,6986.905772325453,6959.338288236909
2,2022-12-07,6818.75,6894.53763677512,Latih,6898.556105943068,6923.9772572142365
2,2022-12-08,6804.23,6820.509321355854,Latih,6826.680535458063,6874.604248658162
2,2022-12-09,6715.12,6803.022380030485,Latih,6810.124942900273,6847.585897362866
2,2022-12-12,6734.45,6718.9562991872635,Latih,6727.738220131269,6819.308686099086
2,2022-12-13,6810.32,6732.300104995243,Latih,6741.566959093683,6796.506458595723
2,2022-12-14,6801.75,6804.245054136546,Latih,6812.017907420727,6822.767462658916
2,2022-12-15,6751.86,6800.257188253731,Latih,6807.480348244938,6844.281684207953
2,2022-12-16,6812.19,6753.167734058375,Latih,6761.335212780859,6828.311903545593
2,2022-12-19,6779.7,6806.916238898965,Latih,6814.496392376754,6828.725754124557
2,2022-12-20,6768.32,6779.744960857956,Latih,6787.333409731716,6838.997965374625
2,2022-12-21,6820.66,6767.384641502228,Latih,6775.469558614818,6825.778220576381
2,2022-12-22,6824.43,6815.706399188969,Latih,6822.988142611716,6836.1431609014035
2,2022-12-23,6800.67,6822.005743528936,Latih,6828.740282277499,6853.562662899532
2,2022-12-26,6835.81,6799.995838440687,Latih,6807.107840125891,6848.419607077874
2,2022-12-27,6923.03,6831.58329383645,Latih,6838.304447851515,6850.322660593428
2,2022-12-28,6850.52,6914.976057566749,Latih,6919.860812693882,6884.5639252600495
2,2022-12-29,6860.08,6851.82163864527,Latih,6857.161362611392,6892.615593528791
2,2022-12-30,6850.62,6856.913106071987,Latih,6862.754432454447,6872.418770539802
2,2023-01-02,6850.98,6848.577219601311,Latih,6854.494661846795,6872.89867040668
2,2023-01-03,6888.76,6848.412096381523,Latih,6854.410385107734,6870.027499341409
2,2023-01-04,6813.24,6883.74633551721,Latih,6889.085947383387,6880.198327400726
2,2023-01-05,6653.84,6815.156773155961,Latih,6821.458628534709,6871.942390611212
2,2023-01-06,6684.56,6662.152151611012,Latih,6671.914128748937,6805.820372251304
2,2023-01-09,6688.27,6682.415763747558,Latih,6693.112071511613,6775.081334083406
2,2023-01-10,6622.5,6687.512634391652,Latih,6697.861824674325,6780.533830594747
2,2023-01-11,6584.45,6626.230424685709,Latih,6637.686304865787,6778.427248418061
2,2023-01-12,6629.93,6587.175509887415,Latih,6599.896796672795,6765.4965645393995
2,2023-01-13,6641.83,6626.106750420787,Latih,6639.382746971706,6764.143047376897
2,2023-01-16,6688.06,6641.205817176114,Latih,6652.863381973219,6769.173868733075
2,2023-01-17,6767.34,6685.050583287642,Latih,6695.796719477492,6773.1563986584815
2,2023-01-18,6765.79,6761.609431667652,Latih,6770.554827962247,6796.775498465032
2,2023-01-19,6819.91,6764.364332669404,Latih,6772.606884725419,6821.2281062066895
2,2023-01-20,6874.93,6814.871164914701,Latih,6822.1891838798265,6835.149977803862
2,2023-01-24,6860.85,6869.171167857389,Latih,6875.036685408097,6866.771713362972
2,2023-01-25,6829.93,6858.927183373609,Latih,6864.530499151687,6880.279689541203
2,2023-01-26,6864.82,6829.277936036324,Latih,6835.547192750907,6867.632013185064
2,2023-01-27,6898.98,6860.2520926300085,Latih,6866.2007435003325,6867.222848383824
2,2023-01-30,6872.48,6894.033366380079,Latih,6899.068313014253,6887.259906530423
2,2023-01-31,6839.34,6871.073683293204,Latih,6876.253866616827,6890.918848753019
2,2023-02-01,6862.26,6838.690699423886,Latih,6844.689638329782,6873.784775636237
2,2023-02-02,6890.57,6858.3580519500765,Latih,6864.264485980908,6869.492648081224
2,2023-02-03,6911.73,6886.036335624797,Latih,6891.240732536658,6884.218052088065
2,2023-02-06,6873.79,6907.3168960473395,Latih,6911.8936902040705,6898.7304437783805
2,2023-02-07,6935.3,6872.974248189967,Latih,6878.014351421636,6895.266510621055
2,2023-02-08,6940.12,6928.459394176949,Latih,6932.781743877281,6899.742482086763
2,2023-02-09,6897.37,6936.22646310394,Latih,6939.899014259925,6920.317597551989
2,2023-02-10,6880.33,6896.521178051576,Latih,6900.890946028873,6910.44827350621
2,2023-02-13,6900.14,6878.326123790186,Latih,6883.384970132751,6892.503762623115
2,2023-02-14,6941.85,6895.9400967738475,Latih,6900.812207027122,6892.4332517573675
2,2023-02-15,6914.54,6935.979237884034,Latih,6939.94542363738,6909.750630705104
2,2023-02-16,6895.66,6912.662673410521,Latih,6916.718718480216,6915.561914302157
2,2023-02-17,6895.71,6893.566380426927,Latih,6898.201287195428,6901.970154624626
2,2023-02-20,6894.72,6892.612006330533,Latih,6897.419816055044,6896.061949414655
2,2023-02-21,6873.4,6891.689266838773,Latih,6896.513734615191,6895.814074015065
2,2023-02-22,6809.97,6871.707765425186,Latih,6876.911220697504,6889.827690303071
2,2023-02-23,6839.45,6811.285670576426,Latih,6817.7856289789415,6866.254349694292
2,2023-02-24,6856.58,6835.478923884069,Latih,6842.051366111375,6854.208537945786
2,2023-02-27,6854.78,6853.054491426386,Latih,6859.058407569864,6868.014991439025
2,2023-02-28,6843.24,6852.280217102506,Latih,6858.157706927398,6872.908423101942
2,2023-03-01,6844.94,6841.3977113289,Latih,6847.491935188509,6869.271676668565
2,2023-03-02,6857.42,6842.374886554218,Latih,6848.545854036547,6866.104853206913
2,2023-03-03,6813.64,6854.130763003566,Latih,6860.069593918661,6869.960508413951
2,2023-03-06,6807.0,6813.868879301581,Latih,6820.452262483571,6862.219446674327
2,2023-03-07,6766.76,6805.340674164327,Latih,6812.442228134605,6846.720620303191
2,2023-03-08,6776.37,6767.373992007401,Latih,6775.234664388922,6833.925241058802
2,2023-03-09,6799.79,6774.223298680214,Latih,6782.287656662791,6823.862836066816
2,2023-03-10,6765.3,6796.624880978197,Latih,6804.1945419010835,6833.111866273915
2,2023-03-13,6786.96,6765.626959196057,Latih,6773.579306913046,6831.275220766102
2,2023-03-14,6641.81,6784.044980249136,Latih,6791.939080834419,6826.224221419727
2,2023-03-15,6628.14,6649.513560955461,Latih,6659.726084589523,6796.2523728591505
2,2023-03-16,6565.73,6629.038931881421,Latih,6640.824621311287,6770.65087519559
2,2023-03-17,6678.24,6579.110758153779,Latih,6588.167000275778,6765.687493166652
2,2023-03-20,6612.49,6666.131475477977,Latih,6678.363406766071,6764.143047376897
2,2023-03-21,6691.61,6616.3416737193675,Latih,6628.063511020251,6776.279637661306
2,2023-03-24,6762.25,6684.655229199693,Latih,6696.627402493971,6768.245053424266
2,2023-03-27,6708.93,6757.039744647469,Latih,6766.040764935043,6796.533833402425
2,2023-03-28,6760.33,6710.944179779311,Latih,6720.219878563455,6804.494207475515
2,2023-03-29,6839.44,6756.163392113174,Latih,6765.038299962011,6801.454886491926
2,2023-03-30,6808.95,6832.83746802721,Latih,6839.866941732503,6838.636869030035
2,2023-03-31,6805.28,6808.531509434315,Latih,6815.361759116385,6855.331644880214
2,2023-04-03,6827.17,6803.484231806131,Latih,6810.658762840959,6844.791761380173
2,2023-04-04,6833.18,6823.7514535609225,Latih,6830.580066583788,6849.468346908428
2,2023-04-05,6819.67,6830.5300251680965,Latih,6837.0528967994815,6857.933910596112
2,2023-04-06,6792.77,6818.220173207853,Latih,6824.922046032284,6856.222189267614
2,2023-04-10,6771.23,6792.358850290508,Latih,6799.651736447842,6844.82353050474
2,2023-04-11,6811.31,6770.7978382242,Latih,6778.711937439768,6830.652169268762
2,2023-04-14,6818.57,6784.558510099679,Uji,6792.166397103995,6836.419218227303
2,2023-04-17,6787.58,6814.669026292893,Uji,6821.827930595313,6841.00641525898
2,2023-04-18,6821.81,6787.449141715496,Uji,6794.842155544192,6843.0968102035295
2,2023-04-26,6910.15,6817.802600910697,Uji,6824.887115689253,6842.489990778304
2,2023-04-27,6945.48,6902.194040635869,Uji,6907.431103471861,6876.744034838718
2,2023-04-28,6915.72,6939.903139537921,Uji,6943.714246226599,6913.856515410589
2,2023-05-02,6863.3,6913.958190061198,Uji,6917.960315057086,6917.0145726565
2,2023-05-03,6812.72,6863.380219190458,Uji,6868.565559111576,6893.725226049764
2,2023-05-04,6844.03,6813.320688147875,Uji,6819.865912508402,6863.818731757442
2,2023-05-05,6787.63,6839.905952513553,Uji,6846.373626131751,6856.290346034506
2,2023-05-08,6769.63,6788.845862197011,Uji,6796.003690339953,6851.095365518071
2,2023-05-09,6779.98,6769.029663363126,Uji,6777.01884712222,6828.614124998783
2,2023-05-10,6811.9,6777.749940547077,Uji,6785.725291172891,6825.724031462703
2,2023-05-11,6755.94,6808.136177766355,Uji,6815.462559387419,6837.468070157803
2,2023-05-12,6707.76,6757.519756614293,Uji,6765.523020126548,6832.581521431541
2,2023-05-15,6711.74,6709.515925583113,Uji,6718.870015859177,6802.203669288189
2,2023-05-16,6676.56,6710.681529606898,Uji,6720.410044911077,6788.152142894
2,2023-05-17,6663.11,6678.0078369487965,Uji,6688.309956464336,6784.731951135426
2,2023-05-19,6700.56,6663.569958092285,Uji,6674.42920312719,6778.10366071525
2,2023-05-22,6729.65,6697.863405283558,Uji,6708.196845523883,6777.348039822308
2,2023-05-23,6736.68,6727.041227509848,Uji,6736.525376142733,6790.661993414789
2,2023-05-24,6745.8,6735.155066408388,Uji,6744.249477160596,6801.657294153602
2,2023-05-25,6704.23,6744.052809016132,Uji,6752.924320236618,6806.290138283106
2,2023-05-26,6687.0,6705.678565087188,Uji,6715.187218768169,6798.083592729599
2,2023-05-29,6681.1,6687.36849628167,Uji,6697.558639161604,6783.872817152767
2,2023-05-30,6636.42,6680.939799814537,Uji,6691.390900157707,6780.655189995794
2,2023-05-31,6633.26,6638.862048329645,Uji,6650.1424696749555,6777.772069076328
2,2023-06-05,6633.44,6633.539077700385,Uji,6645.285571384291,6769.935184303251
2,2023-06-06,6618.92,6633.539772720048,Uji,6645.3122287513415,6769.397777164308
2,2023-06-07,6619.75,6619.976660183601,Uji,6631.999323293352,6768.822502663758
2,2023-06-08,6666.33,6619.98259027072,Uji,6632.124510907539,6766.353232323256
2,2023-06-09,6694.02,6663.347226710481,Uji,6674.893857401475,6768.4414076888825
2,2023-06-12,6722.37,6691.920852650272,Uji,6702.338076389897,6777.630217805235
2,2023-06-13,6719.01,6719.889430343976,Uji,6729.560046026281,6786.672692652672
2,2023-06-14,6699.72,6718.251896759441,Uji,6727.7198357402,6794.6698355079
2,2023-06-15,6713.79,6700.0422919251205,Uji,6709.875755198319,6788.480550894468
2,2023-06-16,6698.55,6712.171472403128,Uji,6721.93843798863,6786.17624683383
2,2023-06-19,6686.06,6698.671825250852,Uji,6708.573635860849,6786.531872701078
2,2023-06-20,6660.46,6686.188633144811,Uji,6696.4473811914195,6782.854075267642
2,2023-06-21,6702.63,6661.596595490885,Uji,6672.414363545939,6779.631246673195
2,2023-06-22,6652.26,6699.657833951878,Uji,6709.979761527796,6776.977482242314
2,2023-06-23,6639.73,6654.81020491251,Uji,6665.6176877975595,6782.146276211469
2,2023-06-26,6664.67,6640.426862679506,Uji,6651.9153191037585,6772.936906965104
2,2023-06-27,6661.88,6663.075272242589,Uji,6674.246469005957,6771.817566588847
2,2023-07-03,6696.72,6661.78974369706,Uji,6672.779764528437,6776.0018988362235
2,2023-07-04,6681.75,6694.2087228588925,Uji,6704.620083771366,6776.97557654324
2,2023-07-05,6718.98,6682.06279464902,Uji,6692.413150771128,6782.358526248365
2,2023-07-06,6757.33,6716.0699946293435,Uji,6725.912358638218,6781.9218521204875
2,2023-07-07,6716.46,6753.892023016537,Uji,6762.726462785032,6803.808290328713
2,2023-07-10,6731.04,6717.722022736838,Uji,6726.912391042432,6804.955767791303
2,2023-07-11,6796.92,6729.18363682913,Uji,6738.497315074824,6796.018913512558
2,2023-07-12,6808.21,6791.538502889008,Uji,6799.5752170250125,6818.130560511384
2,2023-07-13,6810.21,6805.58518656555,Uji,6812.819646231267,6841.7987152541045
2,2023-07-14,6869.57,6808.053335906598,Uji,6815.149172779653,6845.872158235348
2,2023-07-17,6867.14,6863.646523821096,Uji,6869.694271043281,6862.302467893997
2,2023-07-18,6830.2,6864.522629735509,Uji,6870.066128982644,6880.273120484394
2,2023-07-20,6864.19,6829.863860031699,Uji,6836.07052013669,6869.676671351831
2,2023-07-21,6880.8,6859.677513149121,Uji,6865.634549095373,6867.139827164154
2,2023-07-24,6899.4,6877.006124511402,Uji,6882.362192649585,6882.222381597501
2,2023-07-25,6917.71,6895.273303877755,Uji,6900.153888886914,6892.383636321469
2,2023-07-26,6948.28,6913.374956464516,Uji,6917.766718451129,6903.0918715197295
2,2023-07-27,6896.66,6942.921296051791,Uji,6946.614271817854,6916.973073256659
2,2023-07-28,6900.23,6896.290184903784,Uji,6900.597132071599,6912.818514754818
2,2023-07-31,6931.36,6896.8901662323315,Uji,6901.610336219415,6897.578930717751
2,2023-08-01,6886.5,6926.178429324973,Uji,6930.325723750342,6906.986156368003
2,2023-08-02,6854.51,6885.895896813018,Uji,6890.534839179559,6904.806933426604
2,2023-08-03,6898.08,6853.614340974429,Uji,6859.221109430829,6882.2206104183615
2,2023-08-04,6852.84,6892.645434534295,Uji,6897.790866874799,6883.786691497607
2,2023-08-07,6886.37,6852.667320634463,Uji,6858.196471088568,6885.407948170048
2,2023-08-08,6868.81,6881.610853974563,Uji,6886.974813948912,6880.1454386464175
2,2023-08-09,6875.11,6866.974457324485,Uji,6872.334404120784,6885.986854708834
2,2023-08-10,6893.28,6871.932324036103,Uji,6877.344599086981,6882.156556509477
2,2023-08-11,6879.98,6889.250891243262,Uji,6894.290007995411,6888.969789419813
2,2023-08-14,6910.17,6877.782080334467,Uji,6882.884645655793,6891.127803051515
2,2023-08-15,6915.1,6905.2971689084625,Uji,6909.998461264716,6894.993681773587
2,2023-08-16,6900.54,6911.506340052233,Uji,6915.844204385029,6905.774916456387
2,2023-08-18,6859.91,6898.157702736601,Uji,6902.702772608742,6903.444963928208
2,2023-08-21,6866.03,6859.406500320772,Uji,6864.790369245449,6888.061712600929
2,2023-08-22,6916.45,6862.972803148368,Uji,6868.624523682933,6876.947877379697
2,2023-08-23,6921.41,6910.427736796187,Uji,6915.148512122975,6892.290324326797
2,2023-08-24,6899.39,6917.737617305266,Uji,6921.908228519308,6909.424442283557
2,2023-08-25,6895.44,6897.4173050162635,Uji,6901.924216066942,6905.117853835568
2,2023-08-28,6921.73,6892.557413657053,Uji,6897.335561735972,6897.159945961281
2,2023-08-29,6957.83,6916.92269554113,Uji,6921.281163843917,6902.920089563177
2,2023-08-30,6966.66,6952.061387531809,Uji,6955.551686596326,6920.77631052916
2,2023-08-31,6953.26,6962.229480352455,Uji,6965.234341812783,6934.449409927179
2,2023-09-01,6977.65,6950.1720102096115,Uji,6953.327982396535,6933.65143767481
2,2023-09-04,6996.75,6972.260138639862,Uji,6975.116355572397,6935.941908602168
2,2023-09-05,6991.71,6991.407212898788,Uji,6993.7077279812665,6948.6764175761255
2,2023-09-06,6995.95,6987.708856335338,Uji,6989.92099182075,6953.325157477907
2,2023-09-07,6954.81,6991.404970899877,Uji,6993.58988851851,6952.873170497469
2,2023-09-08,6924.78,6953.1739122313775,Uji,6956.033447322301,6943.250556011846
2,2023-09-11,6963.39,6922.92179138695,Uji,6926.680883700896,6922.352794483351
2,2023-09-12,6933.97,6957.420347848587,Uji,6960.786171133571,6923.213139145422
2,2023-09-13,6935.48,6931.967135992993,Uji,6935.487881402721,6927.490379827666
2,2023-09-14,6959.33,6931.818648405124,Uji,6935.583951056053,6918.665154674696
2,2023-09-15,6982.79,6954.192631696515,Uji,6957.530340315156,6925.488185120273
2,2023-09-18,6936.08,6977.386693349536,Uji,6980.0978529525355,6939.214083592643
2,2023-09-19,6980.32,6934.968163635183,Uji,6938.273677149465,6934.136718339075
2,2023-09-20,7011.68,6973.84500766998,Uji,6976.813055508192,6931.264426274348
2,2023-09-21,6991.47,7005.504767530619,Uji,7007.521669750869,6953.488554358534
2,2023-09-22,7016.84,6988.276171739753,Uji,6990.354997969922,6957.943854594283
2,2023-09-25,6998.38,7010.919284580409,Uji,7012.744092333973,6958.359341832452
2,2023-09-26,6923.8,6995.008939309178,Uji,6996.920467580614,6961.401868874484
2,2023-09-27,6937.83,6924.3160008296845,Uji,6927.691038730192,6935.757123051931
2,2023-09-29,6939.89,6933.476068519999,Uji,6937.294215085258,6916.101092620241
2,2023-10-02,6961.46,6936.145616623213,Uji,6939.798886588564,6921.049856816279
2,2023-10-03,6940.89,6956.417501735739,Uji,6959.677682032041,6927.438387872923
2,2023-10-04,6886.58,6938.333336740484,Uji,6941.751779739907,6928.7273354667905
2,2023-10-05,6874.83,6886.475991611225,Uji,6891.025814521058,6907.817198104308
2,2023-10-06,6888.52,6872.612860385519,Uji,6877.866379493516,6887.655372718317
2,2023-10-09,6891.46,6884.78660059188,Uji,6889.910868462665,6887.614725278063
2,2023-10-10,6922.19,6888.260712424261,Uji,6893.207929641052,6892.691148892089
2,2023-10-11,6931.75,6917.14164915477,Uji,6921.528770203638,6901.794269810065
2,2023-10-12,6935.15,6927.707382902253,Uji,6931.645812709082,6913.977493671821
2,2023-10-13,6926.78,6931.39246683215,Uji,6935.183956030358,6917.881037975597
2,2023-10-16,6896.29,6923.748842365193,Uji,6927.654202688086,6916.719099620032
2,2023-10-17,6939.62,6894.804300125583,Uji,6899.315605494126,6905.9767860383245
2,2023-10-18,6927.91,6933.690560555805,Uji,6937.7309116331235,6907.949431200073
2,2023-10-19,6846.43,6925.042117016959,Uji,6928.886764009345,6918.421897792863
2,2023-10-20,6849.17,6848.257263936736,Uji,6853.622995090225,6893.057289734228
2,2023-10-23,6741.96,6846.498057071306,Uji,6852.566273743549,6868.2314788538615
2,2023-10-24,6806.76,6746.428083552295,Uji,6754.330782203401,6840.549025061167
2,2023-10-25,6834.39,6801.315546259613,Uji,6809.081023367377,6824.175124095116
2,2023-10-26,6714.52,6830.578878324365,Uji,6837.268599514699,6851.854663289228
2,2023-10-27,6758.79,6719.994647352864,Uji,6728.509355656675,6828.608273381626
2,2023-10-30,6735.89,6755.020286548461,Uji,6763.8704427293205,6802.798157719405
2,2023-10-31,6752.21,6735.961760036521,Uji,6744.801647862369,6810.586413536104
2,2023-11-01,6642.42,6750.002704195852,Uji,6758.7703211868065,6807.748850034507
2,2023-11-02,6751.39,6648.241159313555,Uji,6658.762966697377,6790.285315177768
2,2023-11-03,6788.85,6741.794970382923,Uji,6752.505021600301,6778.214774181275
2,2023-11-06,6878.84,6785.07408016923,Uji,6793.063443288237,6822.364687554572
2,2023-11-07,6843.79,6871.179124501984,Uji,6877.262676446777,6858.071053669491
2,2023-11-08,6804.11,6843.187566319442,Uji,6849.050797031261,6876.964221551758
2,2023-11-09,6838.23,6804.237924580009,Uji,6811.112072600755,6855.407446863392
2,2023-11-10,6809.26,6834.027790088987,Uji,6840.675339279807,6852.045816116371
2,2023-11-13,6838.31,6808.757121784719,Uji,6815.593110984001,6855.034669704475
2,2023-11-14,6862.06,6834.3756810599925,Uji,6840.974421934522,6853.682340801396
2,2023-11-15,6958.21,6858.116498987415,Uji,6864.035869351963,6869.116350984017
2,2023-11-16,6958.01,6949.252611296228,Uji,6953.285563777141,6902.162675071106
2,2023-11-17,6977.67,6954.164023790411,Uji,6957.315422299556,6932.2657702479255
2,2023-11-20,6994.89,6972.530747908408,Uji,6975.342887142355,6937.4370079958935
2,2023-11-21,6961.79,6989.669663742837,Uji,6992.002194569764,6948.187482453635
2,2023-11-22,6906.95,6959.642303289227,Uji,6962.390500714236,6944.776325950673
2,2023-11-23,7004.34,6906.625194543347,Uji,6910.629314918266,6919.795234225738
2,2023-11-24,7009.63,6994.753261753378,Uji,6997.572799583731,6928.522820326138
2,2023-11-27,7013.41,7004.862120962797,Uji,7006.693520193158,6960.476371724062
2,2023-11-28,7041.07,7008.6760301501145,Uji,7010.393132275998,6963.141884229236
2,2023-11-29,7036.09,7034.731824052992,Uji,7035.934342588845,6971.691164156253
2,2023-11-30,7080.74,7031.543387721839,Uji,7032.577711499395,6979.040615946109
2,2023-12-01,7059.91,7073.016242295571,Uji,7073.321871587105,6989.365559010562
2,2023-12-04,7093.6,7055.912794883912,Uji,7056.1687414795815,6997.824082821665
2,2023-12-05,7100.85,7086.300220362614,Uji,7086.163548109005,7000.260059478341
2,2023-12-06,7087.4,7094.863624882769,Uji,7094.291063200902,7012.756647527874
3,2022-01-05,6662.3,6694.602630857544,Latih,6702.445086997915,6655.637087740835
3,2022-01-06,6653.35,6661.749163516773,Latih,6670.146065987809,6672.414464435889
3,2022-01-07,6701.32,6652.842323998448,Latih,6661.680154790295,6651.836524052035
3,2022-01-10,6691.12,6700.51121720733,Latih,6708.300168043692,6649.826594448398
3,2022-01-11,6647.97,6690.392493202703,Latih,6698.079287358689,6681.2452161161755
3,2022-01-12,6647.06,6647.506506715427,Latih,6656.265615320515,6666.956418977244
3,2022-01-13,6658.36,6646.585998012583,Latih,6655.670801799458,6644.1535973441705
3,2022-01-14,6693.4,6657.815514772621,Latih,6666.644781128628,6644.29432201081
3,2022-01-17,6645.05,6692.642260639833,Latih,6700.5794524441835,6651.968958927702
3,2022-01-18,6614.06,6644.605483434658,Latih,6653.41619164468,6668.44381710471
3,2022-01-19,6591.98,6613.789729669025,Latih,6623.660163504265,6642.386924622367
3,2022-01-20,6626.87,6591.8351683238925,Latih,6602.43621915922,6637.317731454828
3,2022-01-21,6726.37,6626.5003445395905,Latih,6636.448430007109,6631.861042405524
3,2022-01-24,6655.17,6725.39581329914,Latih,6732.790968236796,6640.831313678036
3,2022-01-25,6568.17,6654.67501798318,Latih,6663.018392730219,6697.061565583067
3,2022-01-26,6600.82,6601.066811829437,Latih,6607.643278444787,6648.613510492678
3,2022-01-27,6611.16,6600.603118812185,Latih,6611.323172147205,6631.861042405524
3,2022-01-28,6645.51,6610.891161377063,Latih,6621.141036712981,6632.68878840343
3,2022-01-31,6631.15,6645.03183315755,Latih,6654.412401440751,6632.057301385187
3,2022-02-02,6707.65,6630.773818663665,Latih,6640.244817972938,6642.037845391939
3,2022-02-03,6683.85,6706.793612035532,Latih,6714.592528557052,6639.445074541429
3,2022-02-04,6731.39,6683.169994601176,Latih,6690.980647986995,6685.488344784991
3,2022-02-07,6804.94,6730.4059970553435,Latih,6737.282566434913,6672.278991651698
3,2022-02-08,6789.52,6803.5172788700775,Latih,6808.353248100909,6721.550863636901
3,2022-02-09,6834.61,6788.2205462807715,Latih,6792.894755290181,6780.231362521677
3,2022-02-10,6823.64,6833.024899136161,Latih,6836.762647620475,6773.613699176339
3,2022-02-11,6815.61,6822.139882323776,Latih,6825.813666579162,6809.38192204121
3,2022-02-14,6734.49,6814.155586122307,Latih,6818.092984609637,6799.226743134291
3,2022-02-15,6807.5,6733.536096574835,Latih,6739.410716641121,6780.705096891551
3,2022-02-16,6850.2,6806.06255297366,Latih,6810.817294583949,6724.460115053675
3,2022-02-17,6835.12,6848.5248465067525,Latih,6851.77431004826,6790.588052290708
3,2022-02-18,6892.82,6833.554459278917,Latih,6836.8520585370425,6823.823219946061
3,2022-02-21,6902.96,6890.890666826708,Latih,6892.957139642878,6819.199097192321
3,2022-02-22,6861.99,6900.989347361073,Latih,6902.41344264929,6868.254123042862
3,2022-02-23,6920.06,6860.277427217701,Latih,6862.57971347932,6870.158387237828
3,2022-02-24,6817.82,6917.971659571575,Latih,6919.216955446648,6845.101583209671
3,2022-02-25,6888.17,6816.388011697862,Latih,6819.5935096407275,6874.170085569065
3,2022-03-01,6921.44,6886.263068974657,Latih,6888.5594139391615,6804.272451363237
3,2022-03-02,6868.4,6919.352910260605,Latih,6920.381404840993,6866.921703090112
3,2022-03-04,6928.33,6866.654568919877,Latih,6868.6778159970445,6885.06745579545
3,2022-03-07,6869.07,6926.192755698014,Latih,6927.201072288203,6851.521412571111
3,2022-03-08,6814.18,6867.323020895164,Latih,6869.282079543512,6890.290237098379
3,2022-03-09,6864.44,6812.7514894643755,Latih,6816.401351591382,6835.776033579743
3,2022-03-10,6924.01,6862.678989191095,Latih,6865.551124315898,6798.0418018699
3,2022-03-11,6922.6,6921.898072264242,Latih,6923.034451832223,6847.6624840456625
3,2022-03-14,6952.2,6920.51913083409,Latih,6921.267711850452,6896.694013747617
3,2022-03-15,6918.19,6949.934851564816,Latih,6950.00722328966,6899.549109680697
3,2022-03-16,6992.4,6916.147053597914,Latih,6916.79891478126,6917.523349469351
3,2022-03-17,6964.38,6989.88372979885,Latih,6989.055311201271,6901.3649045986385
3,2022-03-18,6954.96,6962.065410872155,Latih,6961.362678733521,6956.252669975809
3,2022-03-21,6955.18,6952.693362184815,Latih,6952.406834724001,6933.705380168606
3,2022-03-22,7000.82,6952.908504400305,Latih,6952.683362869671,6926.693080174971
3,2022-03-23,6996.12,6998.265308207331,Latih,6996.9805979914045,6933.073540035535
3,2022-03-24,7049.69,6993.611546227989,Latih,6992.113577075657,6968.673657822066
3,2022-03-25,7002.53,7046.847272287671,Latih,7044.140641522471,6973.539871618206
3,2022-03-28,7049.6,7000.000077284632,Latih,6998.008554492054,7006.041860789715
3,2022-03-29,7011.69,7046.76023788995,Latih,7044.010471065704,6978.824263051207
3,2022-03-30,7053.19,7009.103130942642,Latih,7006.8999634528745,7007.7641643530715
3,2022-03-31,7071.44,7050.331428275173,Latih,7047.433734362786,6986.880796457585
3,2022-04-01,7078.76,7068.483637937375,Latih,7064.869939252801,7022.085604996146
3,2022-04-04,7116.22,7075.765112320252,Latih,7071.852869060703,7037.002430869999
3,2022-04-05,7148.3,7112.9952978349465,Latih,7108.16298306234,7049.727523448531
3,2022-04-06,7104.22,7144.890243381339,Latih,7139.049791378456,7083.676364197204
3,2022-04-07,7127.37,7101.095754095388,Latih,7096.050763306092,7098.776361382079
3,2022-04-08,7210.83,7124.085614487603,Latih,7118.81512344785,7070.720659610696
3,2022-04-11,7203.79,7207.036256032672,Latih,7199.667523052181,7103.877940223885
3,2022-04-12,7214.78,7200.071262216056,Latih,7192.276549442494,7164.432537208279
3,2022-04-13,7262.78,7210.990379831877,Latih,7202.990658677902,7161.375975253066
3,2022-04-14,7235.53,7258.696529457662,Latih,7249.506531081887,7178.87159311422
3,2022-04-18,7275.29,7231.633719323962,Latih,7222.736526005952,7209.023608707275
3,2022-04-19,7199.23,7271.1366639746175,Latih,7261.510103570912,7196.649523478234
3,2022-04-20,7227.36,7195.563723405684,Latih,7187.4196623618245,7211.18005293974
3,2022-04-21,7276.19,7223.490599919645,Latih,7215.231479491678,7160.462674576719
3,2022-04-22,7225.61,7272.028037901615,Latih,7262.438291120026,7190.787413765872
3,2022-04-25,7215.98,7221.780268630473,Latih,7213.018402366724,7216.996739754168
3,2022-04-26,7232.15,7212.191104768601,Latih,7204.009512662973,7177.73593098589
3,2022-04-27,7196.76,7228.257134444206,Latih,7219.768657527653,7173.776829949103
3,2022-04-28,7228.91,7193.092861245954,Latih,7185.3106588263145,7178.8158570212945
3,2022-05-09,6909.75,7225.030046051828,Latih,7216.752361872879,7158.9399089164335
3,2022-05-10,6819.79,6914.654801542805,Latih,6912.155510836886,7120.372550411298
3,2022-05-11,6816.2,6818.341936168704,Latih,6821.574539878402,6866.935379283468
3,2022-05-12,6599.84,6814.740523638162,Latih,6818.691374118957,6796.125587820739
3,2022-05-13,6597.99,6671.961535815908,Latih,6676.565020969673,6754.845971133138
3,2022-05-17,6644.47,6597.802539885122,Latih,6608.364647199368,6633.6021283147575
3,2022-05-18,6793.41,6643.993350472013,Latih,6653.49100154334,6631.861042405524
3,2022-05-19,6823.33,6792.026294592053,Latih,6797.743077935011,6655.267236390498
3,2022-05-20,6918.14,6821.816361880932,Latih,6825.788197471534,6775.296005479125
3,2022-05-23,6840.77,6916.049078245507,Latih,6917.611773906397,6812.8958517742485
3,2022-05-24,6914.14,6839.1948577189805,Latih,6841.8818934137,6877.2329251212295
3,2022-05-25,6883.5,6912.080471133338,Latih,6913.612765288995,6826.763332477843
3,2022-05-27,7026.26,6881.658137731594,Latih,6883.3828178137965,6882.621345303697
3,2022-05-30,7037.56,7023.520529139103,Latih,7022.152057843865,6877.299153769058
3,2022-05-31,7148.97,7034.8038818979885,Latih,7032.165721779528,6995.56724187797
3,2022-06-02,7148.72,7145.526612352211,Latih,7140.225899167138,7021.265840514363
3,2022-06-03,7182.96,7145.319855212647,Latih,7139.238478006797,7107.961696400119
3,2022-06-06,7096.58,7179.347255603157,Latih,7172.473959541998,7114.463493241741
3,2022-06-07,7141.04,7093.516273217272,Latih,7088.4036637408235,7122.8991486639525
3,2022-06-08,7193.31,7137.667957769709,Latih,7132.134480257706,7067.744047336645
3,2022-06-09,7182.83,7189.630138768041,Latih,7182.571115517103,7110.80894533701
3,2022-06-10,7086.65,7179.234796937786,Latih,7172.049683668099,7147.391551886279
3,2022-06-13,6995.44,7083.647801131079,Latih,7078.766386582323,7120.86395173259
3,2022-06-14,7049.88,6992.967913180647,Latih,6990.879894754943,7031.971923393669
3,2022-06-15,7007.05,7047.035869236057,Latih,7044.329552350704,6973.003764838631
3,2022-06-16,7050.33,7004.492056622564,Latih,7002.394442441521,7007.064974572717
3,2022-06-17,6936.97,7047.487407816712,Latih,7044.688810256187,6982.658305388744
3,2022-06-20,6976.38,6934.847252633919,Latih,6934.371029645254,6993.71194293922
3,2022-06-21,7044.07,6973.970156049187,Latih,6973.380555175597,6914.707174637364
3,2022-06-22,6984.31,7041.254785364334,Latih,7038.817822228137,6956.46530115252
3,2022-06-23,6998.27,6981.891093361433,Latih,6980.361601704414,6998.330415855704
3,2022-06-24,7042.94,6995.742028113064,Latih,6994.3108256883,6956.79747571116
3,2022-06-27,7016.06,7040.139973825875,Latih,7037.574678672019,6974.399633360559
3,2022-06-28,6996.46,7013.443551154196,Latih,7011.18599277085,7003.6956089294545
3,2022-06-29,6942.35,6993.955199821053,Latih,6992.341767724809,6980.002837038692
3,2022-06-30,6911.58,6940.173636706521,Latih,6939.953024013688,6954.9509654081385
3,2022-07-01,6794.33,6909.5743423307395,Latih,6910.448990945862,6908.952994752572
3,2022-07-04,6639.17,6793.040619739324,Latih,6796.850583008559,6863.315806561748
3,2022-07-05,6703.27,6673.967452241494,Latih,6678.4485915146915,6746.363917543465
3,2022-07-06,6646.41,6702.44379784854,Latih,6710.287644028235,6642.663284618119
3,2022-07-07,6652.59,6645.960738146316,Latih,6654.6702481304965,6676.78416515322
3,2022-07-08,6740.22,6652.081081293237,Latih,6661.048707007033,6643.651131758253
3,2022-07-11,6722.15,6739.1694887683025,Latih,6746.062021180117,6651.527173042308
3,2022-07-12,6718.29,6721.244460855743,Latih,6727.937332054547,6717.602894124707
3,2022-07-13,6640.99,6717.401652302464,Latih,6724.311548995844,6702.147304702568
3,2022-07-14,6690.09,6644.96330085584,Latih,6650.226056999351,6688.459150281862
3,2022-07-15,6651.9,6689.346286830918,Latih,6697.482837178426,6642.887972143973
3,2022-07-18,6659.25,6651.411721308392,Latih,6660.0870015742,6666.639086451394
3,2022-07-19,6736.09,6658.70179936209,Latih,6667.476271264715,6646.82292685249
3,2022-07-20,6874.74,6735.0676172408685,Latih,6742.0088794990115,6654.718899506864
3,2022-07-21,6864.13,6872.885801332932,Latih,6876.070448685926,6734.914488715253
3,2022-07-22,6886.96,6862.393605149726,Latih,6864.8454775786795,6848.04075410191
3,2022-07-25,6858.41,6885.077903510374,Latih,6887.075390020055,6842.3743708944685
3,2022-07-26,6871.54,6856.7136578488735,Latih,6859.211872395316,6857.361371334234
3,2022-07-27,6898.22,6869.751464435499,Latih,6872.1468609118865,6835.553582447803
3,2022-07-28,6956.82,6896.270791613206,Latih,6897.955003615066,6850.026582217254
3,2022-07-29,6951.12,6954.517048938922,Latih,6954.654393792204,6880.031253641886
3,2022-08-01,6968.78,6948.8744309199365,Latih,6948.730225549987,6927.368415086914
3,2022-08-02,6988.16,6966.422690915519,Latih,6965.909318004899,6925.36720685904
3,2022-08-03,7046.63,6985.688949836548,Latih,6984.601714884695,6942.591901571801
3,2022-08-04,7057.35,7043.803265526359,Latih,7041.223756099406,6966.546852815204
3,2022-08-05,7084.65,7054.478677860564,Latih,7051.237868434851,7014.485946127832
3,2022-08-08,7086.85,7081.613231959412,Latih,7077.6639508778535,7027.7397020495555
3,2022-08-09,7102.88,7083.809807972381,Latih,7079.616821609208,7048.344882720177
3,2022-08-10,7086.24,7099.741138353419,Latih,7095.160958778333,7053.101148889726
3,2022-08-11,7160.38,7083.21043198354,Latih,7078.90287947602,7061.698273073501
3,2022-08-12,7129.28,7156.884040755112,Latih,7150.97511810549,7063.040109421677
3,2022-08-15,7093.28,7126.004810395316,Latih,7120.293587209656,7112.597701748086
3,2022-08-16,7133.45,7090.2166785801155,Latih,7085.559463922451,7082.5835242480725
3,2022-08-18,7186.56,7130.123810794429,Latih,7124.789512465671,7063.823015441365
3,2022-08-19,7172.43,7182.919163428031,Latih,7176.070125795088,7103.881527422142
3,2022-08-22,7107.98,7168.896805439672,Latih,7162.0004167897305,7140.372077496128
3,2022-08-23,7163.27,7104.841506515813,Latih,7099.53904457159,7117.343475362732
3,2022-08-24,7194.71,7159.764202236016,Latih,7153.634891093452,7080.510168495247
3,2022-08-25,7174.21,7191.02977384814,Latih,7183.781346529208,7127.511030103639
3,2022-08-26,7135.25,7170.668746858916,Latih,7163.673665416916,7146.742807081419
3,2022-08-29,7132.04,7131.942968710737,Latih,7125.995707879737,7123.9843658167865
3,2022-08-30,7159.47,7128.738300307468,Latih,7123.140477426722,7094.564811267923
3,2022-08-31,7178.59,7155.996836946089,Latih,7149.785737683254,7097.5491808582065
3,2022-09-01,7153.1,7175.008449630819,Latih,7168.160488157353,7121.55471159704
3,2022-09-02,7177.18,7149.683816412765,Latih,7143.291832677799,7130.707134071068
3,2022-09-05,7231.88,7173.60477895268,Latih,7166.8345251614655,7116.571689657642
3,2022-09-06,7233.15,7227.974239021628,Latih,7219.765877449004,7145.049694343883
3,2022-09-07,7186.76,7229.256841758578,Latih,7220.632992947785,7185.722738226139
3,2022-09-08,7232.02,7183.155245913349,Latih,7175.597915984474,7177.601993970953
3,2022-09-09,7242.66,7228.1169646722965,Latih,7219.837800774066,7152.156965411384
3,2022-09-12,7254.46,7238.707943327517,Latih,7229.862585024326,7187.6833662737245
3,2022-09-13,7318.02,7250.438619709106,Latih,7241.24463057527,7197.8510555345665
3,2022-09-14,7278.08,7313.608553263049,Latih,7302.857854605416,7218.983913068859
3,2022-09-15,7305.6,7273.940238772725,Latih,7263.666772003267,7258.15705967972
3,2022-09-16,7168.87,7301.274510134557,Latih,7290.644879418112,7234.014408287495
3,2022-09-19,7195.49,7165.403367576679,Latih,7157.749362654765,7227.651211818545
3,2022-09-20,7196.95,7191.807030030573,Latih,7184.500983339631,7131.801902139262
3,2022-09-21,7188.31,7193.267916520917,Latih,7185.740136137688,7151.760041924197
3,2022-09-22,7218.91,7184.682136851632,Latih,7177.3442986161335,7151.151742779691
3,2022-09-23,7178.58,7215.088978040902,Latih,7207.102798560347,7150.742264098603
3,2022-09-26,7127.5,7175.020646104894,Latih,7167.753475675067,7165.480806219061
3,2022-09-27,7112.45,7124.242688931301,Latih,7118.44420714803,7125.700481463149
3,2022-09-28,7077.03,7109.266943326069,Latih,7104.17800935812,7085.011698748539
3,2022-09-29,7036.2,7074.061193147965,Latih,7069.899549929567,7066.972216791577
3,2022-09-30,7040.8,7033.471327425304,Latih,7030.506283865633,7032.822268740597
3,2022-10-03,7009.72,7038.027517612043,Latih,7035.244075964156,7003.545933082162
3,2022-10-04,7072.26,7007.142099335252,Latih,7005.046682313143,7000.876026259122
3,2022-10-05,7075.38,7069.282282789417,Latih,7065.956411925024,6987.843017550167
3,2022-10-06,7076.62,7072.4063289118485,Latih,7068.566636737056,7036.948353856269
3,2022-10-07,7026.78,7073.639787032672,Latih,7069.749380842514,7039.496295938555
3,2022-10-10,6994.4,7024.109636772932,Latih,7021.365878505768,7030.679635221424
3,2022-10-11,6939.15,6991.912021373567,Latih,6990.270653970894,6987.522994625625
3,2022-10-12,6909.21,6936.992755911698,Latih,6936.860859115769,6952.803623691253
3,2022-10-13,6880.63,6907.217911795423,Latih,6908.170043892906,6906.125296046183
3,2022-10-14,6814.53,6878.804073118013,Latih,6880.630091550988,6878.417417985838
3,2022-10-17,6831.12,6813.103640233311,Latih,6816.663799983892,6844.387596236505
3,2022-10-18,6834.49,6829.565920796429,Latih,6833.208092867171,6793.805589767725
3,2022-10-19,6860.42,6832.921206686532,Latih,6836.3681454921125,6807.971704726251
3,2022-10-20,6980.65,6858.6915492880735,Latih,6861.513553317229,6814.2780889427995
3,2022-10-21,7017.77,6978.184979481752,Latih,6978.036783353741,6852.033395442405
3,2022-10-24,7053.04,7015.119579860032,Latih,7013.262173442304,6956.421627013735
3,2022-10-25,7048.38,7050.184577346508,Latih,7047.247469093268,6991.884310267028
3,2022-10-26,7043.94,7045.566732189719,Latih,7042.488691884939,7017.471481557549
3,2022-10-27,7091.76,7041.152550213997,Latih,7038.210330203238,7013.160521211684
3,2022-10-28,7056.04,7088.674093649457,Latih,7084.654593162009,7018.767581127942
3,2022-10-31,7098.89,7053.193698604768,Latih,7049.664747479026,7047.582692770426
3,2022-11-01,7052.3,7095.764325525235,Latih,7091.494169559549,7029.552403009
3,2022-11-02,7015.69,7049.479558368986,Latih,7045.987017305557,7052.121574725574
3,2022-11-03,7034.57,7013.079360851109,Latih,7010.764317615687,7010.540700644314
3,2022-11-04,7045.53,7031.828480303349,Latih,7029.33421167499,6987.1717182362645
3,2022-11-07,7102.4,7042.727554448907,Latih,7039.845913248721,7003.265010618626
3,2022-11-08,7050.13,7099.248660872649,Latih,7094.97128567047,7021.526540147723
3,2022-11-09,7070.08,7047.324369655912,Latih,7043.857297700111,7054.291829671329
3,2022-11-10,6966.84,7067.130950314469,Latih,7063.570387004084,7019.55855834371
3,2022-11-11,7089.21,6964.539277310424,Latih,6963.231160625868,7014.140947335422
3,2022-11-14,7019.39,7086.111040494511,Latih,7082.694906753966,6954.71313416367
3,2022-11-15,7035.5,7016.770229138196,Latih,7014.108931590975,7038.54093536264
3,2022-11-16,7014.38,7032.754067133727,Latih,7030.212133608522,6990.087796539721
3,2022-11-17,7044.99,7011.771199326575,Latih,7009.605114498793,6997.869191839753
3,2022-11-18,7082.18,7042.183286793295,Latih,7039.4567470777665,6987.989868478831
3,2022-11-21,7063.25,7079.153938514062,Latih,7075.349131842324,7018.122916761101
3,2022-11-22,7030.59,7060.355360565847,Latih,7056.72690952844,7041.910749405686
3,2022-11-23,7054.12,7027.890992136063,Latih,7025.153242425979,7021.542861899794
3,2022-11-24,7080.52,7051.262754622762,Latih,7048.210048905676,7002.001150992571
3,2022-11-25,7053.15,7077.507683553764,Latih,7073.676869694658,7024.5460642809285
3,2022-11-28,7017.36,7050.317438201969,Latih,7046.934799925153,7038.711551479761
3,2022-11-29,7012.07,7014.739336844743,Latih,7012.379588151038,7011.494985060751
3,2022-11-30,7081.31,7009.468756125032,Latih,7007.4843180490125,6984.0120243311485
3,2022-12-01,7020.8,7078.277003060051,Latih,7074.724735145637,6991.0139662898155
3,2022-12-02,7019.64,7018.168519018949,Latih,7015.530269220531,7032.977908304992
3,2022-12-05,6987.33,7016.993038989962,Latih,7014.808793971002,6988.032556138095
3,2022-12-06,6892.57,6984.883130587991,Latih,6983.456143121179,6980.865647899564
3,2022-12-07,6818.75,6890.699222539706,Latih,6891.697046574994,6938.482317568113
3,2022-12-08,6804.23,6817.301940133903,Latih,6820.679982312951,6854.035724669733
3,2022-12-09,6715.12,6802.844432576926,Latih,6807.080151439341,6793.640533807904
3,2022-12-12,6734.45,6714.282078967859,Latih,6720.686057396999,6768.512254854468
3,2022-12-13,6810.32,6733.458713982425,Latih,6740.0436105136805,6698.533168828207
3,2022-12-14,6801.75,6808.865029192301,Latih,6813.554640734228,6724.810046243689
3,2022-12-15,6751.86,6800.3766643756935,Latih,6804.72937074128,6786.337939795285
3,2022-12-16,6812.19,6750.793098491902,Latih,6756.3628627562775,6772.480592926768
3,2022-12-19,6779.7,6810.72994630638,Latih,6815.253313629064,6739.450018882029
3,2022-12-20,6768.32,6778.464218980102,Latih,6783.314918143778,6784.88835297945
3,2022-12-21,6820.66,6767.1426849797635,Latih,6772.486511803892,6756.496104751553
3,2022-12-22,6824.43,6819.153539774451,Latih,6823.364372448956,6754.201374026264
3,2022-12-23,6800.67,6822.919739224944,Latih,6826.673697361384,6797.9622333285515
3,2022-12-26,6835.81,6799.308643354507,Latih,6803.586803256305,6797.850424842865
3,2022-12-27,6923.03,6834.2216333148235,Latih,6837.85288685087,6782.9900076616095
3,2022-12-28,6850.52,6920.913386342572,Latih,6922.274638401317,6823.872274882232
3,2022-12-29,6860.08,6848.886167051233,Latih,6851.312682472505,6882.75084316079
3,2022-12-30,6850.62,6858.3596661892925,Latih,6861.0763635296025,6827.477588490879
3,2023-01-02,6850.98,6848.961946614422,Latih,6851.830494540967,6834.092247557675
3,2023-01-03,6888.76,6849.316137602367,Latih,6852.243156860509,6826.324304251109
3,2023-01-04,6813.24,6886.861839623792,Latih,6888.910421288652,6831.75290105406
3,2023-01-05,6653.84,6811.824714374575,Latih,6815.35734237853,6850.143973280229
3,2023-01-06,6684.56,6685.21280311884,Latih,6689.364323712157,6763.203851613131
3,2023-01-09,6688.27,6683.855440928206,Latih,6692.029455077516,6649.17721067385
3,2023-01-10,6622.5,6687.553909591601,Latih,6695.4250969480145,6667.009262891574
3,2023-01-11,6584.45,6628.390691526317,Latih,6634.1338463814645,6663.490064461095
3,2023-01-12,6629.93,6592.73798765533,Latih,6599.5116324698965,6639.864205027829
3,2023-01-13,6641.83,6629.5385277087325,Latih,6639.46882851989,6631.861042405524
3,2023-01-16,6688.06,6641.381696385676,Latih,6650.715093011792,6636.595667680585
3,2023-01-17,6767.34,6687.329205250756,Latih,6695.506885068285,6643.20944676281
3,2023-01-18,6765.79,6766.1344580695295,Latih,6772.147880288389,6680.640336020007
3,2023-01-19,6819.91,6764.623754363384,Latih,6770.113490476635,6745.939350209707
3,2023-01-20,6874.93,6818.407245596979,Latih,6822.653300074373,6752.008956921274
3,2023-01-24,6860.85,6873.106010465961,Latih,6875.694599988502,6804.201245477827
3,2023-01-25,6829.93,6859.13403019313,Latih,6861.660583605805,6847.752253682054
3,2023-01-26,6864.82,6828.400664282476,Latih,6831.743394978677,6831.918450253641
3,2023-01-27,6898.98,6863.062527944783,Latih,6865.814738547841,6811.107723122867
3,2023-01-30,6872.48,6897.023542747542,Latih,6898.737550914928,6844.577045144476
3,2023-01-31,6839.34,6870.700816454332,Latih,6872.788027760427,6869.204506381195
3,2023-02-01,6862.26,6837.756615417636,Latih,6840.799142459668,6842.8064040846
3,2023-02-02,6890.57,6860.521962038913,Latih,6863.267065505424,6818.535600034628
3,2023-02-03,6911.73,6888.664787887974,Latih,6890.591830791875,6841.31946556691
3,2023-02-06,6873.79,6909.704064387724,Latih,6910.940706147001,6867.586052207391
3,2023-02-07,6935.3,6872.007498259585,Latih,6873.974314224165,6878.94406353001
3,2023-02-08,6940.12,6933.121496392239,Latih,6933.930207819391,6856.92184986774
3,2023-02-09,6897.37,6937.934619654168,Latih,6938.197404346515,6908.402539179967
3,2023-02-10,6880.33,6895.451766991063,Latih,6896.67154891853,6904.52997930114
3,2023-02-13,6900.14,6878.501537784976,Latih,6880.418088133973,6868.940309229533
3,2023-02-14,6941.85,6898.182162944719,Latih,6899.7598127383435,6857.550551202336
3,2023-02-15,6914.54,6939.640668725421,Latih,6940.111533336689,6879.584602618856
3,2023-02-16,6895.66,6912.515844901846,Latih,6913.325385868596,6909.161545491264
3,2023-02-17,6895.71,6893.742780901237,Latih,6895.182771961733,6885.210046926183
3,2023-02-20,6894.72,6893.785423720523,Latih,6895.357513356848,6869.616182221214
3,2023-02-21,6873.4,6892.801544918461,Latih,6894.396278743788,6869.523049586455
3,2023-02-22,6809.97,6871.613534210961,Latih,6873.709444472831,6865.809357750456
3,2023-02-23,6839.45,6808.569242275986,Latih,6812.286117750439,6838.153897624648
3,2023-02-24,6856.58,6837.842483975924,Latih,6841.323770204819,6791.168999048501
3,2023-02-27,6854.78,6854.8771917009735,Latih,6857.753227903881,6817.855018845234
3,2023-02-28,6843.24,6853.094847406783,Latih,6855.89165136818,6831.765187208091
3,2023-03-01,6844.94,6841.6257674581175,Latih,6844.7028212833775,6828.710508531963
3,2023-03-02,6857.42,6843.310898679531,Latih,6846.43001240436,6819.405809491906
3,2023-03-03,6813.64,6855.7140850544365,Latih,6858.531874125639,6822.505552346144
3,2023-03-06,6807.0,6812.210495127174,Latih,6815.955059288177,6826.871755545174
3,2023-03-07,6766.76,6805.595297980638,Latih,6809.802879756721,6789.794272576302
3,2023-03-08,6776.37,6765.602588667896,Latih,6770.789901548055,6778.842354516415
3,2023-03-09,6799.79,6775.137854875949,Latih,6780.386419166355,6746.8970200445
3,2023-03-10,6765.3,6798.416081168087,Latih,6803.053924955161,6758.018623791959
3,2023-03-13,6786.96,6764.1489662540225,Latih,6769.421026693013,6772.686408426789
3,2023-03-14,6641.81,6785.661595983833,Latih,6790.674997008473,6747.128921201849
3,2023-03-15,6628.14,6671.813205167963,Latih,6676.348085155055,6741.432809088849
3,2023-03-16,6565.73,6627.781120047428,Latih,6637.348020860115,6640.446127055148
3,2023-03-17,6678.24,6589.933538477647,Latih,6596.815455024619,6642.744231988798
3,2023-03-20,6612.49,6677.541658115252,Latih,6686.484162231252,6631.861042405524
3,2023-03-21,6691.61,6621.831718107469,Latih,6627.7696578279965,6657.811260579688
3,2023-03-24,6762.25,6690.846184102314,Latih,6699.148675999212,6631.861042405524
3,2023-03-27,6708.93,6761.077360486116,Latih,6767.183735979822,6682.882413400874
3,2023-03-28,6760.33,6708.11475473376,Latih,6714.95859092923,6734.0109295241755
3,2023-03-29,6839.44,6759.175764269854,Latih,6765.204409661319,6696.9332559853965
3,2023-03-30,6808.95,6837.813988169766,Latih,6841.645810928381,6750.149812954391
3,2023-03-31,6805.28,6807.542855174574,Latih,6811.52312068108,6811.3778391516535
3,2023-04-03,6827.17,6803.884226831825,Latih,6808.1647856724585,6785.685316332309
3,2023-04-04,6833.18,6825.636974644994,Latih,6829.435974539553,6785.625813681214
3,2023-04-05,6819.67,6831.617887879645,Latih,6835.123028976953,6804.529877678187
3,2023-04-06,6792.77,6818.1939866605735,Latih,6821.969893966351,6807.661098197134
3,2023-04-10,6771.23,6791.45588522914,Latih,6795.950779165656,6792.844265474707
3,2023-04-11,6811.31,6770.0395269325645,Latih,6775.223633754281,6767.691145173338
3,2023-04-12,6798.96,6809.862651447686,Latih,6814.269703866872,6755.3360272550835
3,2023-04-13,6785.6,6797.604343042404,Latih,6802.014758459957,6786.777057701975
3,2023-04-14,6818.57,6784.322651814251,Latih,6789.129945879012,6774.757656700639
3,2023-04-17,6787.58,6817.082964100275,Latih,6821.220259210501,6768.196088168052
3,2023-04-18,6821.81,6786.297695914835,Latih,6790.920675249129,6791.230407398671
3,2023-04-26,6910.15,6820.303595535789,Latih,6824.351838449274,6770.272223999527
3,2023-04-27,6945.48,6908.1081423029755,Latih,6909.8667438287,6810.5546668315255
3,2023-04-28,6915.72,6943.2519012111925,Latih,6943.567978217652,6888.348935081405
3,2023-05-02,6863.3,6913.689867631541,Latih,6914.4464301640255,6912.074709196137
3,2023-05-03,6812.72,6861.584086602966,Latih,6863.765910263101,6879.844226092738
3,2023-05-04,6844.03,6811.298382710251,Latih,6815.022791301045,6831.226659069693
3,2023-05-05,6787.63,6842.395131804384,Latih,6845.750731574334,6794.0633748025
3,2023-05-08,6769.63,6786.35692952606,Latih,6790.799024388224,6812.085862407717
3,2023-05-09,6779.98,6768.44750592592,Latih,6773.704993371991,6763.2266079020765
3,2023-05-10,6811.9,6778.726532852678,Latih,6783.8711580735735,6749.758819554323
3,2023-05-11,6755.94,6810.452297161254,Latih,6814.783883897099,6762.646333743955
3,2023-05-12,6707.76,6754.851576130415,Latih,6760.255107385542,6781.421729423432
3,2023-05-15,6711.74,6706.949666369725,Latih,6713.865156850387,6728.638023974172
3,2023-05-16,6676.56,6710.886907917131,Latih,6718.050228957405,6689.367159840779
3,2023-05-17,6663.11,6675.926779929712,Latih,6683.877547037468,6687.877844804243
3,2023-05-19,6700.56,6662.547079719168,Latih,6671.05799904482,6659.6700121967615
3,2023-05-22,6729.65,6699.759609492438,Latih,6707.497274603713,6654.788323003139
3,2023-05-23,6736.68,6728.683054522297,Latih,6735.481994689576,6685.850237039194
3,2023-05-24,6745.8,6735.68031070324,Latih,6742.110946499431,6710.842247298826
3,2023-05-25,6704.23,6744.746326539242,Latih,6750.91593761223,6717.889825145324
3,2023-05-26,6687.0,6703.437776855695,Latih,6710.506687321831,6719.779852647205
3,2023-05-29,6681.1,6686.299163691119,Latih,6694.060930290686,6683.090213069931
3,2023-05-30,6636.42,6680.429341502502,Latih,6688.4494984765515,6668.05163544522
3,2023-05-31,6633.26,6636.024451198065,Latih,6645.1220511937245,6660.562955522996
3,2023-06-05,6633.44,6632.867318776705,Latih,6642.353574888567,6638.793095653141
3,2023-06-06,6618.92,6633.045019610384,Latih,6642.54940228344,6638.066884180913
3,2023-06-07,6619.75,6618.615211949951,Latih,6628.454936005109,6639.357339519048
3,2023-06-08,6666.33,6619.434623316905,Latih,6629.357598396622,6636.020185795137
3,2023-06-09,6694.02,6665.725819405032,Latih,6674.563095302149,6632.196972312339
3,2023-06-12,6722.37,6693.261388639079,Latih,6701.127957477736,6656.087365197104
3,2023-06-13,6719.01,6721.445792357942,Latih,6728.459672960809,6679.457457394615
3,2023-06-14,6699.72,6718.11726472484,Latih,6725.0089115470855,6702.426881966758
3,2023-06-15,6713.79,6698.945741467792,Latih,6706.3083089512775,6697.0305923681135
3,2023-06-16,6698.55,6712.9211968389345,Latih,6720.093732494732,6683.002091302738
3,2023-06-19,6686.06,6697.781045453566,Latih,6705.207565955985,6692.558376250581
3,2023-06-20,6660.46,6685.362860105947,Latih,6693.18651708545,6678.269119501873
3,2023-06-21,6702.63,6659.917091686738,Latih,6668.422372385127,6664.471656424267
3,2023-06-22,6652.26,6701.815735483635,Latih,6709.524153719116,6653.541267158922
3,2023-06-23,6639.73,6651.7741852723175,Latih,6660.352599975181,6677.049842024162
3,2023-06-26,6664.67,6639.303088750402,Latih,6648.527541044439,6645.958619457345
3,2023-06-27,6661.88,6664.0836000427735,Latih,6672.818326909705,6640.876310596178
3,2023-07-03,6696.72,6661.320269125116,Latih,6669.943613486154,6653.509604529303
3,2023-07-04,6681.75,6695.94296506645,Latih,6703.778336490262,6653.95154735462
3,2023-07-05,6718.98,6681.078938266948,Latih,6689.015423841642,6676.171606210783
3,2023-07-06,6757.33,6718.072234176715,Latih,6725.251316469333,6668.858261813386
3,2023-07-07,6716.46,6756.198143096293,Latih,6762.225376028445,6704.830181489307
3,2023-07-10,6731.04,6715.596192999502,Latih,6722.300184512904,6730.968189492248
3,2023-07-11,6796.92,6730.07039223837,Latih,6736.724869205826,6699.177283905315
3,2023-07-12,6808.21,6795.546927901835,Latih,6800.57126988116,6720.172404236516
3,2023-07-13,6810.21,6806.79156133953,Latih,6811.089114531907,6776.142808467774
3,2023-07-14,6869.57,6808.783353171977,Latih,6812.954816345606,6785.743406524091
3,2023-07-17,6867.14,6867.775680475275,Latih,6870.55692496423,6795.458122324974
3,2023-07-18,6830.2,6865.38297439758,Latih,6867.801553142707,6844.177565778531
3,2023-07-20,6864.19,6828.671363230978,Latih,6831.963424751794,6837.15257607106
3,2023-07-21,6880.8,6862.43653942887,Latih,6865.201417325775,6811.245269756052
3,2023-07-24,6899.4,6878.9561479041395,Latih,6881.09606860463,6841.587294756807
3,2023-07-25,6917.71,6897.446944241866,Latih,6899.038382328793,6857.838423862496
3,2023-07-26,6948.28,6915.650249059247,Latih,6916.6859628761285,6875.694510308545
3,2023-07-27,6896.66,6946.0373606581,Latih,6946.23514980202,6894.976104502126
3,2023-07-28,6900.23,6894.749214212342,Latih,6895.927833039805,6910.421817919062
3,2023-07-31,6931.36,6898.277716938302,Latih,6899.738020508929,6871.056352641623
3,2023-08-01,6886.5,6929.215867029477,Latih,6929.929226242948,6878.234246674818
3,2023-08-02,6854.51,6884.645915160221,Latih,6886.179532095236,6895.933303517147
3,2023-08-03,6898.08,6852.837690131702,Latih,6855.429575392643,6856.451568176189
3,2023-08-04,6852.84,6896.125263463899,Latih,6897.932942345782,6835.935574222243
3,2023-08-07,6886.37,6851.182422335782,Latih,6853.731216377654,6864.765034657757
3,2023-08-08,6868.81,6884.4873385772535,Latih,6886.578249181552,6832.965239545142
3,2023-08-09,6875.11,6867.048891688327,Latih,6869.310194209855,6858.286330404917
3,2023-08-10,6893.28,6873.303216690164,Latih,6875.542368262451,6844.632018957771
3,2023-08-11,6879.98,6891.362809377356,Latih,6893.1363201958375,6852.305574110188
3,2023-08-14,6910.17,6878.1521446747,Latih,6880.105688005728,6865.513189694325
3,2023-08-15,6915.1,6908.14979864274,Latih,6909.497352088139,6858.623571881095
3,2023-08-16,6900.54,6913.060471277283,Latih,6914.080670461701,6884.239351077718
3,2023-08-18,6859.91,6898.592740205273,Latih,6899.915631662651,6886.335530379457
3,2023-08-21,6866.03,6858.209429842273,Latih,6860.577025532166,6867.963739343922
3,2023-08-22,6916.45,6864.276234055201,Latih,6866.788752554695,6836.044714729225
3,2023-08-23,6921.41,6914.385582313584,Latih,6915.6860313618645,6847.949549586214
3,2023-08-24,6899.39,6919.33365148996,Latih,6920.163213506984,6890.285528900667
3,2023-08-25,6895.44,6897.452212939306,Latih,6898.757235665365,6891.097177346392
3,2023-08-28,6921.73,6893.51849133019,Latih,6895.070537496253,6872.661623861831
3,2023-08-29,6957.83,6919.6438320392845,Latih,6920.61425884788,6872.968329312842
3,2023-08-30,6966.66,6955.529580487065,Latih,6955.47761095231,6899.59484645848
3,2023-08-31,6953.26,6964.318305897766,Latih,6963.806771426254,6930.6237975055465
3,2023-09-01,6977.65,6951.004823125056,Latih,6950.741567612938,6935.058381671359
3,2023-09-04,6996.75,6975.238365153129,Latih,6974.50428986972,6928.3401870948555
3,2023-09-05,6991.71,6994.228947888074,Latih,6992.879981983361,6951.087866764716
3,2023-09-06,6995.95,6989.22745187765,Latih,6987.860460301694,6964.804550621563
3,2023-09-07,6954.81,6993.439181351719,Latih,6992.009503486213,6961.907888028674
3,2023-09-08,6924.78,6952.556107011489,Latih,6952.050222377233,6957.007281969241
3,2023-09-11,6963.39,6922.697120676088,Latih,6923.177805242586,6920.739138187218
3,2023-09-12,6933.97,6961.0561974824,Latih,6960.853744980745,6902.870227507397
3,2023-09-13,6935.48,6931.833311078001,Latih,6932.040337257434,6928.874724475194
3,2023-09-14,6959.33,6933.3229175743945,Latih,6933.702600089957,6906.673375099943
3,2023-09-15,6982.79,6957.02544216042,Latih,6956.841643089704,6911.160287520335
3,2023-09-18,6936.08,6980.348777470644,Latih,6979.452740185912,6934.053966159274
3,2023-09-19,6980.32,6933.9374718958625,Latih,6933.958636365582,6943.623938510468
3,2023-09-20,7011.68,6977.885358747299,Latih,6977.210741275007,6914.506874454664
3,2023-09-21,6991.47,7009.067258960067,Latih,7007.353340472638,6955.32183686798
3,2023-09-22,7016.84,6988.994463350829,Latih,6987.527657983359,6975.791466284449
3,2023-09-25,6998.38,7014.199463506997,Latih,7012.28717295593,6965.235956051999
3,2023-09-26,6923.8,6995.863544454036,Latih,6994.20011578208,6980.954296536501
3,2023-09-27,6937.83,6921.739518101263,Latih,6921.935334286141,6952.747349518589
3,2023-09-29,6939.89,6935.654529181768,Latih,6936.0515423489105,6898.588996067091
3,2023-10-02,6961.46,6937.706989504744,Latih,6937.957196583201,6910.46186001961
3,2023-10-03,6940.89,6959.143862091355,Latih,6958.879530419759,6915.0936055696475
3,2023-10-04,6886.58,6938.709611417701,Latih,6938.769876348426,6928.799707191634
3,2023-10-05,6874.83,6884.72900363986,Latih,6886.193522168441,6902.991923208281
3,2023-10-06,6888.52,6873.031598522108,Latih,6875.15185689215,6859.277473283449
3,2023-10-09,6891.46,6886.632236515326,Latih,6888.518026639266,6851.427697016635
3,2023-10-10,6922.19,6889.559121253534,Latih,6891.280124457522,6863.1391370475685
3,2023-10-11,6931.75,6920.099495897936,Latih,6921.087365458059,6869.742092880051
3,2023-10-12,6935.15,6929.611647097218,Latih,6930.160959250379,6896.432865714475
3,2023-10-13,6926.78,6932.9940835941325,Latih,6933.397150158335,6904.794131612823
3,2023-10-16,6896.29,6924.677343794156,Latih,6925.25044355576,6906.466797320292
3,2023-10-17,6939.62,6894.373500034852,Latih,6895.712466624423,6894.460399912639
3,2023-10-18,6927.91,6937.423107602645,Latih,6937.9728457356,6876.100446631353
3,2023-10-19,6846.43,6925.802020127821,Latih,6926.317321157503,6910.124484023498
3,2023-10-20,6849.17,6844.823351144828,Latih,6847.310221176781,6885.558588076872
3,2023-10-23,6741.96,6847.515857316889,Latih,6850.51435150031,6822.6162174123865
3,2023-10-24,6806.76,6740.9723025125495,Latih,6746.436849768036,6806.965787074896
3,2023-10-25,6834.39,6805.329934989543,Latih,6810.049096077117,6730.532109494082
3,2023-10-26,6714.52,6832.812738779223,Latih,6836.433925740159,6787.829317470819
3,2023-10-27,6758.79,6713.697085402031,Latih,6719.902075217833,6790.684278883964
3,2023-10-30,6735.89,6757.647438452269,Latih,6763.672317285564,6701.3431557431995
3,2023-10-31,6752.21,6734.90613726931,Latih,6741.149386796527,6734.813520294301
3,2023-11-01,6642.42,6751.11626021492,Latih,6757.1428093374025,6718.107635339518
3,2023-11-02,6751.39,6658.49929641546,Latih,6663.393344628079,6715.870602456202
3,2023-11-03,6788.85,6750.266352057779,Latih,6756.971722400512,6648.802449345897
3,2023-11-06,6878.84,6787.534673973947,Latih,6792.602398632199,6735.891697570555
3,2023-11-07,6843.79,6876.980117324036,Latih,6879.697285484117,6779.067227007179
3,2023-11-08,6804.11,6842.18133478824,Latih,6845.0758002221955,6848.6660924381395
3,2023-11-09,6838.23,6802.734529790314,Latih,6806.796269537243,6814.314902564916
3,2023-11-10,6809.26,6836.627858645952,Latih,6840.17878136102,6786.161135761171
3,2023-11-13,6838.31,6807.850502265128,Latih,6811.832112970981,6810.4201020568935
3,2023-11-14,6862.06,6836.709332886374,Latih,6840.222007100023,6790.427480328709
3,2023-11-15,6958.21,6860.322782855669,Latih,6863.079813756386,6817.65731938127
3,2023-11-16,6958.01,6955.884892474465,Latih,6956.245271379404,6850.340820784607
3,2023-11-17,6977.67,6955.722123353533,Latih,6955.408467705898,6929.741167374302
3,2023-11-20,6994.89,6975.260067702587,Latih,6974.492003715689,6932.267855306913
3,2023-11-21,6961.79,6992.380509465989,Latih,6991.074455420431,6950.851784279398
3,2023-11-22,6906.95,6959.492448082023,Latih,6958.8321794027615,6957.586973207645
3,2023-11-23,7004.34,6904.980396882341,Latih,6905.825092392013,6922.415615292835
3,2023-11-24,7009.63,7001.745383756815,Latih,7000.719534735142,6893.698882562561
3,2023-11-27,7013.41,7007.039012225329,Latih,7005.203084157168,6973.913343796785
3,2023-11-28,7041.07,7010.797544039548,Latih,7008.836602112114,6978.561007539089
3,2023-11-29,7036.09,7038.2872756058605,Latih,7035.658397362891,6986.6559688068
3,2023-11-30,7080.74,7033.348555564942,Latih,7030.639907000723,7006.225166620671
3,2023-12-01,7059.91,7077.719597290823,Latih,7074.010927532383,7010.78440592593
3,2023-12-04,7093.6,7057.0355430985155,Latih,7053.494709378546,7040.194319879476
3,2023-12-05,7100.85,7090.508631678294,Latih,7086.333760666321,7031.379407921496
3,2023-12-06,7087.4,7097.726253932189,Latih,7093.145491437386,7057.69321105904
3,2023-12-11,7088.79,7156.126962562878,Uji,7149.894698830325,7099.481290679645
3,2023-12-12,7125.31,7085.7658623421885,Uji,7080.998744897911,7104.114157229138
3,2023-12-13,7075.34,7122.032616084888,Uji,7116.918795929028,7058.915145305461
3,2023-12-14,7176.02,7072.386464801498,Uji,7068.173210768171,7076.146207295128
3,2023-12-15,7190.99,7172.422797126851,Uji,7166.2283783359135,7056.157486645048
3,2023-12-18,7119.52,7187.337650041663,Uji,7180.085456164561,7136.2071609593195
3,2023-12-19,7187.85,7116.316864061429,Uji,7110.615774710847,7133.313412965016
3,2023-12-20,7219.67,7184.195981807791,Uji,7177.415325141631,7093.838717500637
3,2023-12-21,7209.62,7215.844038434116,Uji,7207.843465320553,7150.550707711655
3,2023-12-22,7237.52,7205.8683091200255,Uji,7197.876165922368,7172.104119401655
3,2023-12-26,7237.52,7233.5913879329855,Uji,7225.023320055096,7170.125241482934
3,2023-12-27,7245.92,7233.601835647911,Uji,7224.836830585687,7190.744277706825
3,2023-12-28,7303.89,7241.949694392772,Uji,7232.989949305147,7192.384658629978
3,2023-12-29,7272.8,7299.563013005951,Uji,7289.200135319926,7209.9132787151
3,2024-01-02,7323.59,7268.6877734042155,Uji,7258.636399046871,7246.683450893254
3,2024-01-03,7279.09,7319.150864250761,Uji,7308.141528598765,7233.625555996388
3,2024-01-04,7359.76,7274.946089164114,Uji,7264.609801585171,7262.470755264256
3,2024-01-05,7350.62,7355.09880574833,Uji,7343.206436405286,7245.337489267083
3,2024-01-08,7283.58,7346.045703826055,Uji,7333.7958701766565,7303.170254733661
3,2024-01-09,7200.2,7279.418249231672,Uji,7268.7871836359245,7283.323587134576
3,2024-01-10,7227.3,7196.530742375935,Uji,7188.30579001137,7217.495988071648
3,2024-01-11,7219.96,7223.431321468441,Uji,7215.166640883175,7161.167783234199
3,2024-01-12,7241.14,7216.147022166935,Uji,7207.861221951928,7179.762159921609
3,2024-01-15,7224.0,7237.192800463527,Uji,7228.467837501853,7178.473817667447
3,2024-01-16,7242.79,7220.167105574099,Uji,7211.689928332057,7190.779342569792
3,2024-01-17,7200.63,7238.834078186244,Uji,7230.042393336981,7181.781662860595
3,2024-01-18,7252.97,7196.9428217757595,Uji,7188.99578759619,7187.43486311444
3,2024-01-19,7227.4,7248.942175116034,Uji,7240.079374061317,7166.498584044656
3,2024-01-22,7247.93,7223.550416450588,Uji,7214.910963327376,7200.186052560295
3,2024-01-23,7256.23,7243.94345918426,Uji,7235.008600284546,7185.29819331237
3,2024-01-24,7227.82,7252.199620173666,Uji,7242.927385277839,7202.091392914737
3,2024-01-25,7178.04,7223.969132167189,Uji,7215.29685617992,7202.677272070136
3,2024-01-26,7137.09,7174.487409083925,Uji,7167.169748838624,7171.960093391619
3,2024-01-29,7157.17,7133.772933061795,Uji,7127.755990904645,7127.174192187265
3,2024-01-30,7192.22,7153.71295749553,Uji,7147.519570024091,7100.832139863443
3,2024-01-31,7207.94,7188.552947971308,Uji,7181.405276083432,7122.516663649752
3,2024-02-01,7201.7,7204.188513856019,Uji,7196.429000465358,7151.489612015564
3,2024-02-02,7238.79,7197.9931085855615,Uji,7190.267270018541,7161.888585884055
3,2024-02-05,7198.62,7234.850539361328,Uji,7226.308927070587,7164.520154525718
3,2024-02-06,7247.41,7194.943810706819,Uji,7187.071614450895,7184.086258381091
3,2024-02-07,7235.15,7243.415872000546,Uji,7234.6962001563015,7163.927325173696
3,2024-02-12,7297.67,7231.250247830241,Uji,7222.4704007352275,7197.590445581163
3,2024-02-13,7209.74,7293.377651890613,Uji,7283.234983337617,7200.739153691615
3,2024-02-15,7303.28,7206.016863967861,Uji,7197.471260919059,7229.772008268325
3,2024-02-16,7335.54,7298.943279666999,Uji,7288.849890250064,7183.055925361597
3,2024-02-19,7296.7,7331.038121836287,Uji,7319.536488063436,7258.484795080516
3,2024-02-20,7352.6,7292.4512131006495,Uji,7281.62240320096,7274.7410807837
3,2024-02-21,7349.02,7347.9896962417215,Uji,7336.139117758377,7256.9535546643465
3,2024-02-22,7339.64,7344.452898119792,Uji,7332.290681787832,7297.566288775899
3,2024-02-23,7295.1,7335.129859528644,Uji,7323.2103171588005,7293.088837590911
3,2024-02-26,7283.82,7290.8626671923175,Uji,7280.042018168664,7277.4586973435635
3,2024-02-27,7285.32,7279.636081845856,Uji,7269.391267822479,7242.339398643465
3,2024-02-28,7328.64,7281.122527123785,Uji,7270.922553078626,7234.296093030661
3,2024-02-29,7316.11,7324.174197330576,Uji,7312.959404898385,7243.8643614626835
3,2024-03-01,7311.91,7311.738188091616,Uji,7300.508150066831,7273.432336339449
3,2024-03-04,7276.75,7307.559640201429,Uji,7296.515329366424,7263.352040196154
3,2024-03-05,7247.46,7272.616203895902,Uji,7262.416678250525,7253.381871039363
3,2024-03-06,7329.8,7243.494880042166,Uji,7234.222510626405,7221.677585080353
3,2024-03-07,7373.96,7325.312863737447,Uji,7314.338413588504,7216.111150184361
3,2024-03-08,7381.91,7369.22958680402,Uji,7356.650179314719,7285.586840195156
3,2024-03-13,7421.21,7377.146712718119,Uji,7364.0712853897685,7319.775036747556
3,2024-03-14,7433.31,7416.205741584415,Uji,7402.1631159259005,7333.32496072541
3,2024-03-15,7328.05,7428.245455095883,Uji,7413.644840748423,7364.731867948877
3,2024-03-18,7302.45,7323.643291988474,Uji,7311.397538777093,7353.1184032703495
3,2024-03-19,7336.75,7298.162750166156,Uji,7287.253452505565,7270.32860272715
3,2024-03-20,7331.13,7332.2402816523145,Uji,7320.71658661018,7258.10773570368
3,2024-03-21,7338.35,7326.668017559153,Uji,7315.032491611342,7282.359034363127
3,2024-03-22,7350.15,7333.8410688747,Uji,7322.077838668924,7279.615679655766
3,2024-03-25,7377.76,7345.570579416856,Uji,7333.482707768781,7287.255784184433
3,2024-03-26,7365.66,7373.013632565845,Uji,7360.202402389155,7301.368270529011
3,2024-03-27,7310.09,7360.999029442179,Uji,7348.273443623886,7319.409949644904
3,2024-03-28,7288.81,7305.769359231094,Uji,7294.417535825469,7299.6156103004005
3,2024-04-01,7205.06,7284.600674554205,Uji,7274.134395878409,7254.391981228682
3,2024-04-02,7236.98,7201.362519068803,Uji,7192.987935696924,7222.310187493054
3,2024-04-03,7166.84,7233.0530391545,Uji,7224.529676734893,7166.649874131163
3,2024-04-04,7254.4,7163.360368489107,Uji,7156.2376724690985,7176.542380445681
3,2024-04-05,7286.88,7250.350643671843,Uji,7241.693254557342,7141.805925479608
3,2024-04-16,7164.81,7282.661883576012,Uji,7272.633332767581,7212.858458164421
3,2024-04-17,7130.84,7161.361671300014,Uji,7153.933794388254,7213.023648644176
3,2024-04-18,7166.81,7127.556766881422,Uji,7121.7781492085005,7116.176245889737
3,2024-04-19,7087.32,7163.290776842912,Uji,7156.918029458602,7098.095780192684
3,2024-04-22,7073.82,7084.307666250536,Uji,7079.523778654406,7109.155515980197
3,2024-04-23,7110.81,7070.861681342192,Uji,7066.9519042814445,7047.773531717722
3,2024-04-24,7174.53,7107.617011487557,Uji,7102.945044477057,7045.020177695219
3,2024-04-25,7155.29,7170.955363999686,Uji,7164.545085553606,7084.800592131088
3,2024-04-26,7036.08,7151.858645036299,Uji,7145.444555192071,7128.134350640848
3,2024-04-29,7155.78,7033.38133358902,Uji,7029.866641576352,7090.6353494567375
3,2024-04-30,7234.2,7152.293772184927,Uji,7146.8456251514735,7020.967789179147
3,2024-05-01,7234.2,7230.271839505523,Uji,7222.160780685632,7129.687472966389
3,2024-05-02,7117.42,7230.301254531234,Uji,7221.636601340262,7187.642382533633
3,2024-05-03,7134.72,7114.246064187361,Uji,7108.288669521285,7164.836948971828
3,2024-05-06,7135.89,7131.394934496955,Uji,7125.860874065235,7081.9112832946275
3,2024-05-07,7123.61,7132.56418176897,Uji,7126.880849049762,7094.924965972971
3,2024-05-08,7088.79,7120.360802337005,Uji,7114.953908083512,7093.391573237847
3,2024-05-13,7099.26,7085.752410348723,Uji,7081.239311381051,7077.516427349517
3,2024-05-14,7083.76,7096.144344340633,Uji,7091.634384171437,7053.827915256685
3,2024-05-15,7179.83,7080.744412541459,Uji,7076.519903673598,7058.53871368832
3,2024-05-16,7246.7,7176.212313366018,Uji,7169.870102006874,7063.632445533938
3,2024-05-17,7317.24,7242.703275066705,Uji,7234.1326961500345,7149.902231946666
3,2024-05-20,7266.69,7312.830489961008,Uji,7302.152611428001,7213.096692968693
3,2024-05-21,7186.04,7262.620655311439,Uji,7252.616721651049,7255.356354640218
3,2024-05-22,7222.38,7182.452289574825,Uji,7174.6747953528975,7202.248512198414
3,2024-05-27,7176.42,7218.536544606177,Uji,7210.485885236945,7149.74233258434
3,2024-05-28,7253.63,7172.875411866984,Uji,7165.633755384763,7167.623439738235
3,2024-05-29,7140.23,7249.58899180183,Uji,7240.881830311508,7148.735495713431
3,2024-05-30,7034.14,7136.921730852203,Uji,7130.298462509588,7183.650772512638
3,2024-05-31,6970.74,7031.4477440483,Uji,7028.08434212214,7079.126720647284
3,2024-06-03,7036.19,6968.4016136742175,Uji,6967.256804190331,6988.3418174678645
3,2024-06-04,7099.31,7033.421644729438,Uji,7031.207043045225,6950.7347070962705
3,2024-06-05,6947.67,7096.174297446083,Uji,7092.034536137055,7013.389160260618
3,2024-06-06,6974.9,6945.499191239527,Uji,6944.42912999933,7031.999230940404
3,2024-06-07,6897.95,6972.503395521695,Uji,6971.872541868144,6923.347614240098
3,2024-06-10,6921.55,6896.04118850474,Uji,6897.002019557997,6930.3467761201155
3,2024-06-11,6855.69,6919.465862165736,Uji,6920.422792140888,6875.017919877213
3,2024-06-12,6850.1,6854.023505775669,Uji,6856.340634070078,6882.666678521675
3,2024-06-13,6831.56,6848.443551626243,Uji,6851.355145931878,6830.394160034096
3,2024-06-14,6734.83,6830.016517737543,Uji,6833.3973624152295,6823.25707038108
3,2024-06-19,6726.92,6733.879963157795,Uji,6739.634109412604,6792.55908321324
3,2024-06-20,6819.32,6725.982835873982,Uji,6732.6031671980245,6713.796955243518
3,2024-06-21,6879.98,6817.806367468867,Uji,6822.340496386323,6719.810321412405
3,2024-06-24,6889.17,6878.124433568161,Uji,6880.60009360556,6804.399617541464
3,2024-06-25,6882.7,6887.280129360599,Uji,6889.114532869501,6855.7714802265555
3,2024-06-26,6905.64,6880.853730942351,Uji,6882.773263149899,6862.486446324626
3,2024-06-27,6967.95,6903.648918569133,Uji,6905.08231815283,6860.255881608167
3,2024-06-28,7063.58,6965.580730644518,Uji,6965.407693168574,6887.674048569245
3,2024-07-01,7139.63,7060.640497987336,Uji,7057.810691801971,6952.149318729094
3,2024-07-02,7125.14,7136.254332616405,Uji,7130.986487135367,7041.497728366319
3,2024-07-03,7196.75,7121.882671197727,Uji,7116.413942614271,7096.454323110055
3,2024-07-04,7220.89,7193.042819830263,Uji,7186.016260723554,7099.730107718778
3,2024-07-05,7253.37,7217.0598296035205,Uji,7208.96814165422,7157.366384400804
3,2024-07-08,7250.98,7249.3472594792565,Uji,7240.33218185851,7181.5494366134035
3,2024-07-09,7269.8,7246.984237467142,Uji,7237.795315250844,7205.086434419836
3,2024-07-10,7287.04,7265.686543982122,Uji,7256.078188609573,7206.995451652493
3,2024-07-11,7300.41,7282.826535976029,Uji,7272.685750702118,7224.270725860683
3,2024-07-12,7327.58,7296.120064958432,Uji,7285.547560374237,7239.622634043188
3,2024-07-15,7278.86,7323.126376719576,Uji,7311.8297064871595,7254.809351745936
3,2024-07-16,7224.29,7274.719019514417,Uji,7264.359953226541,7265.374547413681
3,2024-07-17,7224.22,7220.469461547224,Uji,7211.719343357769,7218.712227640835
3,2024-07-18,7321.07,7220.37946771094,Uji,7212.0161840135725,7178.36956471809
3,2024-07-19,7294.5,7316.628301596145,Uji,7306.02032858918,7197.231277355636
3,2024-07-22,7321.98,7290.259479805328,Uji,7279.583798431253,7263.617717067096
3,2024-07-23,7313.86,7317.558955344062,Uji,7306.433753188351,7249.3480665988645
3,2024-07-24,7262.76,7309.499686699013,Uji,7298.368789866068,7268.070999503825
3,2024-07-25,7240.28,7258.7138376892535,Uji,7248.824784053059,7252.090883226487
3,2024-07-26,7288.17,7236.354203190893,Uji,7227.346972566335,7209.936460983839
3,2024-07-29,7288.9,7283.938477755881,Uji,7273.979787633513,7202.675209431137
3,2024-07-30,7241.86,7284.681924594737,Uji,7274.368326044773,7238.209995369405
3,2024-07-31,7255.76,7237.934184663385,Uji,7228.705848106234,7229.563323009699
3,2024-08-01,7325.98,7251.7302801216565,Uji,7242.511763519735,7197.513679538453
3,2024-08-02,7308.12,7321.519580940109,Uji,7310.575128736596,7221.499166807023
3,2024-08-05,7059.65,7303.796803749302,Uji,7292.7706531054755,7269.906120452379
3,2024-08-06,7129.21,7056.86228142268,Uji,7051.722364399498,7208.18451819488
3,2024-08-07,7212.13,7125.897553167418,Uji,7120.898971755579,7036.835177751246
3,2024-08-08,7195.12,7208.328858084765,Uji,7200.917033885206,7105.574954039526
4,2022-01-05,6662.3,6692.944797338261,Latih,6701.985002102867,6840.167199482949
4,2022-01-06,6653.35,6663.930406516503,Latih,6673.303202172083,6840.167199482949
4,2022-01-07,6701.32,6653.524525494138,Latih,6663.336567623477,6840.167199482949
4,2022-01-10,6691.12,6697.759113993659,Latih,6706.795000823156,6840.167199482949
4,2022-01-11,6647.97,6691.208147107675,Latih,6700.018609282985,6840.167199482949
4,2022-01-12,6647.06,6650.2872247497835,Latih,6659.9505696047945,6840.167199482949
4,2022-01-13,6658.36,6646.7635763895605,Latih,6656.808799942742,6840.167199482949
4,2022-01-14,6693.4,6657.257903977941,Latih,6667.1101326380785,6840.167199482949
4,2022-01-17,6645.05,6690.674739914252,Latih,6699.808827447609,6840.167199482949
4,2022-01-18,6614.06,6647.702145518074,Latih,6657.398023557822,6840.167199482949
4,2022-01-19,6591.98,6615.770782682901,Latih,6626.426897094405,6840.167199482949
4,2022-01-20,6626.87,6593.234416024464,Latih,6604.545376322348,6840.167199482949
4,2022-01-21,6726.37,6624.442657240337,Latih,6635.321028958418,6840.167199482949
4,2022-01-24,6655.17,6719.507143991905,Latih,6728.322518787999,6840.167199482949
4,2022-01-25,6568.17,6659.194245779376,Latih,6668.430942447346,6840.167199482949
4,2022-01-26,6600.82,6575.971704952587,Latih,6585.5381330107175,6840.167199482949
4,2022-01-27,6611.16,6598.644465517479,Latih,6610.187349996125,6840.167199482949
4,2022-01-28,6645.51,6610.32215618879,Latih,6621.4046537643735,6840.167199482949
4,2022-01-31,6631.15,6643.035246270009,Latih,6653.419990095059,6840.167199482949
4,2022-02-02,6707.65,6631.756082263745,Latih,6642.104757109889,6840.167199482949
4,2022-02-03,6683.85,6702.293669823423,Latih,6711.405262724774,6840.167199482949
4,2022-02-04,6731.39,6684.812457822277,Latih,6693.69841922225,6840.167199482949
4,2022-02-07,6804.94,6727.725312164146,Latih,6735.968573486229,6840.167199482949
4,2022-02-08,6789.52,6799.344432581094,Latih,6805.8783992135795,6845.103038862976
4,2022-02-09,6834.61,6789.504737567927,Latih,6795.68923587146,6855.477408008609
4,2022-02-10,6823.64,6830.649358698756,Latih,6836.163646248014,6866.9150751388415
4,2022-02-11,6815.61,6823.200972347289,Latih,6828.527959765226,6872.7818561572185
4,2022-02-14,6734.49,6815.023604783444,Latih,6820.586191151768,6867.875052951609
4,2022-02-15,6807.5,6738.784888485392,Latih,6745.856360471269,6840.167199482949
4,2022-02-16,6850.2,6801.926790479449,Latih,6808.3890069926065,6846.584219884905
4,2022-02-17,6835.12,6846.319869174989,Latih,6851.404845379624,6875.747295053041
4,2022-02-18,6892.82,6834.885873582394,Latih,6839.876811882885,6879.777324728406
4,2022-02-21,6902.96,6887.825412797965,Latih,6891.9193065435065,6895.387125554123
4,2022-02-22,6861.99,6900.868731247225,Latih,6904.293448474446,6910.757733459513
4,2022-02-23,6920.06,6863.243718492423,Latih,6867.3101791292775,6899.555199873485
4,2022-02-24,6817.82,6914.924282280843,Latih,6918.306621689837,6909.86823882703
4,2022-02-25,6888.17,6823.062177882224,Latih,6827.768313456804,6888.768222293891
4,2022-03-01,6921.44,6882.411652983464,Latih,6886.734759272374,6890.255117469467
4,2022-03-02,6868.4,6917.835165230076,Latih,6920.971097922962,6915.794824539464
4,2022-03-04,6928.33,6870.373870440757,Latih,6874.1698783755655,6905.506503825227
4,2022-03-07,6869.07,6923.043189657372,Latih,6926.224266749662,6913.8989924675625
4,2022-03-08,6814.18,6871.426438227331,Latih,6875.152143973148,6907.166038837472
4,2022-03-09,6864.44,6816.50372571352,Latih,6821.7066565287405,6876.9155421311025
4,2022-03-10,6924.01,6860.029571705494,Latih,6864.80502694491,6881.776089133657
4,2022-03-11,6922.6,6918.764193531912,Latih,6922.055597744625,6911.665456500689
4,2022-03-14,6952.2,6921.139264689129,Latih,6923.9507834190545,6923.671048449319
4,2022-03-15,6918.19,6948.689164471671,Latih,6950.986926491305,6933.002468202752
4,2022-03-16,6992.4,6918.768614890616,Latih,6921.419568488639,6928.1351728105965
4,2022-03-17,6964.38,6985.9503071618565,Latih,6987.571394452501,6945.1535254383525
4,2022-03-18,6954.96,6964.387004632996,Latih,6965.876821525143,6951.568218809411
4,2022-03-21,6955.18,6953.85525063102,Latih,6955.749867475673,6942.64190927927
4,2022-03-22,7000.82,6953.476901263043,Latih,6955.447456882641,6940.742483237429
4,2022-03-23,6996.12,6996.104280625631,Latih,6997.262288767745,6955.631447458908
4,2022-03-24,7049.69,6994.544239112188,Latih,6995.3989058489105,6963.652438546465
4,2022-03-25,7002.53,7044.270872623975,Latih,7044.213834511097,6980.090946786451
4,2022-03-28,7049.6,7003.5576054537805,Latih,7003.884217168144,6975.962380280542
4,2022-03-29,7011.69,7044.5839875591355,Latih,7044.474306836183,6981.402875094462
4,2022-03-30,7053.19,7012.104686515383,Latih,7012.269388591103,6978.922570428896
4,2022-03-31,7071.44,7048.50363840228,Latih,7048.252525912579,6984.487018421936
4,2022-04-01,7078.76,7068.115285973607,Latih,7067.1881968641865,6999.105478229572
4,2022-04-04,7116.22,7076.080867869913,Latih,7074.869105314076,7005.30458511596
4,2022-04-05,7148.3,7111.510533820454,Latih,7109.571393117967,7019.018864140563
4,2022-04-06,7104.22,7143.78479758627,Latih,7140.958334146804,7037.289831644351
4,2022-04-07,7127.37,7104.615644695821,Latih,7102.300248953166,7029.666478425318
4,2022-04-08,7210.83,7123.499035019939,Latih,7121.146044800345,7027.972244796806
4,2022-04-11,7203.79,7202.859579618051,Latih,7198.827972732855,7059.958680696544
4,2022-04-12,7214.78,7201.458293323591,Latih,7196.844411596133,7075.131904670059
4,2022-04-13,7262.78,7211.283328042105,Latih,7206.5338579810405,7077.233006722986
4,2022-04-14,7235.53,7256.781591278394,Latih,7251.08646757253,7095.142974166931
4,2022-04-18,7275.29,7234.313073730546,Latih,7228.695052315074,7096.324071626725
4,2022-04-19,7199.23,7269.748014284454,Latih,7263.654709736189,7103.553122388186
4,2022-04-20,7227.36,7201.19518369682,Latih,7196.11599921353,7087.136229679645
4,2022-04-21,7276.19,7222.746592512207,Latih,7217.812356197909,7080.370206354916
4,2022-04-22,7225.61,7270.08202078589,Latih,7264.042082812867,7102.13637426621
4,2022-04-25,7215.98,7225.881827095824,Latih,7220.326428667383,7095.903758134903
4,2022-04-26,7232.15,7213.755927649811,Latih,7208.80028265126,7082.188858568728
4,2022-04-27,7196.76,7228.257001676636,Latih,7223.095750570374,7085.432687927545
4,2022-04-28,7228.91,7196.215647847725,Latih,7191.545917378737,7077.306540899336
4,2022-05-09,6909.75,7224.040783673601,Latih,7219.0999799609945,7080.35743354088
4,2022-05-10,6819.79,6928.035860303086,Latih,6928.491441240949,6973.125057363557
4,2022-05-11,6816.2,6824.262693122059,Latih,6829.021186891824,6887.251696258224
4,2022-05-12,6599.84,6815.3359181857395,Latih,6820.9206630593835,6867.261363192235
4,2022-05-13,6597.99,6613.099790763264,Latih,6622.557904421097,6840.167199482949
4,2022-05-17,6644.47,6597.964697776589,Latih,6609.289429572602,6840.167199482949
4,2022-05-18,6793.41,6641.248073613056,Latih,6651.76290492923,6840.167199482949
4,2022-05-19,6823.33,6783.192562835838,Latih,6790.668020313408,6840.167199482949
4,2022-05-20,6918.14,6820.3583748269375,Latih,6826.040053465396,6864.060558049117
4,2022-05-23,6840.77,6910.735885224978,Latih,6914.479948658984,6901.154800912181
4,2022-05-24,6914.14,6844.371472060712,Latih,6848.686226894292,6895.830243948736
4,2022-05-25,6883.5,6908.081854774991,Latih,6911.7491520452895,6903.502956078687
4,2022-05-27,7026.26,6884.02025187496,Latih,6887.609903880991,6908.889851614276
4,2022-05-30,7037.56,7015.415379228643,Latih,7016.729065737776,6948.90702627544
4,2022-05-31,7148.97,7034.812991669232,Latih,7034.7159286249225,6982.45241774087
4,2022-06-02,7148.72,7139.535794303483,Latih,7137.3642090702715,7021.049276166014
4,2022-06-03,7182.96,7146.206461073227,Latih,7143.095013916559,7044.2788879526215
4,2022-06-06,7096.58,7178.160577099394,Latih,7174.4430676735155,7055.3620189977255
4,2022-06-07,7141.04,7099.630110278191,Latih,7097.156683281722,7034.433892480189
4,2022-06-08,7193.31,7135.789119423694,Latih,7133.25808548457,7030.819341243559
4,2022-06-09,7182.83,7187.348367334676,Latih,7183.512127621245,7057.121099220571
4,2022-06-10,7086.65,7180.802377709221,Latih,7176.709285496544,7064.649561290798
4,2022-06-13,6995.44,7090.350428178371,Latih,7088.054476071657,7031.177238595539
4,2022-06-14,7049.88,6999.228138613751,Latih,6999.367424340894,6981.389895433235
4,2022-06-15,7007.05,7044.406098974999,Latih,7044.351491316612,6980.010457373309
4,2022-06-16,7050.33,7007.789698978713,Latih,7008.034399205497,6977.472132070708
4,2022-06-17,6936.97,7045.545723573025,Latih,7045.384693034943,6982.586041026163
4,2022-06-20,6976.38,6942.384410382552,Latih,6943.870116186781,6954.775022521064
4,2022-06-21,7044.07,6972.156391968774,Latih,6973.902828657078,6943.872960335656
4,2022-06-22,6984.31,7037.800278799588,Latih,7038.010332121904,6974.132920301007
4,2022-06-23,6998.27,6986.19748955493,Latih,6986.895366120983,6968.861005947636
4,2022-06-24,7042.94,6995.528495613982,Latih,6996.484931168606,6960.897182252453
4,2022-06-27,7016.06,7038.101655156667,Latih,7038.146282438094,6978.3455960459
4,2022-06-28,6996.46,7015.772190632872,Latih,7015.915690871529,6978.950236240673
4,2022-06-29,6942.35,6995.806058688213,Latih,6996.52555078571,6966.951754664229
4,2022-06-30,6911.58,6944.069387599273,Latih,6945.916067607446,6945.253174072548
4,2022-07-01,6794.33,6911.986483340899,Latih,6914.838337273042,6923.924513825816
4,2022-07-04,6639.17,6800.604261252907,Latih,6805.799487010268,6879.354529070294
4,2022-07-05,6703.27,6648.466626879582,Latih,6657.411520337026,6840.167199482949
4,2022-07-06,6646.41,6698.701083172873,Latih,6707.822501315789,6840.167199482949
4,2022-07-07,6652.59,6649.583601710209,Latih,6659.171673579674,6840.167199482949
4,2022-07-08,6740.22,6651.83022722588,Latih,6661.790449511568,6840.167199482949
4,2022-07-11,6722.15,6734.032638915201,Latih,6742.384016678353,6840.167199482949
4,2022-07-12,6718.29,6722.591235607582,Latih,6730.520851948578,6840.167199482949
4,2022-07-13,6640.99,6717.867388742286,Latih,6726.01873234393,6840.167199482949
4,2022-07-14,6690.09,6645.453774729231,Latih,6655.010813056091,6840.167199482949
4,2022-07-15,6651.9,6686.5078161823885,Latih,6695.847897661939,6840.167199482949
4,2022-07-18,6659.25,6653.892810453484,Latih,6663.495077211421,6840.167199482949
4,2022-07-19,6736.09,6658.388821602027,Latih,6668.184218996476,6840.167199482949
4,2022-07-20,6874.74,6730.589227873105,Latih,6738.957515394111,6840.167199482949
4,2022-07-21,6864.13,6864.807405687605,Latih,6870.0617380297535,6868.7866543776145
4,2022-07-22,6886.96,6863.493046925102,Latih,6867.760718166863,6894.346529048719
4,2022-07-25,6858.41,6884.151729120649,Latih,6888.103829116858,6899.551269776859
4,2022-07-26,6871.54,6858.909571734701,Latih,6863.175277928148,6895.043138675727
4,2022-07-27,6898.22,6869.399723595416,Latih,6873.674143226778,6893.339596923627
4,2022-07-28,6956.82,6895.124274486341,Latih,6898.813575126567,6904.763663851062
4,2022-07-29,6951.12,6951.49199561958,Latih,6953.9143055040095,6929.40381834392
4,2022-08-01,6968.78,6949.801407672807,Latih,6951.828277440116,6939.81128304009
4,2022-08-02,6988.16,6965.9371691930755,Latih,6967.698679870413,6944.361972950741
4,2022-08-03,7046.63,6985.12651236837,Latih,6986.394123665739,6954.359828497216
4,2022-08-04,7057.35,7040.92046525007,Latih,7040.985311844403,6977.430271370458
4,2022-08-05,7084.65,7054.552987922487,Latih,7053.931825808343,6993.150580307891
4,2022-08-08,7086.85,7080.707108717024,Latih,7079.510135735332,7004.2720039392025
4,2022-08-09,7102.88,7084.4530079198485,Latih,7082.985633947909,7010.699625259689
4,2022-08-10,7086.24,7099.556420966448,Latih,7097.785653877319,7016.373185145907
4,2022-08-11,7160.38,7085.013150112689,Latih,7083.402120766699,7014.315572714857
4,2022-08-12,7129.28,7153.205911452838,Latih,7150.419059250422,7034.945580718571
4,2022-08-15,7093.28,7128.762572062081,Latih,7125.899703517025,7040.343982129152
4,2022-08-16,7133.45,7093.2223462880265,Latih,7091.262520866455,7022.12896679049
4,2022-08-18,7186.56,7128.497859369581,Latih,7126.129614169662,7027.660474368387
4,2022-08-19,7172.43,7180.575621476244,Latih,7176.923579186272,7053.337812387999
4,2022-08-22,7107.98,7170.6737430263265,Latih,7166.822558603356,7059.85494683033
4,2022-08-23,7163.27,7109.621656985346,Latih,7107.034981151882,7035.938136963899
4,2022-08-24,7194.71,7157.251532235214,Latih,7154.229081082412,7040.434270927961
4,2022-08-25,7174.21,7190.033192160202,Latih,7185.983589569402,7062.22769095665
4,2022-08-26,7135.25,7172.840777621339,Latih,7168.888858616422,7062.139108647165
4,2022-08-29,7132.04,7135.19376149661,Latih,7132.107601409024,7045.179293774421
4,2022-08-30,7159.47,7129.78222528941,Latih,7127.083334854906,7035.983539922292
4,2022-08-31,7178.59,7155.194540345737,Latih,7152.035621758767,7044.232605893667
4,2022-09-01,7153.1,7174.746460790704,Latih,7171.01550629742,7056.190131726322
4,2022-09-02,7177.18,7152.131547143527,Latih,7148.6912646651945,7051.900844953117
4,2022-09-05,7231.88,7173.035213980745,Latih,7169.383275114367,7054.398731629904
4,2022-09-06,7233.15,7225.600411492663,Latih,7220.772804905252,7077.226542748272
4,2022-09-07,7186.76,7230.175974778013,Latih,7224.862173868494,7089.084730217517
4,2022-09-08,7232.02,7186.940671521497,Latih,7182.440090342831,7074.2636118746395
4,2022-09-09,7242.66,7226.3248420668415,Latih,7221.413514078931,7079.276553545057
4,2022-09-12,7254.46,7239.064095145542,Latih,7233.580162421542,7092.206830004515
4,2022-09-13,7318.02,7250.740981052001,Latih,7244.9572750366515,7098.270607116284
4,2022-09-14,7278.08,7310.817730876293,Latih,7303.805093988265,7121.410498933857
4,2022-09-15,7305.6,7277.464862433754,Latih,7270.622874478183,7121.720252602165
4,2022-09-16,7168.87,7300.685010961379,Latih,7293.692748521651,7122.313438633744
4,2022-09-19,7195.49,7174.726603460383,Latih,7169.929765392611,7080.049024379313
4,2022-09-20,7196.95,7191.108383858276,Latih,7186.997502787185,7063.653074948845
4,2022-09-21,7188.31,7194.121268328501,Latih,7189.758861073327,7069.697770407258
4,2022-09-22,7218.91,7186.144671819282,Latih,7181.923282636475,7067.193368043958
4,2022-09-23,7178.58,7214.1801712382585,Latih,7209.488566678837,7075.337252218782
4,2022-09-26,7127.5,7178.420635730099,Latih,7174.186060038875,7068.6238197923285
4,2022-09-27,7112.45,7128.228389191692,Latih,7125.242860262459,7043.573177049215
4,2022-09-28,7077.03,7111.010894430939,Latih,7108.725698378149,7027.990912755781
4,2022-09-29,7036.2,7077.006871031582,Latih,7075.478322002947,7013.322706198744
4,2022-09-30,7040.8,7036.689302537496,Latih,7036.186146745736,6992.63297106867
4,2022-10-03,7009.72,7038.454019346292,Latih,7038.215214264447,6985.585894123365
4,2022-10-04,7072.26,7009.719945251993,Latih,7009.9941729152715,6976.440610985803
4,2022-10-05,7075.38,7066.187004748641,Latih,7065.613882894574,6990.276723005821
4,2022-10-06,7076.62,7072.975781264364,Latih,7071.817126724778,7004.376927176764
4,2022-10-07,7026.78,7074.326907115042,Latih,7073.1197469092,7005.433037221483
4,2022-10-10,6994.4,7027.868510930592,Latih,7027.536107494884,6989.483619164277
4,2022-10-11,6939.15,6994.546928125669,Latih,6995.212226259162,6968.524775838899
4,2022-10-12,6909.21,6940.953906922384,Latih,6942.8748709279735,6943.781456309601
4,2022-10-13,6880.63,6909.575343204776,Latih,6912.49638752226,6922.484185124081
4,2022-10-14,6814.53,6881.035033216513,Latih,6884.7175078994405,6906.924958436528
4,2022-10-17,6831.12,6817.546856097012,Latih,6822.645613495737,6879.448101568258
4,2022-10-18,6834.49,6828.940619910985,Latih,6834.304943246872,6871.013028260504
4,2022-10-19,6860.42,6833.115261628658,Latih,6838.279098324807,6875.580240090525
4,2022-10-20,6980.65,6857.53476188067,Latih,6862.209456682239,6884.718257720507
4,2022-10-21,7017.77,6971.399434673833,Latih,6973.71886393671,6929.244701142353
4,2022-10-24,7053.04,7013.508713535122,Latih,7014.149784691385,6966.473110264586
4,2022-10-25,7048.38,7048.740323300417,Latih,7048.4403431618775,6985.710364420463
4,2022-10-26,7043.94,7046.574995194729,Latih,7046.058808029946,6991.574559848954
4,2022-10-27,7091.76,7042.140656828935,Latih,7041.74283796912,6989.155559519578
4,2022-10-28,7056.04,7086.51465387112,Latih,7085.305063210786,7003.778466541818
4,2022-10-31,7098.89,7056.126526215133,Latih,7055.146173954066,7002.167333772233
4,2022-11-01,7052.3,7093.9217483521115,Latih,7092.482971004309,7008.629033167414
4,2022-11-02,7015.69,7053.076409250554,Latih,7052.101952134427,7002.442854230454
4,2022-11-03,7034.57,7016.006755347304,Latih,7016.077548798375,6980.788357946324
4,2022-11-04,7045.53,7031.366090080792,Latih,7031.411855021769,6979.2683930761095
4,2022-11-07,7102.4,7042.769420577342,Latih,7042.460442586,6986.783151519943
4,2022-11-08,7050.13,7096.547673440041,Latih,7095.135682803453,7007.5715269041575
4,2022-11-09,7070.08,7051.267789125499,Latih,7050.30217472678,7002.471554278186
4,2022-11-10,6966.84,7066.655823906718,Latih,7065.778843529282,6998.0229434562225
4,2022-11-11,7089.21,6971.497712945389,Latih,6972.28543875997,6968.621683747815
4,2022-11-14,7019.39,7079.355879442751,Latih,7078.845070304929,6986.817152026941
4,2022-11-15,7035.5,7021.748729941897,Latih,7021.440889610105,6989.714512341071
4,2022-11-16,7014.38,7032.463724699074,Latih,7032.46155280357,6980.344980992722
4,2022-11-17,7044.99,7013.742502572588,Latih,7013.978928911738,6976.847194995332
4,2022-11-18,7082.18,7041.014011892135,Latih,7040.8857666338035,6982.383046364236
4,2022-11-21,7063.25,7077.634962526619,Latih,7076.586660963356,7000.8826058698205
4,2022-11-22,7030.59,7062.264820027409,Latih,7061.237513454018,7002.50764911299
4,2022-11-23,7054.12,7030.597342495972,Latih,7030.310600577646,6987.925206572462
4,2022-11-24,7080.52,7050.543203415927,Latih,7050.115391713437,6988.74398532157
4,2022-11-25,7053.15,7076.650835304319,Latih,7075.554596904575,7002.253071932843
4,2022-11-28,7017.36,7052.731646695193,Latih,7051.897845668849,6998.875671000531
4,2022-11-29,7012.07,7017.618715505652,Latih,7017.652586733155,6981.509297974158
4,2022-11-30,7081.31,7010.46159585481,Latih,7010.892717112354,6972.3004093254085
4,2022-12-01,7020.8,7074.782591476499,Latih,7074.028788601218,6993.71165331309
4,2022-12-02,7019.64,7022.575705010943,Latih,7022.309802947097,6988.520150805164
4,2022-12-05,6987.33,7017.742772108369,Latih,7018.010328949742,6975.482081103372
4,2022-12-06,6892.57,6987.50331587081,Latih,6988.354621340681,6964.731560341166
4,2022-12-07,6818.75,6897.024398637452,Latih,6899.832633668223,6927.153527754586
4,2022-12-08,6804.23,6822.22700649324,Latih,6827.149581797153,6883.318807194865
4,2022-12-09,6715.12,6804.095195437101,Latih,6809.901344372658,6863.150921671425
4,2022-12-12,6734.45,6719.994062279182,Latih,6727.506041213888,6840.167199482949
4,2022-12-13,6810.32,6732.520211039502,Latih,6740.4441002989015,6840.167199482949
4,2022-12-14,6801.75,6804.557317917374,Latih,6810.969761825232,6847.492951306137
4,2022-12-15,6751.86,6801.257200266746,Latih,6807.178873358396,6860.580509198342
4,2022-12-16,6812.19,6754.14422321888,Latih,6761.024645968102,6842.562231394084
4,2022-12-19,6779.7,6807.382230002908,Latih,6813.613889465956,6851.743919637236
4,2022-12-20,6768.32,6780.785171805049,Latih,6787.082634530689,6853.800730535421
4,2022-12-21,6820.66,6768.146368893408,Latih,6774.921312503243,6843.3017101013975
4,2022-12-22,6824.43,6816.310633860855,Latih,6822.25234527412,6857.942509405647
4,2022-12-23,6800.67,6823.074123307496,Latih,6828.505309997827,6870.1199396580805
4,2022-12-26,6835.81,6801.123214998868,Latih,6806.944463779358,6863.1815867674695
4,2022-12-27,6923.03,6832.460745404989,Latih,6837.859224383266,6869.638321830069
4,2022-12-28,6850.52,6916.075024915378,Latih,6919.626487758796,6905.356358620564
4,2022-12-29,6860.08,6853.777977344427,Latih,6857.878128217492,6900.024277590552
4,2022-12-30,6850.62,6858.210660932694,Latih,6862.755507410203,6887.961725096739
4,2023-01-02,6850.98,6849.9703601110305,Latih,6854.6022375440925,6886.8854474509135
4,2023-01-03,6888.76,6849.720281857285,Latih,6854.425926169786,6885.02315047983
4,2023-01-04,6813.24,6885.0174621820815,Latih,6889.049017355479,6897.385243561902
4,2023-01-05,6653.84,6816.8462388056805,Latih,6821.8989468485415,6880.72967505101
4,2023-01-06,6684.56,6663.335740234714,Latih,6671.859796618384,6840.167199482949
4,2023-01-09,6688.27,6682.14079364927,Latih,6691.470209570542,6840.167199482949
4,2023-01-10,6622.5,6687.508504107906,Latih,6696.5116573694495,6840.167199482949
4,2023-01-11,6584.45,6626.3294785314865,Latih,6636.469373458333,6840.167199482949
4,2023-01-12,6629.93,6586.726738377141,Latih,6598.0999111996625,6840.167199482949
4,2023-01-13,6641.83,6626.833119121349,Latih,6637.720967026361,6840.167199482949
4,2023-01-16,6688.06,6640.7624351927725,Latih,6651.053451384464,6840.167199482949
4,2023-01-17,6767.34,6684.664458657218,Latih,6694.033485815539,6840.167199482949
4,2023-01-18,6765.79,6761.552455359421,Latih,6769.121485334956,6840.167199482949
4,2023-01-19,6819.91,6765.01818004223,Latih,6771.942816378498,6840.167199482949
4,2023-01-20,6874.93,6815.453562525539,Latih,6821.430075978666,6857.169237038526
4,2023-01-24,6860.85,6870.179123810564,Latih,6874.719652352965,6886.386532026566
4,2023-01-25,6829.93,6860.442283563052,Latih,6864.766605079209,6893.319558602013
4,2023-01-26,6864.82,6830.700010404617,Latih,6835.692836185724,6880.317790582216
4,2023-01-27,6898.98,6861.3604006755695,Latih,6865.9956135195835,6885.195118063129
4,2023-01-30,6872.48,6895.417454523482,Latih,6899.150218929687,6903.604750752488
4,2023-01-31,6839.34,6872.791474551594,Latih,6876.705385385191,6902.1339638019
4,2023-02-01,6862.26,6840.206759008201,Latih,6844.933863716754,6885.811496835984
4,2023-02-02,6890.57,6859.553306048546,Latih,6864.154208114777,6886.331458962
4,2023-02-03,6911.73,6887.406443812884,Latih,6891.310270845927,6900.33403125886
4,2023-02-06,6873.79,6908.917750129143,Latih,6912.205767219107,6913.139113456051
4,2023-02-07,6935.3,6874.804744116103,Latih,6878.5873328394055,6905.227751379648
4,2023-02-08,6940.12,6929.88499662165,Latih,6932.896614152832,6917.293535860817
4,2023-02-09,6897.37,6938.197176842136,Latih,6940.601853003545,6931.731133655948
4,2023-02-10,6880.33,6898.580535910168,Latih,6901.703644077221,6918.836564192812
4,2023-02-13,6900.14,6880.021223422325,Latih,6883.809345307983,6904.3500470370445
4,2023-02-14,6941.85,6897.461699454822,Latih,6901.04237946395,6907.227265605966
4,2023-02-15,6914.54,6937.633595814747,Latih,6940.305544402642,6924.937056680959
4,2023-02-16,6895.66,6914.719245002906,Latih,6917.522748404186,6924.782541829389
4,2023-02-17,6895.71,6895.398760708608,Latih,6898.7690254128365,6912.928232744972
4,2023-02-20,6894.72,6894.275399470963,Latih,6897.804833088556,6908.994102598468
4,2023-02-21,6873.4,6893.354179650582,Latih,6896.900755729117,6908.682590729038
4,2023-02-22,6809.97,6873.386496351993,Latih,6877.320161092317,6901.541812006274
4,2023-02-23,6839.45,6812.84121178451,Latih,6818.0822024828485,6876.452333703077
4,2023-02-24,6856.58,6836.435727871687,Latih,6841.690706611307,6872.767997395432
4,2023-02-27,6854.78,6854.256751023564,Latih,6858.957611994777,6884.507221874035
4,2023-02-28,6843.24,6853.63763152543,Latih,6858.225295371447,6887.506040735282
4,2023-03-01,6844.94,6842.7512638706285,Latih,6847.55916826311,6883.37638828162
4,2023-03-02,6857.42,6843.623409194978,Latih,6848.498900907072,6881.5146859962115
4,2023-03-03,6813.64,6855.38122406486,Latih,6860.020677276288,6885.929115319885
4,2023-03-06,6807.0,6815.2775872779175,Latih,6820.58885430935,6874.302312289512
4,2023-03-07,6766.76,6806.364826238779,Latih,6812.165105885296,6862.982548058068
4,2023-03-08,6776.37,6768.381580005312,Latih,6774.952856699848,6848.5064766854375
4,2023-03-09,6799.79,6774.860706276321,Latih,6781.602347488428,6843.212196979554
4,2023-03-10,6765.3,6797.32332867923,Latih,6803.567528253225,6852.839563351306
4,2023-03-13,6786.96,6766.571589517616,Latih,6773.229897167706,6846.523070684108
4,2023-03-14,6641.81,6784.658023471261,Latih,6791.223947994735,6846.350766974124
4,2023-03-15,6628.14,6650.4748610077895,Latih,6659.43532618032,6840.167199482949
4,2023-03-16,6565.73,6628.716385226406,Latih,6639.149873884775,6840.167199482949
4,2023-03-17,6678.24,6572.615332138017,Latih,6582.331883584896,6840.167199482949
4,2023-03-20,6612.49,6670.779718155426,Latih,6680.968163996352,6840.167199482949
4,2023-03-21,6691.61,6616.361661075508,Latih,6626.764355358339,6840.167199482949
4,2023-03-24,6762.25,6686.160881731524,Latih,6695.71552838774,6840.167199482949
4,2023-03-27,6708.93,6757.019942145667,Latih,6764.649319789134,6840.167199482949
4,2023-03-28,6760.33,6711.61301487209,Latih,6719.590723184961,6840.167199482949
4,2023-03-29,6839.44,6756.3005663997155,Latih,6763.817264035963,6840.167199482949
4,2023-03-30,6808.95,6833.350214181573,Latih,6839.026101098688,6862.378321557675
4,2023-03-31,6805.28,6809.78434643033,Latih,6815.331315835743,6869.01501367632
4,2023-04-03,6827.17,6804.468244345811,Latih,6810.338826181321,6861.441872612868
4,2023-04-04,6833.18,6824.679335076243,Latih,6830.192200551063,6867.793012184536
4,2023-04-05,6819.67,6831.647370538742,Latih,6836.8679350769835,6874.327728638088
4,2023-04-06,6792.77,6819.405610809951,Latih,6824.815181968838,6871.191537386214
4,2023-04-10,6771.23,6793.452080078747,Latih,6799.453984024552,6859.616394441758
4,2023-04-11,6811.31,6771.673346200609,Latih,6778.285837197924,6846.982762709888
4,2023-04-12,6798.96,6807.760915497569,Latih,6813.844058677582,6855.510606982742
4,2023-04-13,6785.6,6798.713574504879,Latih,6804.676384331611,6859.880305601392
4,2023-04-14,6818.57,6785.474113206888,Latih,6791.778893151905,6852.951338402066
4,2023-04-17,6787.58,6815.43003365758,Latih,6821.262426330476,6860.878395009075
4,2023-04-18,6821.81,6788.538037221457,Latih,6794.641451426174,6857.698352152739
4,2023-04-26,6910.15,6818.577885919838,Latih,6824.33596873942,6862.346389522587
4,2023-04-27,6945.48,6903.181489688197,Latih,6907.08035238866,6898.238255521097
4,2023-04-28,6915.72,6941.643225185914,Latih,6944.1658818138085,6928.212042397899
4,2023-05-02,6863.3,6916.045937029164,Latih,6918.79770277683,6925.925812109154
4,2023-05-03,6812.72,6865.257608598505,Latih,6869.1926695573675,6902.651055923143
4,2023-05-04,6844.03,6814.782963932781,Latih,6820.060747575193,6875.233434919154
4,2023-05-05,6787.63,6840.882425357135,Latih,6846.03276527408,6874.83287533406
4,2023-05-08,6769.63,6790.162485778954,Latih,6796.049201695349,6863.04175806645
4,2023-05-09,6779.98,6769.860925258421,Latih,6776.545412006104,6845.3869624883255
4,2023-05-10,6811.9,6778.409182763422,Latih,6785.062383873487,6844.986739029916
4,2023-05-11,6755.94,6808.854051189451,Latih,6814.8525421566055,6857.533288094435
4,2023-05-12,6707.76,6758.5826856005415,Latih,6765.304624617718,6846.01285623196
4,2023-05-15,6711.74,6710.129558531063,Latih,6718.1815379134,6840.167199482949
4,2023-05-16,6676.56,6710.859961817877,Latih,6719.2496063113385,6840.167199482949
4,2023-05-17,6663.11,6678.259306112838,Latih,6687.240081093921,6840.167199482949
4,2023-05-19,6700.56,6663.521055925798,Latih,6673.038877318067,6840.167199482949
4,2023-05-22,6729.65,6697.6543329635415,Latih,6706.620990623847,6840.167199482949
4,2023-05-23,6736.68,6727.1362113645855,Latih,6735.268757727761,6840.167199482949
4,2023-05-24,6745.8,6735.502766540368,Latih,6743.263892916461,6840.167199482949
4,2023-05-25,6704.23,6744.45369088622,Latih,6751.993245137057,6840.167199482949
4,2023-05-26,6687.0,6706.205253626124,Latih,6714.40589149894,6840.167199482949
4,2023-05-29,6681.1,6687.541651370241,Latih,6696.400645067706,6840.167199482949
4,2023-05-30,6636.42,6680.965138856185,Latih,6690.074960628464,6840.167199482949
4,2023-05-31,6633.26,6638.882148980059,Latih,6648.835564700375,6840.167199482949
4,2023-06-05,6633.44,6633.162869400688,Latih,6643.551103772083,6840.167199482949
4,2023-06-06,6618.92,6633.135113093264,Latih,6643.546928044417,6840.167199482949
4,2023-06-07,6619.75,6619.589055778613,Latih,6630.257254590846,6840.167199482949
4,2023-06-08,6666.33,6619.4642234989315,Latih,6630.2407326714765,6840.167199482949
4,2023-06-09,6694.02,6663.007040656518,Latih,6672.949170276982,6840.167199482949
4,2023-06-12,6722.37,6691.747527013733,Latih,6700.803051398412,6840.167199482949
4,2023-06-13,6719.01,6719.933637043553,Latih,6728.250923804063,6840.167199482949
4,2023-06-14,6699.72,6718.553281099217,Latih,6726.689951478261,6840.167199482949
4,2023-06-15,6713.79,6700.334128816739,Latih,6708.841921840029,6840.167199482949
4,2023-06-16,6698.55,6712.275804983394,Latih,6720.697174664753,6840.167199482949
4,2023-06-19,6686.06,6698.918221011475,Latih,6707.49104162039,6840.167199482949
4,2023-06-20,6660.46,6686.312009460344,Latih,6695.235823896244,6840.167199482949
4,2023-06-21,6702.63,6661.635475717793,Latih,6671.11987836079,6840.167199482949
4,2023-06-22,6652.26,6699.422863517419,Latih,6708.375197009758,6840.167199482949
4,2023-06-23,6639.73,6655.006036178777,Latih,6664.495629393469,6840.167199482949
4,2023-06-26,6664.67,6640.18546727375,Latih,6650.324528347859,6840.167199482949
4,2023-06-27,6661.88,6662.695263764124,Latih,6672.497545291644,6840.167199482949
4,2023-07-03,6696.72,6661.635798916529,Latih,6671.276254837077,6840.167199482949
4,2023-07-04,6681.75,6693.992736918941,Latih,6703.038022367672,6840.167199482949
4,2023-07-05,6718.98,6682.1743804618845,Latih,6691.190267753615,6840.167199482949
4,2023-07-06,6757.33,6716.008052271622,Latih,6724.489549845774,6840.167199482949
4,2023-07-07,6716.46,6754.122310344598,Latih,6761.607088873707,6840.167199482949
4,2023-07-10,6731.04,6718.338819346147,Latih,6726.224493587035,6840.167199482949
4,2023-07-11,6796.92,6729.419351873416,Latih,6737.392457836289,6840.167199482949
4,2023-07-12,6808.21,6791.834509190347,Latih,6798.513915253904,6842.421549448402
4,2023-07-13,6810.21,6806.4584763044395,Latih,6812.378960024743,6859.877668299709
4,2023-07-14,6869.57,6809.025475798873,Latih,6814.814766688375,6862.890371778642
4,2023-07-17,6867.14,6864.573409802948,Latih,6869.291387379204,6882.613794400729
4,2023-07-18,6830.2,6865.98302169684,Latih,6870.241074544227,6894.243700138964
4,2023-07-20,6864.19,6831.341883093745,Latih,6836.2766365260195,6881.721688322461
4,2023-07-21,6880.8,6860.78890774313,Latih,6865.433015016351,6885.046705203689
4,2023-07-24,6899.4,6878.403885237014,Latih,6882.4648902792105,6897.560494844355
4,2023-07-25,6917.71,6896.799891867676,Latih,6900.389750720897,6907.084954738656
4,2023-07-26,6948.28,6915.048442307155,Latih,6918.155390537422,6916.931449853222
4,2023-07-27,6896.66,6944.726024006649,Latih,6947.134862967773,6930.704473480028
4,2023-07-28,6900.23,6898.423280333319,Latih,6901.48986750547,6920.313039441149
4,2023-07-31,6931.36,6898.557679295578,Latih,6901.998349612394,6910.673339805643
4,2023-08-01,6886.5,6927.844759354633,Latih,6930.7022498727265,6921.544349056523
4,2023-08-02,6854.51,6887.88842362348,Latih,6891.278881784715,6913.468543463389
4,2023-08-03,6898.08,6855.239688874516,Latih,6859.578541405831,6893.678541901745
4,2023-08-04,6852.84,6893.938212693967,Latih,6897.774297272005,6901.1548526239785
4,2023-08-07,6886.37,6854.398027654919,Latih,6858.668387910161,6895.558369172253
4,2023-08-08,6868.81,6882.901208572424,Latih,6886.959472889341,6896.997146520057
4,2023-08-09,6875.11,6868.5834011566985,Latih,6872.66938299719,6898.301964455881
4,2023-08-10,6893.28,6873.377498499191,Latih,6877.500376707351,6896.676662653723
4,2023-08-11,6879.98,6890.73308961574,Latih,6894.479842063226,6903.904058637658
4,2023-08-14,6910.17,6879.4409653401735,Latih,6883.269965401924,6903.380476685801
4,2023-08-15,6915.1,6906.804935354034,Latih,6910.2104416484035,6910.415970188419
4,2023-08-16,6900.54,6913.278890445273,Latih,6916.340978691022,6918.336097414534
4,2023-08-18,6859.91,6899.989837533274,Latih,6903.26875334684,6914.632446750443
4,2023-08-21,6866.03,6861.151666004095,Latih,6865.27560430411,6898.3723700684695
4,2023-08-22,6916.45,6864.348023932611,Latih,6868.707638750707,6891.861492753663
4,2023-08-23,6921.41,6911.804018262665,Latih,6915.21619537894,6909.539506928961
4,2023-08-24,6899.39,6919.55967611615,Latih,6922.456415888708,6921.702225174945
4,2023-08-25,6895.44,6899.307138379851,Latih,6902.552958642879,6915.578720936815
4,2023-08-28,6921.73,6894.254482048787,Latih,6897.757103099265,6909.686730417053
4,2023-08-29,6957.83,6918.5564672404935,Latih,6921.625588290733,6917.410249388258
4,2023-08-30,6966.66,6953.891940151498,Latih,6956.097060485527,6934.651428152365
4,2023-08-31,6953.26,6964.373507853792,Latih,6966.115859310077,6945.076500715657
4,2023-09-01,6977.65,6952.409233631536,Latih,6954.314735809609,6942.566125639721
4,2023-09-04,6996.75,6974.351609493541,Latih,6975.937455194044,6947.694436330839
4,2023-09-05,6991.71,6993.696605179955,Latih,6994.736477720191,6959.009339653299
4,2023-09-06,6995.95,6990.174385358144,Latih,6991.141887237479,6961.366621952103
4,2023-09-07,6954.81,6993.820946197559,Latih,6994.7558437884345,6961.691010059164
4,2023-09-08,6924.78,6955.671601669833,Latih,6957.301298974798,6949.198680814548
4,2023-09-11,6963.39,6925.083375212592,Latih,6927.595120651167,6930.824444850725
4,2023-09-12,6933.97,6959.272268288777,Latih,6961.352789046214,6937.097809878631
4,2023-09-13,6935.48,6934.19569207911,Latih,6936.4715282965135,6935.608458392662
4,2023-09-14,6959.33,6933.7824631035755,Latih,6936.280789330644,6929.94384464745
4,2023-09-15,6982.79,6956.144557771728,Latih,6958.2064881378865,6938.016237261934
4,2023-09-18,6936.08,6979.526926208782,Latih,6980.970021491695,6950.636113655612
4,2023-09-19,6980.32,6937.368004021688,Latih,6939.441931524916,6940.353817365809
4,2023-09-20,7011.68,6975.7799410582065,Latih,6977.463961606669,6944.968086931749
4,2023-09-21,6991.47,7007.8020580983675,Latih,7008.554102772526,6964.423513162182
4,2023-09-22,7016.84,6990.875545623351,Latih,6991.720749101092,6964.412446837471
4,2023-09-25,6998.38,7013.3108641970675,Latih,7013.876694687657,6968.434590463685
4,2023-09-26,6923.8,6997.647076254537,Latih,6998.325819455435,6967.739325343417
4,2023-09-27,6937.83,6926.868363046092,Latih,6929.02826141302,6939.622121284051
4,2023-09-29,6939.89,6935.346357145948,Latih,6937.889181374951,6928.5801786858265
4,2023-10-02,6961.46,6938.1392337727975,Latih,6940.526508914276,6932.185706213755
4,2023-10-03,6940.89,6958.406586939142,Latih,6960.393302495525,6939.631687966628
4,2023-10-04,6886.58,6940.5372649682,Latih,6942.706523170515,6937.4551384008355
4,2023-10-05,6874.83,6888.553721756973,Latih,6891.861958159841,6915.488587273399
4,2023-10-06,6888.52,6874.217272238171,Latih,6878.194504168069,6900.3037281454
4,2023-10-09,6891.46,6886.271369853057,Latih,6890.1050498325,6902.297424794474
4,2023-10-10,6922.19,6889.864770964421,Latih,6893.530206610002,6906.117995833198
4,2023-10-11,6931.75,6918.73934601311,Latih,6921.83401269142,6916.727084828655
4,2023-10-12,6935.15,6929.569761502785,Latih,6932.234186024112,6926.265998170417
4,2023-10-13,6926.78,6933.336733263177,Latih,6935.859777729554,6929.372015588326
4,2023-10-16,6896.29,6925.732384129804,Latih,6928.375296543282,6927.361331613702
4,2023-10-17,6939.62,6896.745465200582,Latih,6900.000852146187,6915.6941416693135
4,2023-10-18,6927.91,6935.312899612827,Latih,6938.057089582128,6923.406258189123
4,2023-10-19,6846.43,6927.064505894822,Latih,6929.649423527164,6928.664106933516
4,2023-10-20,6849.17,6850.261575099858,Latih,6854.393011610541,6899.7151961756135
4,2023-10-23,6741.96,6847.770617803963,Latih,6852.543927003774,6883.557819123901
4,2023-10-24,6806.76,6747.83927521052,Latih,6754.493639836035,6849.264494072231
4,2023-10-25,6834.39,6801.698767307427,Latih,6808.110823376803,6847.906542264255
4,2023-10-26,6714.52,6831.512325179011,Latih,6836.884405284555,6870.4507658839575
4,2023-10-27,6758.79,6721.302836167532,Latih,6728.569856316466,6840.167199482949
4,2023-10-30,6735.89,6755.20908548536,Latih,6762.705770655893,6840.167199482949
4,2023-10-31,6752.21,6736.570938361902,Latih,6744.099141873142,6840.167199482949
4,2023-11-01,6642.42,6750.389688145838,Latih,6757.822082623861,6840.167199482949
4,2023-11-02,6751.39,6648.89096742765,Latih,6658.135117058467,6840.167199482949
4,2023-11-03,6788.85,6743.831740167161,Latih,6752.070929185174,6840.167199482949
4,2023-11-06,6878.84,6785.560704612161,Latih,6792.210945221807,6844.054970002802
4,2023-11-07,6843.79,6871.905056771075,Latih,6876.639401131308,6881.15929666642
4,2023-11-08,6804.11,6844.755819997224,Latih,6849.349999529752,6888.589454609193
4,2023-11-09,6838.23,6805.534851885465,Latih,6811.13089578691,6868.351111761366
4,2023-11-10,6809.26,6834.93347429219,Latih,6840.259789456757,6871.145100191867
4,2023-11-13,6838.31,6809.99879525545,Latih,6815.550522146254,6868.862644864355
4,2023-11-14,6862.06,6835.327311343582,Latih,6840.608559676441,6872.248681666886
4,2023-11-15,6958.21,6859.302710676823,Latih,6863.9159460068095,6886.050896603502
4,2023-11-16,6958.01,6950.549030988261,Latih,6953.253118458435,6922.289955611866
4,2023-11-17,6977.67,6956.320688154742,Latih,6958.213391662881,6942.342859953089
4,2023-11-20,6994.89,6974.664646861004,Latih,6976.209898800301,6948.694801057622
4,2023-11-21,6961.79,6991.961183104564,Latih,6993.033918492247,6958.4086295551515
4,2023-11-22,6906.95,6962.123062129066,Latih,6963.637829963611,6951.2469334102125
4,2023-11-23,7004.34,6908.868184371034,Latih,6911.637506274024,6926.48629042868
4,2023-11-24,7009.63,6996.402088868667,Latih,6997.906333352377,6946.684815192267
4,2023-11-27,7013.41,7007.376521714977,Latih,7007.961382147125,6968.782610862301
4,2023-11-28,7041.07,7011.233652994684,Latih,7011.706609096578,6971.118820603537
4,2023-11-29,7036.09,7037.2939168763705,Latih,7037.2433944500035,6980.905252465058
4,2023-11-30,7080.74,7034.3581346965375,Latih,7034.161785000617,6985.073119937229
4,2023-12-01,7059.91,7075.738897751628,Latih,7074.791641041099,6998.552110282232
4,2023-12-04,7093.6,7059.057085503397,Latih,7058.101296346244,7001.120118156722
4,2023-12-05,7100.85,7089.222283599437,Latih,7087.84468130833,7007.718388409666
4,2023-12-06,7087.4,7098.079376888337,Latih,7096.287407962145,7017.125333243661
4,2023-12-07,7134.62,7085.970438911975,Latih,7084.356048299134,7014.268101284556
4,2023-12-08,7159.6,7129.225909769601,Latih,7126.886778311794,7026.810694396549
4,2023-12-11,7088.79,7155.475749101707,Latih,7152.292681105205,7044.814725600536
4,2023-12-12,7125.31,7090.90901901728,Latih,7088.771925553144,7027.012732390219
4,2023-12-13,7075.34,7120.619360140626,Latih,7118.433761010234,7024.073744078927
4,2023-12-14,7176.02,7076.225867750703,Latih,7074.618303095161,7015.4638848949
4,2023-12-15,7190.99,7167.133449931214,Latih,7164.161159222195,7037.75135943895
4,2023-12-18,7119.52,7187.34986697681,Latih,7183.258377829861,7063.685653381405
4,2023-12-19,7187.85,7121.54660438544,Latih,7118.597687408988,7043.574573267753
4,2023-12-20,7219.67,7180.916815917563,Latih,7177.359975047182,7050.8427181482875
4,2023-12-21,7209.62,7214.861319037751,Latih,7210.160096083954,7075.488147244512
4,2023-12-22,7237.52,7207.449570494964,Latih,7202.6571796417975,7078.877545313894
4,2023-12-26,7237.52,7232.876726837236,Latih,7227.674002869206,7085.848295645774
4,2023-12-27,7245.92,7234.6056590820135,Latih,7229.166508774834,7091.6859887779365
4,2023-12-28,7303.89,7242.448735729534,Latih,7236.860345174152,7094.417819627584
4,2023-12-29,7272.8,7297.0954365230455,Latih,7290.406153506125,7115.02833228356
4,2024-01-02,7323.59,7271.659334039769,Latih,7265.030915808758,7117.046643748347
4,2024-01-03,7279.09,7317.154959974376,Latih,7309.887849329796,7127.059340580767
4,2024-01-04,7359.76,7278.753055026614,Latih,7271.84596191772,7123.214154726331
4,2024-01-05,7350.62,7351.316394085975,Latih,7343.353604626745,7140.138547017641
4,2024-01-08,7283.58,7347.781479017825,Latih,7339.297382925838,7154.045038794347
4,2024-01-09,7200.2,7284.6203790188665,Latih,7277.404359630429,7126.779734890526
4,2024-01-10,7227.3,7202.614620832279,Latih,7197.447888275457,7089.186188764633
4,2024-01-11,7219.96,7222.750729456024,Latih,7217.809305201844,7080.553628101408
4,2024-01-12,7241.14,7217.576757247523,Latih,7212.536046341733,7083.836810138286
4,2024-01-15,7224.0,7236.897525956709,Latih,7231.542821015197,7089.189136337102
4,2024-01-16,7242.79,7222.206566208677,Latih,7216.976745258645,7088.04646074301
4,2024-01-17,7200.63,7238.688408935148,Latih,7233.27025361784,7090.57103070742
4,2024-01-18,7252.97,7200.48843855746,Latih,7195.659746022297,7080.791398947298
4,2024-01-19,7227.4,7246.745210442622,Latih,7241.344223442155,7088.991959252418
4,2024-01-22,7247.93,7226.114168202954,Latih,7220.723782121018,7091.627502734722
4,2024-01-23,7256.23,7243.698299609501,Latih,7238.159966074306,7092.954013769688
4,2024-01-24,7227.82,7252.720198397716,Latih,7246.860424327929,7099.948965222897
4,2024-01-25,7178.04,7226.708388470488,Latih,7221.282838366107,7092.4462039161335
4,2024-01-26,7137.09,7178.46857256658,Latih,7174.168064333271,7070.3124168348895
4,2024-01-29,7157.17,7137.149036279983,Latih,7133.997719327277,7046.57902871495
4,2024-01-30,7192.22,7153.359909186431,Latih,7150.199077262946,7044.541273614223
4,2024-01-31,7207.94,7187.330216493679,Latih,7183.376590999436,7060.141533613262
4,2024-02-01,7201.7,7204.17988523729,Latih,7199.650035181119,7072.587735934316
4,2024-02-02,7238.79,7199.327870681359,Latih,7194.775525993182,7073.84753875023
4,2024-02-05,7198.62,7233.571733398515,Latih,7228.413636711913,7084.604213216365
4,2024-02-06,7247.41,7198.3637559247745,Latih,7193.604719181133,7079.300754666388
4,2024-02-07,7235.15,7241.429341061194,Latih,7236.14413677581,7086.763180770934
4,2024-02-12,7297.67,7233.00579948433,Latih,7227.5248143328,7092.984523730339
4,2024-02-13,7209.74,7290.620447195852,Latih,7284.13299532541,7110.751973459784
4,2024-02-15,7303.28,7212.395183404758,Latih,7206.939692169502,7095.236882791581
4,2024-02-16,7335.54,7294.283814369524,Latih,7287.912041790569,7107.259772336545
4,2024-02-19,7296.7,7330.201381131499,Latih,7322.463744839517,7137.323149902886
4,2024-02-20,7352.6,7295.935954594696,Latih,7288.614805121506,7131.44165687806
4,2024-02-21,7349.02,7345.72241865644,Latih,7337.737548259586,7141.494637200899
4,2024-02-22,7339.64,7345.843837957473,Latih,7337.44878958115,7152.026572194167
4,2024-02-23,7295.1,7336.864032572597,Latih,7328.665851010172,7148.226944433518
4,2024-02-26,7283.82,7294.696060820902,Latih,7287.368550796592,7131.779128069943
4,2024-02-27,7285.32,7281.403956912839,Latih,7274.654274516188,7118.791348091428
4,2024-02-28,7328.64,7282.105427448832,Latih,7275.42478030213,7116.9190190315885
4,2024-02-29,7316.11,7322.645925502865,Latih,7315.183137415735,7131.321323524779
4,2024-03-01,7311.91,7313.631318078127,Latih,7306.02389209279,7136.3104260564505
4,2024-03-04,7276.75,7308.933301255789,Latih,7301.506659715261,7132.322722487515
4,2024-03-05,7247.46,7275.8444732523785,Latih,7269.077932809672,7120.009316062991
4,2024-03-06,7329.8,7246.317709010918,Latih,7240.369404343444,7103.126965463223
4,2024-03-07,7373.96,7321.382864843695,Latih,7314.220263742295,7123.776934220856
4,2024-03-08,7381.91,7367.717307849023,Latih,7359.072491489741,7155.366947479316
4,2024-03-13,7421.21,7377.876762763356,Latih,7368.716534916255,7167.192297957013
4,2024-03-14,7433.31,7415.063440464834,Latih,7405.137774587967,7181.636747565341
4,2024-03-15,7328.05,7428.796594295602,Latih,7418.322835074762,7187.1321603084325
4,2024-03-18,7302.45,7331.2659719110425,Latih,7322.559359953491,7141.339139825172
4,2024-03-19,7336.75,7300.840508337106,Latih,7293.480678439225,7131.744481165474
4,2024-03-20,7331.13,7331.279727249234,Latih,7323.52766336569,7137.543028466767
4,2024-03-21,7338.35,7328.1579894448205,Latih,7320.214953892319,7142.8920451105305
4,2024-03-22,7350.15,7334.550912149041,Latih,7326.527361327498,7144.064196429319
4,2024-03-25,7377.76,7346.015883108468,Latih,7337.721569314092,7149.412437396117
4,2024-03-26,7365.66,7372.526349901054,Latih,7363.641694223973,7160.860705444881
4,2024-03-27,7310.09,7362.939706570002,Latih,7354.035865815969,7160.494172222683
4,2024-03-28,7288.81,7310.304594707575,Latih,7302.490269819584,7137.326562881536
4,2024-04-01,7205.06,7286.991933773839,Latih,7280.02661318072,7123.550643394058
4,2024-04-02,7236.98,7207.476512341574,Latih,7202.179104071929,7091.861136636795
4,2024-04-03,7166.84,7232.089983546811,Latih,7226.935506686049,7084.718599712909
4,2024-04-04,7254.4,7168.578846389125,Latih,7164.399654033254,7068.586587297975
4,2024-04-05,7286.88,7245.98644323476,Latih,7240.846445677358,7082.386966465771
4,2024-04-16,7164.81,7281.738790803039,Latih,7275.279832133137,7111.270642790857
4,2024-04-17,7130.84,7169.775767659019,Latih,7165.209719344447,7078.36725329405
4,2024-04-18,7166.81,7130.493624490565,Latih,7127.565495656793,7041.778260550554
4,2024-04-19,7087.32,7161.973439908096,Latih,7158.694291391441,7046.368613410052
4,2024-04-22,7073.82,7089.9832744146,Latih,7087.811223775208,7028.0432450950675
4,2024-04-23,7110.81,7072.452457871495,Latih,7071.193844426929,7007.020692834905
4,2024-04-24,7174.53,7106.153139865461,Latih,7104.351966239276,7016.225806522421
4,2024-04-25,7155.29,7167.94030911095,Latih,7164.693790738652,7044.688341966923
4,2024-04-26,7036.08,7153.924757152864,Latih,7150.479924036332,7051.763601841983
4,2024-04-29,7155.78,7041.426982308681,Latih,7040.262691183145,7008.968676254801
4,2024-04-30,7234.2,7145.802591933079,Latih,7143.5225153482625,7022.954390505605
4,2024-05-01,7234.2,7226.44046964653,Latih,7221.753002030925,7073.503396736442
4,2024-05-02,7117.42,7231.300137548524,Latih,7225.9480181968975,7089.911601862968
4,2024-05-03,7134.72,7122.263588460748,Latih,7118.985681027238,7051.932647708711
4,2024-05-06,7135.89,7131.179581487244,Latih,7128.584218071765,7033.124394626671
4,2024-05-07,7123.61,7133.344133915967,Latih,7130.581327699488,7037.12471587425
4,2024-05-08,7088.79,7121.95088721997,Latih,7119.396272701089,7033.375869098955
4,2024-05-13,7099.26,7088.6787408936625,Latih,7086.846695324242,7019.482408695273
4,2024-05-14,7083.76,7096.296716085733,Latih,7094.57378240949,7015.601800259404
4,2024-05-15,7179.83,7082.473273456157,Latih,7080.936967657864,7012.751601104788
4,2024-05-16,7246.7,7171.212528246711,Latih,7168.101236225436,7040.752195060308
4,2024-05-17,7317.24,7239.602052977163,Latih,7234.4886869955835,7082.600691325724
4,2024-05-20,7266.69,7309.608502198544,Latih,7302.675553190793,7119.533153829639
4,2024-05-21,7186.04,7266.781722143969,Latih,7260.14875327476,7117.852830674712
4,2024-05-22,7222.38,7188.346922148538,Latih,7183.574854031873,7081.047165498793
4,2024-05-27,7176.42,7217.2794144106665,Latih,7212.545457888917,7075.990785918295
4,2024-05-28,7253.63,7176.618944985938,Latih,7172.39326372392,7068.647348660289
4,2024-05-29,7140.23,7245.861197260697,Latih,7240.653612383682,7084.140978932441
4,2024-05-30,7034.14,7144.765201559134,Latih,7140.91748182661,7063.41633833891
4,2024-05-31,6970.74,7038.682378644998,Latih,7037.680152293498,7005.186682217171
4,2024-06-03,7036.19,6972.911927189278,Latih,6973.934993395256,6962.370089386747
4,2024-06-04,7099.31,7030.093255891854,Latih,7030.491126463467,6970.390123806046
4,2024-06-05,6947.67,7093.083758670153,Latih,7091.80580501324,7004.61231927996
4,2024-06-06,6974.9,6955.410198532388,Latih,6956.290721167967,6968.503160307454
4,2024-06-07,6897.95,6971.437572124647,Latih,6973.119627624797,6945.630437492772
4,2024-06-10,6921.55,6901.277357872763,Latih,6904.0954181451,6926.302377420109
4,2024-06-11,6855.69,6918.543952985447,Latih,6921.595000762384,6917.876896650831
4,2024-06-12,6850.1,6858.51345936421,Latih,6862.534284339581,6901.39598473672
4,2024-06-13,6831.56,6849.212782274517,Latih,6853.8911227578255,6885.797793209589
4,2024-06-14,6734.83,6831.555737233192,Latih,6836.610746451051,6878.598631867207
4,2024-06-19,6726.92,6740.09075358512,Latih,6747.02101357939,6843.261064628395
4,2024-06-20,6819.32,6726.710933540184,Latih,6734.601507473905,6840.167199482949
4,2024-06-21,6879.98,6812.493915351061,Latih,6818.810330450564,6848.844387427601
4,2024-06-24,6889.17,6874.857696996963,Latih,6879.313547470606,6887.905436804927
4,2024-06-25,6882.7,6887.197373014726,Latih,6890.975876506009,6903.586393064299
4,2024-06-26,6905.64,6881.725902833975,Latih,6885.541431972421,6903.405091501513
4,2024-06-27,6967.95,6902.743852744141,Latih,6906.206784989873,6909.511841117183
4,2024-06-28,7063.58,6962.343845649408,Latih,6964.505553929255,6934.576032351298
4,2024-07-01,7139.63,7055.494142640886,Latih,7055.429140911159,6978.714068460512
4,2024-07-02,7125.14,7132.427594013279,Latih,7130.201297698086,7023.456046655231
4,2024-07-03,7196.75,7123.611146197383,Latih,7120.997735364501,7034.655994651372
4,2024-07-04,7220.89,7189.574922208858,Latih,7185.812320095372,7054.913005458173
4,2024-07-05,7253.37,7216.551881128625,Latih,7211.753595130518,7077.747125415861
4,2024-07-08,7250.98,7248.374183782418,Latih,7242.794377385456,7093.361089041294
4,2024-07-09,7269.8,7248.155442878086,Latih,7242.3427782560175,7099.379825177254
4,2024-07-10,7287.04,7265.579422847113,Latih,7259.4528159011215,7105.000328759017
4,2024-07-11,7300.41,7282.842579125248,Latih,7276.250204017245,7114.544930398528
4,2024-07-12,7327.58,7296.394431393231,Latih,7289.418354746187,7122.500273358886
4,2024-07-15,7278.86,7322.591369556276,Latih,7315.0194178641705,7134.133928202456
4,2024-07-16,7224.29,7278.785530035579,Latih,7271.848754354797,7123.974214729135
4,2024-07-17,7224.22,7224.81475414999,Latih,7219.260183110313,7096.033141052784
4,2024-07-18,7321.07,7221.367800849752,Latih,7216.276929500178,7084.592422926486
4,2024-07-19,7294.5,7311.791515739051,Latih,7304.98096855649,7116.07513420469
4,2024-07-22,7321.98,7292.985072569932,Latih,7285.82567759999,7127.698550112313
4,2024-07-23,7313.86,7316.996359890786,Latih,7309.574010429468,7131.076106180018
4,2024-07-24,7262.76,7311.117814438429,Latih,7303.606727532234,7134.185122882193
4,2024-07-25,7240.28,7262.902871909222,Latih,7256.36836230286,7115.867511336867
4,2024-07-26,7288.17,7238.746843266565,Latih,7233.044635044414,7097.864669504227
4,2024-07-29,7288.9,7282.068246666276,Latih,7275.705937346302,7108.735782178703
4,2024-07-30,7241.86,7285.717599942767,Latih,7278.936476773106,7118.993489508693
4,2024-07-31,7255.76,7241.841949495155,Latih,7235.890180137235,7103.847931346955
4,2024-08-01,7325.98,7251.905272177537,Latih,7246.105225234111,7098.526063396992
4,2024-08-02,7308.12,7318.330472560016,Latih,7311.165441004124,7124.271195583408
4,2024-08-05,7059.65,7306.00625836977,Latih,7298.563275901164,7133.155334142512
4,2024-08-06,7129.21,7072.904987813293,Latih,7070.026657440721,7033.080387886816
4,2024-08-07,7212.13,7122.4549738240885,Latih,7120.44710814244,7019.244999831967
4,2024-08-08,7195.12,7204.1873317361615,Latih,7200.117096138074,7060.766418976841
4,2024-08-13,7356.64,7291.937081277454,Uji,7285.265121712768,7115.310782122676
4,2024-08-14,7436.04,7349.552194395156,Uji,7341.487739541621,7143.0030703402235
4,2024-08-15,7409.5,7427.344113321404,Uji,7417.369217813113,7181.172323910069
4,2024-08-16,7432.09,7407.484300832846,Uji,7397.307884448863,7176.114341263841
4,2024-08-19,7466.83,7426.931815158228,Uji,7416.57906154404,7187.247477617336
4,2024-08-20,7533.98,7460.768137197598,Uji,7449.606869626147,7200.911596198155
4,2024-08-21,7554.59,7525.61845478069,Uji,7512.970059330573,7227.810004897194
4,2024-08-22,7488.68,7549.023007578964,Uji,7535.439455978983,7232.986045577603
4,2024-08-23,7544.3,7488.760560689079,Uji,7476.172978313075,7203.601540491654
4,2024-08-26,7606.19,7536.608142607324,Uji,7523.591248886696,7231.043698743659
4,2024-08-27,7597.88,7597.84111651671,Uji,7583.253425228713,7254.548365582307
4,2024-08-28,7658.88,7593.917432153344,Uji,7578.952865283607,7247.610969359954
4,2024-08-29,7627.6,7650.357653226978,Uji,7634.380052240019,7274.219430009209
4,2024-08-30,7670.73,7624.9319965268405,Uji,7608.992972540977,7257.481510460457
4,2024-09-02,7694.53,7663.263676853307,Uji,7646.823772394782,7277.680190359436
4,2024-09-03,7616.52,7688.158356814514,Uji,7670.930054288038,7285.533661078298
4,2024-09-04,7672.9,7616.795869121674,Uji,7600.751559915662,7250.787004551967
4,2024-09-05,7681.04,7664.603115837701,Uji,7648.218543002731,7279.214686244809
4,2024-09-06,7721.85,7675.6972614957185,Uji,7658.690182039864,7279.631121351801
4,2024-09-09,7702.74,7714.305703363551,Uji,7696.504847812784,7296.685775661553
4,2024-09-10,7761.39,7698.991875012052,Uji,7681.184503774772,7286.266779234493
4,2024-09-11,7760.96,7752.568710422654,Uji,7733.881514659063,7312.456581169453
4,2024-09-12,7798.15,7755.801628592152,Uji,7736.62513579859,7309.074577887144
4,2024-09-13,7812.13,7790.498900351667,Uji,7770.665460879943,7325.044266969054
4,2024-09-17,7831.78,7805.856787154818,Uji,7785.459792511605,7329.010923836319
4,2024-09-18,7829.13,7825.070098748353,Uji,7804.205732877398,7336.674250274986
4,2024-09-19,7905.39,7823.813605487492,Uji,7802.8295785166265,7334.466673630565
4,2024-09-20,7743.0,7894.852687597429,Uji,7872.53666814104,7367.309818883035
4,2024-09-23,7775.73,7747.956121490139,Uji,7727.878085215227,7293.522564995373
4,2024-09-24,7778.49,7768.45271305575,Uji,7749.1696939588965,7316.410206663695
4,2024-09-25,7740.9,7773.057958912989,Uji,7753.4484315253685,7315.8092638624585
4,2024-09-26,7744.52,7738.1315004660055,Uji,7719.166405501499,7299.540990860547
4,2024-09-27,7696.92,7739.181973924773,Uji,7720.47109415783,7303.142562435951
4,2024-09-30,7527.93,7694.962595157755,Uji,7677.066486475596,7282.535359335028
4,2024-10-01,7642.13,7534.2281588293245,Uji,7519.737065179458,7212.67116926916
4,2024-10-02,7563.26,7630.383557665471,Uji,7615.296330411556,7270.851182065092
4,2024-10-03,7543.83,7563.8201316477025,Uji,7549.165938987846,7230.807117269116
4,2024-10-04,7496.09,7540.791109924429,Uji,7527.150365076176,7226.776027501898
4,2024-10-07,7504.13,7495.012517032731,Uji,7482.384496030913,7207.3654871118815
4,2024-10-08,7557.14,7499.5609833360795,Uji,7487.194727454293,7213.415715732649
4,2024-10-09,7501.29,7549.554191165084,Uji,7536.178314144724,7235.706913526135
4,2024-10-10,7480.08,7500.692540893663,Uji,7487.859327478515,7208.8694213248045
4,2024-10-11,7520.6,7477.4278167964085,Uji,7465.444745335683,7202.820071804597
4,2024-10-14,7559.65,7513.946688342205,Uji,7501.423745713342,7221.350580821113
4,2024-10-15,7626.95,7552.918353877182,Uji,7539.358279433363,7235.885215804654
4,2024-10-16,7648.94,7618.175850155476,Uji,7603.089450290323,7262.612975571236
4,2024-10-17,7735.04,7642.878265652782,Uji,7626.8308537389075,7268.372532177053
4,2024-10-18,7760.06,7724.631825401917,Uji,7706.868822887076,7304.091473924007
4,2024-10-21,7772.6,7753.328460154671,Uji,7734.391186137334,7310.125258193102
4,2024-10-22,7788.98,7766.587468512197,Uji,7747.21540169968,7314.13804198393
4,2024-10-23,7787.56,7782.658357582233,Uji,7762.889247586866,7320.477753248302
4,2024-10-24,7716.55,7782.347673101566,Uji,7762.464797151228,7318.975784083692
4,2024-10-25,7694.66,7715.958102147712,Uji,7697.348680927885,7288.60565213331
4,2024-10-28,7634.63,7691.119167504441,Uji,7673.500234058032,7283.091209448659
4,2024-10-29,7606.6,7633.7130734731,Uji,7617.345979225757,7258.545118715843
4,2024-10-30,7569.85,7603.821689345957,Uji,7588.461216952919,7249.799257503827
4,2024-10-31,7574.02,7567.771430111047,Uji,7553.301331451054,7235.569877262193
4,2024-11-01,7505.26,7569.387527213213,Uji,7555.154785704727,7239.361489694196
4,2024-11-04,7479.5,7505.445268797983,Uji,7492.398589081871,7209.651407129839
4,2024-11-05,7491.93,7477.132439007864,Uji,7465.1258903909775,7202.354924184157
4,2024-11-06,7383.87,7487.1417745734325,Uji,7475.132950637446,7209.089093041494
4,2024-11-07,7243.86,7387.017288415527,Uji,7376.822359207962,7162.0775357568955
4,2024-11-08,7287.19,7249.594633920272,Uji,7242.802392714102,7107.935748956266
4,2024-11-11,7266.46,7281.375050017917,Uji,7274.99991617211,7109.166076047483
4,2024-11-12,7321.99,7264.704872924171,Uji,7258.330566467127,7111.490521354738
4,2024-11-13,7308.67,7315.268099899378,Uji,7308.083262724962,7125.212453725402
4,2024-11-14,7214.56,7306.272470704403,Uji,7298.853585933532,7132.499369988507
4,2024-11-15,7161.26,7217.577274365501,Uji,7211.9428085983545,7099.106062920155
4,2024-11-18,7134.28,7161.979541900227,Uji,7158.089418493578,7062.080829451142
4,2024-11-19,7195.71,7133.485565682715,Uji,7130.526409770316,7042.154205319936
4,2024-11-20,7180.33,7189.170277391744,Uji,7185.348723828864,7056.48721600419
4,2024-11-21,7140.91,7178.616933714222,Uji,7174.547835775684,7064.338669962941
4,2024-11-22,7195.56,7140.857702988453,Uji,7137.619148233003,7048.300514460858
4,2024-11-25,7314.11,7189.441092076374,Uji,7185.566016802859,7057.825672464427
4,2024-11-26,7245.89,7303.516955851402,Uji,7297.072993602837,7107.8149501968055
4,2024-11-28,7200.16,7247.166971864779,Uji,7240.929960230667,7110.433377074066
4,2024-11-29,7114.27,7200.241669858768,Uji,7195.395136753394,7081.287211663783
4,2024-12-02,7046.99,7117.212948889796,Uji,7114.279545452659,7043.785815961416
4,2024-12-03,7196.02,7049.071589076575,Uji,7048.061140549238,7003.934015629342
4,2024-12-04,7326.76,7184.05044743545,Uji,7180.963149688315,7038.323912463243
4,2024-12-05,7313.31,7315.356733920661,Uji,7308.684153814402,7112.025221343103
4,2024-12-06,7382.79,7310.900418040838,Uji,7303.3586143268,7135.006409653491
4,2024-12-09,7437.73,7374.939946347568,Uji,7366.278065095041,7154.788344174692
4,2024-12-10,7453.29,7430.542591433626,Uji,7420.31601460586,7187.193490500522
4,2024-12-11,7464.75,7448.47541549216,Uji,7437.506929502588,7194.7984343195685
4,2024-12-12,7394.24,7460.1399422789655,Uji,7448.835846722228,7198.863912432267
4,2024-12-13,7324.79,7395.015345320798,Uji,7384.8665947485915,7168.005879670451
4,2024-12-16,7258.63,7325.800965705006,Uji,7317.483329889861,7142.071482304401
4,2024-12-17,7157.73,7259.724044280132,Uji,7253.170194461425,7116.81130335695
4,2024-12-18,7107.88,7161.4146422219965,Uji,7157.213730911085,7070.1538167513
4,2024-12-19,6977.24,7108.6173104501395,Uji,7106.157018250289,7032.8298442268915
4,2024-12-20,6983.87,6983.550569477129,Uji,6983.833226163435,6979.913006490517
4,2024-12-23,7096.44,6981.645222434449,Uji,6982.9173326582195,6954.734739030644
4,2024-12-24,7065.75,7087.161827019513,Uji,7086.378289860547,6992.731766458203
4,2024-12-27,7036.57,7065.482690063773,Uji,7064.290216008482,7006.3043810129675
4,2024-12-30,7079.9,7036.335748976523,Uji,7035.9216409004275,6990.393126262476
4,2025-01-02,7163.21,7074.984319199382,Uji,7074.047921966373,6998.379341166069
4,2025-01-03,7164.43,7155.455426365205,Uji,7152.671987141439,7034.539436259323
4,2025-01-06,7080.47,7161.757181170055,Uji,7158.246001817057,7052.3675439274875
4,2025-01-07,7083.28,7083.439973802626,Uji,7081.409768624365,7025.31751623755
4,2025-01-08,7080.35,7080.860692756236,Uji,7079.492140029728,7008.6639903426685
4,2025-01-09,7064.59,7078.299097144663,Uji,7076.958779059708,7008.299060186198
4,2025-01-10,7088.87,7063.402583000718,Uji,7062.367002539692,7002.560550282052
4,2025-01-13,7016.88,7085.095992412627,Uji,7083.762758843958,7007.159280452779
4,2025-01-14,6956.67,7019.384104567818,Uji,7019.123735666328,6988.827086180498
4,2025-01-15,7079.56,6958.705222570941,Uji,6960.124530426905,6954.182870725438
4,2025-01-16,7107.52,7069.715455842076,Uji,7069.4623265922655,6981.550874259519
4,2025-01-17,7154.66,7103.437029402318,Uji,7101.645629305902,7016.356895929627
4,2025-01-20,7170.74,7149.183922962018,Uji,7146.318261979885,7037.537893137986
4,2025-01-21,7181.82,7167.118970627855,Uji,7163.568128326008,7052.630705266055
4,2025-01-22,7257.13,7178.460764085125,Uji,7174.576846094202,7059.5986631608575
4,2025-01-23,7232.64,7249.463751360257,Uji,7244.148295673211,7086.409161803783
4,2025-01-24,7166.06,7231.264559831696,Uji,7225.745773356037,7094.202026295723
4,2025-01-30,7073.48,7167.581687793801,Uji,7163.453069576094,7067.424830050526
4,2025-01-31,7109.2,7077.014524377643,Uji,7075.094620463907,7023.385304915958
4,2025-02-03,7030.06,7104.628831204238,Uji,7102.859150062862,7015.631120848708
4,2025-02-04,7073.46,7032.9499707329815,Uji,7032.283198813254,6997.367186149409
4,2025-02-05,7024.23,7068.5679710507975,Uji,7067.801085090695,6994.922821183254
4,2025-02-06,6875.54,7025.291815474086,Uji,7025.031498284393,6987.993155874658
4,2025-02-07,6742.58,6883.410285365022,Uji,6886.208307315744,6929.335817329926
4,2025-02-10,6648.14,6750.0523074496,Uji,6756.4721461445315,6854.983663764033
4,2025-02-11,6531.99,6653.634923718283,Uji,6662.8590932032575,6840.167199482949
4,2025-02-12,6645.78,6590.871458355861,Uji,6600.683106182742,6840.156055590542
4,2025-02-13,6613.57,6638.381210331627,Uji,6649.432150782654,6840.167199482949
4,2025-02-14,6638.46,6615.358510375624,Uji,6626.017145737267,6840.167199482949
4,2025-02-17,6830.88,6636.602072395243,Uji,6647.091603714386,6840.167199482949
4,2025-02-18,6873.55,6817.805544365077,Uji,6824.666407126814,6840.167199482949
4,2025-02-19,6794.87,6869.5704242396705,Uji,6874.042486361896,6888.233056899347
4,2025-02-20,6788.04,6798.751737811592,Uji,6804.25969066563,6871.572937750256
4,2025-02-21,6803.0,6787.498836934592,Uji,6793.794955153491,6852.889103253517
4,2025-02-24,6749.6,6801.043656398085,Uji,6807.131919046072,6856.325274643931
4,2025-02-25,6587.09,6752.111535874328,Uji,6759.021498987995,6842.088784030111
4,2025-02-26,6606.18,6597.068031364161,Uji,6607.317076968034,6840.167199482949
4,2025-02-27,6485.45,6604.821523786117,Uji,6616.10884532847,6840.167199482949
4,2025-02-28,6270.6,6611.011118933712,Uji,6616.972115615537,6839.863987357052
4,2025-03-03,6519.66,6646.882849650988,Uji,6652.843843100825,6838.645424699815
4,2025-03-04,6380.4,6473.111067585934,Uji,6479.072061035771,6839.427255369456
4,2025-03-05,6531.4,6618.308733074969,Uji,6624.269726524806,6839.2192963749485
4,2025-03-06,6617.85,6509.601019308858,Uji,6515.562015990683,6839.677307767303
4,2025-03-07,6636.0,6612.266619974454,Uji,6623.818663905269,6840.167199482949
4,2025-03-10,6598.21,6634.570412822672,Uji,6645.0673712487605,6840.167199482949
4,2025-03-11,6545.85,6600.4109308314355,Uji,6611.425281953593,6840.167199482949
4,2025-03-12,6665.04,6579.966846132429,Uji,6589.949268939274,6840.132035460503
4,2025-03-13,6647.42,6657.223017906408,Uji,6667.814408539098,6840.167199482949
4,2025-03-14,6515.63,6648.157532536695,Uji,6658.051686536829,6840.167199482949
4,2025-03-17,6471.95,6601.60270354547,Uji,6611.512868810972,6840.078306902678
4,2025-03-18,6223.39,6582.355407604875,Uji,6588.316404286699,6839.639920137556
4,2025-03-19,6311.66,6659.61912930132,Uji,6665.580122751157,6838.400827896627
4,2025-03-20,6381.67,6533.796180854436,Uji,6539.75717753626,6838.371403883727
4,2025-03-21,6258.18,6540.336740741131,Uji,6546.297737422955,6838.85547802213
4,2025-03-24,6161.22,6612.891650777464,Uji,6618.852647459289,6838.402896368535
4,2025-03-25,6235.62,6603.371017556195,Uji,6609.33201423802,6837.730306871565
4,2025-03-26,6472.36,6539.248853796717,Uji,6545.209850478542,6837.905584009917
4,2025-03-27,6510.62,6477.878475176831,Uji,6483.839468626668,6839.144055709274
