Fold,Date,Actual_Close,Predicted_GANN,Data,Predicted_GADAM,Predicted_ADAM
1,2022-01-05,6662.3,6692.254952846187,Latih,6695.291894151885,6741.7318186170105
1,2022-01-06,6653.35,6670.05087566556,Latih,6674.365112580672,6744.5808270699035
1,2022-01-07,6701.32,6665.415107193603,Latih,6670.232509977236,6735.458735410893
1,2022-01-10,6691.12,6696.490125662107,Latih,6699.63690635087,6739.646231330062
1,2022-01-11,6647.97,6691.841285343486,Latih,6694.480933243352,6750.073977859046
1,2022-01-12,6647.06,6664.255816915049,Latih,6668.580287640705,6741.6675882679465
1,2022-01-13,6658.36,6662.454919466985,Latih,6667.4803745639465,6731.187343345903
1,2022-01-14,6693.4,6666.882234713449,Latih,6671.969229827836,6732.461473859274
1,2022-01-17,6645.05,6689.815465620177,Latih,6692.942675465065,6739.802956335867
1,2022-01-18,6614.06,6663.18009572239,Latih,6667.455275352313,6741.829303575183
1,2022-01-19,6591.98,6649.339183471215,Latih,6654.276058080209,6726.127325400136
1,2022-01-20,6626.87,6639.593277757625,Latih,6644.945117558699,6722.499080851398
1,2022-01-21,6726.37,6652.792862422776,Latih,6658.917186114801,6728.93443853172
1,2022-01-24,6655.17,6717.320129146597,Latih,6721.003193158827,6743.185399525786
1,2022-01-25,6568.17,6668.274054048075,Latih,6672.052556256369,6751.08193434539
1,2022-01-26,6600.82,6634.003818371008,Latih,6637.296768470267,6722.495483192227
1,2022-01-27,6611.16,6642.277643189441,Latih,6648.625966003698,6725.836147114359
1,2022-01-28,6645.51,6646.717159881156,Latih,6652.364445572507,6726.076652212463
1,2022-01-31,6631.15,6660.613403286351,Latih,6666.233653782322,6731.070139839374
1,2022-02-02,6707.65,6656.096378667665,Latih,6661.096323090507,6728.495175952338
1,2022-02-03,6683.85,6700.200968667287,Latih,6703.93615126105,6740.052798467303
1,2022-02-04,6731.39,6685.879014568942,Latih,6688.480607464033,6750.375717015292
1,2022-02-07,6804.94,6726.540222729467,Latih,6729.186443478786,6758.209519631293
1,2022-02-08,6789.52,6797.468674646649,Latih,6799.204624323877,6803.641308254632
1,2022-02-09,6834.61,6790.5387179577665,Latih,6791.496054008038,6826.2551598698265
1,2022-02-10,6823.64,6829.784558469094,Latih,6830.7011702835935,6836.958016547002
1,2022-02-11,6815.61,6824.166681795156,Latih,6824.613340148962,6850.261843650381
1,2022-02-14,6734.49,6815.873370535409,Latih,6816.4864707398765,6843.077603145281
1,2022-02-15,6807.5,6741.866419601465,Latih,6742.968031279767,6810.056873534356
1,2022-02-16,6850.2,6800.074835830364,Latih,6801.762317336831,6805.778782016072
1,2022-02-17,6835.12,6845.570263984839,Latih,6846.202207061091,6849.6292253536385
1,2022-02-18,6892.82,6836.014227107801,Latih,6836.224009673633,6860.496920232814
1,2022-02-21,6902.96,6886.6780038953275,Latih,6886.781650240466,6875.983270964666
1,2022-02-22,6861.99,6901.3193161845675,Latih,6900.703726104544,6901.9285760725015
1,2022-02-23,6920.06,6865.291449922365,Latih,6864.757814729255,6890.714049968765
1,2022-02-24,6817.82,6913.827775752593,Latih,6913.486705002833,6896.374001319455
1,2022-02-25,6888.17,6827.035989064015,Latih,6826.519107779301,6880.997120709463
1,2022-03-01,6921.44,6880.834709081098,Latih,6881.161790106341,6867.610241485876
1,2022-03-02,6868.4,6917.562884494116,Latih,6916.911212319184,6906.957702680874
1,2022-03-04,6928.33,6872.836047162456,Latih,6872.056652811809,6900.190558532523
1,2022-03-07,6869.07,6921.9042357320095,Latih,6921.448483002236,6901.892029763507
1,2022-03-08,6814.18,6874.0960718977885,Latih,6873.233435521169,6903.089153490114
1,2022-03-09,6864.44,6818.9015234244225,Latih,6818.994239637887,6860.032241932195
1,2022-03-10,6924.01,6859.062751913111,Latih,6859.547686828416,6857.453912493032
1,2022-03-11,6922.6,6917.6271781451005,Latih,6917.23848325019,6898.774199153231
1,2022-03-14,6952.2,6922.017736076166,Latih,6920.944388705541,6921.1775507808225
1,2022-03-15,6918.19,6948.609607003981,Latih,6947.408431954437,6931.55640712624
1,2022-03-16,6992.4,6920.7161219788095,Latih,6919.337026330282,6930.398403986744
1,2022-03-17,6964.38,6984.487067902147,Latih,6983.1411846614465,6941.572627867513
1,2022-03-18,6954.96,6966.243285496291,Latih,6964.172468657549,6961.296535787637
1,2022-03-21,6955.18,6955.07391476279,Latih,6953.374258186872,6948.652441303783
1,2022-03-22,7000.82,6954.376960613782,Latih,6952.7855503225865,6945.108630967194
1,2022-03-23,6996.12,6995.606345715583,Latih,6993.790087001384,6957.044925572927
1,2022-03-24,7049.69,6995.7019738174085,Latih,6993.378751119435,6972.333267896232
1,2022-03-25,7002.53,7043.623637995787,Latih,7041.093924431867,6984.135320228397
1,2022-03-28,7049.6,7006.135945035281,Latih,7003.214223775925,6991.586884745419
1,2022-03-29,7011.69,7044.1518292237,Latih,7041.548136814899,6986.4261745441545
1,2022-03-30,7053.19,7014.397985146108,Latih,7011.432627762619,6993.862504398883
1,2022-03-31,7071.44,7048.26413301117,Latih,7045.536622045107,6990.63684951669
1,2022-04-01,7078.76,7068.687738163541,Latih,7065.389581481289,7010.213854779067
1,2022-04-04,7116.22,7077.032155174089,Latih,7073.486445779871,7018.645206427637
1,2022-04-05,7148.3,7111.550861440974,Latih,7107.737680330352,7030.726209224527
1,2022-04-06,7104.22,7144.077540659986,Latih,7139.673204010805,7052.329930987426
1,2022-04-07,7127.37,7107.327568285541,Latih,7102.7656098533425,7052.80127709038
1,2022-04-08,7210.83,7124.03885338791,Latih,7119.875781459886,7042.72496172554
1,2022-04-11,7203.79,7201.596198058218,Latih,7196.757736835569,7072.110346422266
1,2022-04-12,7214.78,7203.174694757551,Latih,7197.401728377431,7100.459267667607
1,2022-04-13,7262.78,7212.428338358493,Latih,7206.683520232529,7100.6876187969
1,2022-04-14,7235.53,7256.81252239237,Latih,7250.706165895558,7116.749046379405
1,2022-04-18,7275.29,7236.7720626665105,Latih,7230.241330092046,7127.207114528496
1,2022-04-19,7199.23,7270.080689413646,Latih,7263.672593760588,7127.390479092676
1,2022-04-20,7227.36,7205.186092193217,Latih,7198.687052780479,7122.575566184599
1,2022-04-21,7276.19,7223.353237073514,Latih,7217.6000630939925,7102.211633642987
1,2022-04-22,7225.61,7270.116560502151,Latih,7263.7988599921255,7124.6684964943715
1,2022-04-25,7215.98,7229.090163560007,Latih,7222.452155330273,7129.547513147671
1,2022-04-26,7232.15,7215.586386789175,Latih,7209.582368397803,7108.865382950382
1,2022-04-27,7196.76,7229.270742839668,Latih,7223.299725849721,7109.4640925181675
1,2022-04-28,7228.91,7198.854380858033,Latih,7192.868129205792,7106.382808216886
1,2022-05-09,6909.75,7224.517908015344,Latih,7218.7858768773995,7101.710704442337
1,2022-05-10,6819.79,6939.404030661635,Latih,6934.853972990564,7032.893582593268
1,2022-05-11,6816.2,6827.834479494131,Latih,6827.427659149206,6877.75652657394
1,2022-05-12,6599.84,6816.040065593755,Latih,6816.69498726729,6841.813738093415
1,2022-05-13,6597.99,6649.4487432707965,Latih,6651.531598024827,6765.341029636292
1,2022-05-17,6644.47,6641.488980382543,Latih,6647.097889284354,6724.038731271945
1,2022-05-18,6793.41,6660.042841972721,Latih,6666.155982325389,6731.457420991384
1,2022-05-19,6823.33,6780.181658573777,Latih,6783.375472589762,6769.301029002098
1,2022-05-20,6918.14,6819.969658936894,Latih,6820.89608254913,6834.293005677499
1,2022-05-23,6840.77,6908.418584411193,Latih,6908.53565076356,6880.788519779488
1,2022-05-24,6914.14,6847.575056920091,Latih,6846.968624517957,6888.726074243829
1,2022-05-25,6883.5,6906.465087132501,Latih,6906.399210933495,6886.0238840461225
1,2022-05-27,7026.26,6885.775824918792,Latih,6885.00755060558,6902.952801152514
1,2022-05-30,7037.56,7011.761164732042,Latih,7010.652959103647,6937.584016033463
1,2022-05-31,7148.97,7035.536986407107,Latih,7032.716506019896,6991.95715878135
1,2022-06-02,7148.72,7137.203838278136,Latih,7133.709276835998,7024.108331005637
1,2022-06-03,7182.96,7147.5704984534605,Latih,7142.78390260466,7064.2560550845365
1,2022-06-06,7096.58,7178.462046854582,Latih,7173.511583433236,7072.79350075252
1,2022-06-07,7141.04,7103.7247183574,Latih,7098.797634445504,7063.385864678691
1,2022-06-08,7193.31,7135.655177884182,Latih,7131.514177225908,7043.411956372328
1,2022-06-09,7182.83,7187.077016275016,Latih,7182.165167025414,7072.629590978693
1,2022-06-10,7086.65,7182.58414133915,Latih,7177.116670029249,7088.854421919657
1,2022-06-13,6995.44,7094.746564716175,Latih,7089.86932051666,7060.8368651295405
1,2022-06-14,7049.88,7003.2483224106445,Latih,6999.932061379017,7003.140160528483
1,2022-06-15,7007.05,7043.730576040812,Latih,7041.20778348691,6983.937776033937
1,2022-06-16,7050.33,7010.235082023206,Latih,7007.289095027509,6992.7943899870515
1,2022-06-17,6936.97,7045.240706665583,Latih,7042.580928754874,6988.241462628901
1,2022-06-20,6976.38,6947.002413433844,Latih,6944.392728443198,6975.089728940782
1,2022-06-21,7044.07,6971.808030757961,Latih,6970.322208070812,6944.314107457452
1,2022-06-22,6984.31,7036.672538465327,Latih,7034.399366486138,6975.594540659246
1,2022-06-23,6998.27,6989.150689219296,Latih,6986.382960432827,6984.967445079147
1,2022-06-24,7042.94,6996.073513891757,Latih,6993.931461291373,6966.916100512799
1,2022-06-27,7016.06,7037.733478659457,Latih,7035.211698936289,6983.210436962901
1,2022-06-28,6996.46,7017.710448062483,Latih,7014.801133979622,6992.559877470791
1,2022-06-29,6942.35,6997.457884700359,Latih,6994.956108384193,6977.919451408444
1,2022-06-30,6911.58,6946.738360021168,Latih,6944.727722208553,6956.344679724033
1,2022-07-01,6794.33,6913.811443857003,Latih,6912.5789132559785,6924.169115159561
1,2022-07-04,6639.17,6805.020551607642,Latih,6804.716575783525,6869.066818685574
1,2022-07-05,6703.27,6664.2331970286505,Latih,6666.835665600313,6766.697990713147
1,2022-07-06,6646.41,6696.902611528952,Latih,6700.209757083971,6739.029269708419
1,2022-07-07,6652.59,6664.046414160742,Latih,6668.166008219435,6744.378672385538
1,2022-07-08,6740.22,6664.584311683192,Latih,6669.658087246432,6731.543258396112
1,2022-07-11,6722.15,6731.540800171518,Latih,6734.728473901176,6749.438110063697
1,2022-07-12,6718.29,6723.556824298523,Latih,6725.5937218579875,6776.49242262426
1,2022-07-13,6640.99,6718.35358575674,Latih,6720.619056002221,6768.114561098842
1,2022-07-14,6690.09,6662.410196659876,Latih,6666.262097445442,6747.268943140532
1,2022-07-15,6651.9,6685.17537151696,Latih,6688.520371620672,6736.873132430637
1,2022-07-18,6659.25,6665.771739665582,Latih,6670.129275094583,6741.939406716252
1,2022-07-19,6736.09,6667.3950646752255,Latih,6672.4066883024725,6733.741090539121
1,2022-07-20,6874.74,6728.445019730352,Latih,6731.353880149447,6750.47716889384
1,2022-07-21,6864.13,6860.938176822704,Latih,6862.279460123818,6831.203871938027
1,2022-07-22,6886.96,6864.540646939319,Latih,6864.324112168592,6880.644064796015
1,2022-07-25,6858.41,6884.145125235364,Latih,6883.940533427044,6884.984677511498
1,2022-07-26,6871.54,6860.5378554749905,Latih,6860.207377246659,6883.236025248811
1,2022-07-27,6898.22,6869.678568449063,Latih,6869.615477534575,6877.094050871177
1,2022-07-28,6956.82,6895.0163228208285,Latih,6894.670884238528,6891.990765310571
1,2022-07-29,6951.12,6950.463087247664,Latih,6949.522378501946,6923.879192361882
1,2022-08-01,6968.78,6950.888011941964,Latih,6949.294786995703,6944.326345828825
1,2022-08-02,6988.16,6966.291310553606,Latih,6964.678251005467,6947.506212321573
1,2022-08-03,7046.63,6985.46862748748,Latih,6983.556107652246,6958.763488322551
1,2022-08-04,7057.35,7040.103966791697,Latih,7037.6815710843275,6980.491281850396
1,2022-08-05,7084.65,7055.342131792376,Latih,7052.1887255025595,7004.295842597546
1,2022-08-08,7086.85,7081.010638700796,Latih,7077.5998045993565,7015.0439179468785
1,2022-08-09,7102.88,7085.592558338715,Latih,7081.8541156960255,7025.451513364379
1,2022-08-10,7086.24,7100.275312285498,Latih,7096.43322329767,7030.284741628235
1,2022-08-11,7160.38,7086.774996019675,Latih,7082.82795244701,7031.877502360409
1,2022-08-12,7129.28,7152.134229339444,Latih,7148.019013663612,7044.553247804709
1,2022-08-15,7093.28,7131.102841343959,Latih,7126.2785597515895,7063.475795607636
1,2022-08-16,7133.45,7095.641442871168,Latih,7091.353581756427,7043.179849329062
1,2022-08-18,7186.56,7128.488387608607,Latih,7124.422631833631,7040.308431996174
1,2022-08-19,7172.43,7180.260792037335,Latih,7175.469976060476,7068.189298838447
1,2022-08-22,7107.98,7172.552221721496,Latih,7167.21375972637,7083.797611271216
1,2022-08-23,7163.27,7113.016680721121,Latih,7108.156317033844,7062.457900719713
1,2022-08-24,7194.71,7156.8105110407705,Latih,7152.42892088183,7053.127999404737
1,2022-08-25,7174.21,7190.454637968628,Latih,7185.277933482019,7081.005743352247
1,2022-08-26,7135.25,7174.9342308033365,Latih,7169.492502274597,7087.187682342603
1,2022-08-29,7132.04,7137.808118414959,Latih,7132.7941842676,7069.971754326891
1,2022-08-30,7159.47,7131.205643663486,Latih,7126.659595114072,7055.101204681465
1,2022-09-02,7177.18,7154.341314113222,Uji,7149.189592784725,7076.050342381072
1,2022-09-05,7231.88,7173.659794330682,Uji,7168.686542217816,7072.917952328991
1,2022-09-06,7233.15,7225.338047702405,Uji,7219.818711018654,7095.3921599067
1,2022-09-07,7186.76,7231.685373511407,Uji,7225.524957174155,7115.454775304871
1,2022-09-08,7232.02,7189.920454158871,Uji,7183.971297432271,7104.224001708106
1,2022-09-09,7242.66,7226.375228575561,Uji,7220.744016296955,7098.885159901455
1,2022-09-12,7254.46,7240.285192672109,Uji,7234.076835680102,7117.901647754985
1,2022-09-13,7318.02,7251.951103673077,Uji,7245.561745388603,7124.715213311989
1,2022-09-14,7278.08,7310.461491165265,Uji,7303.625474526985,7144.9898057425835
1,2022-09-15,7305.6,7280.442623045545,Uji,7273.0633071208995,7157.866260477387
1,2022-09-16,7168.87,7301.493128221138,Uji,7294.443404297931,7150.385323869072
1,2022-09-19,7195.49,7180.6557116211325,Uji,7173.952755620565,7125.865198208172
1,2022-09-20,7196.95,7191.691304295151,Uji,7186.445769519893,7083.223420647455
1,2022-09-21,7188.31,7195.540440896838,Uji,7189.978776328651,7093.199170360639
1,2022-09-22,7218.91,7187.8781653858105,Uji,7182.341737183418,7091.549015886857
1,2022-09-23,7178.58,7214.685516052337,Uji,7209.100260968298,7096.14114823468
1,2022-09-26,7127.5,7181.180779954281,Uji,7175.436805853929,7097.023239401653
1,2022-09-27,7112.45,7131.226069083293,Uji,7126.199136941512,7069.596120728325
1,2022-09-28,7077.03,7112.780902166443,Uji,7108.420286043958,7047.367777811356
1,2022-09-29,7036.2,7079.369177690816,Uji,7075.355878107619,7033.010817750758
1,2022-09-30,7040.8,7039.136038219995,Uji,7035.732842550344,7009.938660228315
1,2022-10-03,7009.72,7039.407476856775,Uji,7036.455834889478,6996.361157820285
1,2022-10-04,7072.26,7011.782602982584,Uji,7008.928952388826,6990.189980156481
1,2022-10-05,7075.38,7065.2951772166,Uji,7062.497612124751,6994.7310067535045
1,2022-10-06,7076.62,7074.058273131918,Uji,7070.51961135156,7018.089457763497
1,2022-10-07,7026.78,7075.474548108649,Uji,7071.893558443856,7019.528015016381
1,2022-10-10,6994.4,7030.591713743275,Uji,7027.239201811617,7007.417049310269
1,2022-10-11,6939.15,6996.617150788367,Uji,6994.0009245992305,6981.269515665827
1,2022-10-12,6909.21,6943.653151000791,Uji,6941.682055788093,6954.371263440902
1,2022-10-13,6880.63,6911.367314490129,Uji,6910.183484166909,6922.063229056646
1,2022-10-14,6814.53,6882.715767861649,Uji,6882.01872931008,6899.996685849475
1,2022-10-17,6831.12,6820.316616765296,Uji,6820.273444855248,6864.609857039493
1,2022-10-18,6834.49,6829.011283304132,Uji,6829.654536323585,6845.294584119359
1,2022-10-19,6860.42,6833.631374000348,Uji,6834.065625177659,6852.922127976458
1,2022-10-20,6980.65,6857.364065966647,Uji,6857.63284592275,6863.786299048704
1,2022-10-21,7017.77,6968.3854224992365,Uji,6967.767342543659,6917.761230512907
1,2022-10-24,7053.04,7013.33214960343,Uji,7011.137514207426,6970.508695529756
1,2022-10-25,7048.38,7048.706782243319,Uji,7045.909428157874,6992.793461558878
1,2022-10-26,7043.94,7047.852543921538,Uji,7044.6684995020105,7004.349142814936
1,2022-10-27,7091.76,7043.400646429129,Uji,7040.292268905706,7001.548412627043
1,2022-10-28,7056.04,7086.1552702141535,Uji,7082.865469385458,7011.995424040619
1,2022-10-31,7098.89,7058.450129504273,Uji,7054.779293313095,7020.254299055401
1,2022-11-01,7052.3,7093.743440276458,Uji,7090.2784197307365,7018.159258681599
1,2022-11-02,7015.69,7055.751188805172,Uji,7052.015784654685,7021.8852941477935
1,2022-11-03,7034.57,7018.266323330466,Uji,7015.250155605141,6995.84490955478
1,2022-11-04,7045.53,7031.832346990173,Uji,7029.149189570015,6987.388743553221
1,2022-11-07,7102.4,7043.523241149254,Uji,7040.5674212551785,6996.964678334058
1,2022-11-08,7050.13,7095.913387923315,Uji,7092.55332196243,7015.250324410263
1,2022-11-09,7070.08,7054.125595476696,Uji,7050.360017410585,7022.605374598567
1,2022-11-10,6966.84,7067.168871873688,Uji,7063.912832069467,7008.766730666222
1,2022-11-11,7089.21,6975.84990060812,Uji,6972.86534164196,6989.953146569788
1,2022-11-14,7019.39,7076.522574710918,Uji,7074.140185817551,6983.525553925096
1,2022-11-15,7035.5,7025.116308592622,Uji,7021.653609117333,7010.098982893291
1,2022-11-16,7014.38,7033.023857946461,Uji,7030.2931818843535,6988.958504587471
1,2022-11-17,7044.99,7015.486187367502,Uji,7012.671446354452,6989.451288940966
1,2022-11-18,7082.18,7041.116037902899,Uji,7038.397262601919,6989.5415152788755
1,2022-11-21,7063.25,7077.605332967115,Uji,7074.349968383383,7009.960478290382
1,2022-11-22,7030.59,7064.0492266083465,Uji,7060.454521527359,7018.613386662069
1,2022-11-23,7054.12,7032.760606358117,Uji,7029.544699971741,7003.551496410431
1,2022-11-24,7080.52,7050.900742418834,Uji,7047.949353659221,6997.692650424303
1,2022-11-25,7053.15,7076.974550426078,Uji,7073.62136327393,7012.837466192308
1,2022-11-28,7017.36,7054.7720768941135,Uji,7051.24578008897,7015.469306855264
1,2022-11-29,7012.07,7019.854948337142,Uji,7016.820760665003,6996.572501833499
1,2022-11-30,7081.31,7011.675833742681,Uji,7009.0829026604315,6982.322015603839
1,2022-12-01,7020.8,7073.689898153614,Uji,7070.820970696282,6997.859598690332
1,2022-12-02,7019.64,7025.638254031007,Uji,7022.260421330992,7007.602945951286
1,2022-12-05,6987.33,7018.837897474829,Uji,7016.168075659338,6985.471075161754
1,2022-12-06,6892.57,6989.554766480982,Uji,6987.055902053176,6976.911051808654
1,2022-12-07,6818.75,6900.923763581562,Uji,6899.261708346652,6934.464117560438
1,2022-12-08,6804.23,6825.262058234251,Uji,6825.059703093803,6870.761622114224
1,2022-12-09,6715.12,6805.13339783195,Uji,6805.858753442798,6836.997010530271
1,2022-12-12,6734.45,6723.295218560122,Uji,6724.623303410731,6798.530754275354
1,2022-12-13,6810.32,6732.276115284585,Uji,6734.544434116507,6771.371803639559
1,2022-12-14,6801.75,6802.617230879101,Uji,6804.291440082821,6806.803893322978
1,2022-12-15,6751.86,6802.0927111626,Uji,6802.928001109395,6832.837947723903
1,2022-12-16,6812.19,6756.232094226506,Uji,6757.409953068522,6811.13226766709
1,2022-12-19,6779.7,6805.960922743116,Uji,6807.423914537463,6814.193527460729
1,2022-12-20,6768.32,6782.361502420932,Uji,6783.282503168613,6825.421811181939
1,2022-12-21,6820.66,6768.997454090147,Uji,6770.351060165195,6808.720253474747
1,2022-12-22,6824.43,6815.173441196119,Uji,6816.404136041438,6823.652775700724
1,2022-12-23,6800.67,6823.5536659932495,Uji,6824.15841034416,6845.185156198779
1,2022-12-26,6835.81,6802.4591237813565,Uji,6803.1358846176,6837.869226597585
1,2022-12-27,6923.03,6831.928130315579,Uji,6832.709444824494,6841.691480983534
1,2022-12-28,6850.52,6914.0203401959425,Uji,6913.968728029777,6887.395299061582
1,2022-12-29,6860.08,6856.8433021641185,Uji,6856.132590397637,6894.205277509735
1,2022-12-30,6850.62,6858.581129798334,Uji,6858.665511258881,6869.829480228466
1,2023-01-02,6850.98,6850.948585089485,Uji,6850.968082081119,6870.017908946318
1,2023-01-03,6888.76,6850.374225660602,Uji,6850.501757930557,6866.510349509758
1,2023-01-04,6813.24,6884.520125814721,Uji,6884.459440373227,6880.5884857094725
1,2023-01-05,6653.84,6819.924798975622,Uji,6819.7935740936155,6867.262460732502
1,2023-01-06,6684.56,6670.652265014663,Uji,6673.0064634525925,6779.387620378762
1,2023-01-09,6688.27,6681.404054076687,Uji,6684.62681817116,6737.550051521683
1,2023-01-10,6622.5,6687.674552454369,Uji,6690.522643029409,6745.415779406453
1,2023-01-11,6584.45,6654.112923754913,Uji,6658.378771626664,6737.619008414174
1,2023-01-12,6629.93,6636.904802976112,Uji,6642.087705775808,6720.960865274391
1,2023-01-13,6641.83,6654.177307083619,Uji,6660.418971436335,6729.738752738558
1,2023-01-16,6688.06,6659.788895766748,Uji,6665.087403699471,6729.712049878262
1,2023-01-17,6767.34,6683.42235142173,Uji,6686.767478129284,6736.517871500278
1,2023-01-18,6765.79,6759.399870052364,Uji,6761.822054753331,6773.093974598675
1,2023-01-19,6819.91,6765.537983012823,Uji,6767.047417316465,6803.030423617396
1,2023-01-20,6874.93,6814.2557532489645,Uji,6815.519428395068,6822.402457259929
1,2023-01-24,6860.85,6869.078951553744,Uji,6869.4462926006745,6863.529377652449
1,2023-01-25,6829.93,6861.597149819177,Uji,6861.394414867204,6879.506951290413
1,2023-01-26,6864.82,6832.340732235945,Uji,6832.452101415433,6862.680287886899
1,2023-01-27,6898.98,6860.903276363652,Uji,6861.203580676359,6863.654989764136
1,2023-01-30,6872.48,6895.063651557015,Uji,6894.7924661279185,6889.685182747886
1,2023-01-31,6839.34,6874.3844965500075,Uji,6873.845902706427,6893.0529293418385
1,2023-02-01,6862.26,6841.94276850883,Uji,6841.873284100333,6870.62767524962
1,2023-02-02,6890.57,6859.486516072195,Uji,6859.690031747859,6866.331542683882
1,2023-02-03,6911.73,6887.22678934817,Uji,6887.02637546663,6885.597060294196
1,2023-02-06,6873.79,6909.02383517747,Uji,6908.391617792893,6904.298557789373
1,2023-02-07,6935.3,6876.7795036262705,Uji,6876.0865796995595,6898.442708094167
1,2023-02-08,6940.12,6928.709888548902,Uji,6928.157642591051,6906.537926542806
1,2023-02-09,6897.37,6938.910022471004,Uji,6937.620266933493,6931.9864381754915
1,2023-02-10,6880.33,6900.769159190106,Uji,6899.631729174899,6918.067949420263
1,2023-02-13,6900.14,6881.319221983596,Uji,6880.761088947102,6895.32977283244
1,2023-02-14,6941.85,6897.585642286585,Uji,6897.128771222876,6896.081715250061
1,2023-02-15,6914.54,6937.129212832503,Uji,6936.239145623497,6919.09457997327
1,2023-02-16,6895.66,6916.436490113784,Uji,6915.195350451519,6925.068846461823
1,2023-02-17,6895.71,6896.793165538953,Uji,6895.961019587563,6907.593338369179
1,2023-02-20,6894.72,6895.043289439128,Uji,6894.430083731459,6900.346450063037
1,2023-02-21,6873.4,6894.154171758936,Uji,6893.545207279966,6900.000399562167
1,2023-02-22,6809.97,6874.810159766717,Uji,6874.3165735888915,6891.7530454969865
1,2023-02-23,6839.45,6815.511979869043,Uji,6815.57496528033,6860.145130357783
1,2023-02-24,6856.58,6836.098882876672,Uji,6836.754521971979,6846.613331936637
1,2023-02-27,6854.78,6854.368492466252,Uji,6854.598447244208,6864.278154974026
1,2023-02-28,6843.24,6854.37191076998,Uji,6854.411748778861,6870.205915651364
1,2023-03-01,6844.94,6843.781267297903,Uji,6843.898228147069,6865.255388928098
1,2023-03-02,6857.42,6844.219042282143,Uji,6844.461699645558,6861.441828005951
1,2023-03-03,6813.64,6855.64887931947,Uji,6855.810974438231,6866.700719486517
1,2023-03-06,6807.0,6817.306315017974,Uji,6817.536902815139,6855.349883246462
1,2023-03-07,6766.76,6807.14863558415,Uji,6807.919779584441,6836.052609172501
1,2023-03-08,6776.37,6770.184491710691,Uji,6771.228804600268,6818.650172597205
1,2023-03-09,6799.79,6775.035550015598,Uji,6776.500166559249,6806.710881700549
1,2023-03-10,6765.3,6797.095235514673,Uji,6798.334138509068,6819.050198535954
1,2023-03-13,6786.96,6768.180753807454,Uji,6769.315904953508,6815.33695005778
1,2023-03-14,6641.81,6784.458505154283,Uji,6785.888432245285,6810.056430420909
1,2023-03-15,6628.14,6665.028374658241,Uji,6667.762120863511,6764.835964710144
1,2023-03-16,6565.73,6654.785322033776,Uji,6659.833259862972,6727.209239630722
1,2023-03-17,6678.24,6632.509376072297,Uji,6636.150829621861,6717.771957157275
1,2023-03-20,6612.49,6674.586606001869,Uji,6681.287546891288,6738.165820957148
1,2023-03-21,6691.61,6649.8289187821865,Uji,6654.217245320541,6733.888647316718
1,2023-03-24,6762.25,6684.478607273714,Uji,6688.463600347953,6738.293057818139
1,2023-03-27,6708.93,6755.14159203532,Uji,6757.547360438135,6772.58203086379
1,2023-03-28,6760.33,6713.7149581480235,Uji,6715.560525651595,6780.092212959558
1,2023-03-29,6839.44,6755.054762900498,Uji,6757.268831986215,6778.5386572170555
1,2023-03-30,6808.95,6831.37031378869,Uji,6832.602211370506,6827.507292965687
1,2023-03-31,6805.28,6811.3622435456855,Uji,6811.824410870109,6846.700393178502
1,2023-04-03,6827.17,6805.14972972754,Uji,6805.9837114346365,6833.613185248412
1,2023-04-04,6833.18,6824.565357292927,Uji,6825.335277456082,6840.277611479798
1,2023-04-05,6819.67,6832.073007311858,Uji,6832.559545875825,6850.918748784105
1,2023-04-06,6792.77,6820.44619579736,Uji,6820.928788541591,6848.246774703303
1,2023-04-10,6771.23,6794.87363350037,Uji,6795.644144481453,6833.122658663429
1,2023-04-11,6811.31,6772.867564728289,Uji,6774.055277569323,6814.823508177435
2,2022-01-05,6662.3,6697.1763671373,Latih,6703.659779587853,6774.285895289806
2,2022-01-06,6653.35,6667.038408877415,Latih,6674.082455575629,6774.285895289806
2,2022-01-07,6701.32,6656.3612365740655,Latih,6664.623417330546,6774.285895289806
2,2022-01-10,6691.12,6702.198041137922,Latih,6708.75013722511,6774.285895289806
2,2022-01-11,6647.97,6695.269726423489,Latih,6700.993213343191,6774.285895289806
2,2022-01-12,6647.06,6652.92211113469,Latih,6660.656189047707,6774.285895289806
2,2022-01-13,6658.36,6649.402531564396,Latih,6658.2901963870345,6774.285895289806
2,2022-01-14,6693.4,6660.273334103686,Latih,6668.727149717076,6774.285895289806
2,2022-01-17,6645.05,6694.84631371917,Latih,6701.589349643606,6774.285895289806
2,2022-01-18,6614.06,6650.238113348495,Latih,6658.031368822765,6774.285895289806
2,2022-01-19,6591.98,6617.314740481681,Latih,6627.61373240874,6774.285895289806
2,2022-01-20,6626.87,6594.06882419635,Latih,6606.063608049643,6774.285895289806
2,2022-01-21,6726.37,6626.454792726719,Latih,6637.608742913464,6774.285895289806
2,2022-01-24,6655.17,6724.800114188513,Latih,6731.023544445357,6774.285895289806
2,2022-01-25,6568.17,6662.040488855255,Latih,6668.570848763003,6774.285895289806
2,2022-01-26,6600.82,6573.560743797934,Latih,6585.455358643013,6774.285895289806
2,2022-01-27,6611.16,6600.830720936623,Latih,6612.633956810465,6774.285895289806
2,2022-01-28,6645.51,6611.804874020709,Latih,6623.3659515921845,6774.285895289806
2,2022-01-31,6631.15,6645.651953241314,Latih,6655.555013765705,6774.285895289806
2,2022-02-02,6707.65,6633.867956520626,Latih,6643.463285879503,6774.285895289806
2,2022-02-03,6683.85,6706.9607306343505,Latih,6713.831168146898,6774.285895289806
2,2022-02-04,6731.39,6688.627277780191,Latih,6694.481215406524,6774.285895289806
2,2022-02-07,6804.94,6733.139879317306,Latih,6737.685442429208,6774.285895289806
2,2022-02-08,6789.52,6807.166849537226,Latih,6807.504920553001,6793.263608951002
2,2022-02-09,6834.61,6796.755903394551,Latih,6795.8146225717965,6805.560816037389
2,2022-02-10,6823.64,6839.412107413447,Latih,6837.044758343434,6821.3554069048505
2,2022-02-11,6815.61,6831.563071006273,Latih,6828.472811807429,6827.268589352404
2,2022-02-14,6734.49,6823.127393164073,Latih,6820.6461057094075,6821.218757071231
2,2022-02-15,6807.5,6744.19767577576,Latih,6745.207752335095,6784.361079675584
2,2022-02-16,6850.2,6809.83184638265,Latih,6809.986073487731,6795.2651310587235
2,2022-02-17,6835.12,6855.58667225633,Latih,6852.122963298895,6832.3179744595645
2,2022-02-18,6892.82,6843.617290250696,Latih,6839.658861813581,6835.895666641629
2,2022-02-21,6902.96,6898.487455936416,Latih,6892.583779564246,6857.205417889992
2,2022-02-22,6861.99,6911.822013498889,Latih,6904.014588591502,6875.1929078922085
2,2022-02-23,6920.06,6872.826612561684,Latih,6866.4151234361925,6859.92792200748
2,2022-02-24,6817.82,6926.470785982955,Latih,6918.769048904227,6875.287094266456
2,2022-02-25,6888.17,6831.162762100732,Latih,6826.096606841718,6844.926303734816
2,2022-03-01,6921.44,6892.932881214662,Latih,6887.6651254135795,6851.118480526843
2,2022-03-02,6868.4,6929.406705976773,Latih,6920.971566214311,6882.060352336211
2,2022-03-04,6928.33,6880.155258601648,Latih,6873.005994894545,6867.051918386857
2,2022-03-07,6869.07,6934.85956120794,Latih,6926.657163352418,6880.364235320133
2,2022-03-08,6814.18,6881.224579982203,Latih,6873.869904334884,6868.966697556714
2,2022-03-09,6864.44,6824.523844605718,Latih,6820.924651654099,6831.32387214247
2,2022-03-10,6924.01,6869.764602549117,Latih,6865.551595135669,6840.031840752399
2,2022-03-11,6922.6,6930.440088114787,Latih,6922.515047944534,6877.567767658573
2,2022-03-14,6952.2,6932.7208063468825,Latih,6923.311159337806,6891.018528024598
2,2022-03-15,6918.19,6961.256094105296,Latih,6950.684800200514,6903.443327269003
2,2022-03-16,6992.4,6930.181114820589,Latih,6920.220384479212,6895.770646496161
2,2022-03-17,6964.38,6999.857575833856,Latih,6987.773156864103,6919.72873653804
2,2022-03-18,6954.96,6977.3034703499625,Latih,6964.432647842222,6925.165628736961
2,2022-03-21,6955.18,6966.4807138473325,Latih,6954.716407482079,6914.492929221438
2,2022-03-22,7000.82,6966.117240983897,Latih,6954.587761584572,6912.364644495295
2,2022-03-23,6996.12,7010.262020179689,Latih,6996.879528680502,6932.087351974596
2,2022-03-24,7049.69,7008.5093151111,Latih,6994.135904933271,6940.832649866393
2,2022-03-25,7002.53,7060.021033688254,Latih,7043.600813024704,6962.8120413494635
2,2022-03-28,7049.6,7017.697026647986,Latih,7001.799326250612,6955.128621401838
2,2022-03-29,7011.69,7060.32612490005,Latih,7043.743673195307,6964.286021113448
2,2022-03-30,7053.19,7026.548707388105,Latih,7010.282556889712,6959.055347974353
2,2022-03-31,7071.44,7064.35786670155,Latih,7047.3929748225855,6967.995049591714
2,2022-04-01,7078.76,7084.543255496094,Latih,7065.765617817707,6985.654736933168
2,2022-04-04,7116.22,7092.737761515449,Latih,7073.191566610404,6989.525951612648
2,2022-04-05,7148.3,7129.4072679425035,Latih,7108.155270586086,7003.344870619832
2,2022-04-06,7104.22,7162.718439360937,Latih,7139.198435906248,7015.601788985789
2,2022-04-07,7127.37,7122.057905832603,Latih,7099.492007434439,6999.892147457062
2,2022-04-08,7210.83,7141.7462434686,Latih,7119.384008251503,7007.773535908519
2,2022-04-11,7203.79,7223.863534018486,Latih,7197.523858213509,7038.654470187488
2,2022-04-12,7214.78,7222.161856845109,Latih,7193.9471973509435,7037.207035690609
2,2022-04-13,7262.78,7232.357929812163,Latih,7203.880552885617,7041.136676861707
2,2022-04-14,7235.53,7279.443583819366,Latih,7248.738870654794,7058.865641969508
2,2022-04-18,7275.29,7256.030613392683,Latih,7225.186716935723,7049.535698021715
2,2022-04-19,7199.23,7292.809394846656,Latih,7261.0613002289265,7063.728627287216
2,2022-04-20,7227.36,7221.695879791467,Latih,7191.997510258043,7036.410363797608
2,2022-04-21,7276.19,7244.243124758692,Latih,7215.374653542129,7045.682374493544
2,2022-04-22,7225.61,7293.179773066737,Latih,7261.60677856395,7063.947536060877
2,2022-04-25,7215.98,7247.258882333727,Latih,7216.469511290279,7046.0842752183125
2,2022-04-26,7232.15,7234.8530055601295,Latih,7205.762397091474,7041.871917984549
2,2022-04-27,7196.76,7249.8994638110125,Latih,7220.403546779243,7047.66362893111
2,2022-04-28,7228.91,7216.668466273633,Latih,7188.186605349266,7034.921138441029
2,2022-05-09,6909.75,7245.590790304036,Latih,7216.723440086928,7046.216553154056
2,2022-05-10,6819.79,6938.947554762115,Latih,6922.167089713561,6916.994372246312
2,2022-05-11,6816.2,6832.436957341766,Latih,6827.557874471878,6843.342219404317
2,2022-05-12,6599.84,6823.46239264134,Latih,6821.056839909886,6820.564452109073
2,2022-05-13,6597.99,6614.034718495017,Latih,6620.479860024161,6773.6906221589725
2,2022-05-17,6644.47,6599.010268265944,Latih,6611.129799741139,6774.285895289806
2,2022-05-18,6793.41,6643.840664741183,Latih,6654.126669889551,6774.285895289806
2,2022-05-19,6823.33,6790.700712735981,Latih,6793.755010272294,6774.285895289806
2,2022-05-20,6918.14,6828.742950256204,Latih,6826.731540933286,6817.411798080538
2,2022-05-23,6840.77,6922.249236553656,Latih,6915.62576643114,6865.335870000462
2,2022-05-24,6914.14,6853.236698677876,Latih,6847.291253865995,6854.3645810699845
2,2022-05-25,6883.5,6919.44839699422,Latih,6912.535439972327,6867.727701698582
2,2022-05-27,7026.26,6894.3095358059245,Latih,6886.738014023943,6871.837173602324
2,2022-05-30,7037.56,7030.4761065602925,Latih,7017.9189397001865,6926.135495045829
2,2022-05-31,7148.97,7050.135836290186,Latih,7033.426532287064,6964.697024353795
2,2022-06-02,7148.72,7158.554329943736,Latih,7137.042978153305,7014.781262224376
2,2022-06-03,7182.96,7165.127960430464,Latih,7140.743397355753,7016.199326535523
2,2022-06-06,7096.58,7198.220850834931,Latih,7172.456830670319,7028.736405085387
2,2022-06-07,7141.04,7116.790822631194,Latih,7093.637072118591,6997.563652228175
2,2022-06-08,7193.31,7154.496939674695,Latih,7131.779123430328,7012.67669784671
2,2022-06-09,7182.83,7207.758986801591,Latih,7181.7747126639715,7032.423013574543
2,2022-06-10,7086.65,7200.822959610905,Latih,7173.910094364366,7029.293003735008
2,2022-06-13,6995.44,7107.181122059298,Latih,7084.432680109809,6993.92506735569
2,2022-06-14,7049.88,7013.102408599913,Latih,6996.535112807808,6959.216054456287
2,2022-06-15,7007.05,7060.1631315792265,Latih,7043.752775710885,6962.7334368676475
2,2022-06-16,7050.33,7022.079237719239,Latih,7005.993657813131,6957.12157907372
2,2022-06-17,6936.97,7061.308479142851,Latih,7044.579490389292,6965.667361482435
2,2022-06-20,6976.38,6954.343294023327,Latih,6941.082767264893,6927.0234162945035
2,2022-06-21,7044.07,6985.5159123606045,Latih,6973.593948631937,6917.25614803915
2,2022-06-22,6984.31,7053.379291274612,Latih,7037.697405692402,6955.731225869112
2,2022-06-23,6998.27,6999.735521413146,Latih,6984.720765026864,6945.949519140771
2,2022-06-24,7042.94,7009.578300191819,Latih,6995.545135768709,6937.8629429489865
2,2022-06-27,7016.06,7053.625686954921,Latih,7037.423074705664,6960.41023275619
2,2022-06-28,6996.46,7030.366921213331,Latih,7014.096197037161,6959.3670306629465
2,2022-06-29,6942.35,7009.770394658505,Latih,6994.988806158957,6944.57584640806
2,2022-06-30,6911.58,6956.250024417095,Latih,6944.165874487212,6916.6289040038455
2,2022-07-01,6794.33,6923.1870422780985,Latih,6913.74878736292,6890.5971219093035
2,2022-07-04,6639.17,6807.930496786269,Latih,6804.034597698779,6832.800856184995
2,2022-07-05,6703.27,6650.726757011126,Latih,6656.145914998662,6774.285895289806
2,2022-07-06,6646.41,6703.216132843363,Latih,6710.056303370614,6774.285895289806
2,2022-07-07,6652.59,6652.156939326387,Latih,6659.639711581481,6774.285895289806
2,2022-07-08,6740.22,6654.654301913243,Latih,6663.358481545014,6774.285895289806
2,2022-07-11,6722.15,6739.765692328685,Latih,6744.762872491205,6774.285895289806
2,2022-07-12,6718.29,6727.6536855623335,Latih,6731.114390241228,6774.285895289806
2,2022-07-13,6640.99,6722.815866682401,Latih,6726.9004748182215,6774.285895289806
2,2022-07-14,6690.09,6647.834931530889,Latih,6655.148371213239,6774.285895289806
2,2022-07-15,6651.9,6690.583164000081,Latih,6697.909691351073,6774.285895289806
2,2022-07-18,6659.25,6656.659192624327,Latih,6664.260852476669,6774.285895289806
2,2022-07-19,6736.09,6661.429992551816,Latih,6669.72252997355,6774.285895289806
2,2022-07-20,6874.74,6736.179626280687,Latih,6741.171616215729,6774.285895289806
2,2022-07-21,6864.13,6874.947072711628,Latih,6872.338170678954,6825.27823239926
2,2022-07-22,6886.96,6873.1695487150955,Latih,6867.401759896915,6854.190377754608
2,2022-07-25,6858.41,6894.595816646858,Latih,6888.178520744188,6861.52610851113
2,2022-07-26,6871.54,6868.386199198703,Latih,6862.53366282169,6854.608958951273
2,2022-07-27,6898.22,6879.335628639799,Latih,6873.690544422012,6853.530198755302
2,2022-07-28,6956.82,6905.936945717678,Latih,6898.872093269571,6868.127898504178
2,2022-07-29,6951.12,6964.231944099718,Latih,6954.104565979294,6899.680871956691
2,2022-08-01,6968.78,6962.305170235687,Latih,6950.891960899881,6911.0537477320895
2,2022-08-02,6988.16,6979.032768949921,Latih,6967.052199369722,6917.320000168132
2,2022-08-03,7046.63,6998.852487722097,Latih,6985.630433664974,6929.840487926054
2,2022-08-04,7057.35,7056.575260722107,Latih,7040.484927778307,6959.614637022667
2,2022-08-05,7084.65,7070.517758709259,Latih,7052.48024971134,6978.033779075201
2,2022-08-08,7086.85,7097.571107607555,Latih,7078.151137241193,6991.4922294974895
2,2022-08-09,7102.88,7101.368426002931,Latih,7081.152859903046,6992.667888886389
2,2022-08-10,7086.24,7117.003139928057,Latih,7096.081747731041,6998.568695499955
2,2022-08-11,7160.38,7101.893771187734,Latih,7081.231060825059,6992.69151955491
2,2022-08-12,7129.28,7172.565119217716,Latih,7149.332001943666,7019.619809753955
2,2022-08-15,7093.28,7147.028572262603,Latih,7123.135634709075,7009.234063679039
2,2022-08-16,7133.45,7110.316064296438,Latih,7088.685169124077,6995.6276413286305
2,2022-08-18,7186.56,7146.955976337868,Latih,7124.630778942779,7009.852093098819
2,2022-08-19,7172.43,7200.76771675774,Latih,7175.253141391955,7029.847988145413
2,2022-08-22,7107.98,7190.353766336524,Latih,7164.036600200614,7025.392508549751
2,2022-08-23,7163.27,7127.169842709378,Latih,7103.827136528564,7001.596201149283
2,2022-08-24,7194.71,7176.689545254193,Latih,7152.776833270271,7020.972900936664
2,2022-08-25,7174.21,7210.472522923436,Latih,7183.856318972789,7033.237038539114
2,2022-08-26,7135.25,7192.573479778254,Latih,7165.973328539809,7026.154877859415
2,2022-08-29,7132.04,7153.647311767418,Latih,7129.1546843452015,7011.607981805861
2,2022-08-30,7159.47,7148.160064272958,Latih,7124.8056996978075,7009.904421353399
2,2022-08-31,7178.59,7174.486960684142,Latih,7150.10544672795,7019.907144334376
2,2022-09-01,7153.1,7194.652933768118,Latih,7168.7875752527325,7027.281527152123
2,2022-09-02,7177.18,7171.175169572911,Latih,7145.846724956709,7018.204929081262
2,2022-09-05,7231.88,7192.899914819682,Latih,7167.256379676542,7026.678788164915
2,2022-09-06,7233.15,7247.264801210852,Latih,7218.783971605984,7047.039008034531
2,2022-09-07,7186.76,7251.839017068835,Latih,7221.891157896606,7048.245293128555
2,2022-09-08,7232.02,7207.06020058104,Latih,7178.957237472616,7031.272195533576
2,2022-09-09,7242.66,7247.986231620403,Latih,7219.251787098733,7047.220071866576
2,2022-09-12,7254.46,7261.043274557684,Latih,7230.706787294238,7051.7302562356645
2,2022-09-13,7318.02,7273.104107698893,Latih,7242.014622681231,7056.196183546251
2,2022-09-14,7278.08,7335.284916173323,Latih,7301.317287473777,7079.634981800386
2,2022-09-15,7305.6,7300.553348764875,Latih,7266.557470879052,7065.86821168787
2,2022-09-16,7168.87,7324.720348265272,Latih,7290.6442516584175,7075.406213134595
2,2022-09-19,7195.49,7194.193548191273,Latih,7164.939722201904,7022.408587359251
2,2022-09-20,7196.95,7211.569308790651,Latih,7184.776569845759,7033.598538443508
2,2022-09-21,7188.31,7214.609548993793,Latih,7187.068744692289,7034.493947968545
2,2022-09-22,7218.91,7206.344464848723,Latih,7179.115567435704,7031.349409976067
2,2022-09-23,7178.58,7235.404447612256,Latih,7207.160597292271,7042.43959210879
2,2022-09-26,7127.5,7198.279456686462,Latih,7170.876131758175,7028.083310802641
2,2022-09-27,7112.45,7146.420766357857,Latih,7122.128842678144,7008.828799955904
2,2022-09-28,7077.03,7128.743501744942,Latih,7106.382701407147,7002.624561209737
2,2022-09-29,7036.2,7093.573668389391,Latih,7073.036061565944,6989.447974890527
2,2022-09-30,7040.8,7051.926610500282,Latih,7033.958424108687,6974.01409922784
2,2022-10-03,7009.72,7053.876790832942,Latih,7036.779082938496,6968.439324095899
2,2022-10-04,7072.26,7024.105556334915,Latih,7008.146873567163,6956.129449715666
2,2022-10-05,7075.38,7082.676925922701,Latih,7064.9911865539025,6975.7492718649455
2,2022-10-06,7076.62,7089.5195962787375,Latih,7070.08895399756,6988.299084968623
2,2022-10-07,7026.78,7090.909501083564,Latih,7071.347926065989,6988.795553207454
2,2022-10-10,6994.4,7042.7928414571925,Latih,7025.216601315202,6970.558416626507
2,2022-10-11,6939.15,7008.434297827541,Latih,6993.458597062287,6946.217886410406
2,2022-10-12,6909.21,6953.029796541385,Latih,6941.128504042676,6914.763560909973
2,2022-10-13,6880.63,6920.699611746418,Latih,6911.440156244384,6888.820472292347
2,2022-10-14,6814.53,6891.2327734405235,Latih,6883.905024200124,6869.4367326283855
2,2022-10-17,6831.12,6825.5694232178075,Latih,6821.656910918389,6834.20286778394
2,2022-10-18,6834.49,6837.567435549534,Latih,6834.694089745319,6825.75358100835
2,2022-10-19,6860.42,6841.840909673609,Latih,6838.401773024238,6831.12128512088
2,2022-10-20,6980.65,6867.119940633814,Latih,6862.544020856658,6843.092393465675
2,2022-10-21,7017.77,6984.961959269699,Latih,6974.848257342632,6901.030801920935
2,2022-10-24,7053.04,7028.209849221172,Latih,7013.482023855508,6945.403637245944
2,2022-10-25,7048.38,7064.584756991334,Latih,7047.468575025861,6969.36531448608
2,2022-10-26,7043.94,7062.2363976520965,Latih,7044.39609487838,6975.680487338359
2,2022-10-27,7091.76,7057.658056516117,Latih,7040.118047076527,6972.667106282169
2,2022-10-28,7056.04,7103.6257153464085,Latih,7084.264978591273,6992.229622939286
2,2022-10-31,7098.89,7072.011781943508,Latih,7052.859371727174,6981.4800901210865
2,2022-11-01,7052.3,7111.260214877797,Latih,7091.297770454954,6996.689855572638
2,2022-11-02,7015.69,7068.831641008325,Latih,7049.646004368131,6980.206903779562
2,2022-11-03,7034.57,7030.581704708996,Latih,7014.083731523216,6961.41653154736
2,2022-11-04,7045.53,7046.597962008778,Latih,7030.2833394939325,6960.913830551558
2,2022-11-07,7102.4,7058.350744499629,Latih,7041.103764317695,6970.093291532451
2,2022-11-08,7050.13,7114.011282061411,Latih,7094.178783895444,6997.190673289357
2,2022-11-09,7070.08,7066.948137723274,Latih,7047.759451964562,6979.459690382536
2,2022-11-10,6966.84,7083.041026545832,Latih,7064.39763976223,6984.346440888699
2,2022-11-11,7089.21,6984.434147886093,Latih,6969.453380203301,6944.558313976577
2,2022-11-14,7019.39,7096.443516675305,Latih,7079.18142542071,6972.9350699920005
2,2022-11-15,7035.5,7036.417313994232,Latih,7018.814349225224,6968.022446818405
2,2022-11-16,7014.38,7047.723579981987,Latih,7031.275558531943,6962.1878688526685
2,2022-11-17,7044.99,7028.287287863554,Latih,7012.277128800809,6956.887110827617
2,2022-11-18,7082.18,7056.593465753263,Latih,7039.890887746874,6965.095696600132
2,2022-11-21,7063.25,7094.426704135011,Latih,7075.426525644728,6988.348498624619
2,2022-11-22,7030.59,7078.397488081524,Latih,7059.201089846558,6983.990949541386
2,2022-11-23,7054.12,7045.659012864892,Latih,7028.27455330974,6970.422596332484
2,2022-11-24,7080.52,7066.413286463089,Latih,7048.921659359997,6972.856286150271
2,2022-11-25,7053.15,7093.380004523467,Latih,7074.21082415528,6989.787682565508
2,2022-11-28,7017.36,7068.5297334349825,Latih,7049.7850979805635,6980.269276189263
2,2022-11-29,7012.07,7032.248496379319,Latih,7015.6609777570375,6962.336916940265
2,2022-11-30,7081.31,7024.943974247636,Latih,7009.496781111418,6951.610521550826
2,2022-12-01,7020.8,7091.571563361953,Latih,7073.458588680693,6980.204392740781
2,2022-12-02,7019.64,7037.297433086696,Latih,7019.841902166069,6968.431790979558
2,2022-12-05,6987.33,7032.474086309734,Latih,7016.631539085567,6955.684995851569
2,2022-12-06,6892.57,7001.161253360568,Latih,6986.65646204656,6941.485676889171
2,2022-12-07,6818.75,6907.557014130697,Latih,6897.724167407199,6893.019130912765
2,2022-12-08,6804.23,6830.380371740794,Latih,6825.988004414474,6838.839523311592
2,2022-12-09,6715.12,6811.8244677546945,Latih,6809.930359814795,6815.159956794414
2,2022-12-12,6734.45,6724.771808952263,Latih,6726.860466347656,6773.326947515634
2,2022-12-13,6810.32,6738.011630850755,Latih,6741.62405159595,6774.285895289806
2,2022-12-14,6801.75,6812.556188939247,Latih,6812.597307199272,6796.493567101986
2,2022-12-15,6751.86,6808.910721130105,Latih,6807.335201235445,6812.101601240071
2,2022-12-16,6812.19,6760.145630578722,Latih,6760.811302475359,6788.576553287834
2,2022-12-19,6779.7,6815.429422643516,Latih,6814.944254079196,6802.235662612648
2,2022-12-20,6768.32,6787.704034571677,Latih,6786.972604846984,6803.0394192222075
2,2022-12-21,6820.66,6774.712637362508,Latih,6775.282732845572,6790.467029189497
2,2022-12-22,6824.43,6824.626348795925,Latih,6823.372353965078,6810.339816075893
2,2022-12-23,6800.67,6831.47357040975,Latih,6828.712391811048,6824.316885686253
2,2022-12-26,6835.81,6808.729590038093,Latih,6806.832589919599,6814.9660687286
2,2022-12-27,6923.03,6841.254537278451,Latih,6838.550058832205,6824.504025335346
2,2022-12-28,6850.52,6927.741057725895,Latih,6920.596659156429,6870.388730205934
2,2022-12-29,6860.08,6862.963543692867,Latih,6856.496878974178,6859.720873408059
2,2022-12-30,6850.62,6867.771801817159,Latih,6862.794788434843,6846.728915699162
2,2023-01-02,6850.98,6859.209316516558,Latih,6854.367787128427,6844.907829663791
2,2023-01-03,6888.76,6858.978726928571,Latih,6854.36745082859,6842.830438312925
2,2023-01-04,6813.24,6895.531918452128,Latih,6889.3820705995395,6859.198510081807
2,2023-01-05,6653.84,6824.819407322143,Latih,6820.74872199956,6835.565554721988
2,2023-01-06,6684.56,6666.068632248504,Latih,6670.404590882225,6773.362258998481
2,2023-01-09,6688.27,6686.022030205742,Latih,6693.239843029545,6774.285895289806
2,2023-01-10,6622.5,6691.488662520216,Latih,6697.7612710231715,6774.285895289806
2,2023-01-11,6584.45,6628.119689907961,Latih,6636.958507179329,6774.285895289806
2,2023-01-12,6629.93,6587.304043684977,Latih,6599.3851949413165,6774.285895289806
2,2023-01-13,6641.83,6628.953001668163,Latih,6640.177972775409,6774.285895289806
2,2023-01-16,6688.06,6643.241832437078,Latih,6652.808083070081,6774.285895289806
2,2023-01-17,6767.34,6688.671635728643,Latih,6696.058618580269,6774.285895289806
2,2023-01-18,6765.79,6768.159050346044,Latih,6771.140482917754,6774.285895289806
2,2023-01-19,6819.91,6771.510188538161,Latih,6772.502542096106,6786.2112444368295
2,2023-01-20,6874.93,6823.746364223395,Latih,6822.588170006011,6809.419497942957
2,2023-01-24,6860.85,6880.258412971539,Latih,6875.472485156399,6845.905294979252
2,2023-01-25,6829.93,6870.009563350121,Latih,6864.369658149819,6852.8215028995655
2,2023-01-26,6864.82,6839.250347192025,Latih,6835.226385126745,6836.172194787299
2,2023-01-27,6898.98,6871.095565202575,Latih,6866.459559854607,6843.912628767229
2,2023-01-30,6872.48,6906.260735200391,Latih,6899.339011962757,6866.869554195444
2,2023-01-31,6839.34,6882.726382952673,Latih,6875.993301503401,6863.509829147498
2,2023-02-01,6862.26,6849.060751506426,Latih,6844.354907892383,6842.972536203898
2,2023-02-02,6890.57,6869.19580742542,Latih,6864.419901345412,6845.030018604435
2,2023-02-03,6911.73,6897.972110066756,Latih,6891.45708543156,6862.640695849696
2,2023-02-06,6873.79,6920.164469026375,Latih,6912.06027072315,6878.441766094011
2,2023-02-07,6935.3,6884.773058918458,Latih,6877.656909535271,6867.083418471555
2,2023-02-08,6940.12,6941.9288528138895,Latih,6933.304891903152,6884.640332582933
2,2023-02-09,6897.37,6950.352356602005,Latih,6939.941343199363,6901.234061542198
2,2023-02-10,6880.33,6909.3103469589805,Latih,6900.504985916361,6883.946411500019
2,2023-02-13,6900.14,6890.218403453274,Latih,6883.209219838125,6866.513210888545
2,2023-02-14,6941.85,6908.331198774622,Latih,6900.961120594784,6871.029852214496
2,2023-02-15,6914.54,6949.874317594222,Latih,6940.303201823583,6893.681933050795
2,2023-02-16,6895.66,6926.018619642604,Latih,6916.473511059331,6891.754934986873
2,2023-02-17,6895.71,6906.0920472023345,Latih,6898.017936524495,6877.1725256705695
2,2023-02-20,6894.72,6904.9853965399125,Latih,6897.397911725684,6872.738412324529
2,2023-02-21,6873.4,6904.031201803431,Latih,6896.482481150373,6872.323508006077
2,2023-02-22,6809.97,6883.355375747127,Latih,6876.695271362406,6862.900991923252
2,2023-02-23,6839.45,6820.717894514535,Latih,6817.177038374576,6830.531258267497
2,2023-02-24,6856.58,6845.3431361723315,Latih,6842.250612554587,6828.267646487092
2,2023-02-27,6854.78,6863.710286270121,Latih,6859.161427419821,6842.607897501029
2,2023-02-28,6843.24,6863.017710386554,Latih,6858.098383636216,6845.874758954085
2,2023-03-01,6844.94,6851.749042720535,Latih,6847.343425180651,6840.476249776519
2,2023-03-02,6857.42,6852.686893284955,Latih,6848.511147893407,6838.48551168356
2,2023-03-03,6813.64,6864.858369072417,Latih,6860.133423627654,6844.2655866557725
2,2023-03-06,6807.0,6823.288996445571,Latih,6820.01318941686,6828.341744551098
2,2023-03-07,6766.76,6814.190292265448,Latih,6812.31629505578,6815.147850000295
2,2023-03-08,6776.37,6774.874240644006,Latih,6774.800927279619,6796.237441146404
2,2023-03-09,6799.79,6781.704961145847,Latih,6782.284069464533,6790.698650096982
2,2023-03-10,6765.3,6804.938683759602,Latih,6804.321102739604,6803.244674222501
2,2023-03-13,6786.96,6773.021475164023,Latih,6773.193840040294,6793.906636658639
2,2023-03-14,6641.81,6791.855566374988,Latih,6792.043804603547,6794.941789975793
2,2023-03-15,6628.14,6652.828642200094,Latih,6658.331684576881,6774.285895289806
2,2023-03-16,6565.73,6630.731119794407,Latih,6640.544035147587,6774.285895289806
2,2023-03-17,6678.24,6569.547867016019,Latih,6582.240796018301,6774.285895289806
2,2023-03-20,6612.49,6679.084803545638,Latih,6684.274874084458,6774.285895289806
2,2023-03-21,6691.61,6617.826997997842,Latih,6627.330579156287,6774.285895289806
2,2023-03-24,6762.25,6690.309438353048,Latih,6698.312051685619,6774.285895289806
2,2023-03-27,6708.93,6763.454462251391,Latih,6766.550057407644,6774.285895289806
2,2023-03-28,6760.33,6716.2183364872835,Latih,6719.644021143188,6774.285895289806
2,2023-03-29,6839.44,6762.657476478543,Latih,6765.382536474791,6774.285895289806
2,2023-03-30,6808.95,6842.296797732151,Latih,6840.489387890137,6816.548337039981
2,2023-03-31,6805.28,6817.6541133228275,Latih,6815.033463215861,6822.077106354271
2,2023-04-03,6827.17,6812.240246452722,Latih,6810.557289970251,6813.299725458059
2,2023-04-04,6833.18,6833.182152939772,Latih,6830.70810714159,6821.868152055774
2,2023-04-05,6819.67,6840.332582486309,Latih,6837.048726681507,6829.624481807982
2,2023-04-06,6792.77,6827.63683767352,Latih,6824.744300358628,6825.220030107533
2,2023-04-10,6771.23,6800.799572630258,Latih,6799.345524236591,6810.437836268278
2,2023-04-11,6811.31,6778.325999747245,Latih,6778.440027811854,6794.805745481879
2,2023-04-14,6818.57,6792.599663393527,Uji,6791.971836438507,6802.4600194436625
2,2023-04-17,6787.58,6823.662535884117,Uji,6822.045897729431,6813.51710967246
2,2023-04-18,6821.81,6795.713822300762,Uji,6794.498345011205,6807.941348060997
2,2023-04-26,6910.15,6826.916550683414,Uji,6825.117525917326,6815.380793687138
2,2023-04-27,6945.48,6914.430377451824,Uji,6908.169662753091,6861.533462267557
2,2023-04-28,6915.72,6953.996636151723,Uji,6944.019561638286,6897.608838983222
2,2023-05-02,6863.3,6927.381665300477,Uji,6917.694839966046,6893.120177803679
2,2023-05-03,6812.72,6874.873916287165,Uji,6868.079112607877,6863.503887850384
2,2023-05-04,6844.03,6822.759122422967,Uji,6819.368368110095,6829.332909849619
2,2023-05-05,6787.63,6849.939951379337,Uji,6846.590898246206,6830.890605852937
2,2023-05-08,6769.63,6797.319676440687,Uji,6795.443213032217,6813.971428331765
2,2023-05-09,6779.98,6776.464468051521,Uji,6776.776262840061,6792.903117946118
2,2023-05-10,6811.9,6785.371189864903,Uji,6785.729909690647,6793.096759392053
2,2023-05-11,6755.94,6816.86918950412,Uji,6815.668016167614,6809.31600727323
2,2023-05-12,6707.76,6764.711663140681,Uji,6764.949539225127,6792.730439190001
2,2023-05-15,6711.74,6714.700996464361,Uji,6718.337350547929,6774.285895289806
2,2023-05-16,6676.56,6715.602078246643,Uji,6720.324243612757,6774.285895289806
2,2023-05-17,6663.11,6681.828449712858,Uji,6687.871623257265,6774.285895289806
2,2023-05-19,6700.56,6666.670956465913,Uji,6674.169030363574,6774.285895289806
2,2023-05-22,6729.65,6702.060225464868,Uji,6708.390498179812,6774.285895289806
2,2023-05-23,6736.68,6732.479588218055,Uji,6736.663146975808,6774.285895289806
2,2023-05-24,6745.8,6741.056758611523,Uji,6744.202888423228,6774.285895289806
2,2023-05-25,6704.23,6750.305351628835,Uji,6752.9003868982445,6774.285895289806
2,2023-05-26,6687.0,6710.66738259377,Uji,6714.709056450446,6774.285895289806
2,2023-05-29,6681.1,6691.463933272229,Uji,6697.278871327507,6774.285895289806
2,2023-05-30,6636.42,6684.704945525543,Uji,6691.204634888189,6774.285895289806
2,2023-05-31,6633.26,6641.140939332629,Uji,6649.601867687564,6774.285895289806
2,2023-06-05,6633.44,6635.352131774658,Uji,6645.097310735742,6774.285895289806
2,2023-06-06,6618.92,6635.332878609011,Uji,6645.152553588907,6774.285895289806
2,2023-06-07,6619.75,6621.3038618838855,Uji,6631.706602310546,6774.285895289806
2,2023-06-08,6666.33,6621.218178290508,Uji,6631.963120615937,6774.285895289806
2,2023-06-09,6694.02,6666.309221151633,Uji,6675.147225698396,6774.285895289806
2,2023-06-12,6722.37,6695.933402941095,Uji,6702.445042157936,6774.285895289806
2,2023-06-13,6719.01,6725.040176221898,Uji,6729.6876493942955,6774.285895289806
2,2023-06-14,6699.72,6723.525504177681,Uji,6727.575271650425,6774.285895289806
2,2023-06-15,6713.79,6704.667614148278,Uji,6709.585169719477,6774.285895289806
2,2023-06-16,6698.55,6717.092469442656,Uji,6721.939749557992,6774.285895289806
2,2023-06-19,6686.06,6703.21696238296,Uji,6708.3169718255285,6774.285895289806
2,2023-06-20,6660.46,6690.207539502548,Uji,6696.2075321479315,6774.285895289806
2,2023-06-21,6702.63,6664.689702028347,Uji,6672.049175553336,6774.285895289806
2,2023-06-22,6652.26,6703.899695891309,Uji,6710.214756643642,6774.285895289806
2,2023-06-23,6639.73,6657.774402117592,Uji,6665.036954029662,6774.285895289806
2,2023-06-26,6664.67,6642.577264724905,Uji,6651.650595082354,6774.285895289806
2,2023-06-27,6661.88,6665.926343787623,Uji,6674.31443520294,6774.285895289806
2,2023-07-03,6696.72,6664.754249176992,Uji,6672.609809800996,6774.285895289806
2,2023-07-04,6681.75,6698.271908695119,Uji,6704.789455579091,6774.285895289806
2,2023-07-05,6718.98,6685.928068031386,Uji,6692.149872839021,6774.285895289806
2,2023-07-06,6757.33,6721.011629268845,Uji,6726.113880710325,6774.285895289806
2,2023-07-07,6716.46,6760.371444709029,Uji,6762.957859492626,6774.285895289806
2,2023-07-10,6731.04,6723.198452586552,Uji,6726.446660608671,6774.285895289806
2,2023-07-11,6796.92,6734.796324162655,Uji,6738.512101057641,6774.285895289806
2,2023-07-12,6808.21,6799.390543574722,Uji,6800.062291288406,6789.638834791809
2,2023-07-13,6810.21,6814.337479493949,Uji,6812.84724523786,6811.723465703758
2,2023-07-14,6869.57,6816.962008259032,Uji,6815.098615704212,6815.2498833707305
2,2023-07-17,6867.14,6874.482194237452,Uji,6870.164283694963,6841.305968733466
2,2023-07-18,6830.2,6875.763788074893,Uji,6870.007971530895,6854.267547357121
2,2023-07-20,6864.19,6839.8961998182895,Uji,6835.698550097382,6837.772982009686
2,2023-07-21,6880.8,6870.502870370488,Uji,6865.885383933524,6843.704817888178
2,2023-07-24,6899.4,6888.643130178494,Uji,6882.473619995457,6858.885302833954
2,2023-07-25,6917.71,6907.644384828255,Uji,6900.2921305397595,6870.821839555542
2,2023-07-26,6948.28,6926.486973215092,Uji,6917.912201760458,6883.102993929726
2,2023-07-27,6896.66,6957.166553571872,Uji,6946.880486768535,6900.599755210325
2,2023-07-28,6900.23,6909.123005529986,Uji,6900.1352130359855,6885.566121193213
2,2023-07-31,6931.36,6909.417200627075,Uji,6901.620828774318,6874.922522823554
2,2023-08-01,6886.5,6939.7365814388295,Uji,6930.587746163059,6889.182017036719
2,2023-08-02,6854.51,6898.263794125065,Uji,6890.125113878591,6877.194071280103
2,2023-08-03,6898.08,6864.586952684263,Uji,6858.9042028847725,6852.819507520535
2,2023-08-04,6852.84,6904.759784189508,Uji,6898.141313724562,6864.048491805832
2,2023-08-07,6886.37,6863.680557364563,Uji,6857.765715837815,6854.832620762625
2,2023-08-08,6868.81,6893.334692259475,Uji,6887.233450943274,6858.607384648958
2,2023-08-09,6875.11,6878.40629767124,Uji,6872.148094011288,6858.9520919815095
2,2023-08-10,6893.28,6883.423823973877,Uji,6877.3650685370385,6857.523243655601
2,2023-08-11,6879.98,6901.378625631973,Uji,6894.421321871622,6866.841282589177
2,2023-08-14,6910.17,6889.629811479194,Uji,6882.740619645757,6865.397121410708
2,2023-08-15,6915.1,6918.008226573812,Uji,6910.241224906788,6875.27014475469
2,2023-08-16,6900.54,6924.62210094099,Uji,6915.874202330457,6884.519825141472
2,2023-08-18,6859.91,6910.844995213495,Uji,6902.558858698651,6879.407933104676
2,2023-08-21,6866.03,6870.667343410592,Uji,6864.402660373787,6858.460331940391
2,2023-08-22,6916.45,6874.099552283328,Uji,6868.638625856082,6851.509395456948
2,2023-08-23,6921.41,6923.227241318571,Uji,6915.567093319642,6874.684646739107
2,2023-08-24,6899.39,6931.107688130487,Uji,6921.941858502972,6888.721488040431
2,2023-08-25,6895.44,6910.118991126166,Uji,6901.71615856801,6880.401452502054
2,2023-08-28,6921.73,6904.952528835878,Uji,6897.279422083243,6873.502283773463
2,2023-08-29,6957.83,6930.131835684527,Uji,6921.496799299168,6883.901033442063
2,2023-08-30,6966.66,6966.6468011266525,Uji,6955.8700952816525,6905.664520430014
2,2023-08-31,6953.26,6977.393284826334,Uji,6965.324873728805,6917.9898197627535
2,2023-09-01,6977.65,6964.9764222580725,Uji,6953.221891008071,6914.2983237159715
2,2023-09-04,6996.75,6987.740468519983,Uji,6975.345487861092,6921.64797728573
2,2023-09-05,6991.71,7007.701074503719,Uji,6993.901795406995,6935.636077530731
2,2023-09-06,6995.95,7003.99617130345,Uji,6989.906553347763,6937.971433276285
2,2023-09-07,6954.81,7007.787705341636,Uji,6993.656879445967,6938.609438906362
2,2023-09-08,6924.78,6968.26691437965,Uji,6955.691632168345,6921.878791073608
2,2023-09-11,6963.39,6936.712932027628,Uji,6926.417919648636,6899.226912017211
2,2023-09-12,6933.97,6972.209559144432,Uji,6961.128883087092,6908.7806747162795
2,2023-09-13,6935.48,6946.124036335996,Uji,6935.234961505581,6905.212623129532
2,2023-09-14,6959.33,6945.784373500994,Uji,6935.595587030401,6898.920341086134
2,2023-09-15,6982.79,6968.938348213488,Uji,6957.745123810821,6909.556025199638
2,2023-09-18,6936.08,6993.081851565299,Uji,6980.321783803756,6925.295821613718
2,2023-09-19,6980.32,6949.351035048417,Uji,6937.8744668233885,6910.70040870373
2,2023-09-20,7011.68,6989.2712605363695,Uji,6977.212848753984,6918.744274816262
2,2023-09-21,6991.47,7022.300926571549,Uji,7007.8281958419675,6942.700952398827
2,2023-09-22,7016.84,7004.677425092517,Uji,6990.211061639842,6941.391445674946
2,2023-09-25,6998.38,7027.9724663764855,Uji,7013.002236088574,6947.556314920238
2,2023-09-26,6923.8,7011.674658853471,Uji,6996.7950950015165,6945.587391476682
2,2023-09-27,6937.83,6938.430684333195,Uji,6927.047719562698,6909.086999027477
2,2023-09-29,6939.89,6947.434574379376,Uji,6937.413848147144,6897.533104260012
2,2023-10-02,6961.46,6950.284737914852,Uji,6939.817517599513,6901.73200950031
2,2023-10-03,6940.89,6971.2677402419395,Uji,6959.874081136637,6911.514792388128
2,2023-10-04,6886.58,6952.697218422942,Uji,6941.578002404322,6907.739669781969
2,2023-10-05,6874.83,6898.924130064293,Uji,6890.535601459189,6879.477614430827
2,2023-10-06,6888.52,6884.240158197326,Uji,6877.732823618394,6861.59628307704
2,2023-10-09,6891.46,6896.758807516142,Uji,6890.0014676386545,6864.723647357861
2,2023-10-10,6922.19,6900.43909356837,Uji,6893.208445300801,6869.221612832885
2,2023-10-11,6931.75,6930.333189606715,Uji,6921.782542060363,6883.160052802009
2,2023-10-12,6935.15,6941.4570465630795,Uji,6931.724103311051,6894.532637117549
2,2023-10-13,6926.78,6945.329471921971,Uji,6935.2114877769845,6898.254175949737
2,2023-10-16,6896.29,6937.44413755243,Uji,6927.576988245595,6895.449143852337
2,2023-10-17,6939.62,6907.449981102691,Uji,6899.033606871113,6880.332667975467
2,2023-10-18,6927.91,6947.48250831609,Uji,6938.101289853205,6891.812240479036
2,2023-10-19,6846.43,6938.810209908833,Uji,6928.781636680413,6896.9910786033115
2,2023-10-20,6849.17,6859.307247028986,Uji,6852.879862131216,6859.109771764914
2,2023-10-23,6741.96,6856.972227583268,Uji,6852.542687915005,6841.061478752233
2,2023-10-24,6806.76,6753.473755699719,Uji,6753.312914697851,6795.500787564249
2,2023-10-25,6834.39,6809.5732990682445,Uji,6809.56410687271,6797.0507710913125
2,2023-10-26,6714.52,6840.2540228444705,Uji,6837.449394306875,6825.329215454493
2,2023-10-27,6758.79,6726.036655057839,Uji,6727.369041380605,6780.186096563665
2,2023-10-30,6735.89,6761.510357735779,Uji,6764.153069112029,6774.285895289806
2,2023-10-31,6752.21,6742.075511706644,Uji,6744.4994376191735,6774.285895289806
2,2023-11-01,6642.42,6756.455121011461,Uji,6758.811147986974,6774.285895289806
2,2023-11-02,6751.39,6651.292687981214,Uji,6657.670373368126,6774.285895289806
2,2023-11-03,6788.85,6749.944311334217,Uji,6754.752547038521,6774.285895289806
2,2023-11-06,6878.84,6792.832181100577,Uji,6793.30394251141,6791.841800501675
2,2023-11-07,6843.79,6882.1390689179725,Uji,6877.998724689227,6840.260390121377
2,2023-11-08,6804.11,6853.752694727221,Uji,6848.702143780627,6846.391450023092
2,2023-11-09,6838.23,6813.240222806963,Uji,6810.702930219504,6821.017649768923
2,2023-11-10,6809.26,6843.804967979528,Uji,6840.913506824113,6826.358875874315
2,2023-11-13,6838.31,6817.879860193167,Uji,6815.277975617084,6821.92514366809
2,2023-11-14,6862.06,6844.197407468892,Uji,6841.169386159814,6827.6087454271665
2,2023-11-15,6958.21,6868.939412429969,Uji,6864.19825733308,6844.70075864438
2,2023-11-16,6958.01,6963.36397664135,Uji,6954.116179533652,6891.746236031098
2,2023-11-17,6977.67,6969.052465958053,Uji,6957.3243902952,6914.351369410204
2,2023-11-20,6994.89,6988.050357609447,Uji,6975.5316634506535,6922.77760843699
2,2023-11-21,6961.79,7005.903798496782,Uji,6992.179312483725,6934.839114177872
2,2023-11-22,6906.95,6974.951389292533,Uji,6962.1210124451445,6924.636987813759
2,2023-11-23,7004.34,6919.899307815182,Uji,6910.145379453347,6893.189455570026
2,2023-11-24,7009.63,7010.715217839539,Uji,6998.438390523253,6922.222198046791
2,2023-11-27,7013.41,7021.788136580647,Uji,7006.776653512775,6947.486140354326
2,2023-11-28,7041.07,7025.76674300796,Uji,7010.465459160864,6950.36379079645
2,2023-11-29,7036.09,7052.743639743393,Uji,7036.2249056476985,6963.17726297205
2,2023-11-30,7080.74,7049.620311060612,Uji,7032.587307254735,6967.558622083718
2,2023-12-01,7059.91,7092.489751595925,Uji,7073.778342565366,6985.6274293864335
2,2023-12-04,7093.6,7075.079822933146,Uji,7056.055834414428,6982.748164705094
2,2023-12-05,7100.85,7106.381849447561,Uji,7086.533343409369,6994.804827728329
2,2023-12-06,7087.4,7115.453156400992,Uji,7094.439214488934,6997.916677376686
3,2022-01-05,6662.3,6691.308372177796,Latih,6700.707930191773,6693.355474123376
3,2022-01-06,6653.35,6665.351540106846,Latih,6674.9636956675495,6655.741850744945
3,2022-01-07,6701.32,6653.811674647566,Latih,6664.0314623581,6650.032365108441
3,2022-01-10,6691.12,6695.260691167879,Latih,6704.70946105795,6700.833728750664
3,2022-01-11,6647.97,6691.494917697178,Latih,6700.492653456348,6685.034093385652
3,2022-01-12,6647.06,6652.210904240173,Latih,6662.1458179640895,6641.317154842029
3,2022-01-13,6658.36,6646.677970412906,Latih,6657.205808773798,6645.053031257252
3,2022-01-14,6693.4,6656.573161521119,Latih,6666.903373283012,6656.889989597214
3,2022-01-17,6645.05,6688.8043732741635,Latih,6698.333283415305,6692.063051431195
3,2022-01-18,6614.06,6649.877969853442,Latih,6659.836648765815,6638.036561145643
3,2022-01-19,6591.98,6617.169369272298,Latih,6628.34877175168,6621.071159211926
3,2022-01-20,6626.87,6594.243862656321,Latih,6606.246846620632,6621.071159211926
3,2022-01-21,6726.37,6622.684882768027,Latih,6634.334948078776,6630.154118954697
3,2022-01-24,6655.17,6714.516053974201,Latih,6723.853306838444,6726.305414677284
3,2022-01-25,6568.17,6662.441750610335,Latih,6671.772434417769,6644.972268851484
3,2022-01-26,6600.82,6577.688316339759,Latih,6589.584495679702,6621.071159211926
3,2022-01-27,6611.16,6590.8641277680945,Latih,6591.994613681439,6621.071159211926
3,2022-01-28,6645.51,6609.757929015053,Latih,6621.581617523961,6621.071159211926
3,2022-01-31,6631.15,6641.2736376431685,Latih,6652.321636566382,6647.436270494546
3,2022-02-02,6707.65,6632.335948219829,Latih,6643.1919703813,6628.7928612909545
3,2022-02-03,6683.85,6698.427099859732,Latih,6708.054736422915,6709.81759774657
3,2022-02-04,6731.39,6685.7581581439235,Latih,6694.806350088584,6676.795419987752
3,2022-02-07,6804.94,6725.199694444409,Latih,6733.683104443423,6727.500444936773
3,2022-02-08,6789.52,6795.464063622087,Latih,6801.94749849263,6786.647761624783
3,2022-02-09,6834.61,6789.884042212695,Latih,6795.67185208115,6769.830348434177
3,2022-02-10,6823.64,6828.076740279828,Latih,6833.233405034875,6808.447613835069
3,2022-02-11,6815.61,6823.314331033264,Latih,6828.0726822618,6796.866075221033
3,2022-02-14,6734.49,6815.0097428673835,Latih,6820.063634392355,6790.714187149435
3,2022-02-15,6807.5,6742.378865369284,Latih,6749.045807850683,6717.687260543724
3,2022-02-16,6850.2,6798.068100517125,Latih,6804.46261771086,6788.630024961859
3,2022-02-17,6835.12,6843.836266284324,Latih,6848.46350541655,6820.566806207929
3,2022-02-18,6892.82,6835.176680010891,Latih,6839.513804484046,6805.6659882062995
3,2022-02-21,6902.96,6884.560248381836,Latih,6888.027566957517,6854.837059920468
3,2022-02-22,6861.99,6899.851420813843,Latih,6902.360262435123,6860.286462473312
3,2022-02-23,6920.06,6864.724319957534,Latih,6867.85834297512,6825.402439138924
3,2022-02-24,6817.82,6911.598351687537,Latih,6914.2013348430855,6876.252969817262
3,2022-02-25,6888.17,6827.5294459256875,Latih,6831.255110035872,6787.467593366533
3,2022-03-01,6921.44,6878.551691300612,Latih,6882.336319982153,6851.853631969729
3,2022-03-02,6868.4,6915.687578341113,Latih,6917.915452658879,6876.0253620878275
3,2022-03-04,6928.33,6872.418905059736,Latih,6875.187213214975,6829.7989990032065
3,2022-03-07,6869.07,6919.615582853006,Latih,6921.979456824708,6882.847226693971
3,2022-03-08,6814.18,6873.766480925124,Latih,6876.4303791910825,6829.996317327355
3,2022-03-09,6864.44,6818.72276210371,Latih,6823.1967157703975,6787.112684938937
3,2022-03-10,6924.01,6857.163559770324,Latih,6861.43725809429,6832.151775080299
3,2022-03-11,6922.6,6915.360582799958,Latih,6917.85754182701,6879.434926771563
3,2022-03-14,6952.2,6920.6406471750615,Latih,6922.368533315706,6875.102331136208
3,2022-03-15,6918.19,6946.667496871999,Latih,6947.8647691303995,6899.992442545339
3,2022-03-16,6992.4,6919.828841789412,Latih,6921.26224137311,6869.914300816397
3,2022-03-17,6964.38,6981.741372674163,Latih,6982.251292906459,6933.927876140524
3,2022-03-18,6954.96,6965.088880923444,Latih,6965.128295264297,6906.512152958259
3,2022-03-21,6955.18,6953.686657382302,Latih,6954.274913056544,6900.096650654718
3,2022-03-22,7000.82,6952.849091429166,Latih,6953.559042804292,6900.779316903099
3,2022-03-23,6996.12,6993.242019967493,Latih,6993.101805355605,6939.030575981786
3,2022-03-24,7049.69,6994.085684157667,Latih,6993.423397679386,6932.676459608425
3,2022-03-25,7002.53,7040.953595230642,Latih,7039.359668524924,6977.836169291193
3,2022-03-28,7049.6,7005.110086042343,Latih,7003.676507098733,6935.465775293459
3,2022-03-29,7011.69,7041.576332848135,Latih,7039.898510543171,6977.4216685325455
3,2022-03-30,7053.19,7013.202312071383,Latih,7011.599820929825,6943.149890260746
3,2022-03-31,7071.44,7045.755463658039,Latih,7043.888685684864,6979.946966425831
3,2022-04-01,7078.76,7066.444808967776,Latih,7063.685267028279,6993.052212339697
3,2022-04-04,7116.22,7074.919116451212,Latih,7071.780048936077,6998.223876067457
3,2022-04-05,7148.3,7108.85472940631,Latih,7104.922532356453,7029.241796479883
3,2022-04-06,7104.22,7141.334253748732,Latih,7136.306436671095,7054.1552919376545
3,2022-04-07,7127.37,7105.860315660906,Latih,7101.222561553788,7015.503634273469
3,2022-04-08,7210.83,7121.50664314039,Latih,7117.027667396142,7037.24299735314
3,2022-04-11,7203.79,7197.864014288271,Latih,7191.5266008067965,7105.988423478675
3,2022-04-12,7214.78,7200.782020710792,Latih,7193.461176827038,7095.67235872991
3,2022-04-13,7262.78,7209.731318083492,Latih,7202.300436893191,7105.2582941133505
3,2022-04-14,7235.53,7253.391735834572,Latih,7244.923123028369,7144.918537407595
3,2022-04-18,7275.29,7234.548407588094,Latih,7225.944871287434,7119.534536058381
3,2022-04-19,7199.23,7266.730508354996,Latih,7257.752647916171,7154.309015325983
3,2022-04-20,7227.36,7203.811678679074,Latih,7195.715013492191,7088.440298003028
3,2022-04-21,7276.19,7220.358796480981,Latih,7212.755236534563,7116.04607543297
3,2022-04-22,7225.61,7266.631322323177,Latih,7257.74587707946,7155.495615669568
3,2022-04-25,7215.98,7227.243481896608,Latih,7218.645102193443,7110.508741682841
3,2022-04-26,7232.15,7213.183548006502,Latih,7205.4391456885,7105.110322185231
3,2022-04-27,7196.76,7226.4308469713615,Latih,7218.514797216741,7119.17595075257
3,2022-04-28,7228.91,7196.8999995965605,Latih,7189.425085547649,7088.65113558061
3,2022-05-09,6909.75,7221.459079866497,Latih,7213.859779718008,7117.476201698258
3,2022-05-10,6819.79,6942.683330287387,Latih,6940.579460929384,6848.203994042613
3,2022-05-11,6816.2,6828.142229068016,Latih,6831.968984909093,6789.664415999383
3,2022-05-12,6599.84,6815.109758438799,Latih,6820.204073204134,6791.412457710237
3,2022-05-13,6597.99,6623.344966482378,Latih,6632.503571268403,6621.071159211926
3,2022-05-17,6644.47,6598.001623783413,Latih,6610.082870324706,6621.071159211926
3,2022-05-18,6793.41,6638.910694101015,Latih,6650.153814189445,6647.7846939402925
3,2022-05-19,6823.33,6775.741714862613,Latih,6783.599539905517,6781.578377887337
3,2022-05-20,6918.14,6818.525780079398,Latih,6823.839877997969,6798.785159028799
3,2022-05-23,6840.77,6905.664049610243,Latih,6908.818743857787,6876.687940025967
3,2022-05-24,6914.14,6847.618428767063,Latih,6850.943716711738,6806.809564590784
3,2022-05-25,6883.5,6904.036986160621,Latih,6907.033103825197,6872.412156643014
3,2022-05-27,7026.26,6884.975063020332,Latih,6887.560513744397,6842.844361126162
3,2022-05-30,7037.56,7007.889626612126,Latih,7008.234042484819,6964.149483379775
3,2022-05-31,7148.97,7033.527063518229,Latih,7031.755974058571,6966.0727597255045
3,2022-06-02,7148.72,7133.307852807717,Latih,7129.31776734598,7058.877121003932
3,2022-06-03,7182.96,7145.294161905127,Latih,7139.821397723632,7052.775296768015
3,2022-06-06,7096.58,7175.552268886648,Latih,7169.4472610122775,7081.494136977264
3,2022-06-07,7141.04,7102.900428698731,Latih,7097.941844547462,7007.265454115331
3,2022-06-08,7193.31,7132.7607153935,Latih,7128.129911483005,7049.10752106971
3,2022-06-09,7182.83,7183.865376648389,Latih,7177.670778497539,7090.577371364901
3,2022-06-10,7086.65,7180.323108049117,Latih,7173.625225982747,7079.026817175814
3,2022-06-13,6995.44,7094.10313885219,Latih,7089.33055093057,6998.947413955984
3,2022-06-14,7049.88,7002.888758361398,Latih,7001.093365633546,6927.56705619042
3,2022-06-15,7007.05,7041.047131425205,Latih,7039.458720036808,6978.031357716377
3,2022-06-16,7050.33,7009.128958770096,Latih,7007.608838668524,6939.24513527756
3,2022-06-17,6936.97,7042.717330933873,Latih,7040.965522664848,6977.794602631386
3,2022-06-20,6976.38,6947.1921246171505,Latih,6946.966983086518,6880.468869409305
3,2022-06-21,7044.07,6969.629377117807,Latih,6970.18593092745,6919.504065827178
3,2022-06-22,6984.31,7033.819734056058,Latih,7032.593629691663,6974.168572952802
3,2022-06-23,6998.27,6988.37867592996,Latih,6987.358297385629,6920.488011889207
3,2022-06-24,7042.94,6994.178368392644,Latih,6993.696607666669,6935.352150788654
3,2022-06-27,7016.06,7035.218741376462,Latih,7033.721444823805,6972.063470495397
3,2022-06-28,6996.46,7016.337882068217,Latih,7014.743193082869,6947.165803549937
3,2022-06-29,6942.35,6996.056266680417,Latih,6995.184308463989,6932.155508741487
3,2022-06-30,6911.58,6946.048122252872,Latih,6946.442220821431,6887.828298094315
3,2022-07-01,6794.33,6912.9029484338025,Latih,6914.590568274008,6864.893635715286
3,2022-07-04,6639.17,6805.823264429899,Latih,6810.098195853266,6768.222924895015
3,2022-07-05,6703.27,6655.7361896976945,Latih,6664.456657451553,6624.993710061468
3,2022-07-06,6646.41,6695.431733264791,Latih,6705.0336092604875,6704.397677479405
3,2022-07-07,6652.59,6652.162381778743,Latih,6661.964047902388,6638.378555659512
3,2022-07-08,6740.22,6651.398347784888,Latih,6661.844347580534,6650.966723759558
3,2022-07-11,6722.15,6729.584651964328,Latih,6738.321452680253,6736.556461457632
3,2022-07-12,6718.29,6723.203452244124,Latih,6731.10588185536,6713.047421377619
3,2022-07-13,6640.99,6717.809303754439,Latih,6726.024593103698,6710.9980550131395
3,2022-07-14,6690.09,6649.014133278068,Latih,6658.715912745234,6631.1188903210395
3,2022-07-15,6651.9,6683.973403700904,Latih,6693.7956345595585,6690.50907714607
3,2022-07-18,6659.25,6655.574149226409,Latih,6665.449862969083,6645.51131825463
3,2022-07-19,6736.09,6657.890700206098,Latih,6668.139790842398,6657.289435333174
3,2022-07-20,6874.74,6726.661399264357,Latih,6735.385958666227,6732.741789990686
3,2022-07-21,6864.13,6857.717490441242,Latih,6862.842475751678,6844.916887339391
3,2022-07-22,6886.96,6863.525052320103,Latih,6866.996092613976,6828.689030182397
3,2022-07-25,6858.41,6882.5557219955745,Latih,6885.744584306521,6848.390012692251
3,2022-07-26,6871.54,6859.8046569073595,Latih,6863.218728008906,6823.247317685817
3,2022-07-27,6898.22,6868.289927765469,Latih,6871.841388560276,6835.764935685134
3,2022-07-28,6956.82,6893.327203983112,Latih,6896.208082903668,6857.438047696986
3,2022-07-29,6951.12,6948.082512064627,Latih,6949.519454006604,6905.155071017489
3,2022-08-01,6968.78,6949.4617897946155,Latih,6950.222275825194,6897.277224924311
3,2022-08-02,6988.16,6964.457578870111,Latih,6964.966333262973,6912.3841723058085
3,2022-08-03,7046.63,6983.534344043192,Latih,6983.447578685339,6927.69765262698
3,2022-08-04,7057.35,7037.374782049123,Latih,7035.943893504205,6975.6916973329135
3,2022-08-05,7084.65,7053.2634247708975,Latih,7050.852962061827,6981.586629909332
3,2022-08-08,7086.85,7078.584964030453,Latih,7075.524680357047,7003.907029426752
3,2022-08-09,7102.88,7083.52220435209,Latih,7080.056612115571,7004.307540112196
3,2022-08-10,7086.24,7097.941844547462,Latih,7094.149324029755,7017.630125400484
3,2022-08-11,7160.38,7084.980176243851,Latih,7081.282537120053,7002.831990948974
3,2022-08-12,7129.28,7148.73401599415,Latih,7143.882285510975,7065.86821168787
3,2022-08-15,7093.28,7129.349603730516,Latih,7124.085479967669,7035.874122498098
3,2022-08-16,7133.45,7094.099775853823,Latih,7089.919030804704,7007.337870680152
3,2022-08-18,7186.56,7125.685729110315,Latih,7121.239845269993,7042.918841795985
3,2022-08-19,7172.43,7177.06328647264,Latih,7171.095264731726,7085.319794238875
3,2022-08-22,7107.98,7170.384595916948,Latih,7163.969923153003,7070.664878677793
3,2022-08-23,7163.27,7111.829996481015,Latih,7106.800340964271,7017.379738962114
3,2022-08-24,7194.71,7153.67242215522,Latih,7148.476769039113,7067.141398029395
3,2022-08-25,7174.21,7187.539474783623,Latih,7181.0220736295805,7090.57539840586
3,2022-08-26,7135.25,7172.852050238333,Latih,7166.295503783306,7071.726151282259
3,2022-08-29,7132.04,7136.14550598927,Latih,7130.5858419299875,7040.147731142108
3,2022-08-30,7159.47,7129.037338122204,Latih,7124.057365301326,7039.517101688448
3,2022-08-31,7178.59,7152.947583907325,Latih,7147.501275312978,7062.6831383550825
3,2022-09-01,7153.1,7172.864784792147,Latih,7166.697404508075,7077.26191563315
3,2022-09-02,7177.18,7152.4138088066165,Latih,7146.464350816685,7054.880847625202
3,2022-09-05,7231.88,7170.919761056981,Latih,7164.863539078911,7076.416726883718
3,2022-09-06,7233.15,7221.9406163925805,Latih,7214.547535303917,7121.001655305698
3,2022-09-07,7186.76,7229.0575280553985,Latih,7220.910642092911,7119.173394873812
3,2022-09-08,7232.02,7188.164544079983,Latih,7180.861860387407,7080.214583358833
3,2022-09-09,7242.66,7223.114123462527,Latih,7215.590647717205,7120.612354614808
3,2022-09-12,7254.46,7237.484484521836,Latih,7229.159269965976,7127.138903124407
3,2022-09-13,7318.02,7249.087501485439,Latih,7240.401190584988,7136.4688022322225
3,2022-09-14,7278.08,7306.5995714278015,Latih,7296.57581849704,7189.131114650452
3,2022-09-15,7305.6,7278.236895165539,Latih,7268.105974686836,7152.285342269022
3,2022-09-16,7168.87,7298.202119667032,Latih,7288.093574337459,7177.469402155361
3,2022-09-19,7195.49,7180.279209710441,Latih,7172.341457406364,7061.384572585887
3,2022-09-20,7196.95,7188.842972950422,Latih,7182.236295399748,7090.933086912106
3,2022-09-21,7188.31,7193.051115226233,Latih,7186.062042341315,7090.749243001412
3,2022-09-22,7218.91,7185.568981940829,Latih,7178.720796267472,7083.428578477571
3,2022-09-23,7178.58,7211.688179572907,Latih,7204.387244639482,7109.539480713678
3,2022-09-26,7127.5,7179.368958152614,Latih,7172.40822413393,7074.10988936431
3,2022-09-27,7112.45,7129.769395606593,Latih,7124.295286225751,7033.419313050571
3,2022-09-28,7077.03,7110.860690671874,Latih,7106.347815904093,7023.503355427445
3,2022-09-29,7036.2,7077.882456091711,Latih,7074.2280427069145,6994.604572385607
3,2022-09-30,7040.8,7037.887123640243,Latih,7035.463477977577,6962.247550863676
3,2022-10-03,7009.72,7037.482039277021,Latih,7035.518048231068,6968.263327181393
3,2022-10-04,7072.26,7010.495591626226,Latih,7009.047170649826,6941.963738316944
3,2022-10-05,7075.38,7062.407058609194,Latih,7060.212590075201,6996.038734248934
3,2022-10-06,7076.62,7072.019315059849,Latih,7068.932037719555,6995.34680854505
3,2022-10-07,7026.78,7073.457960920998,Latih,7070.306069172092,6996.221412320195
3,2022-10-10,6994.4,7029.510163749518,Latih,7027.266819639268,6954.371812249474
3,2022-10-11,6939.15,6995.408822234926,Latih,6994.431983309445,6929.861562715817
3,2022-10-12,6909.21,6942.992008697441,Latih,6943.473051983764,6885.254505764587
3,2022-10-13,6880.63,6910.456053242431,Latih,6912.23039360051,6863.07593509827
3,2022-10-14,6814.53,6881.896327695888,Latih,6884.600895822091,6840.698947528339
3,2022-10-17,6831.12,6820.298999438021,Latih,6824.612112102841,6786.794747073382
3,2022-10-18,6834.49,6827.730216928159,Latih,6832.617796973919,6804.199048318895
3,2022-10-19,6860.42,6832.528812037146,Latih,6837.132330820895,6806.146919392677
3,2022-10-20,6980.65,6855.83326971654,Latih,6859.910456835964,6827.707415799236
3,2022-10-21,7017.77,6965.018482157641,Latih,6966.517661989385,6927.132422281552
3,2022-10-24,7053.04,7011.025062089026,Latih,7010.230228635131,6951.893730853251
3,2022-10-25,7048.38,7046.2889248789,Latih,7044.3438114637775,6979.499642803128
3,2022-10-26,7043.94,7046.031722763841,Latih,7043.702241055433,6973.7275269270485
3,2022-10-27,7091.76,7041.5938652796185,Latih,7039.40908218092,6970.251621495539
3,2022-10-28,7056.04,7083.40445456929,Latih,7080.391163193056,7010.576931346714
3,2022-10-31,7098.89,7057.049667691654,Latih,7054.061127983397,6978.101621962244
3,2022-11-01,7052.3,7091.036756941746,Latih,7087.729584348272,7015.9145478338605
3,2022-11-02,7015.69,7054.522845239108,Latih,7051.508522543376,6974.588992588575
3,2022-11-03,7034.57,7017.036175049007,Latih,7015.323377561033,6946.360612061075
3,2022-11-04,7045.53,7029.724184965553,Latih,7028.149718810381,6964.125045591646
3,2022-11-07,7102.4,7041.487101291482,Latih,7039.457105797593,6972.315067613179
3,2022-11-08,7050.13,7092.989807033013,Latih,7089.757786243032,7019.413052614392
3,2022-11-09,7070.08,7052.988107304638,Latih,7049.967193132107,6972.584152322465
3,2022-11-10,6966.84,7064.906618354983,Latih,7062.213170543379,6992.073848854956
3,2022-11-11,7089.21,6975.776355211789,Latih,6974.733018598611,6904.466216852114
3,2022-11-14,7019.39,7072.70097240872,Latih,7070.764288909502,7012.516798484385
3,2022-11-15,7035.5,7024.353162694634,Latih,7022.07896867937,6947.510398782542
3,2022-11-16,7014.38,7030.952172609033,Latih,7029.311029406252,6964.709041467958
3,2022-11-17,7044.99,7014.036649546087,Latih,7012.572489737332,6946.150805802992
3,2022-11-18,7082.18,7038.797240678135,Latih,7037.046777608457,6972.930092754418
3,2022-11-21,7063.25,7075.045923909613,Latih,7072.196477813788,7002.4899515951265
3,2022-11-22,7030.59,7062.377284863657,Latih,7059.382736598319,6984.652877299842
3,2022-11-23,7054.12,7031.415100544157,Latih,7029.279596581521,6958.273024874382
3,2022-11-24,7080.52,7048.648897772496,Latih,7046.512541850273,6979.727026332672
3,2022-11-25,7053.15,7074.578063576885,Latih,7071.637502645322,7000.615371465741
3,2022-11-28,7017.36,7053.2618105316815,Latih,7050.476978844469,6976.273137330468
3,2022-11-29,7012.07,7018.606426246227,Latih,7016.851344658792,6947.715721042803
3,2022-11-30,7081.31,7010.005849384129,Latih,7008.826737316906,6945.1736081576855
3,2022-12-01,7020.8,7070.669317835636,Latih,7068.275445918508,7003.501586343705
3,2022-12-02,7019.64,7024.734706069292,Latih,7022.539833975495,6949.11037888532
3,2022-12-05,6987.33,7017.078459148467,Latih,7015.712857611836,6951.338073843172
3,2022-12-06,6892.57,6988.373026092705,Latih,6987.6227187371815,6924.311920391667
3,2022-12-07,6818.75,6901.017080887601,Latih,6902.457116788074,6846.577446252741
3,2022-12-08,6804.23,6825.339909789299,Latih,6829.4153033095945,6789.701139941543
3,2022-12-09,6715.12,6804.40827165726,Latih,6809.738691327902,6781.4322892383025
3,2022-12-12,6734.45,6723.999092817626,Latih,6731.177502510569,6698.800594458299
3,2022-12-13,6810.32,6731.332603995225,Latih,6739.341763964616,6728.412041693948
3,2022-12-14,6801.75,6800.557997247608,Latih,6806.900701846513,6790.996297872394
3,2022-12-15,6751.86,6801.291018791528,Latih,6806.779992625149,6779.79897061172
3,2022-12-16,6812.19,6756.224038183715,Latih,6762.753546131875,6737.2345316082465
3,2022-12-19,6779.7,6804.1196815574485,Latih,6810.195251986119,6791.643293918103
3,2022-12-20,6768.32,6781.992609606115,Latih,6787.865906893045,6761.214167259659
3,2022-12-21,6820.66,6768.366950905051,Latih,6774.885248858658,6753.391922739471
3,2022-12-22,6824.43,6813.414964202079,Latih,6819.113609773848,6797.8737192115495
3,2022-12-23,6800.67,6822.484567236338,Latih,6827.4144762215365,6798.266158700914
3,2022-12-26,6835.81,6801.88183034453,Latih,6807.20247489992,6778.147290014057
3,2022-12-27,6923.03,6830.359879870748,Latih,6835.345412848926,6808.863953032824
3,2022-12-28,6850.52,6911.356731464909,Latih,6914.254044237481,6880.12750265513
3,2022-12-29,6860.08,6856.778182577529,Latih,6859.85720936183,6814.724986585709
3,2022-12-30,6850.62,6857.288954769411,Latih,6861.158487949709,6826.574601009523
3,2023-01-02,6850.98,6849.969052525201,Latih,6853.886564482191,6818.138071207735
3,2023-01-03,6888.76,6849.250940274038,Latih,6853.2880628729245,6818.940213578079
3,2023-01-04,6813.24,6882.706989662093,Latih,6886.037949864013,6850.594525381364
3,2023-01-05,6653.84,6820.048814779554,Latih,6824.277336825465,6785.283258667618
3,2023-01-06,6684.56,6670.783881047978,Latih,6678.9795865367505,6634.166529120588
3,2023-01-09,6688.27,6680.490088462993,Latih,6690.2434339051115,6683.370575033739
3,2023-01-10,6622.5,6687.137648863808,Latih,6696.412036078589,6683.891772520557
3,2023-01-11,6584.45,6629.370293715455,Latih,6639.816046891222,6621.071159211926
3,2023-01-12,6629.93,6588.508333399969,Latih,6600.5384259336115,6621.071159211926
3,2023-01-13,6641.83,6624.428143416204,Latih,6632.342623771587,6634.14968610377
3,2023-01-16,6688.06,6640.075328460271,Latih,6650.941075292018,6641.577277160669
3,2023-01-17,6767.34,6682.26988808842,Latih,6692.118596954213,6688.3092278146905
3,2023-01-18,6765.79,6757.45893118384,Latih,6765.218780874338,6757.416938544239
3,2023-01-19,6819.91,6764.774820250001,Latih,6771.505099200634,6751.924556872274
3,2023-01-20,6874.93,6812.474355978999,Latih,6818.220688867603,6797.378730692
3,2023-01-24,6860.85,6867.069876798133,Latih,6871.072360513846,6840.643189015425
3,2023-01-25,6829.93,6860.644689059297,Latih,6864.1740437448425,6825.929129523073
3,2023-01-26,6864.82,6831.753035573995,Latih,6836.044333589411,6800.751616273554
3,2023-01-27,6898.98,6859.225436488727,Latih,6863.281840278248,6831.637415690159
3,2023-01-30,6872.48,6893.26308281426,Latih,6896.21960677807,6858.430625454822
3,2023-01-31,6839.34,6873.566696402173,Latih,6876.559114768546,6834.407338084614
3,2023-02-01,6862.26,6841.350562091804,Latih,6845.3119051275025,6808.0255575400915
3,2023-02-02,6890.57,6857.992180147806,Latih,6861.9704726952705,6828.993538474476
3,2023-02-03,6911.73,6885.543880564017,Latih,6888.690705395384,6851.51538159404
3,2023-02-06,6873.79,6907.362005065427,Latih,6909.7380755112035,6867.757901423912
3,2023-02-07,6935.3,6876.122440640669,Latih,6878.920343181532,6834.831322498655
3,2023-02-08,6940.12,6926.3711739713435,Latih,6928.533716440845,6888.405567973895
3,2023-02-09,6897.37,6937.374254446377,Latih,6938.626209058215,6889.19333913122
3,2023-02-10,6880.33,6900.089834978029,Latih,6902.0709773156495,6853.0984121850515
3,2023-02-13,6900.14,6880.333654454988,Latih,6883.201843661708,6841.073675226307
3,2023-02-14,6941.85,6895.98859121029,Latih,6898.716520965144,6858.582834760884
3,2023-02-15,6914.54,6935.051879874517,Latih,6936.741091533949,6892.503246963365
3,2023-02-16,6895.66,6915.466337888585,Latih,6917.105687492239,6867.40162537698
3,2023-02-17,6895.71,6895.774457894309,Latih,6898.128848210617,6853.01767780427
3,2023-02-20,6894.72,6893.749977717741,Latih,6896.35547191207,6854.058144658842
3,2023-02-21,6873.4,6892.879768260463,Latih,6895.502996666177,6853.225488683322
3,2023-02-22,6809.97,6873.913668153625,Latih,6876.945882000667,6835.403996280467
3,2023-02-23,6839.45,6815.473433082137,Latih,6819.967721678946,6783.354175544708
3,2023-02-24,6856.58,6834.598490911758,Latih,6839.392288143075,6811.423777709338
3,2023-02-27,6854.78,6852.980236422458,Latih,6857.06251287941,6824.225770850514
3,2023-02-28,6843.24,6853.265104804077,Latih,6857.152125575879,6821.810801723634
3,2023-03-01,6844.94,6842.8607052982225,Latih,6846.985960874297,6812.231256037089
3,2023-03-02,6857.42,6843.099881742038,Latih,6847.347640138604,6814.266811688277
3,2023-03-03,6813.64,6854.324763169327,Latih,6858.318166789451,6824.639643849467
3,2023-03-06,6807.0,6816.968622155819,Latih,6821.608102602098,6787.276104239552
3,2023-03-07,6766.76,6806.298456099065,Latih,6811.645645921561,6784.024802258938
3,2023-03-08,6776.37,6769.978432462242,Latih,6776.161237698821,6750.640250216151
3,2023-03-09,6799.79,6774.069318195013,Latih,6780.610932937293,6760.825090768661
3,2023-03-10,6765.3,6795.837423700721,Latih,6801.815982836516,6779.951314437716
3,2023-03-13,6786.96,6767.897027933326,Latih,6774.2032327899615,6749.797550085509
3,2023-03-14,6641.81,6783.276266082554,Latih,6789.640785330862,6769.7805984783445
3,2023-03-15,6628.14,6657.263747630653,Latih,6666.033589805526,6626.530286435045
3,2023-03-16,6565.73,6629.268181875058,Latih,6640.229460280399,6626.06752664984
3,2023-03-17,6678.24,6572.568391641239,Latih,6584.870701377022,6621.071159211926
3,2023-03-20,6612.49,6635.4009905359235,Latih,6631.833970268675,6686.364136819558
3,2023-03-21,6691.61,6619.417393555275,Latih,6630.182866985731,6621.071159211926
3,2023-03-24,6762.25,6682.19503895478,Latih,6692.369521472322,6695.179878317134
3,2023-03-27,6708.93,6753.345782401884,Latih,6761.152714069512,6752.961907348359
3,2023-03-28,6760.33,6713.924177471717,Latih,6721.777910866609,6696.924758809524
3,2023-03-29,6839.44,6753.545320304955,Latih,6761.156704827573,6750.436228315259
3,2023-03-30,6808.95,6829.150478398239,Latih,6834.607167447543,6814.040706098112
3,2023-03-31,6805.28,6810.850184707972,Latih,6815.816772795352,6784.295097647636
3,2023-04-03,6827.17,6804.263214327724,Latih,6809.704949244293,6782.830848158925
3,2023-04-04,6833.18,6823.222902317677,Latih,6828.307262607847,6801.376707989903
3,2023-04-05,6819.67,6830.937284270262,Latih,6835.617882976568,6805.2575632646995
3,2023-04-06,6792.77,6819.646151775155,Latih,6824.497299338614,6793.613405621082
3,2023-04-10,6771.23,6794.372680972248,Latih,6799.903535345526,6771.775977509049
3,2023-04-11,6811.31,6772.372954559056,Latih,6778.662770403652,6755.140323170151
3,2023-04-12,6798.96,6805.463715064558,Latih,6811.297059930894,6789.881082774133
3,2023-04-13,6785.6,6798.931718497605,Latih,6804.459277132483,6777.407564893393
3,2023-04-14,6818.57,6785.76154429528,Latih,6791.701967029601,6766.860215536979
3,2023-04-17,6787.58,6813.459759340319,Latih,6818.966489805314,6795.207601366669
3,2023-04-18,6821.81,6789.661546240776,Latih,6795.30344682011,6767.483042834428
3,2023-04-26,6910.15,6816.5425078428125,Latih,6821.962674729858,6797.819193798036
3,2023-04-27,6945.48,6898.430329804167,Latih,6901.7536447898,6870.069828280847
3,2023-04-28,6915.72,6939.359477222016,Latih,6940.847648839106,6895.017088242217
3,2023-05-02,6863.3,6916.907763828383,Latih,6918.476759506213,6868.198925029676
3,2023-05-03,6812.72,6867.281185195486,Latih,6870.220535447638,6825.825863053237
3,2023-05-04,6844.03,6816.799149458144,Latih,6821.377221554254,6786.193824105292
3,2023-05-05,6787.63,6838.950838557518,Latih,6843.622940087951,6815.1180314147805
3,2023-05-08,6769.63,6792.495500124127,Latih,6797.796549609036,6766.178446088162
3,2023-05-09,6779.98,6770.394547460106,Latih,6776.782674956946,6754.0707775897035
3,2023-05-10,6811.9,6777.576880651144,Latih,6784.013143864601,6763.699781772222
3,2023-05-11,6755.94,6806.944331145319,Latih,6812.649904493722,6789.912963998645
3,2023-05-12,6707.76,6760.944970450427,Latih,6767.263237261202,6740.37162616434
3,2023-05-15,6711.74,6712.197905570288,Latih,6720.157584623715,6696.393943147378
3,2023-05-16,6676.56,6710.439046214689,Latih,6718.968036051561,6705.75514055999
3,2023-05-17,6663.11,6679.7582663884905,Latih,6688.887192713933,6668.778973521901
3,2023-05-19,6700.56,6664.006934890015,Latih,6673.855172936036,6658.623884294939
3,2023-05-22,6729.65,6695.657894904928,Latih,6704.990484411437,6698.985436058509
3,2023-05-23,6736.68,6725.491602702609,Latih,6733.784241014294,6725.140830763004
3,2023-05-24,6745.8,6734.897113223694,Latih,6742.6709193574125,6729.287631948612
3,2023-05-25,6704.23,6743.734097660952,Latih,6751.244749172503,6736.787207985542
3,2023-05-26,6687.0,6707.964529596735,Latih,6716.125125382562,6693.827078594284
3,2023-05-29,6681.1,6688.169607332514,Latih,6697.204986253398,6680.438600958005
3,2023-05-30,6636.42,6681.063109754637,Latih,6690.438005780594,6676.179004807189
3,2023-05-31,6633.26,6640.896965011144,Latih,6651.180038745936,6630.406242942222
3,2023-06-05,6633.44,6633.206247357064,Latih,6644.144438778619,6631.970827487194
3,2023-06-06,6618.92,6633.019214202919,Latih,6643.996253860603,6632.500628644832
3,2023-06-07,6619.75,6620.195927677087,Latih,6631.440101505004,6621.071159211926
3,2023-06-08,6666.33,6619.33907492832,Latih,6630.761678239563,6621.071159211926
3,2023-06-09,6694.02,6660.630260330302,Latih,6671.177105236961,6668.131842956258
3,2023-06-12,6722.37,6690.226047203557,Latih,6699.637061831969,6691.842461158351
3,2023-06-13,6719.01,6718.3358035686815,Latih,6726.850893012306,6718.287981731912
3,2023-06-14,6699.72,6718.470233823379,Latih,6726.669246260545,6711.722108561416
3,2023-06-15,6713.79,6701.039992650467,Latih,6709.641937131901,6692.048500858264
3,2023-06-16,6698.55,6711.371325411816,Latih,6719.969593015036,6708.756863221843
3,2023-06-19,6686.06,6699.433140821027,Latih,6708.126502808053,6691.399419753568
3,2023-06-20,6660.46,6686.715816768721,Latih,6695.844451634305,6680.078334153011
3,2023-06-21,6702.63,6662.703929962975,Latih,6672.474538796707,6654.840499922793
3,2023-06-22,6652.26,6697.198450826572,Latih,6706.5279912145625,6701.423195104318
3,2023-06-23,6639.73,6657.266600574267,Latih,6666.9682231015095,6644.524861153821
3,2023-06-26,6664.67,6640.664615454013,Latih,6651.271248866628,6636.973338002124
3,2023-06-27,6661.88,6661.351219920081,Latih,6671.662150491341,6664.239912206841
3,2023-07-03,6696.72,6661.616179351372,Latih,6671.645974469198,6658.63606955902
3,2023-07-04,6681.75,6692.12661210032,Latih,6701.546919814217,6695.129937791395
3,2023-07-05,6718.98,6682.7030646979965,Latih,6691.936165502833,6675.799725851431
3,2023-07-06,6757.33,6713.992894738336,Latih,6722.734706321827,6716.097638475914
3,2023-07-07,6716.46,6751.993016309018,Latih,6759.525919659759,6747.389643255198
3,2023-07-10,6731.04,6720.045383788219,Latih,6727.825041539094,6705.28055423053
3,2023-07-11,6796.92,6728.4632601590665,Latih,6736.517843026392,6724.85981861951
3,2023-07-12,6808.21,6788.331996046632,Latih,6794.968963002593,6779.942570641963
3,2023-07-13,6810.21,6805.5366697091185,Latih,6811.084608114096,6785.923483876615
3,2023-07-14,6869.57,6808.542764268847,Latih,6813.902845585081,6787.003118452161
3,2023-07-17,6867.14,6861.266081477443,Latih,6865.497540541927,6836.662564789092
3,2023-07-18,6830.2,6865.6209401619835,Latih,6869.105073729495,6831.4859238237495
3,2023-07-20,6864.19,6832.681043763196,Latih,6836.883379261828,6800.645323105187
3,2023-07-21,6880.8,6858.697782045046,Latih,6862.762257030646,6831.0949640536655
3,2023-07-24,6899.4,6877.113740459125,Latih,6880.416137594921,6843.222496662474
3,2023-07-25,6917.71,6895.385538343235,Latih,6898.120911534473,6857.9375874743255
3,2023-07-26,6948.28,6913.618863526033,Latih,6915.766048302995,6872.30429407541
3,2023-07-27,6896.66,6942.664407816579,Latih,6943.999742367914,6896.964690276131
3,2023-07-28,6900.23,6900.355915408775,Latih,6902.241346812889,6852.071621523835
3,2023-07-31,6931.36,6897.857499082431,Latih,6900.365735364005,6857.794637623766
3,2023-08-01,6886.5,6925.7832994369155,Latih,6927.666040442336,6883.704051417751
3,2023-08-02,6854.51,6889.515402274771,Latih,6891.815267177565,6844.448713126815
3,2023-08-03,6898.08,6856.304694827536,Latih,6859.7972807309425,6820.0020466822725
3,2023-08-04,6852.84,6891.337340269728,Latih,6894.448181018575,6858.221379696468
3,2023-08-07,6886.37,6856.096390708723,Latih,6859.465397632161,6817.989516359899
3,2023-08-08,6868.81,6880.796784170014,Latih,6884.147317022425,6848.492427202501
3,2023-08-09,6875.11,6868.938851930241,Latih,6872.167733921748,6831.99750313524
3,2023-08-10,6893.28,6872.58714465801,Latih,6875.933507392448,6838.207907378412
3,2023-08-11,6879.98,6889.348911435647,Latih,6892.273868054791,6853.10776132051
3,2023-08-14,6910.17,6879.57592608307,Latih,6882.505209760112,6840.996528043784
3,2023-08-15,6915.1,6904.821797879384,Latih,6907.368192982421,6867.010105107169
3,2023-08-16,6900.54,6912.490375794218,Latih,6914.542253197478,6869.54659057502
3,2023-08-18,6859.91,6900.152184967741,Latih,6902.408532671675,6857.079283031264
3,2023-08-21,6866.03,6862.619396860043,Latih,6865.824356723169,6823.786630523835
3,2023-08-22,6916.45,6863.5806314731035,Latih,6867.214373627941,6831.066244047617
3,2023-08-23,6921.41,6908.847979523585,Latih,6911.464011112796,6873.012810571235
3,2023-08-24,6899.39,6918.759699768769,Latih,6920.610626809645,6874.504524546604
3,2023-08-25,6895.44,6899.826422525986,Latih,6902.019859740481,6855.781412281731
3,2023-08-28,6921.73,6893.919853975221,Latih,6896.480575451299,6853.6344741246485
3,2023-08-29,6957.83,6916.740645229565,Latih,6918.866082617092,6875.883936796527
3,2023-08-30,6966.66,6951.551915699295,Latih,6952.656279522828,6904.758461410151
3,2023-08-31,6953.26,6963.317612103872,Latih,6963.776190561109,6910.251919241593
3,2023-09-01,6977.65,6952.432841911367,Latih,6953.022218585066,6898.550882085606
3,2023-09-04,6996.75,6972.537608425076,Latih,6972.853147351796,6919.707258188473
3,2023-09-05,6991.71,6992.104071000275,Latih,6991.739477137384,6934.430039056589
3,2023-09-06,6995.95,6989.739076029119,Latih,6989.213013404664,6929.194545619834
3,2023-09-07,6954.81,6992.9371081156105,Latih,6992.3996561366885,6933.015741303612
3,2023-09-08,6924.78,6957.013156006388,Latih,6957.182785643988,6898.301235506877
3,2023-09-11,6963.39,6925.943692039001,Latih,6927.219927499044,6875.301039499682
3,2023-09-12,6933.97,6956.803977508001,Latih,6957.764405001454,6909.258444684194
3,2023-09-13,6935.48,6935.012443113674,Latih,6936.0035411522285,6882.55179849748
3,2023-09-14,6959.33,6933.124410990824,Latih,6934.480214992214,6885.373668006701
3,2023-09-15,6982.79,6954.385309082917,Latih,6955.27829724913,6905.288806252524
3,2023-09-18,6936.08,6977.749090053494,Latih,6977.888183665927,6923.695415531147
3,2023-09-19,6980.32,6939.004389434506,Latih,6939.6973912978665,6883.294774516565
3,2023-09-20,7011.68,6973.016813272292,Latih,6973.512115671689,6922.854284799742
3,2023-09-21,6991.47,7005.602339323222,Latih,7004.9248969323025,6946.8056040049105
3,2023-09-22,7016.84,6991.162700497564,Latih,6990.441763327774,6928.203716621149
3,2023-09-25,6998.38,7011.388131392658,Latih,7010.466042080581,6950.541805509976
3,2023-09-26,6923.8,6997.840001013932,Latih,6996.921947299896,6933.723943919588
3,2023-09-27,6937.83,6929.850958060969,Latih,6930.563734354723,6872.175132518153
3,2023-09-29,6939.89,6934.088649882425,Latih,6935.536622459043,6887.881747348351
3,2023-10-02,6961.46,6937.448016210546,Latih,6938.670466116717,6888.866724729879
3,2023-10-03,6940.89,6956.7524563730285,Latih,6957.547065627031,6906.841211138413
3,2023-10-04,6886.58,6940.9217244831225,Latih,6941.8101389715575,6888.455362769706
3,2023-10-05,6874.83,6890.630393173142,Latih,6892.801567338451,6844.011747539081
3,2023-10-06,6888.52,6874.286579832476,Latih,6877.400918099624,6837.0333017289995
3,2023-10-09,6891.46,6885.107991135759,Latih,6888.125049070162,6849.131934971847
3,2023-10-10,6922.19,6889.208450203879,Latih,6891.988192553564,6850.8727126062295
3,2023-10-11,6931.75,6916.711431983756,Latih,6918.881462729621,6876.480084306937
3,2023-10-12,6935.15,6928.5344563004855,Latih,6930.116769451845,6882.869601843101
3,2023-10-13,6926.78,6932.58926827078,Latih,6933.980854574789,6885.214396404071
3,2023-10-16,6896.29,6925.558516626108,Latih,6927.060095396686,6878.017535060089
3,2023-10-17,6939.62,6897.672870472117,Latih,6899.852160673484,6852.898515562155
3,2023-10-18,6927.91,6932.657581977595,Latih,6934.439589971949,6890.837329672619
3,2023-10-19,6846.43,6927.047786822665,Latih,6928.468720892418,6878.728450494748
3,2023-10-20,6849.17,6853.695254715123,Latih,6856.785065514186,6811.037952116761
3,2023-10-23,6741.96,6847.190879574753,Latih,6851.317547610142,6817.644383047555
3,2023-10-24,6806.76,6752.663373983378,Latih,6758.743618979777,6721.80619368287
3,2023-10-25,6834.39,6798.2320578974795,Latih,6804.540594432981,6787.614533975154
3,2023-10-26,6714.52,6829.771175796723,Latih,6834.701757381594,6807.351410887572
3,2023-10-27,6758.79,6726.773084440103,Latih,6733.56000749322,6694.905390390472
3,2023-10-30,6735.89,6752.7956967591,Latih,6760.361041834082,6748.849520846034
3,2023-10-31,6752.21,6737.391303382092,Latih,6744.790762957656,6725.305707362912
3,2023-11-01,6642.42,6749.317201818848,Latih,6756.719430263068,6742.202890874767
3,2023-11-02,6751.39,6653.995658683192,Latih,6663.218076363219,6628.9245170720005
3,2023-11-03,6788.85,6738.35021752628,Latih,6747.015431216979,6746.458832567358
3,2023-11-06,6878.84,6783.423834450869,Latih,6789.938971186012,6772.100775891272
3,2023-11-07,6843.79,6867.124962711374,Latih,6871.469508200925,6845.563838545121
3,2023-11-08,6804.11,6845.983473481275,Latih,6849.77731677834,6811.419899051222
3,2023-11-09,6838.23,6807.045826436015,Latih,6812.044183647963,6780.007364410489
3,2023-11-10,6809.26,6832.877308347856,Latih,6837.7719955301645,6810.710866895649
3,2023-11-13,6838.31,6810.991811779174,Latih,6815.968780321512,6784.618999230294
3,2023-11-14,6862.06,6833.512376959359,Latih,6838.336822315789,6810.505589475366
3,2023-11-15,6958.21,6857.702424208561,Latih,6861.698181927542,6828.880295109486
3,2023-11-16,6958.01,6945.34987411206,Latih,6947.243780272058,6908.232819862411
3,2023-11-17,6977.67,6955.708312640242,Latih,6956.32235130196,6902.9800181940645
3,2023-11-20,6994.89,6973.075777843649,Latih,6973.327509481365,6919.4727899423715
3,2023-11-21,6961.79,6990.461089358387,Latih,6990.130753238854,6932.869630234588
3,2023-11-22,6906.95,6963.0708577037385,Latih,6963.125024397426,6904.209104417011
3,2023-11-23,7004.34,6910.937769128428,Latih,6912.45183583294,6859.983859880307
3,2023-11-24,7009.63,6991.070778542217,Latih,6991.5089996493425,6944.532351629188
3,2023-11-27,7013.41,7006.420982805549,Latih,7005.4609588719,6943.816571056893
3,2023-11-28,7041.07,7010.344122179806,Latih,7009.243255874574,6946.705835053375
3,2023-11-29,7036.09,7035.223673774067,Latih,7033.558899902764,6969.695022845918
3,2023-11-30,7080.74,7033.849597481551,Latih,7031.908071264686,6964.057113024645
3,2023-12-01,7059.91,7072.797064482042,Latih,7070.093213795491,7001.753365272938
3,2023-12-04,7093.6,7059.2652110154095,Latih,7056.351912790602,6981.928848623093
3,2023-12-05,7100.85,7086.781801728675,Latih,7083.521173032591,7011.274910447657
3,2023-12-06,7087.4,7096.885907900404,Latih,7093.04096944816,7015.571297800601
3,2023-12-11,7088.79,7153.345224834163,Uji,7147.862102617699,7062.6556514484355
3,2023-12-12,7125.31,7093.450582649182,Uji,7088.948424636195,7001.9700768876655
3,2023-12-13,7075.34,7117.993879246786,Uji,7113.759102023913,7036.332028355661
3,2023-12-14,7176.02,7077.796722053357,Uji,7074.002049216696,6992.507585964259
3,2023-12-15,7190.99,7161.373374534329,Uji,7156.376766081531,7079.556780878374
3,2023-12-18,7119.52,7185.646151543342,Uji,7179.027591398441,7086.782294968436
3,2023-12-19,7187.85,7124.070906974748,Uji,7118.579220322445,7026.072820699276
3,2023-12-20,7219.67,7176.677976539812,Uji,7170.872006480178,7087.138055355618
3,2023-12-21,7209.62,7212.309975550857,Uji,7205.001148781265,7110.200960072351
3,2023-12-22,7237.52,7206.90720657536,Uji,7199.360234681452,7100.092504422736
3,2023-12-26,7237.52,7230.483753242582,Uji,7222.552951135127,7124.014363762215
3,2023-12-27,7245.92,7233.540808437556,Uji,7225.237565471022,7122.538769759014
3,2023-12-28,7303.89,7240.970613468379,Uji,7232.511461897581,7129.581112538055
3,2023-12-29,7272.8,7293.165782993533,Uji,7283.518327159977,7177.736648425542
3,2024-01-02,7323.59,7272.018442146276,Uji,7262.1742284883,7148.6061323762715
3,2024-01-03,7279.09,7313.535867658357,Uji,7303.163797776798,7192.830816413248
3,2024-01-04,7359.76,7279.740558995104,Uji,7269.516640401576,7152.837546600777
3,2024-01-05,7350.62,7346.217620302543,Uji,7335.0902209879,7222.821721964567
3,2024-01-08,7283.58,7346.9723668159095,Uji,7334.937765061958,7210.89267351934
3,2024-01-09,7200.2,7286.673671587206,Uji,7276.0055233294715,7155.172274586637
3,2024-01-10,7227.3,7205.5779702610635,Uji,7197.352659176672,7088.815025700997
3,2024-01-11,7219.96,7220.4118870151915,Uji,7212.796578994479,7115.94442320235
3,2024-01-12,7241.14,7216.889034126488,Uji,7209.0482258553175,7108.3575885678065
3,2024-01-15,7224.0,7234.818613296837,Uji,7226.682578609078,7126.502354793623
3,2024-01-16,7242.79,7221.978954573957,Uji,7213.878343468991,7111.012698198034
3,2024-01-17,7200.63,7236.720725172848,Uji,7228.500077446191,7127.672005625442
3,2024-01-18,7252.97,7201.488878127421,Uji,7193.80007738241,7091.332880157898
3,2024-01-19,7227.4,7243.164319722743,Uji,7235.066712896317,7137.442547199206
3,2024-01-22,7247.93,7226.2825163234165,Uji,7217.960844125835,7113.23752339728
3,2024-01-23,7256.23,7241.639625943393,Uji,7233.278180685133,7131.801408899502
3,2024-01-24,7227.82,7251.230538564416,Uji,7242.440961194128,7137.6740560067465
3,2024-01-25,7178.04,7227.011210809438,Uji,7218.638241676776,7113.417107510044
3,2024-01-26,7137.09,7179.867578710399,Uji,7172.797973224602,7073.185961613127
3,2024-01-29,7157.17,7138.192675194817,Uji,7132.547725496964,7041.487729051177
3,2024-01-30,7192.22,7151.466519426782,Uji,7145.995504004437,7060.487773021526
3,2024-01-31,7207.94,7184.668640018188,Uji,7178.278898282133,7088.81040718324
3,2024-02-01,7201.7,7202.413568158235,Uji,7195.264147511209,7100.135819841695
3,2024-02-02,7238.79,7198.61669816264,Uji,7191.3732480812905,7094.073051226806
3,2024-02-05,7198.62,7230.739251438468,Uji,7222.890551331131,7125.497984121516
3,2024-02-06,7247.41,7199.272751883949,Uji,7191.674617574895,7089.859303953717
3,2024-02-07,7235.15,7238.026196298689,Uji,7230.058625409096,7132.887567691879
3,2024-02-12,7297.67,7232.5281872094565,Uji,7224.136878525703,7120.028851978257
3,2024-02-13,7209.74,7286.484043319321,Uji,7277.095852239823,7173.091630241952
3,2024-02-15,7303.28,7215.560022012082,Uji,7206.969444465127,7096.067892177772
3,2024-02-16,7335.54,7288.6619210613735,Uji,7279.508736307716,7179.1387497044425
3,2024-02-19,7296.7,7327.4453634215415,Uji,7316.4445922053865,7201.237191329683
3,2024-02-20,7352.6,7296.626039272644,Uji,7285.915651755429,7166.9690899360985
3,2024-02-21,7349.02,7341.814065401658,Uji,7330.584430936677,7215.887667732922
3,2024-02-22,7339.64,7344.7726071644865,Uji,7332.863288309676,7209.930004026975
3,2024-02-23,7295.1,7336.083785225256,Uji,7324.396244902712,7202.255552074994
3,2024-02-26,7283.82,7295.66009646187,Uji,7284.92468823681,7165.4108558530415
3,2024-02-27,7285.32,7280.802549039221,Uji,7270.871166463588,7158.309727862556
3,2024-02-28,7328.64,7280.893305155134,Uji,7271.084604759906,7160.163816121896
3,2024-02-29,7316.11,7319.374436382156,Uji,7308.7415323473015,7196.402410358274
3,2024-03-01,7311.91,7313.038233580093,Uji,7302.059613313178,7183.606605134093
3,2024-03-04,7276.75,7307.950375771622,Uji,7297.217075025537,7180.748191042625
3,2024-03-05,7247.46,7276.391012622213,Uji,7266.366452571843,7151.493513093669
3,2024-03-06,7329.8,7246.631301998587,Uji,7237.61976673612,7128.797354558781
3,2024-03-07,7373.96,7316.25200449894,Uji,7306.103013509015,7199.377139353241
3,2024-03-08,7381.91,7364.3339579821695,Uji,7352.265995284424,7232.044588044375
3,2024-03-13,7421.21,7376.204445415844,Uji,7363.399403156149,7236.374022461266
3,2024-03-14,7433.31,7411.836534106845,Uji,7398.195943693034,7268.901166860555
3,2024-03-15,7328.05,7426.8452819360455,Uji,7412.455415486211,7276.966982142424
3,2024-03-18,7302.45,7335.06807003866,Uji,7322.470547198158,7188.080917520606
3,2024-03-19,7336.75,7300.891262840727,Uji,7290.1741044868,7172.185817841968
3,2024-03-20,7331.13,7328.424758225781,Uji,7317.412597655159,7202.295594175543
3,2024-03-21,7338.35,7327.212105854851,Uji,7315.846471735935,7195.769987305487
3,2024-03-22,7350.15,7332.98247297178,Uji,7321.557694921595,7202.120090500797
3,2024-03-25,7377.76,7344.210672557458,Uji,7332.470669460399,7211.631008600679
3,2024-03-26,7365.66,7369.92487550627,Uji,7357.514694094763,7234.154084819645
3,2024-03-27,7310.09,7362.247643475639,Uji,7349.693436054096,7222.549588136761
3,2024-03-28,7288.81,7311.769845116238,Uji,7300.4088743550565,7176.60179341682
3,2024-04-01,7205.06,7286.858681337334,Uji,7276.634538543915,7161.700347655495
3,2024-04-02,7236.98,7210.449699374523,Uji,7202.064309567894,7092.612837336133
3,2024-04-03,7166.84,7229.50642107734,Uji,7221.646510975448,7123.802808744982
3,2024-04-04,7254.4,7170.964780395112,Uji,7163.98081926771,7063.311839689679
3,2024-04-05,7286.88,7240.7266839868735,Uji,7233.053622074216,7140.428486188726
3,2024-04-16,7164.81,7279.049530090785,Uji,7269.604616438841,7163.027611010751
3,2024-04-17,7130.84,7174.636950411282,Uji,7167.024512149175,7058.970881398386
3,2024-04-18,7166.81,7131.214857144431,Uji,7125.862577984408,7036.947681256595
3,2024-04-19,7087.32,7159.308314177473,Uji,7153.741834441502,7068.900156495042
3,2024-04-22,7073.82,7092.940393377017,Uji,7088.369271477531,7000.356330911575
3,2024-04-23,7110.81,7072.289700128504,Uji,7069.030282111831,6993.242468367276
3,2024-04-24,7174.53,7103.52827807374,Uji,7099.762527023029,7024.967515236201
3,2024-04-25,7155.29,7163.9419430065955,Uji,7158.499535490353,7076.431703436443
3,2024-04-26,7036.08,7153.906038441736,Uji,7147.970077285248,7056.931604029006
3,2024-04-29,7155.78,7046.3560503262925,Uji,7042.889920010034,6958.007930923157
3,2024-04-30,7234.2,7139.16920024045,Uji,7135.072395630555,7064.66461699254
3,2024-05-01,7234.2,7221.647811334817,Uji,7214.49740420827,7124.078484931067
3,2024-05-02,7117.42,7230.240496360749,Uji,7222.043165422766,7119.931055985763
3,2024-05-03,7134.72,7126.9480641771115,Uji,7120.918521986082,7022.026999144615
3,2024-05-06,7135.89,7129.454080879764,Uji,7124.662391127423,7042.706793538991
3,2024-05-07,7123.61,7132.384597656206,Uji,7127.340234626607,7042.77275314695
3,2024-05-08,7088.79,7121.65107271023,Uji,7116.819071817472,7032.415839178028
3,2024-05-13,7099.26,7089.507130764792,Uji,7085.485388278435,7003.873444283067
3,2024-05-14,7083.76,7094.952542559575,Uji,7091.201364501785,7014.492672124565
3,2024-05-15,7179.83,7082.3899500621055,Uji,7078.786699092457,7000.944362385927
3,2024-05-16,7246.7,7165.665950489124,Uji,7160.486215565284,7082.305561223099
3,2024-05-17,7317.24,7235.3393399638835,Uji,7227.635831706017,7133.286060578303
3,2024-05-20,7266.69,7305.059363015989,Uji,7295.153718587853,7188.887543888772
3,2024-05-21,7186.04,7268.07691838095,Uji,7258.167955794427,7142.777652647572
3,2024-05-22,7222.38,7191.202676804149,Uji,7183.465628242575,7077.83716771371
3,2024-05-27,7176.42,7214.508614202825,Uji,7207.173645725932,7112.568600602222
3,2024-05-28,7253.63,7177.838659375988,Uji,7170.8717374403095,7072.115541653105
3,2024-05-29,7140.23,7241.095313447804,Uji,7233.308671870321,7139.276278108435
3,2024-05-30,7034.14,7149.252545502263,Uji,7142.540269802886,7040.122396554414
3,2024-05-31,6970.74,7042.989958001439,Uji,7039.76089665002,6957.17794292634
3,2024-06-03,7036.19,6975.28791332906,Uji,6974.651992757971,6909.636647480474
3,2024-06-04,7099.31,7026.231912941994,Uji,7025.227318069996,6967.860574497038
3,2024-06-05,6947.67,7089.2332930178145,Uji,7086.183322539398,7017.316469752848
3,2024-06-06,6974.9,6962.023171612673,Uji,6960.945487576179,6886.848903290076
3,2024-06-07,6897.95,6969.492749704176,Uji,6969.933930249864,6917.697395844804
3,2024-06-10,6921.55,6904.413754077599,Uji,6905.919884105966,6851.745231322386
3,2024-06-11,6855.69,6916.856489313292,Uji,6918.951749395477,6875.600301514309
3,2024-06-12,6850.1,6861.18888945494,Uji,6864.191688276271,6819.137599162195
3,2024-06-13,6831.56,6849.028130422272,Uji,6853.01388882611,6817.934318346713
3,2024-06-14,6734.83,6832.016896425819,Uji,6836.421437806225,6802.686707953544
3,2024-06-19,6726.92,6744.427278884225,Uji,6750.874965082134,6716.310090292712
3,2024-06-20,6819.32,6726.831936911514,Uji,6734.717764520817,6718.587154066583
3,2024-06-21,6879.98,6807.693472661408,Uji,6813.969612312648,6798.939812113674
3,2024-06-24,6889.17,6871.471996819716,Uji,6875.388589557152,6844.90809870366
3,2024-06-25,6882.7,6886.2472180423565,Uji,6889.183429496034,6849.404539619424
3,2024-06-26,6905.64,6881.531419953149,Uji,6884.465075528068,6843.494271770454
3,2024-06-27,6967.95,6901.113038440987,Uji,6903.707232960805,6863.068491661886
3,2024-06-28,7063.58,6958.740078087501,Uji,6959.8713458979655,6914.093629215406
3,2024-07-01,7139.63,7050.152696121995,Uji,7048.67696759886,6990.97083023077
3,2024-07-02,7125.14,7127.897685235814,Uji,7123.7336206585915,7049.67071119613
3,2024-07-03,7196.75,7123.414135813788,Uji,7118.503799479082,7033.500697611036
3,2024-07-04,7220.89,7185.165780856692,Uji,7179.119647873722,7094.302228355478
3,2024-07-05,7253.37,7214.3642294729625,Uji,7206.913932572093,7110.753074724151
3,2024-07-08,7250.98,7245.7379999525265,Uji,7237.362519781083,7136.7064092768
3,2024-07-09,7269.8,7247.182968250604,Uji,7238.418277068228,7132.98491528459
3,2024-07-10,7287.04,7263.567451451514,Uji,7254.485293223353,7148.88925199874
3,2024-07-11,7300.41,7280.878463122344,Uji,7271.225043571685,7162.347254021248
3,2024-07-12,7327.58,7294.593308540084,Uji,7284.461580941773,7172.644485979161
3,2024-07-15,7278.86,7320.090261794429,Uji,7309.275576487878,7194.7156200576665
3,2024-07-16,7224.29,7279.974264961576,Uji,7269.701291431878,7152.433672916967
3,2024-07-17,7224.22,7226.368519401638,Uji,7217.758974543897,7109.260934768988
3,2024-07-18,7321.07,7220.327273976294,Uji,7212.447544604031,7112.088274755551
3,2024-07-19,7294.5,7305.98387368689,Uji,7296.307182187536,7193.287466751421
3,2024-07-22,7321.98,7293.094666788079,Uji,7282.618254277206,7165.889971020302
3,2024-07-23,7313.86,7314.489434635143,Uji,7303.857651599744,7190.333408986413
3,2024-07-24,7262.76,7310.318330181341,Uji,7299.470463290909,7182.072539799296
3,2024-07-25,7240.28,7264.230455369447,Uji,7254.439511605593,7139.6616328812415
3,2024-07-26,7288.17,7238.74762670824,Uji,7230.056204050272,7123.517805843428
3,2024-07-29,7288.9,7278.6433247281075,Uji,7269.363018636202,7164.855916282615
3,2024-07-30,7241.86,7284.536463705397,Uji,7274.603287530636,7162.9351061356865
3,2024-07-31,7255.76,7243.009352758021,Uji,7233.939615203827,7123.459917431548
3,2024-08-01,7325.98,7250.149670889469,Uji,7241.449907995553,7137.601011682229
3,2024-08-02,7308.12,7313.782711738448,Uji,7303.593813167909,7195.735729562128
3,2024-08-05,7059.65,7305.679544754723,Uji,7294.884858078458,7177.048758319698
3,2024-08-06,7129.21,7083.9497535444,Uji,7078.0058108717885,6969.685337410623
3,2024-08-07,7212.13,7118.250543282105,Uji,7114.332381145431,7041.142730258766
3,2024-08-08,7195.12,7199.215491231765,Uji,7192.829426373923,7106.981001236511
4,2022-01-05,6662.3,6678.462520549906,Latih,6690.653628572835,6738.313574233075
4,2022-01-06,6653.35,6677.765057678235,Latih,6680.949547749175,6748.45102577748
4,2022-01-07,6701.32,6657.317837951491,Latih,6668.397568945897,6728.544944157917
4,2022-01-10,6691.12,6681.252501316084,Latih,6694.039044833794,6733.020458042641
4,2022-01-11,6647.97,6694.086141353562,Latih,6697.835621598378,6757.286762093923
4,2022-01-12,6647.06,6668.909160224658,Latih,6671.908832330567,6743.3477694523535
4,2022-01-13,6658.36,6653.923966811607,Latih,6665.3282281205165,6723.283217028696
4,2022-01-14,6693.4,6659.581845095168,Latih,6671.345794277054,6722.437237873989
4,2022-01-17,6645.05,6677.359016642583,Latih,6689.738833943321,6734.112908553202
4,2022-01-18,6614.06,6668.908817633998,Latih,6671.636673139196,6744.037178211531
4,2022-01-19,6591.98,6637.3090308457695,Latih,6647.860170307914,6723.700401956755
4,2022-01-20,6626.87,6625.713655660457,Latih,6636.720912570365,6713.289860408621
4,2022-01-21,6726.37,6643.234634034046,Latih,6661.217237161855,6710.338577617424
4,2022-01-24,6655.17,6697.408637284651,Latih,6717.905823535936,6729.828120706398
4,2022-01-25,6568.17,6692.349594546571,Latih,6692.977324059024,6764.114206106387
4,2022-01-26,6600.82,6622.166135841614,Latih,6627.792786663331,6729.501108225602
4,2022-01-27,6611.16,6634.520381658383,Latih,6652.179126725057,6711.562156319039
4,2022-01-28,6645.51,6635.1243237438875,Latih,6647.155726343552,6707.751320026235
4,2022-01-31,6631.15,6652.539267076264,Latih,6666.837042634349,6711.179178745167
4,2022-02-02,6707.65,6645.896214406499,Latih,6656.92637317882,6723.096976989227
4,2022-02-03,6683.85,6684.064498380138,Latih,6702.951999792174,6726.108348889369
4,2022-02-04,6731.39,6694.460004723087,Latih,6697.4840847975165,6759.362370230578
4,2022-02-07,6804.94,6702.104714914576,Latih,6709.430285746472,6755.460068695566
4,2022-02-08,6789.52,6762.312295587085,Latih,6767.803985080742,6795.794262532618
4,2022-02-09,6834.61,6797.5855592054395,Latih,6797.063476895716,6832.4032418859315
4,2022-02-10,6823.64,6808.938729258208,Latih,6811.141238146452,6833.4762875444
4,2022-02-11,6815.61,6829.883739677698,Latih,6828.3464254993505,6851.470519362721
4,2022-02-14,6734.49,6819.995849269061,Latih,6818.994243459135,6845.377757788333
4,2022-02-15,6807.5,6779.056084424878,Latih,6775.815344845974,6825.213492090732
4,2022-02-16,6850.2,6765.236778739118,Latih,6770.587243313216,6797.992608621147
4,2022-02-17,6835.12,6826.232990182668,Latih,6827.642421085268,6846.098956375155
4,2022-02-18,6892.82,6843.966439405116,Latih,6841.670228739413,6860.143518651757
4,2022-02-21,6902.96,6861.162758184705,Latih,6862.006824002896,6866.114938492809
4,2022-02-22,6861.99,6898.794881311694,Latih,6895.6987925589465,6891.462717225589
4,2022-02-23,6920.06,6886.2590883011,Latih,6880.975487081445,6886.994145649708
4,2022-02-24,6817.82,6888.773496897258,Latih,6888.570140252747,6882.618913868702
4,2022-02-25,6888.17,6876.28145206753,Latih,6868.1803594053135,6884.659926812686
4,2022-03-01,6921.44,6849.1586400223105,Latih,6851.127747711572,6858.179039168392
4,2022-03-02,6868.4,6904.40555965189,Latih,6902.30182029728,6893.447622869053
4,2022-03-04,6928.33,6899.728279260436,Latih,6893.293314864673,6895.772481870689
4,2022-03-07,6869.07,6896.153804667034,Latih,6895.762553205528,6886.925834364928
4,2022-03-08,6814.18,6903.979738853613,Latih,6897.055348148384,6898.686415815988
4,2022-03-09,6864.44,6845.408862434658,Latih,6840.975816863807,6863.370464108621
4,2022-03-10,6924.01,6836.442165990503,Latih,6837.852372570069,6851.760622547898
4,2022-03-11,6922.6,6891.947825599947,Latih,6891.70025536839,6884.4297576010595
4,2022-03-14,6952.2,6925.478944609206,Latih,6920.748142507117,6908.119733666817
4,2022-03-15,6918.19,6937.92855990891,Latih,6934.337821955127,6913.730075880329
4,2022-03-16,6992.4,6939.6703166795205,Latih,6932.687026236696,6918.549253444712
4,2022-03-17,6964.38,6953.405538982198,Latih,6951.548904452964,6920.344945620339
4,2022-03-18,6954.96,6983.413584924984,Latih,6975.053467868018,6944.375366306349
4,2022-03-21,6955.18,6963.125133345173,Latih,6956.521123082683,6931.1277345443195
4,2022-03-22,7000.82,6957.821416236207,Latih,6951.926245440885,6927.380956240934
4,2022-03-23,6996.12,6978.390275039124,Latih,6974.074847952174,6936.995420519156
4,2022-03-24,7049.69,7002.459091734937,Latih,6994.582169715812,6954.390131610677
4,2022-03-25,7002.53,7023.758405536466,Latih,7018.104651268773,6963.678811563299
4,2022-03-28,7049.6,7033.356580598408,Latih,7022.06629209166,6975.404203136014
4,2022-03-29,7011.69,7027.394106898361,Latih,7021.2601051652955,6966.240820869253
4,2022-03-30,7053.19,7037.407889678532,Latih,7026.444574868732,6977.2798417509075
4,2022-03-31,7071.44,7034.255331642682,Latih,7027.565066101604,6970.678158519315
4,2022-04-01,7078.76,7066.229460134564,Latih,7057.088469076213,6991.196158769179
4,2022-04-04,7116.22,7079.974352543413,Latih,7069.730917669593,7000.071764881661
4,2022-04-05,7148.3,7100.9510364390035,Latih,7091.472832747759,7010.837592335991
4,2022-04-06,7104.22,7136.802929217882,Latih,7125.658364557093,7032.615498825366
4,2022-04-07,7127.37,7135.456509140796,Latih,7120.382571818893,7036.331405185515
4,2022-04-08,7210.83,7120.546291370456,Latih,7109.56296409494,7023.415556317621
4,2022-04-11,7203.79,7171.205236883234,Latih,7161.417538082668,7050.155882051047
4,2022-04-12,7214.78,7215.91536061056,Latih,7199.669168546273,7082.289438015282
4,2022-04-13,7262.78,7216.800511452035,Latih,7201.462792249991,7081.748739458382
4,2022-04-14,7235.53,7244.602894086916,Latih,7230.125814334231,7096.191999695362
4,2022-04-18,7275.29,7259.924789478859,Latih,7240.921944902021,7109.830417512718
4,2022-04-19,7199.23,7262.106199953637,Latih,7246.522074035485,7107.157538112465
4,2022-04-20,7227.36,7250.839957432826,Latih,7229.636413880664,7107.290747703377
4,2022-04-21,7276.19,7219.820118455962,Latih,7205.2616960454725,7082.538482033074
4,2022-04-22,7225.61,7257.82394598492,Latih,7242.879288157303,7104.05596790916
4,2022-04-25,7215.98,7263.171980104527,Latih,7242.823956533749,7113.159105931583
4,2022-04-26,7232.15,7229.851483247357,Latih,7212.931538170651,7090.7844452965865
4,2022-04-27,7196.76,7231.571572774726,Latih,7215.93392514594,7090.2821686053885
4,2022-04-28,7228.91,7224.993314987497,Latih,7206.914456812217,7089.406067328513
4,2022-05-09,6909.75,7219.097911489085,Latih,7204.7775184834745,7081.8675214577315
4,2022-05-10,6819.79,7094.579987825216,Latih,7066.705208673535,7028.197501387649
4,2022-05-11,6816.2,6871.251212800777,Latih,6863.986403331195,6880.920077890194
4,2022-05-12,6599.84,6818.052157928377,Latih,6817.357797764568,6843.950796586307
4,2022-05-13,6597.99,6728.737893803138,Latih,6719.645796249526,6797.347245385673
4,2022-05-17,6644.47,6628.49650019855,Latih,6640.180877851703,6707.783019358234
4,2022-05-18,6793.41,6652.877371737669,Latih,6671.308432503205,6711.083822190182
4,2022-05-19,6823.33,6736.111026560981,Latih,6758.437091034077,6756.112257888339
4,2022-05-20,6918.14,6806.117152583626,Latih,6807.635643667606,6833.436366036565
4,2022-05-23,6840.77,6865.7424584138735,Latih,6868.349534551536,6866.652767044937
4,2022-05-24,6914.14,6885.459960035122,Latih,6878.304340026414,6888.677002682723
4,2022-05-25,6883.5,6873.952456122076,Latih,6875.121530588901,6872.839644091165
4,2022-05-27,7026.26,6902.305284987727,Latih,6896.941711472907,6895.984991503396
4,2022-05-30,7037.56,6948.677529317185,Latih,6950.587065015479,6913.445143874924
4,2022-05-31,7148.97,7035.610180742795,Latih,7027.288873390013,6973.2821578050125
4,2022-06-02,7148.72,7091.992484602989,Latih,7086.7262068355685,7001.085005846074
4,2022-06-03,7182.96,7155.772781667778,Latih,7142.205312436886,7045.889089909847
4,2022-06-06,7096.58,7170.965914683412,Latih,7158.614396663973,7052.934925772008
4,2022-06-07,7141.04,7151.9115651560505,Latih,7133.99063481099,7048.691714210566
4,2022-06-08,7193.31,7122.287789582078,Latih,7112.351160804096,7023.192678469472
4,2022-06-09,7182.83,7171.197480113577,Latih,7159.779463466474,7052.002975753602
4,2022-06-10,7086.65,7196.479584863258,Latih,7180.804549604725,7070.860717026054
4,2022-06-13,6995.44,7147.389213310547,Latih,7129.130708350009,7046.5667730188925
4,2022-06-14,7049.88,7051.377004442271,Latih,7037.0877419388835,6988.8053155136595
4,2022-06-15,7007.05,7023.453512777143,Latih,7017.857055181317,6963.444712255046
4,2022-06-16,7050.33,7035.4901576603,Latih,7024.343783086591,6976.424114922333
4,2022-06-17,6936.97,7030.313289591128,Latih,7023.8683448184065,6968.213057122277
4,2022-06-20,6976.38,7004.358569488576,Latih,6990.727882584978,6961.978372519062
4,2022-06-21,7044.07,6957.000077753112,Latih,6953.185376003429,6924.562559841913
4,2022-06-22,6984.31,7009.920483603529,Latih,7005.539511812976,6954.5580398178545
4,2022-06-23,6998.27,7021.972693737798,Latih,7010.463457479528,6969.338667823123
4,2022-06-24,7042.94,6993.953845517684,Latih,6987.380991613318,6948.191593554064
4,2022-06-27,7016.06,7021.967987964206,Latih,7015.9181730378195,6963.135630840109
4,2022-06-28,6996.46,7035.545851266438,Latih,7025.23110582357,6975.510470880317
4,2022-06-29,6942.35,7011.351349046282,Latih,7002.351944890072,6960.597098690317
4,2022-06-30,6911.58,6975.874470224428,Latih,6966.441695347475,6941.411970026536
4,2022-07-01,6794.33,6931.060767766279,Latih,6924.579469599765,6913.203779059092
4,2022-07-04,6639.17,6860.8968561208585,Latih,6852.605464043054,6876.342911539114
4,2022-07-05,6703.27,6724.15727568956,Latih,6719.167022570389,6796.750723943141
4,2022-07-06,6646.41,6681.997784672691,Latih,6696.677665168062,6728.001078253406
4,2022-07-07,6652.59,6675.178304277075,Latih,6677.219084517968,6749.725101049564
4,2022-07-08,6740.22,6656.67446562023,Latih,6668.294164742392,6722.458840477484
4,2022-07-11,6722.15,6700.768740620629,Latih,6717.546116271036,6743.952228655836
4,2022-07-12,6718.29,6730.293539813776,Latih,6732.232758083958,6784.661100323226
4,2022-07-13,6640.99,6718.201692586558,Latih,6721.350889355558,6773.983079501414
4,2022-07-14,6690.09,6681.364405646337,Latih,6682.097666009976,6756.934656463287
4,2022-07-15,6651.9,6675.411084934485,Latih,6688.30930007936,6724.912332575936
4,2022-07-18,6659.25,6670.078758273435,Latih,6673.292536613804,6743.540473466535
4,2022-07-19,6736.09,6660.108413403343,Latih,6671.726961938006,6724.178839509207
4,2022-07-20,6874.74,6698.805127309874,Latih,6712.390708597915,6745.381749591847
4,2022-07-21,6864.13,6796.271950264003,Latih,6803.854787289528,6815.662271341114
4,2022-07-22,6886.96,6871.033764691388,Latih,6867.925497810279,6876.078767676389
4,2022-07-25,6858.41,6875.174897164142,Latih,6873.654725446737,6876.571968947089
4,2022-07-26,6871.54,6875.479764067566,Latih,6871.261839575207,6879.804964684284
4,2022-07-27,6898.22,6864.987750582133,Latih,6863.354071468745,6871.050545169746
4,2022-07-28,6956.82,6884.4679467636715,Latih,6882.790002351439,6881.905549619234
4,2022-07-29,6951.12,6926.016230187458,Latih,6924.40176200692,6904.878412330189
4,2022-08-01,6968.78,6957.069604265139,Latih,6950.8939745349135,6927.282445266288
4,2022-08-02,6988.16,6961.710841533587,Latih,6956.577101103709,6928.673440913004
4,2022-08-03,7046.63,6980.5191721833235,Latih,6974.74867853229,6939.82870991592
4,2022-08-04,7057.35,7017.822770259432,Latih,7012.654538060478,6959.835280486391
4,2022-08-05,7084.65,7056.1562604988185,Latih,7047.010822225865,6985.614077053118
4,2022-08-08,7086.85,7074.532047816574,Latih,7065.543399714289,6995.628170104076
4,2022-08-09,7102.88,7091.173679997982,Latih,7080.229963959515,7007.0789720309285
4,2022-08-10,7086.24,7099.615372415843,Latih,7089.068544424833,7011.310548437885
4,2022-08-11,7160.38,7101.355215849939,Latih,7089.033225266994,7014.29152672892
4,2022-08-12,7129.28,7125.020551244085,Latih,7116.529887753789,7023.066191412263
4,2022-08-15,7093.28,7153.6089014924255,Latih,7138.5122109795275,7046.425548099335
4,2022-08-16,7133.45,7119.648574562137,Latih,7105.607838958564,7026.390122345739
4,2022-08-18,7186.56,7116.995604204003,Latih,7107.039221519294,7020.279908039623
4,2022-08-19,7172.43,7163.821309287618,Latih,7152.732179673978,7047.538230850752
4,2022-08-22,7107.98,7187.950240948272,Latih,7172.413896731208,7065.972400788127
4,2022-08-23,7163.27,7150.978891172476,Latih,7134.240454505748,7046.831485711392
4,2022-08-24,7194.71,7138.7826636815735,Latih,7128.774931181734,7032.422406972701
4,2022-08-25,7174.21,7184.5732019985435,Latih,7171.549585744213,7061.245528782663
4,2022-08-26,7135.25,7193.4214525700345,Latih,7177.340738258433,7069.625270466862
4,2022-08-29,7132.04,7164.214318950246,Latih,7148.296962207623,7053.239870243129
4,2022-08-30,7159.47,7140.433407688207,Latih,7127.303730536764,7036.883687185104
4,2022-08-31,7178.59,7150.878725420304,Latih,7138.947262333698,7041.316422485168
4,2022-09-01,7153.1,7175.173548528026,Latih,7161.869033788512,7056.35100712901
4,2022-09-02,7177.18,7174.721432280611,Latih,7159.102297475407,7058.7289224351025
4,2022-09-05,7231.88,7170.888967528414,Latih,7158.009213495323,7053.492016968783
4,2022-09-06,7233.15,7209.199290882423,Latih,7196.440180473401,7074.604030638992
4,2022-09-07,7186.76,7241.137945081074,Latih,7224.351778425054,7096.892591130795
4,2022-09-08,7232.02,7221.087678041534,Latih,7202.584627989604,7087.721503806175
4,2022-09-09,7242.66,7214.755982105807,Latih,7201.288678627087,7078.490379084408
4,2022-09-12,7254.46,7245.477857704242,Latih,7229.013907259779,7098.933862633767
4,2022-09-13,7318.02,7256.865105831703,Latih,7240.02179763921,7105.680597457948
4,2022-09-14,7278.08,7292.101628217781,Latih,7276.602826765858,7123.697660034959
4,2022-09-15,7305.6,7310.6629574657345,Latih,7289.0364114082695,7140.952180442877
4,2022-09-16,7168.87,7300.08432671913,Latih,7282.392996755922,7130.615354062384
4,2022-09-19,7195.49,7254.623709671577,Latih,7230.102440601664,7113.15760628945
4,2022-09-20,7196.95,7188.134076389146,Latih,7174.720863450836,7063.663003614006
4,2022-09-21,7188.31,7204.054225568845,Latih,7188.710766357255,7074.68552843219
4,2022-09-22,7218.91,7201.021638903691,Latih,7185.2672777474645,7073.470042626916
4,2022-09-23,7178.58,7209.772826430872,Latih,7195.73162542112,7076.378158994972
4,2022-09-26,7127.5,7209.257259807661,Latih,7191.528128520323,7080.280848368466
4,2022-09-27,7112.45,7163.249118245909,Latih,7146.735524475642,7053.381767416056
4,2022-09-28,7077.03,7127.214217414921,Latih,7113.976307470862,7029.674545465761
4,2022-09-29,7036.2,7102.718183702293,Latih,7089.361853741468,7016.222290120177
4,2022-09-30,7040.8,7064.11698148614,Latih,7051.969156237897,6993.439468265821
4,2022-10-03,7009.72,7042.761818943079,Latih,7033.813971449191,6977.960472432423
4,2022-10-04,7072.26,7031.478821799808,Latih,7021.101608505302,6973.325544003295
4,2022-10-05,7075.38,7041.667183609064,Latih,7035.790448069627,6973.865260036038
4,2022-10-06,7076.62,7078.930653330147,Latih,7068.508037077247,6999.696492365649
4,2022-10-07,7026.78,7081.275317950308,Latih,7070.663850212155,7001.21154461508
4,2022-10-10,6994.4,7059.662527231035,Latih,7047.215807792004,6991.308269946624
4,2022-10-11,6939.15,7016.576464222721,Latih,7006.707060781768,6964.483240288542
4,2022-10-12,6909.21,6973.259766596602,Latih,6963.868412869619,6939.91465492372
4,2022-10-13,6880.63,6928.164027993721,Latih,6921.838020355743,6911.420730418006
4,2022-10-14,6814.53,6898.19249058012,Latih,6893.095491382517,6893.401030539312
4,2022-10-17,6831.12,6852.195182639989,Latih,6846.913908451232,6868.097827376162
4,2022-10-18,6834.49,6821.71844681862,Latih,6821.937368714242,6844.947076081069
4,2022-10-19,6860.42,6832.742083440454,Latih,6831.844004649551,6852.3299694407315
4,2022-10-20,6980.65,6846.289100655349,Latih,6846.046986018451,6859.098836914334
4,2022-10-21,7017.77,6915.012140625159,Latih,6917.044517698924,6894.633012408056
4,2022-10-24,7053.04,7000.589141417792,Latih,6994.9706287402405,6950.787939493701
4,2022-10-25,7048.38,7037.674929401929,Latih,7030.526859315687,6973.094857673692
4,2022-10-26,7043.94,7055.814600651321,Latih,7045.878333855922,6986.322683817197
4,2022-10-27,7091.76,7051.153402628955,Latih,7041.408779755886,6983.51980095749
4,2022-10-28,7056.04,7070.026243746339,Latih,7062.284367086944,6991.713018187334
4,2022-10-31,7098.89,7081.451034638942,Latih,7068.900633045493,7003.511064835837
4,2022-11-01,7052.3,7080.159067084849,Latih,7071.765983756839,6998.072948764612
4,2022-11-02,7015.69,7083.864786220849,Latih,7070.652939022838,7005.60120398765
4,2022-11-03,7034.57,7040.747954692895,Latih,7029.723568249994,6979.2018141365525
4,2022-11-04,7045.53,7028.209084830338,Latih,7020.569959513002,6968.402322301911
4,2022-11-07,7102.4,7043.945708839949,Latih,7035.284551552588,6978.291427937794
4,2022-11-08,7050.13,7075.703888864576,Latih,7068.215761996566,6994.5739733958735
4,2022-11-09,7070.08,7084.905796420634,Latih,7071.356736589729,7006.5614403594045
4,2022-11-10,6966.84,7063.86540359026,Latih,7054.904628146944,6989.680227419187
4,2022-11-11,7089.21,7029.064035981947,Latih,7015.007941974453,6976.164625121402
4,2022-11-14,7019.39,7024.668171193653,Latih,7022.575808434539,6960.138518468187
4,2022-11-15,7035.5,7063.5726631033995,Latih,7049.930366901215,6994.834859415342
4,2022-11-16,7014.38,7030.7475652683315,Latih,7022.865549637132,6970.0861618590825
4,2022-11-17,7044.99,7030.526600756699,Latih,7020.706840641551,6972.164303873824
4,2022-11-18,7082.18,7032.125064135844,Latih,7024.947880307489,6970.049756753491
4,2022-11-21,7063.25,7066.337434368192,Latih,7058.1823804450605,6990.136222051431
4,2022-11-22,7030.59,7079.186471593439,Latih,7067.601322416125,7001.158798581412
4,2022-11-23,7054.12,7053.701553173121,Latih,7042.383185160215,6986.720347541619
4,2022-11-24,7080.52,7045.51076639777,Latih,7037.446311544234,6978.481882488775
4,2022-11-25,7053.15,7070.829845082818,Latih,7061.937122365293,6993.46573785906
4,2022-11-28,7017.36,7073.710554198085,Latih,7061.895752927122,6998.382392162134
4,2022-11-29,7012.07,7041.983452963884,Latih,7030.954205611998,6979.892580330419
4,2022-11-30,7081.31,7019.088830202871,Latih,7010.5385430098095,6964.378575609969
4,2022-12-01,7020.8,7047.068532592114,Latih,7041.333383954819,6976.700307633924
4,2022-12-02,7019.64,7059.673696979341,Latih,7046.668748683985,6991.948462002327
4,2022-12-05,6987.33,7024.4523261499935,Latih,7015.910726538948,6967.34357495551
4,2022-12-06,6892.57,7009.314990164093,Latih,6999.729846475175,6960.132881882236
4,2022-12-07,6818.75,6948.341454343839,Latih,6937.8473465306,6927.346050777477
4,2022-12-08,6804.23,6860.932847532068,Latih,6854.910414002571,6873.785944133437
4,2022-12-09,6715.12,6812.094209010629,Latih,6811.058654405503,6841.033734077247
4,2022-12-12,6734.45,6763.853720853352,Latih,6760.782660610698,6816.58879162076
4,2022-12-13,6810.32,6721.40831530692,Latih,6725.64591613831,6773.239360426688
4,2022-12-14,6801.75,6766.4769569278,Latih,6771.929009328508,6798.515156337049
4,2022-12-15,6751.86,6806.148903627423,Latih,6805.654047579197,6837.121995139153
4,2022-12-16,6812.19,6778.887762523318,Latih,6777.286118868614,6823.258579289943
4,2022-12-19,6779.7,6777.298956322396,Latih,6781.520565280343,6808.44614852908
4,2022-12-20,6768.32,6797.344866642979,Latih,6795.939727819588,6833.2726723409005
4,2022-12-21,6820.66,6773.614969069386,Latih,6774.230210182691,6815.277819981007
4,2022-12-22,6824.43,6790.532406123903,Latih,6793.825051419761,6819.129392242461
4,2022-12-23,6800.67,6822.23742642048,Latih,6821.766099240213,6846.018828944596
4,2022-12-26,6835.81,6813.757079433827,Latih,6812.174233017592,6842.577589798006
4,2022-12-27,6923.03,6815.8706181741045,Latih,6817.2851685446785,6839.836916230948
4,2022-12-28,6850.52,6875.089882968699,Latih,6876.939045143163,6872.69810890082
4,2022-12-29,6860.08,6892.631455565728,Latih,6885.452849662936,6892.680788620748
4,2022-12-30,6850.62,6855.329822537932,Latih,6853.882667878899,6865.48193437699
4,2023-01-02,6850.98,6856.575146050486,Latih,6854.085559117231,6867.356538755928
4,2023-01-03,6888.76,6851.311195313963,Latih,6849.538333897027,6863.622843537365
4,2023-01-04,6813.24,6868.439745782649,Latih,6867.961334086095,6871.653168604409
4,2023-01-05,6653.84,6856.279845829639,Latih,6850.348347496423,6871.101920840775
4,2023-01-06,6684.56,6741.57281370761,Latih,6735.688036983629,6807.426236742763
4,2023-01-09,6688.27,6672.846632246089,Latih,6685.130110467686,6729.9213570776765
4,2023-01-10,6622.5,6683.197925001992,Latih,6688.095239092721,6747.523833244463
4,2023-01-11,6584.45,6655.866391213248,Latih,6658.187494645576,6739.230178775509
4,2023-01-12,6629.93,6622.072485775953,Latih,6632.563006083227,6716.7375376740265
4,2023-01-13,6641.83,6648.106699839542,Latih,6666.362716169816,6711.805809381919
4,2023-01-16,6688.06,6651.001106117228,Latih,6662.891826771211,6716.878297187405
4,2023-01-17,6767.34,6674.40582051487,Latih,6687.215505062058,6724.656928007024
4,2023-01-18,6765.79,6720.621546160596,Latih,6728.440447542685,6765.745958955311
4,2023-01-19,6819.91,6765.393439630293,Latih,6766.840180594944,6807.99527336481
4,2023-01-20,6874.93,6788.7455566656845,Latih,6792.20026673558,6817.593862121134
4,2023-01-24,6860.85,6844.426855396065,Latih,6845.777386561068,6856.257066782746
4,2023-01-25,6829.93,6869.67358927611,Latih,6866.436456595098,6875.470688647068
4,2023-01-26,6864.82,6847.7494159669,Latih,6844.479006744059,6863.3482021797045
4,2023-01-27,6898.98,6845.644823367627,Latih,6845.895987569126,6858.181236919794
4,2023-01-30,6872.48,6880.954517947472,Latih,6879.803335762656,6879.358536734617
4,2023-01-31,6839.34,6888.675192769803,Latih,6884.054691932238,6887.581152121462
4,2023-02-01,6862.26,6858.6339478528835,Latih,6854.82695116106,6869.994719539915
4,2023-02-02,6890.57,6849.894679895076,Latih,6849.355894674692,6861.435615485345
4,2023-02-03,6911.73,6875.719422394073,Latih,6874.464713190233,6876.572511920965
4,2023-02-06,6873.79,6901.432700113097,Latih,6898.81078268949,6892.387246601023
4,2023-02-07,6935.3,6896.573937167564,Latih,6891.050212215223,6892.988008410968
4,2023-02-08,6940.12,6902.3668220270065,Latih,6901.818185709158,6890.550727961101
4,2023-02-09,6897.37,6939.80109581594,Latih,6934.842580812616,6916.322078028958
4,2023-02-10,6880.33,6923.417040098947,Latih,6916.604786427061,6909.340054525176
4,2023-02-13,6900.14,6891.267970595397,Latih,6887.041823927201,6888.571355479993
4,2023-02-14,6941.85,6890.368909280338,Latih,6888.1038032609595,6885.845368063487
4,2023-02-15,6914.54,6920.41211924557,Latih,6918.131163560192,6902.52692175273
4,2023-02-16,6895.66,6932.099864629549,Latih,6925.759248408716,6913.620291733781
4,2023-02-17,6895.71,6907.981327040235,Latih,6903.013219498434,6898.684062929192
4,2023-02-20,6894.72,6897.17625033144,Latih,6893.615194949545,6891.092952016033
4,2023-02-21,6873.4,6896.761470001974,Latih,6893.162070322074,6890.906453417577
4,2023-02-22,6809.97,6886.644237770475,Latih,6882.372946702874,6886.058006975688
4,2023-02-23,6839.45,6846.006366401347,Latih,6841.10380356315,6864.235111222301
4,2023-02-24,6856.58,6822.83446498099,Latih,6823.684089817434,6844.849702765973
4,2023-02-27,6854.78,6847.413625408443,Latih,6846.668070564899,6860.294387821589
4,2023-02-28,6843.24,6856.431257973347,Latih,6854.347686219845,6866.815633351837
4,2023-03-01,6844.94,6850.230056759152,Latih,6847.876911404165,6863.682312104736
4,2023-03-02,6857.42,6844.373437109026,Latih,6842.938693281444,6859.390853436027
4,2023-03-03,6813.64,6850.938301540646,Latih,6849.813492372665,6862.680085753236
4,2023-03-06,6807.0,6838.485842092068,Latih,6834.901050995023,6858.5671879220345
4,2023-03-07,6766.76,6810.404422596721,Latih,6809.846064460901,6839.554466391834
4,2023-03-08,6776.37,6788.572477278735,Latih,6787.101121498372,6828.482246536047
4,2023-03-09,6799.79,6769.799724345827,Latih,6771.659616718316,6809.719448124199
4,2023-03-10,6765.3,6785.801061047937,Latih,6787.764661430742,6819.524263529806
4,2023-03-13,6786.96,6783.78365453961,Latih,6782.797924251581,6825.27461543563
4,2023-03-14,6641.81,6773.705800842071,Latih,6776.044725452685,6810.961875776081
4,2023-03-15,6628.14,6721.113157293516,Latih,6716.7637943393165,6794.334412627246
4,2023-03-16,6565.73,6644.324149900088,Latih,6655.397934037755,6721.870929049272
4,2023-03-17,6678.24,6618.908457416972,Latih,6625.001164047576,6719.6603660485325
4,2023-03-20,6612.49,6687.6988035234945,Latih,6707.988509114401,6719.345156785565
4,2023-03-21,6691.61,6645.63070664511,Latih,6648.348310286412,6735.99026658537
4,2023-03-24,6762.25,6679.299734554899,Latih,6698.968394383207,6714.131314781027
4,2023-03-27,6708.93,6720.377544043082,Latih,6727.337253906149,6765.684641691171
4,2023-03-28,6760.33,6737.006106067617,Latih,6736.843239760717,6794.217699099805
4,2023-03-29,6839.44,6729.450378952045,Latih,6735.053765928765,6774.834307403588
4,2023-03-30,6808.95,6794.362026727225,Latih,6798.906123383668,6818.363902500897
4,2023-03-31,6805.28,6826.0738471252025,Latih,6823.663327530652,6850.349149029287
4,2023-04-03,6827.17,6806.944360355762,Latih,6806.674916033772,6837.3071750867675
4,2023-04-04,6833.18,6814.644453882604,Latih,6815.413718585401,6840.398402930529
4,2023-04-05,6819.67,6829.890074372918,Latih,6829.240160499246,6850.466172827515
4,2023-04-06,6792.77,6827.285428689748,Latih,6825.715742926031,6850.066182072195
4,2023-04-10,6771.23,6807.488756306199,Latih,6805.983942992715,6839.012216481002
4,2023-04-11,6811.31,6782.413912441755,Latih,6782.158042466665,6823.024014575511
4,2023-04-12,6798.96,6788.013291754152,Latih,6790.762342632439,6818.923450008064
4,2023-04-13,6785.6,6805.466980150965,Latih,6804.800906340507,6836.938263121874
4,2023-04-14,6818.57,6792.400287969138,Latih,6792.186226982501,6829.177408232719
4,2023-04-17,6787.58,6799.506161228445,Latih,6801.439484353688,6828.224204665453
4,2023-04-18,6821.81,6804.533271931437,Latih,6802.928835839656,6837.486097906859
4,2023-04-26,6910.15,6802.092888773706,Latih,6803.992159680155,6829.938243912488
4,2023-04-27,6945.48,6861.291934255395,Latih,6863.732756963406,6864.373130010401
4,2023-04-28,6915.72,6927.7786199653565,Latih,6924.8795790178,6907.314813679496
4,2023-05-02,6863.3,6934.710172754569,Latih,6928.1406284052555,6915.328073853295
4,2023-05-03,6812.72,6894.163572708406,Latih,6887.975997552909,6892.4050354594365
4,2023-05-04,6844.03,6841.445928816827,Latih,6837.39128432575,6860.742599828277
4,2023-05-05,6787.63,6826.462978403002,Latih,6827.268079381615,6846.912848359379
4,2023-05-08,6769.63,6819.156696071654,Latih,6815.6589359301615,6847.747321639094
4,2023-05-09,6779.98,6778.749511032129,Latih,6778.8203044832,6819.889710804253
4,2023-05-10,6811.9,6773.06262243005,Latih,6774.835121864402,6811.994120826153
4,2023-05-11,6755.94,6793.295574322965,Latih,6795.413973972228,6823.84705954793
4,2023-05-12,6707.76,6786.536170108344,Latih,6784.321715794827,6828.196771556765
4,2023-05-15,6711.74,6732.863331745286,Latih,6733.1292338091325,6790.523330703403
4,2023-05-16,6676.56,6707.015344793216,Latih,6711.006590620295,6764.808424062751
4,2023-05-17,6663.11,6693.5402974727895,Latih,6696.005011031344,6760.202855006776
4,2023-05-19,6700.56,6667.3405539447185,Latih,6673.31083612622,6738.268016139288
4,2023-05-22,6729.65,6681.03178243549,Latih,6693.451107549682,6738.106468483229
4,2023-05-23,6736.68,6710.908351132588,Latih,6716.061832541244,6764.309185439669
4,2023-05-24,6745.8,6730.739941907544,Latih,6733.974023592491,6781.6567870834715
4,2023-05-25,6704.23,6738.856522253175,Latih,6741.886277697405,6787.282086934472
4,2023-05-26,6687.0,6725.467045030016,Latih,6726.364218864459,6784.267935525204
4,2023-05-29,6681.1,6693.909597276166,Latih,6697.2984006598745,6758.0907512688855
4,2023-05-30,6636.42,6681.385697979046,Latih,6685.850662657036,6747.480511685929
4,2023-05-31,6633.26,6657.989412604432,Latih,6661.330996652852,6735.961126987358
4,2023-06-05,6633.44,6646.805702112773,Latih,6658.218508796255,6719.655091445165
4,2023-06-06,6618.92,6646.84399469898,Latih,6658.373786396842,6718.483599451798
4,2023-06-07,6619.75,6639.557556770005,Latih,6650.660163770924,6719.206426960247
4,2023-06-08,6666.33,6639.734973483988,Latih,6651.375169869969,6713.823371025639
4,2023-06-09,6694.02,6663.132971811901,Latih,6678.189016851796,6714.050799511986
4,2023-06-12,6722.37,6677.801617919219,Latih,6689.917511132374,6738.6135543716155
4,2023-06-13,6719.01,6703.896942399756,Latih,6709.282622708099,6759.308512393258
4,2023-06-14,6699.72,6718.650344143527,Latih,6721.808357774037,6774.243034708524
4,2023-06-15,6713.79,6708.083193416015,Latih,6710.816717827039,6768.671217784308
4,2023-06-16,6698.55,6703.322734597937,Latih,6707.984087755696,6760.78487129005
4,2023-06-19,6686.06,6704.5655371603525,Latih,6707.646681203561,6765.575982276224
4,2023-06-20,6660.46,6690.2311431855105,Latih,6694.009840596034,6754.787065504215
4,2023-06-21,6702.63,6671.601728891891,Latih,6675.41483403982,6742.978224017938
4,2023-06-22,6652.26,6682.027312109185,Latih,6694.600350542083,6737.049543977697
4,2023-06-23,6639.73,6677.431555366827,Latih,6679.724546973122,6750.502949910781
4,2023-06-26,6664.67,6650.314819457838,Latih,6661.354906895321,6725.194019666034
4,2023-06-27,6661.88,6662.628846423935,Latih,6674.834912084353,6719.453376650232
4,2023-07-03,6696.72,6661.6391666473555,Latih,6672.882293994588,6731.494830730577
4,2023-07-04,6681.75,6679.083747303796,Latih,6691.435278251185,6736.68886711659
4,2023-07-05,6718.98,6687.251160346581,Latih,6691.015339669897,6752.948892086765
4,2023-07-06,6757.33,6695.341794297709,Latih,6702.8801591772,6751.909368601165
4,2023-07-07,6716.46,6733.87021215858,Latih,6738.620638887902,6779.779248060013
4,2023-07-10,6731.04,6737.557340903301,Latih,6738.024014021774,6792.967359542873
4,2023-07-11,6796.92,6720.649405891615,Latih,6724.668020187634,6773.317458169186
4,2023-07-12,6808.21,6758.519312792442,Latih,6763.756580241346,6794.053203871276
4,2023-07-13,6810.21,6801.357650433806,Latih,6802.086140384105,6832.446059254438
4,2023-07-14,6869.57,6808.728184673814,Latih,6808.686272261766,6838.038224771054
4,2023-07-17,6867.14,6836.463212692172,Latih,6838.3483145660475,6851.232955364022
4,2023-07-18,6830.2,6869.417072903549,Latih,6866.79882701758,6874.625459313428
4,2023-07-20,6864.19,6851.477603879008,Latih,6847.748459298643,6865.937049908673
4,2023-07-21,6880.8,6845.517483065756,Latih,6845.726502152117,6858.158457872901
4,2023-07-24,6899.4,6872.450150830781,Latih,6870.710126405394,6875.310433785951
4,2023-07-25,6917.71,6890.306984402575,Latih,6887.981039453186,6885.88011839155
4,2023-07-26,6948.28,6909.175145602266,Latih,6906.105093739668,6897.1905744994065
4,2023-07-27,6896.66,6933.368406739277,Latih,6930.004502586168,6910.94306854252
4,2023-07-28,6900.23,6927.778723388952,Latih,6920.3342671341115,6912.477305868904
4,2023-07-31,6931.36,6899.774251048603,Latih,6896.296865355411,6892.438984254636
4,2023-08-01,6886.5,6915.765116111676,Latih,6913.110646111409,6900.3737459195045
4,2023-08-02,6854.51,6913.524495628516,Latih,6906.984090877215,6903.54429966096
4,2023-08-03,6898.08,6873.469105948841,Latih,6869.149050655996,6878.80576347295
4,2023-08-04,6852.84,6874.6387492454405,Latih,6874.223477653896,6875.0196583474035
4,2023-08-07,6886.37,6879.3620531368615,Latih,6874.1217088359945,6883.119587494171
4,2023-08-08,6868.81,6868.435970821415,Latih,6867.735508665477,6871.903195146358
4,2023-08-09,6875.11,6879.799690080918,Latih,6875.98938383404,6881.738106818236
4,2023-08-10,6893.28,6872.55106640402,Latih,6870.268145670329,6875.982945715225
4,2023-08-11,6879.98,6884.30259829048,Latih,6882.18616368953,6882.311849213875
4,2023-08-14,6910.17,6888.765688415803,Latih,6884.831661692894,6886.85157622341
4,2023-08-15,6915.1,6894.660729931631,Latih,6892.7724994939945,6887.797902121581
4,2023-08-16,6900.54,6914.182579966227,Latih,6910.219542924801,6900.982057651916
4,2023-08-18,6859.91,6910.488263281623,Latih,6905.649150819221,6899.928041935005
4,2023-08-21,6866.03,6883.939581470526,Latih,6878.763359798825,6885.585671415366
4,2023-08-22,6916.45,6863.379953223501,Latih,6861.441950180564,6870.504442729985
4,2023-08-23,6921.41,6889.473467791117,Latih,6888.84312683288,6883.4920158613095
4,2023-08-24,6899.39,6920.610382278006,Latih,6916.400654105584,6904.8275279212385
4,2023-08-25,6895.44,6913.591901956836,Latih,6908.242911168973,6902.228596391717
4,2023-08-28,6921.73,6899.194406660834,Latih,6895.346299089827,6892.538374329843
4,2023-08-29,6957.83,6908.70472337846,Latih,6906.070033140818,6896.435220270195
4,2023-08-30,6966.66,6939.9513185883,Latih,6936.622294042749,6914.554879053871
4,2023-08-31,6953.26,6964.609365363167,Latih,6958.902063528941,6930.932522507948
4,2023-09-01,6977.65,6963.671261640833,Latih,6956.838090546772,6931.690927733225
4,2023-09-04,6996.75,6966.911057479428,Latih,6961.928237931178,6931.386396956486
4,2023-09-05,6991.71,6989.453574609805,Latih,6983.323270270276,6945.192878116413
4,2023-09-06,6995.95,6998.149740784218,Latih,6990.421490183521,6951.831018165394
4,2023-09-07,6954.81,6997.158477333834,Latih,6989.953705261399,6950.686739505573
4,2023-09-08,6924.78,6981.162984064866,Latih,6972.2038892549745,6943.80726049666
4,2023-09-11,6963.39,6944.118849933787,Latih,6937.171757749362,6920.975570993464
4,2023-09-12,6933.97,6944.190910323902,Latih,6940.829255633993,6916.943343566696
4,2023-09-13,6935.48,6953.155693431541,Latih,6945.89132351224,6926.348116505187
4,2023-09-14,6959.33,6936.959997937722,Latih,6931.938291117591,6914.8181438160345
4,2023-09-15,6982.79,6948.508716153547,Latih,6944.208621614619,6920.404052205126
4,2023-09-18,6936.08,6972.694401512193,Latih,6967.43950034027,6934.90310947184
4,2023-09-19,6980.32,6965.226493957089,Latih,6956.591890677855,6934.599406083865
4,2023-09-20,7011.68,6958.254502542064,Latih,6954.643752122566,6925.026569802802
4,2023-09-21,6991.47,6997.672130620529,Latih,6991.865180152107,6949.384015897556
4,2023-09-22,7016.84,7006.604412863306,Latih,6997.7564984185,6957.792095646903
4,2023-09-25,6998.38,7006.377760053924,Latih,6999.92133526211,6954.950273803517
4,2023-09-26,6923.8,7012.658623292497,Latih,7003.668320412687,6961.311859158323
4,2023-09-27,6937.83,6968.6667764354215,Latih,6958.442345647261,6938.313295683904
4,2023-09-29,6939.89,6932.180250619096,Latih,6927.997645284575,6911.213960794847
4,2023-10-02,6961.46,6941.148963823362,Latih,6935.994150835914,6917.292708472054
4,2023-10-03,6940.89,6951.991790144488,Latih,6947.437971670075,6922.624143104595
4,2023-10-04,6886.58,6955.148433412358,Latih,6948.269704224511,6927.015405542892
4,2023-10-05,6874.83,6919.025700092952,Latih,6911.778757049481,6907.397992106119
4,2023-10-06,6888.52,6882.616586837805,Latih,6879.001182356513,6883.079097156561
4,2023-10-09,6891.46,6882.009955738819,Latih,6879.747900715506,6881.205630437172
4,2023-10-10,6922.19,6891.177888643779,Latih,6887.999655700363,6887.331177291311
4,2023-10-11,6931.75,6906.628287853042,Latih,6904.305885161796,6894.928803890982
4,2023-10-12,6935.15,6928.533612211984,Latih,6924.258235912364,6909.296720038692
4,2023-10-13,6926.78,6935.539061160131,Latih,6930.670990091008,6913.855476989786
4,2023-10-16,6896.29,6933.739930149955,Latih,6928.326066911858,6913.477412036697
4,2023-10-17,6939.62,6915.2829811656875,Latih,6909.425844397584,6903.743648641148
4,2023-10-18,6927.91,6917.205341389816,Latih,6915.132991096418,6900.51140272502
4,2023-10-19,6846.43,6936.809516606374,Latih,6931.1024991870345,6915.512995241921
4,2023-10-20,6849.17,6893.5981300563,Latih,6885.9132397979865,6893.791920018234
4,2023-10-23,6741.96,6848.097539789113,Latih,6846.5732828396885,6861.558094878231
4,2023-10-24,6806.76,6801.648244881061,Latih,6796.170801987674,6840.284688687356
4,2023-10-25,6834.39,6769.189292429709,Latih,6773.95784414413,6801.955800797967
4,2023-10-26,6714.52,6818.727126168042,Latih,6819.638727594047,6842.5012114727815
4,2023-10-27,6758.79,6780.881407460595,Latih,6775.544452593648,6828.606690977246
4,2023-10-30,6735.89,6731.966390613932,Latih,6737.099846628924,6777.609614947164
4,2023-10-31,6752.21,6747.097547040006,Latih,6748.135027909598,6797.521824414756
4,2023-11-01,6642.42,6741.274578842243,Latih,6744.587301243564,6788.085610703255
4,2023-11-02,6751.39,6701.457645189777,Latih,6699.716159906105,6775.855822255636
4,2023-11-03,6788.85,6708.50570465924,Latih,6729.480733777304,6743.173448982259
4,2023-11-06,6878.84,6766.575157631659,Latih,6770.0154918217895,6803.680828802017
4,2023-11-07,6843.79,6828.365636432201,Latih,6832.1647729307715,6841.648845911058
4,2023-11-08,6804.11,6864.274567323957,Latih,6860.149775779281,6873.484205793774
4,2023-11-09,6838.23,6826.4006398308575,Latih,6823.4970999569,6851.090360081825
4,2023-11-10,6809.26,6818.927354248791,Latih,6820.170505865842,6842.195103486212
4,2023-11-13,6838.31,6825.5187468326385,Latih,6823.209168667227,6849.9266636419625
4,2023-11-14,6862.06,6821.916658139258,Latih,6822.779262636929,6844.325913966926
4,2023-11-15,6958.21,6849.214411196145,Latih,6848.74530762318,6860.97918130282
4,2023-11-16,6958.01,6905.901530247966,Latih,6907.027089237014,6890.609679410495
4,2023-11-17,6977.67,6960.952824146793,Latih,6954.914721942589,6929.280175435585
4,2023-11-20,6994.89,6969.644103556322,Latih,6964.308428556369,6933.303043026966
4,2023-11-21,6961.79,6988.631925855923,Latih,6982.435120144534,6944.812692979618
4,2023-11-22,6906.95,6983.681503748942,Latih,6975.045400827574,6944.83730779533
4,2023-11-23,7004.34,6940.135567723556,Latih,6932.045360394758,6920.064409117739
4,2023-11-24,7009.63,6952.307619949028,Latih,6951.705125793859,6918.311586022418
4,2023-11-27,7013.41,7010.529131462626,Latih,7002.862650604298,6958.62718946819
4,2023-11-28,7041.07,7015.25595175629,Latih,7007.3279126251255,6961.546010178373
4,2023-11-29,7036.09,7029.812977948242,Latih,7022.570895813757,6968.841045193719
4,2023-11-30,7080.74,7043.445086926277,Latih,7033.9700376546925,6978.9381873918055
4,2023-12-01,7059.91,7060.588426969109,Latih,7053.0454338837235,6986.252407484103
4,2023-12-04,7093.6,7076.864663587868,Latih,7065.269844304381,6999.881879160454
4,2023-12-05,7100.85,7080.008999447882,Latih,7071.1428565943825,6998.526978348544
4,2023-12-06,7087.4,7102.577217341724,Latih,7091.456905514063,7013.604535496286
4,2023-12-07,7134.62,7100.710576579632,Latih,7088.580281630815,7013.716284691147
4,2023-12-08,7159.6,7114.147576944892,Latih,7104.669786948028,7018.156673337273
4,2023-12-11,7088.79,7152.41653086073,Latih,7140.297612507409,7042.382306059654
4,2023-12-12,7125.31,7135.025646442241,Latih,7118.571055833165,7037.660553522164
4,2023-12-13,7075.34,7110.77467493898,Latih,7100.867780444683,7016.773175901227
4,2023-12-14,7176.02,7109.336311285559,Latih,7094.963585940661,7021.047259405904
4,2023-12-15,7190.99,7125.774871237343,Latih,7118.642469825809,7021.941925218158
4,2023-12-18,7119.52,7190.2189409375915,Latih,7176.116151176761,7065.602558010874
4,2023-12-19,7187.85,7166.7917900837165,Latih,7149.075431610413,7056.712731154022
4,2023-12-20,7219.67,7156.410388133594,Latih,7146.403276175328,7042.198936024959
4,2023-12-21,7209.62,7209.849463315085,Latih,7195.869127091242,7076.351630842744
4,2023-12-22,7237.52,7223.596320772247,Latih,7206.896099124029,7087.065436228574
4,2023-12-26,7237.52,7230.329507105427,Latih,7215.352994810418,7088.842253598035
4,2023-12-27,7245.92,7246.3298612833805,Latih,7229.276654903965,7100.075503991904
4,2023-12-28,7303.89,7250.092308261474,Latih,7233.332876604873,7101.82868906981
4,2023-12-29,7272.8,7280.875100357615,Latih,7265.517678960643,7117.310063645903
4,2024-01-02,7323.59,7300.194576271857,Latih,7279.435133638464,7134.161128608054
4,2024-01-03,7279.09,7305.114281570997,Latih,7288.445087001407,7132.244327402181
4,2024-01-04,7359.76,7314.309673440543,Latih,7292.303769635046,7143.405646685429
4,2024-01-05,7350.62,7324.922485685436,Latih,7309.05001478323,7142.3261629081435
4,2024-01-08,7283.58,7367.091853655669,Latih,7344.895288452,7172.898126005004
4,2024-01-09,7200.2,7331.822080583661,Latih,7307.961481441345,7155.225670847961
4,2024-01-10,7227.3,7256.028615791877,Latih,7234.241970008689,7110.830937374893
4,2024-01-11,7219.96,7220.349543840961,Latih,7205.716811577156,7082.916495274365
4,2024-01-12,7241.14,7232.603429986316,Latih,7215.6968782652175,7092.29561916119
4,2024-01-15,7224.0,7237.880774078447,Latih,7222.261277290659,7093.760976373018
4,2024-01-16,7242.79,7242.350069619495,Latih,7224.554695519285,7098.711139921012
4,2024-01-17,7200.63,7240.936734476168,Latih,7225.07424395092,7095.731919831099
4,2024-01-18,7252.97,7232.828686577159,Latih,7214.093088570909,7094.497714355053
4,2024-01-19,7227.4,7232.0941204906285,Latih,7218.327043720559,7088.447434022487
4,2024-01-22,7247.93,7250.657311363299,Latih,7232.100274194556,7104.183747761312
4,2024-01-23,7256.23,7245.188788755018,Latih,7229.25302261241,7098.17364749557
4,2024-01-24,7227.82,7260.680247131666,Latih,7243.506552263577,7108.171865024629
4,2024-01-25,7178.04,7252.715027217944,Latih,7233.930044444876,7105.583999819818
4,2024-01-26,7137.09,7214.125201597289,Latih,7195.713888274504,7083.755467480481
4,2024-01-29,7157.17,7167.234908478329,Latih,7151.096845783063,7055.165927860793
4,2024-01-30,7192.22,7152.744642217227,Latih,7140.356822515792,7042.869534617717
4,2024-01-31,7207.94,7179.959578830075,Latih,7167.302909492324,7058.269773383197
4,2024-02-01,7201.7,7207.101550096348,Latih,7192.3857686854135,7075.662777985393
4,2024-02-02,7238.79,7213.321807108,Latih,7197.217770775629,7080.689630129396
4,2024-02-05,7198.62,7226.356386263447,Latih,7212.013757184819,7085.9185719788675
4,2024-02-06,7247.41,7229.634397120552,Latih,7211.126279312447,7092.467716023983
4,2024-02-07,7235.15,7228.450972629862,Latih,7214.639113442973,7086.477679935754
4,2024-02-12,7297.67,7250.940071473201,Latih,7233.067905353385,7103.562740782561
4,2024-02-13,7209.74,7271.912515001379,Latih,7257.139281783184,7111.675649590556
4,2024-02-15,7303.28,7268.382150571428,Latih,7245.880382337649,7118.495091202323
4,2024-02-16,7335.54,7259.852961791834,Latih,7247.167282135565,7102.615846054616
4,2024-02-19,7296.7,7327.9467984629555,Latih,7309.426786941376,7147.010476104088
4,2024-02-20,7352.6,7329.050638496964,Latih,7306.771075857963,7151.892483502694
4,2024-02-21,7349.02,7331.814530661195,Latih,7314.380984009591,7147.9219482506
4,2024-02-22,7339.64,7362.2689528418505,Latih,7340.5494289720955,7169.681341916393
4,2024-02-23,7295.1,7356.0145660437065,Latih,7334.233453422874,7166.28222202904
4,2024-02-26,7283.82,7330.685248422711,Latih,7308.04463401207,7153.209324431487
4,2024-02-27,7285.32,7300.089601322497,Latih,7280.369824382149,7132.922165646619
4,2024-02-28,7328.64,7294.292450239743,Latih,7275.464753521763,7128.69358852393
4,2024-02-29,7316.11,7314.556287003842,Latih,7297.131789916838,7138.339235016174
4,2024-03-01,7311.91,7333.787542591184,Latih,7312.700402295676,7153.1656279624185
4,2024-03-04,7276.75,7324.720499403565,Latih,7304.419068162527,7147.244161717959
4,2024-03-05,7247.46,7306.563142719355,Latih,7285.344913016641,7138.214609583682
4,2024-03-06,7329.8,7273.280033491932,Latih,7253.654475447019,7117.944981098239
4,2024-03-07,7373.96,7293.363602929199,Latih,7278.797734019839,7123.338004481857
4,2024-03-08,7381.91,7360.364459043833,Latih,7341.214080708117,7165.706979991267
4,2024-03-13,7421.21,7389.250514111614,Latih,7367.091336537693,7185.146168717218
4,2024-03-14,7433.31,7411.412794393399,Latih,7390.036171454287,7196.549654349162
4,2024-03-15,7328.05,7439.3706226922095,Latih,7415.491820997098,7214.898137837723
4,2024-03-18,7302.45,7399.1625280738845,Latih,7370.702164524887,7197.800304176881
4,2024-03-19,7336.75,7327.330704104988,Latih,7305.809805250254,7150.076985708542
4,2024-03-20,7331.13,7328.012731005041,Latih,7309.596918755856,7146.928874887295
4,2024-03-21,7338.35,7345.166103136629,Latih,7324.00072289118,7159.565790318319
4,2024-03-22,7350.15,7345.177014325947,Latih,7324.682387808649,7158.810074106524
4,2024-03-25,7377.76,7354.602937389704,Latih,7333.983530304521,7164.17982718117
4,2024-03-26,7365.66,7373.736974797343,Latih,7353.204857226701,7174.693507909845
4,2024-03-27,7310.09,7384.151265450811,Latih,7361.140859974715,7183.28444057591
4,2024-03-28,7288.81,7352.321568009945,Latih,7328.268497556536,7166.8142330039245
4,2024-04-01,7205.06,7310.9212578953175,Latih,7290.2602228129745,7139.998925163813
4,2024-04-02,7236.98,7261.204811607679,Latih,7239.1989078021825,7113.9510721135775
4,2024-04-03,7166.84,7227.472533705311,Latih,7212.8165828443325,7086.893649636567
4,2024-04-04,7254.4,7214.361731360033,Latih,7194.8770362520945,7085.1059210777885
4,2024-04-05,7286.88,7213.356402300671,Latih,7202.154385832622,7075.141264505445
4,2024-04-16,7164.81,7278.119171810233,Latih,7261.535870536646,7117.174061617915
4,2024-04-17,7130.84,7242.0694296933,Latih,7218.799637839869,7104.773107119861
4,2024-04-18,7166.81,7156.848180213043,Latih,7141.4763829363055,7048.534717192706
4,2024-04-19,7087.32,7153.478174067804,Latih,7141.892714619703,7042.36518945461
4,2024-04-22,7073.82,7138.502075467176,Latih,7121.459366582696,7040.256589191014
4,2024-04-23,7110.81,7086.868672838271,Latih,7075.270492287933,7005.434433440021
4,2024-04-24,7174.53,7095.69479076034,Latih,7086.395096194804,7007.7194226456195
4,2024-04-25,7155.29,7145.449090083905,Latih,7135.624469059771,7035.9119707942555
4,2024-04-26,7036.08,7173.373926255773,Latih,7158.133683792421,7057.551393089351
4,2024-04-29,7155.78,7108.94443928248,Latih,7090.967298213304,7024.923730897956
4,2024-04-30,7234.2,7094.19395925528,Latih,7089.276012157262,7001.9105329847835
4,2024-05-01,7234.2,7197.965781929566,Latih,7186.880685836149,7066.472143601237
4,2024-05-02,7117.42,7242.938705012877,Latih,7226.016588040667,7098.04581593162
4,2024-05-03,7134.72,7190.631549371553,Latih,7169.625493174861,7073.6717703498
4,2024-05-06,7135.89,7131.408457903927,Latih,7119.699665818278,7030.264266806895
4,2024-05-07,7123.61,7141.853879059619,Latih,7128.898315531081,7037.473873932416
4,2024-05-08,7088.79,7137.024514271086,Latih,7123.55240159518,7035.381873155887
4,2024-05-13,7099.26,7114.385864908759,Latih,7100.610048844876,7023.170132125669
4,2024-05-14,7083.76,7099.106580038132,Latih,7088.288678803504,7011.336042354158
4,2024-05-15,7179.83,7098.168372892203,Latih,7086.029131802381,7012.316394615224
4,2024-05-16,7246.7,7132.3102082324685,Latih,7124.684321135347,7026.1272195661595
4,2024-05-17,7317.24,7217.3570855308335,Latih,7204.91900196202,7078.764193053305
4,2024-05-20,7266.69,7287.302049424732,Latih,7272.35340978869,7120.410547901456
4,2024-05-21,7186.04,7305.113867876616,Latih,7283.14705819019,7138.260839930839
4,2024-05-22,7222.38,7240.000026972371,Latih,7218.975251104907,7101.075248177113
4,2024-05-27,7176.42,7210.025283427313,Latih,7196.274444161726,7076.188480120956
4,2024-05-28,7253.63,7210.279757183865,Latih,7192.216826242281,7081.227122554838
4,2024-05-29,7140.23,7218.505501134471,Latih,7206.563643976524,7078.837623806059
4,2024-05-30,7034.14,7211.991365976408,Latih,7190.336740412784,7086.255629476369
4,2024-05-31,6970.74,7099.438776626648,Latih,7082.514798029721,7018.455308969073
4,2024-06-03,7036.19,7010.199779022983,Latih,6998.955177889517,6962.508315022037
4,2024-06-04,7099.31,7003.15647703891,Latih,6998.919703596284,6950.642577630326
4,2024-06-05,6947.67,7068.963462879716,Latih,7062.06252347475,6990.168490213205
4,2024-06-06,6974.9,7037.240653724724,Latih,7020.338497506433,6983.932150832463
4,2024-06-07,6897.95,6962.473512982176,Latih,6957.810582614587,6928.561743429941
4,2024-06-10,6921.55,6943.622778658314,Latih,6934.241999993963,6923.464304682057
4,2024-06-11,6855.69,6910.063554286997,Latih,6907.235720484892,6897.408229455986
4,2024-06-12,6850.1,6894.098364131489,Latih,6887.210740514434,6893.16398365859
4,2024-06-13,6831.56,6853.824621385965,Latih,6851.6436504614685,6865.480486446653
4,2024-06-14,6734.83,6842.314531883033,Latih,6839.901245707305,6859.360214195881
4,2024-06-19,6726.92,6788.355520431425,Latih,6783.939462186123,6831.706321988137
4,2024-06-20,6819.32,6729.338991739768,Latih,6731.846199468095,6782.619440981771
4,2024-06-21,6879.98,6766.189775459193,Latih,6772.517062964165,6796.113996577886
4,2024-06-24,6889.17,6846.3504308474385,Latih,6847.921512829694,6857.073570212755
4,2024-06-25,6882.7,6885.2545607746015,Latih,6882.6319452417265,6883.414810147322
4,2024-06-26,6905.64,6887.626942918338,Latih,6884.093992898501,6885.76451666776
4,2024-06-27,6967.95,6894.191600502767,Latih,6891.942447572984,6887.947504352368
4,2024-06-28,7063.58,6935.256818168205,Latih,6933.479225121779,6910.188903684656
4,2024-07-01,7139.63,7013.824724330953,Latih,7010.753508952907,6955.235981485888
4,2024-07-02,7125.14,7102.731163363519,Latih,7095.201460210146,7009.61186759477
4,2024-07-03,7196.75,7139.854649248189,Latih,7126.157641964023,7037.206989344413
4,2024-07-04,7220.89,7163.6198401237225,Latih,7153.505581320592,7046.319280355032
4,2024-07-05,7253.37,7215.499908027724,Latih,7200.899857620074,7080.1895770455
4,2024-07-08,7250.98,7243.892063715536,Latih,7228.631084821301,7096.688019259037
4,2024-07-09,7269.8,7261.448529310307,Latih,7243.686302472432,7109.266448646847
4,2024-07-10,7287.04,7268.5076033926825,Latih,7251.581349476655,7112.232171957556
4,2024-07-11,7300.41,7287.022598869884,Latih,7269.298535338721,7123.407815408771
4,2024-07-12,7327.58,7302.898224191751,Latih,7284.358458763444,7133.139665467805
4,2024-07-15,7278.86,7322.73538691291,Latih,7304.150735644187,7144.1935793472
4,2024-07-16,7224.29,7316.494858876554,Latih,7294.1839588881385,7144.96413684494
4,2024-07-17,7224.22,7264.111945451579,Latih,7243.519066518624,7113.958570324246
4,2024-07-18,7321.07,7232.785300378877,Latih,7216.2518492782865,7091.972834119857
4,2024-07-19,7294.5,7276.125475161158,Latih,7262.984111143432,7112.158948051992
4,2024-07-22,7321.98,7319.766767741529,Latih,7298.487518117513,7145.607379896708
4,2024-07-23,7313.86,7316.837863230792,Latih,7298.497188223685,7140.645219211645
4,2024-07-24,7262.76,7328.96024627456,Latih,7308.290213339415,7150.0145695687015
4,2024-07-25,7240.28,7301.415233256902,Latih,7279.56260321983,7136.079739726848
4,2024-07-26,7288.17,7262.040887953123,Latih,7243.205537889082,7110.8137690580525
4,2024-07-29,7288.9,7270.599345610223,Latih,7255.11207588919,7111.758285043303
4,2024-07-30,7241.86,7298.390713632191,Latih,7279.364391899191,7131.192250877684
4,2024-07-31,7255.76,7277.7396072150095,Latih,7257.013880673727,7121.668075398271
4,2024-08-01,7325.98,7256.988645316443,Latih,7240.250363785106,7105.62986818439
4,2024-08-02,7308.12,7296.412530522431,Latih,7281.095237480485,7125.882483488386
4,2024-08-05,7059.65,7328.683122750609,Latih,7307.5146915090945,7150.4269711554725
4,2024-08-06,7129.21,7207.147935578897,Latih,7178.619622727703,7091.376028262437
4,2024-08-07,7212.13,7095.810056357445,Latih,7088.208525517047,7005.854695220044
4,2024-08-08,7195.12,7172.842742669653,Latih,7162.963513987133,7051.168037067708
4,2024-08-13,7356.64,7284.425425541484,Uji,7268.024356643043,7120.464586730068
4,2024-08-14,7436.04,7334.1574887920315,Uji,7316.795924962846,7149.139657663174
4,2024-08-15,7409.5,7403.5632537711635,Uji,7384.586058245992,7189.4705678010705
4,2024-08-16,7432.09,7437.21051747809,Uji,7411.395419229367,7215.899485088662
4,2024-08-19,7466.83,7432.108579803806,Uji,7409.058821649649,7209.9288409245755
4,2024-08-20,7533.98,7460.624171552761,Uji,7437.107921271425,7226.274940182047
4,2024-08-21,7554.59,7510.62451560985,Uji,7486.870701329814,7254.277395762285
4,2024-08-22,7488.68,7558.3656746484,Uji,7530.334570732229,7285.615262295091
4,2024-08-23,7544.3,7540.663381784076,Uji,7508.793297429194,7280.156720063769
4,2024-08-26,7606.19,7527.777525758855,Uji,7502.758427212347,7265.228713435015
4,2024-08-27,7597.88,7587.396367614388,Uji,7560.401568124409,7300.540114504184
4,2024-08-28,7658.88,7619.1673721648485,Uji,7587.2753620077365,7323.724064773409
4,2024-08-29,7627.6,7641.72426517499,Uji,7612.58415004504,7333.110014617532
4,2024-08-30,7670.73,7662.696398432382,Uji,7627.921972670678,7351.141297938914
4,2024-09-02,7694.53,7664.076276042589,Uji,7633.138141706114,7347.549293046088
4,2024-09-03,7616.52,7699.471036529672,Uji,7666.155090310701,7369.881911989543
4,2024-09-04,7672.9,7678.178393550048,Uji,7640.362900388365,7363.182234901282
4,2024-09-05,7681.04,7658.693905289299,Uji,7628.656487045411,7343.541215028853
4,2024-09-06,7721.85,7694.673215937745,Uji,7660.72390362037,7367.940030561778
4,2024-09-09,7702.74,7717.620739867821,Uji,7684.492714321743,7379.73518134961
4,2024-09-10,7761.39,7732.4651285196705,Uji,7695.631332125795,7392.1775569976335
4,2024-09-11,7760.96,7747.775854163307,Uji,7714.415435798302,7396.724782217837
4,2024-09-12,7798.15,7781.2182874394875,Uji,7743.4774661137035,7420.248892692426
4,2024-09-13,7812.13,7797.629543562078,Uji,7761.221231839795,7427.837909277778
4,2024-09-17,7831.78,7825.219338996556,Uji,7786.531778078221,7445.729312186343
4,2024-09-18,7829.13,7842.038187508731,Uji,7802.997228164816,7455.459300620659
4,2024-09-19,7905.39,7852.120436709076,Uji,7811.524089913512,7462.817786011799
4,2024-09-20,7743.0,7884.758337836419,Uji,7847.026204092651,7477.667552690612
4,2024-09-23,7775.73,7855.756086359173,Uji,7806.668765802528,7474.4779690075975
4,2024-09-24,7778.49,7777.287466848037,Uji,7741.431850819724,7415.927337757447
4,2024-09-25,7740.9,7797.293933994913,Uji,7759.098669390816,7429.681279730897
4,2024-09-26,7744.52,7782.039781057976,Uji,7742.324603295463,7422.946800602774
4,2024-09-27,7696.92,7762.103848803182,Uji,7725.313076625005,7408.567818130352
4,2024-09-30,7527.93,7742.859199860232,Uji,7704.134509871138,7400.090289436675
4,2024-10-01,7642.13,7639.868535602217,Uji,7598.776996631742,7345.654262507052
4,2024-10-02,7563.26,7594.106283638596,Uji,7569.586824481604,7301.450500702943
4,2024-10-03,7543.83,7624.271843717221,Uji,7588.49400223267,7330.96852565059
4,2024-10-04,7496.09,7570.337886631605,Uji,7539.7510822488,7295.158260868872
4,2024-10-07,7504.13,7537.811682987326,Uji,7507.001587061991,7277.371057232701
4,2024-10-08,7557.14,7514.034494974723,Uji,7487.05903569709,7259.827984993538
4,2024-10-09,7501.29,7542.38921132099,Uji,7516.669107644668,7274.129192922197
4,2024-10-10,7480.08,7547.773960816974,Uji,7516.154988951793,7283.815381463849
4,2024-10-11,7520.6,7506.244422919859,Uji,7478.0408084465125,7256.901924631676
4,2024-10-14,7559.65,7512.2300635052825,Uji,7487.022216897118,7256.819547737917
4,2024-10-15,7626.95,7552.958792502995,Uji,7526.100615582577,7281.284295812928
4,2024-10-16,7648.94,7605.497978980662,Uji,7578.086796095488,7311.053433250275
4,2024-10-17,7735.04,7653.943452704079,Uji,7622.291798982743,7342.739630452485
4,2024-10-18,7760.06,7705.119619617594,Uji,7674.842258632311,7369.563884433601
4,2024-10-21,7772.6,7765.703713889261,Uji,7729.892673430578,7409.451883024075
4,2024-10-22,7788.98,7785.669225292348,Uji,7748.4343521954,7422.142785571913
4,2024-10-23,7787.56,7800.197551436568,Uji,7762.602247109552,7430.610540735822
4,2024-10-24,7716.55,7808.955358073856,Uji,7770.091046230933,7436.909037697416
4,2024-10-25,7694.66,7776.334832110545,Uji,7735.092811808721,7421.516348854402
4,2024-10-28,7634.63,7725.806407175199,Uji,7689.084618535172,7388.357296229696
4,2024-10-29,7606.6,7686.364577975403,Uji,7649.172832517749,7367.014492806289
4,2024-10-30,7569.85,7639.383168668872,Uji,7605.679177119852,7336.994656573624
4,2024-10-31,7574.02,7606.847553477408,Uji,7573.944784522173,7318.03876630911
4,2024-11-01,7505.26,7587.639619910836,Uji,7557.618128900643,7304.11267576107
4,2024-11-04,7479.5,7559.232674648877,Uji,7526.496107411496,7291.440182613218
4,2024-11-05,7491.93,7508.2613898779055,Uji,7479.742023167716,7258.379278980574
4,2024-11-06,7383.87,7499.055759072412,Uji,7472.8885551930525,7250.602134875138
4,2024-11-07,7243.86,7457.78291853915,Uji,7426.911440709929,7233.052650373059
4,2024-11-08,7287.19,7333.099568834394,Uji,7305.374960743275,7160.322644189665
4,2024-11-11,7266.46,7272.213477664076,Uji,7256.425452127536,7112.995127821032
4,2024-11-12,7321.99,7287.777591116512,Uji,7268.03935306438,7126.11404891855
4,2024-11-13,7308.67,7300.76169955739,Uji,7284.508526400411,7129.357774853772
4,2024-11-14,7214.56,7326.641282417862,Uji,7305.78906881937,7148.935292638607
4,2024-11-15,7161.26,7276.849440329157,Uji,7253.697499662718,7123.929949430292
4,2024-11-18,7134.28,7199.004775369241,Uji,7180.993711360764,7074.91445656067
4,2024-11-19,7195.71,7156.353143173525,Uji,7141.365823112793,7047.823473126944
4,2024-11-20,7180.33,7168.395631489823,Uji,7157.5648023057665,7049.782160888966
4,2024-11-21,7140.91,7196.736178803517,Uji,7180.795086345744,7071.305231639205
4,2024-11-22,7195.56,7170.259221255849,Uji,7154.084288048813,7056.885241711197
4,2024-11-25,7314.11,7172.130671215127,Uji,7160.801081742117,7052.420238249358
4,2024-11-26,7245.89,7256.571848226866,Uji,7245.320291856606,7099.167082841458
4,2024-11-28,7200.16,7294.00224363097,Uji,7271.5410691583975,7132.659366290634
4,2024-11-29,7114.27,7234.395967742282,Uji,7215.413290766553,7095.647784736218
4,2024-12-02,7046.99,7169.699130774807,Uji,7151.116547977992,7059.308973670063
4,2024-12-03,7196.02,7090.306628285707,Uji,7075.764288244306,7010.685197668126
4,2024-12-04,7326.76,7118.474716754024,Uji,7114.1519207359,7014.70191155558
4,2024-12-05,7313.31,7262.501743494353,Uji,7251.658400055249,7101.992615468564
4,2024-12-06,7382.79,7331.455133667081,Uji,7310.41013848671,7151.8242239297115
4,2024-12-09,7437.73,7354.86273746142,Uji,7337.248458076805,7160.910710753271
4,2024-12-10,7453.29,7419.316890962223,Uji,7398.45247337947,7200.351919411494
4,2024-12-11,7464.75,7457.793881440266,Uji,7433.384361565213,7225.7196588981915
4,2024-12-12,7394.24,7471.850492565737,Uji,7446.683498277766,7234.376420682746
4,2024-12-13,7324.79,7446.840391872031,Uji,7418.354534406761,7224.2737453223035
4,2024-12-16,7258.63,7375.296188922022,Uji,7349.62991722712,7181.389410036873
4,2024-12-17,7157.73,7305.833540965405,Uji,7283.022846452081,7139.61842975623
4,2024-12-18,7107.88,7222.697207745389,Uji,7201.282524923159,7091.921277457536
4,2024-12-19,6977.24,7142.50384464509,Uji,7126.85611321575,7040.892023761327
4,2024-12-20,6983.87,7055.400234016237,Uji,7038.894241880233,6993.55442359214
4,2024-12-23,7096.44,6983.449343633104,Uji,6976.8991136402365,6942.339524542137
4,2024-12-24,7065.75,7037.673016065413,Uji,7034.566016123349,6968.5042462552055
4,2024-12-27,7036.57,7088.484201110662,Uji,7075.9250602234,7007.421976385168
4,2024-12-30,7079.9,7057.813778750953,Uji,7046.518474199827,6988.975085345555
4,2025-01-02,7163.21,7060.4874338281725,Uji,7052.879335589465,6986.270299766112
4,2025-01-03,7164.43,7122.65220262057,Uji,7114.732385665242,7021.104194095187
4,2025-01-06,7080.47,7170.976050195764,Uji,7156.897926962444,7054.901422015485
4,2025-01-07,7083.28,7134.068978184528,Uji,7116.963904872005,7037.868641796166
4,2025-01-08,7080.35,7087.177495694221,Uji,7076.420045551121,7004.650896281055
4,2025-01-09,7064.59,7087.4765967322,Uji,7076.407531296074,7005.170703271678
4,2025-01-10,7088.87,7078.737199494898,Uji,7067.3351100814925,7000.7016662896185
4,2025-01-13,7016.88,7080.574312820494,Uji,7071.194361544905,6999.424022903492
4,2025-01-14,6956.67,7062.253443431911,Uji,7048.548679378088,6994.174137775947
4,2025-01-15,7079.56,6993.999222620179,Uji,6983.547285777975,6952.622415517613
4,2025-01-16,7107.52,7014.513370341114,Uji,7012.840597108654,6954.029752092406
4,2025-01-17,7154.66,7097.5129775679725,Uji,7087.670981379808,7009.343793635419
4,2025-01-20,7170.74,7134.662319351501,Uji,7124.387702263658,7030.440138630921
4,2025-01-21,7181.82,7168.898994128774,Uji,7155.67794223077,7052.775963705834
4,2025-01-22,7257.13,7183.0835919535875,Uji,7169.0531469977595,7061.5627289498425
4,2025-01-23,7232.64,7223.170112135486,Uji,7210.948649287298,7081.742327195466
4,2025-01-24,7166.06,7255.3901302255,Uji,7236.7066577113455,7106.9523974109325
4,2025-01-30,7073.48,7211.523425918892,Uji,7192.334418870283,7083.195738982022
4,2025-01-31,7109.2,7131.8728815591985,Uji,7114.401998989645,7037.065971272046
4,2025-02-03,7030.06,7094.778716263832,Uji,7085.447994619668,7007.246518255523
4,2025-02-04,7073.46,7079.815907595217,Uji,7065.058911881504,7005.110303891948
4,2025-02-05,7024.23,7053.8694613803,Uji,7046.520697807129,6982.305090829182
4,2025-02-06,6875.54,7056.708128804025,Uji,7044.407443481739,6989.503735053588
4,2025-02-07,6742.58,6961.875259194419,Uji,6948.039017894908,6938.648388133092
4,2025-02-10,6648.14,6817.048845629125,Uji,6809.63027112904,6851.031253497037
4,2025-02-11,6531.99,6698.4970154911425,Uji,6697.672354525044,6771.66697272154
4,2025-02-12,6645.78,6619.095631500786,Uji,6624.559028177118,6728.549003534037
4,2025-02-13,6613.57,6678.357442176951,Uji,6698.336398647442,6721.50491294505
4,2025-02-14,6638.46,6637.075060817011,Uji,6647.586181811699,6723.991306674797
4,2025-02-17,6830.88,6649.039703485826,Uji,6661.411369714449,6711.335180310922
4,2025-02-18,6873.55,6763.64808888974,Uji,6787.3575344473375,6764.564344377541
4,2025-02-19,6794.87,6850.099898164305,Uji,6850.585652936134,6860.385840135847
4,2025-02-20,6788.04,6839.3289512420015,Uji,6833.88713777724,6861.14388337854
4,2025-02-21,6803.0,6791.14759552541,Uji,6791.323312214043,6827.424378290207
4,2025-02-24,6749.6,6793.931474299457,Uji,6795.138712072995,6826.558877931863
4,2025-02-25,6587.09,6778.5923588788755,Uji,6776.818618361378,6823.290175198346
4,2025-02-26,6606.18,6683.882821906818,Uji,6678.410498481406,6763.736903902315
4,2025-02-27,6485.45,6632.397987272747,Uji,6648.494169875839,6709.123169379846
4,2025-02-28,6270.6,6614.7793996489845,Uji,6619.034220509014,6715.205885937529
4,2025-03-03,6519.66,6617.905180669582,Uji,6622.1591741408465,6707.751320026235
4,2025-03-04,6380.4,6722.182104792017,Uji,6737.631702468415,6755.111970729254
4,2025-03-05,6531.4,6615.706188183582,Uji,6620.084600240147,6707.751320026235
4,2025-03-06,6617.85,6677.930005384994,Uji,6692.680614691689,6735.056868636628
4,2025-03-07,6636.0,6659.720723591904,Uji,6678.784064508093,6718.926472215372
4,2025-03-10,6598.21,6647.875250760922,Uji,6660.0242459885885,6712.694670544879
4,2025-03-11,6545.85,6629.20280578763,Uji,6639.614653058657,6721.085349274295
4,2025-03-12,6665.04,6614.22682030656,Uji,6620.698121936178,6709.540587010996
4,2025-03-13,6647.42,6686.195489852144,Uji,6706.49922226818,6721.184299799222
4,2025-03-14,6515.63,6654.38597940431,Uji,6665.1969512580445,6729.551242813486
4,2025-03-17,6471.95,6617.98966158711,Uji,6623.335061637021,6729.023704909105
4,2025-03-18,6223.39,6616.421737256503,Uji,6624.610403848148,6707.751320026235
4,2025-03-19,6311.66,6618.877129763519,Uji,6623.072165321416,6707.751320026235
4,2025-03-20,6381.67,6700.3036964237845,Uji,6705.042229439632,6744.329983338138
4,2025-03-21,6258.18,6678.1260835939775,Uji,6684.054026741101,6733.998858183343
4,2025-03-24,6161.22,6634.351924013354,Uji,6640.002136022904,6708.688454152362
4,2025-03-25,6235.62,6665.522405920934,Uji,6669.515351773363,6723.23581023814
4,2025-03-26,6472.36,6712.013897655921,Uji,6715.732389605956,6749.050520648381
4,2025-03-27,6510.62,6719.317258270698,Uji,6725.250566516835,6757.336185644589
