Fold,Date,Actual_Close,Predicted_GANN,Data,Predicted_GADAM,Predicted_ADAM
1,2022-01-05,6662.3,6692.082201904076,Latih,6701.0949183941075,6675.997183805719
1,2022-01-06,6653.35,6664.810394493653,Latih,6674.943839842096,6682.79414315881
1,2022-01-07,6701.32,6656.744590337587,Latih,6664.856277835979,6672.910286734119
1,2022-01-10,6691.12,6702.257880184074,Latih,6711.139076383134,6672.910265633479
1,2022-01-11,6647.97,6695.160268357712,Latih,6702.251201831419,6686.016833401041
1,2022-01-12,6647.06,6649.28912220211,Latih,6659.4943730294835,6680.824313984529
1,2022-01-13,6658.36,6647.5791474130865,Latih,6656.412550661875,6672.444827709809
1,2022-01-14,6693.4,6655.251698935938,Latih,6664.560626214458,6669.95705166848
1,2022-01-17,6645.05,6691.608154919165,Latih,6700.689817751367,6673.915257479862
1,2022-01-18,6614.06,6645.957964118432,Latih,6656.0795931083085,6681.3179845649165
1,2022-01-19,6591.98,6614.48796276421,Latih,6625.988075484046,6679.241386150734
1,2022-01-20,6626.87,6591.8808053271505,Latih,6604.2550516349875,6681.3490869087145
1,2022-01-21,6726.37,6632.322355822185,Latih,6643.666371280264,6672.048578785672
1,2022-01-24,6655.17,6743.200349329437,Latih,6751.4743851542735,6670.467486707583
1,2022-01-25,6568.17,6655.314974481029,Latih,6664.449795101298,6691.235517611521
1,2022-01-26,6600.82,6563.51269832462,Latih,6574.501634845362,6689.884253707545
1,2022-01-27,6611.16,6609.024569153046,Latih,6621.1903912487705,6675.606748107985
1,2022-01-28,6645.51,6610.096734887815,Latih,6621.515246156461,6676.1437383029015
1,2022-01-31,6631.15,6648.156202448767,Latih,6658.909558233334,6669.682585089817
1,2022-02-02,6707.65,6633.245398056814,Latih,6644.80380129547,6675.633187210277
1,2022-02-03,6683.85,6718.104788106999,Latih,6726.943086704337,6666.930133166923
1,2022-02-04,6731.39,6687.83667922409,Latih,6697.678155012745,6687.431873990314
1,2022-02-07,6804.94,6729.550862087034,Latih,6737.55557988944,6691.4221000233465
1,2022-02-08,6789.52,6803.489489147696,Latih,6809.41338840786,6745.230051570559
1,2022-02-09,6834.61,6795.710843605431,Latih,6800.373198884162,6761.025864293007
1,2022-02-10,6823.64,6822.9798340803745,Latih,6827.973617116249,6783.944345852167
1,2022-02-11,6815.61,6828.273225107826,Latih,6832.167749186791,6792.677542160185
1,2022-02-14,6734.49,6819.142703743017,Latih,6823.265220240391,6783.848253536255
1,2022-02-15,6807.5,6737.71115491035,Latih,6744.395732253219,6736.55498752656
1,2022-02-16,6850.2,6805.679461302195,Latih,6811.527588163052,6747.9073430127155
1,2022-02-17,6835.12,6838.749059996047,Latih,6843.33621259276,6799.937618366513
1,2022-02-18,6892.82,6841.2922779697565,Latih,6844.861936590711,6805.267977715764
1,2022-02-21,6902.96,6879.381085971042,Latih,6882.709500971481,6836.206306236424
1,2022-02-22,6861.99,6900.011287492561,Latih,6902.248525081324,6862.533132021468
1,2022-02-23,6920.06,6873.158760355158,Latih,6877.656931551738,6840.368850648441
1,2022-02-24,6817.82,6904.645895429301,Latih,6907.53375016098,6862.577358963531
1,2022-02-25,6888.17,6823.700125537551,Latih,6827.4764016282925,6818.608414430058
1,2022-03-01,6921.44,6878.499691125198,Latih,6881.992923226997,6827.304051598347
1,2022-03-02,6868.4,6911.848683397222,Latih,6914.574506312061,6872.504218493147
1,2022-03-04,6928.33,6879.214095503732,Latih,6883.162278510972,6850.782459748427
1,2022-03-07,6869.07,6912.437264657665,Latih,6915.124093589236,6869.978598453445
1,2022-03-08,6814.18,6879.581584255143,Latih,6883.317452619716,6853.587220158617
1,2022-03-09,6864.44,6822.429339475668,Latih,6827.782825126685,6798.677488127979
1,2022-03-10,6924.01,6851.5400782382885,Latih,6855.677449586432,6811.17347721759
1,2022-03-11,6922.6,6908.305231771517,Latih,6911.01852090602,6865.900730910939
1,2022-03-14,6952.2,6923.946883215955,Latih,6925.574713212302,6885.636919403717
1,2022-03-15,6918.19,6943.317186605983,Latih,6945.241396195942,6903.697970264601
1,2022-03-16,6992.4,6931.521464465908,Latih,6932.868698147587,6892.631169743584
1,2022-03-17,6964.38,6974.523640962896,Latih,6974.991357755718,6927.36316128259
1,2022-03-18,6954.96,6975.615472494421,Latih,6975.922782219705,6935.491549937777
1,2022-03-21,6955.18,6959.3297451055605,Latih,6960.084304002578,6919.889441093256
1,2022-03-22,7000.82,6956.003313565308,Latih,6956.866878370101,6916.76665183251
1,2022-03-23,6996.12,6987.9230961681005,Latih,6988.69191909796,6945.443498128706
1,2022-03-24,7049.69,6998.849218720258,Latih,6998.6697788751735,6958.296193542536
1,2022-03-25,7002.53,7034.6840141237435,Latih,7034.249678543872,6990.239355654776
1,2022-03-28,7049.6,7019.7586450148265,Latih,7020.059751151864,6979.2291259503945
1,2022-03-29,7011.69,7036.122444772786,Latih,7035.657091251677,6992.401833674968
1,2022-03-30,7053.19,7026.674928488796,Latih,7025.7270455253765,6984.938199591696
1,2022-03-31,7071.44,7041.003782496519,Latih,7040.418619539804,6997.822166154445
1,2022-04-01,7078.76,7065.900934398244,Latih,7064.182202843497,7023.623607096736
1,2022-04-04,7116.22,7077.25966227777,Latih,7075.235224646402,7034.527911586827
1,2022-04-05,7148.3,7104.667494965867,Latih,7102.457540505007,7060.536307609151
1,2022-04-06,7104.22,7137.851923344216,Latih,7134.797436856111,7093.606075108125
1,2022-04-07,7127.37,7121.691280551035,Latih,7118.444778236229,7077.087227845263
1,2022-04-08,7210.83,7120.158741046268,Latih,7117.152912634689,7076.3363826609375
1,2022-04-11,7203.79,7187.990209785787,Latih,7183.607691198674,7136.650537288269
1,2022-04-12,7214.78,7207.865451498122,Latih,7202.663510645717,7161.128039655769
1,2022-04-13,7262.78,7212.247126059623,Latih,7206.994754676909,7165.578164694393
1,2022-04-14,7235.53,7248.015327842331,Latih,7242.129219828939,7199.461910493463
1,2022-04-18,7275.29,7247.11563874135,Latih,7240.91057344923,7199.000312886327
1,2022-04-19,7199.23,7262.399634332754,Latih,7256.152958577968,7214.48387833366
1,2022-04-20,7227.36,7223.8569093574015,Latih,7218.158808049055,7180.582914412108
1,2022-04-21,7276.19,7218.550056121441,Latih,7213.198342924209,7171.8831204176795
1,2022-04-22,7225.61,7261.163052408792,Latih,7254.939882767298,7212.2198640323595
1,2022-04-25,7215.98,7245.756588701105,Latih,7239.513289048766,7197.425698704808
1,2022-04-26,7232.15,7221.036808781716,Latih,7215.510973100753,7173.883039105023
1,2022-04-27,7196.76,7227.751749945972,Latih,7222.142988748643,7180.682762641993
1,2022-04-28,7228.91,7211.250163006873,Latih,7205.881020680756,7164.102470314587
1,2022-05-09,6909.75,7218.624499180409,Latih,7213.283251900763,7171.999427146997
1,2022-05-10,6819.79,6908.198589135456,Latih,6902.718626246499,6983.123713331281
1,2022-05-11,6816.2,6826.417107284105,Latih,6830.523777200617,6816.274177197849
1,2022-05-12,6599.84,6818.100416514909,Latih,6822.261441680825,6782.885346916944
1,2022-05-13,6597.99,6589.6980126655135,Latih,6595.791758892167,6713.85610033097
1,2022-05-17,6644.47,6598.740365004842,Latih,6609.053503406054,6678.871755684332
1,2022-05-18,6793.41,6651.998011853111,Latih,6662.799208064391,6668.797877443447
1,2022-05-19,6823.33,6820.213603439366,Latih,6826.426454867757,6707.917831534763
1,2022-05-20,6918.14,6815.01790837649,Latih,6820.223520740306,6778.2221476126015
1,2022-05-23,6840.77,6912.306335184622,Latih,6914.983985337663,6847.992279880682
1,2022-05-24,6914.14,6849.025135122577,Latih,6852.958948593776,6832.3256030768525
1,2022-05-25,6883.5,6902.971243112134,Latih,6905.715423584032,6851.522374801079
1,2022-05-27,7026.26,6895.510478715943,Latih,6897.731996327685,6857.71813471083
1,2022-05-30,7037.56,7023.575455435579,Latih,7023.2169555569335,6936.5740127850095
1,2022-05-31,7148.97,7034.49896150834,Latih,7033.512633178299,6993.070808374941
1,2022-06-02,7148.72,7127.0996278668235,Latih,7123.095401558954,7066.798218026232
1,2022-06-03,7182.96,7150.168409286819,Latih,7146.371602273069,7105.205519092158
1,2022-06-06,7096.58,7171.829946804131,Latih,7167.9048478973755,7126.575741169531
1,2022-06-07,7141.04,7115.9862582326705,Latih,7112.735746796207,7084.296979024482
1,2022-06-08,7193.31,7127.717665621121,Latih,7124.9117446757145,7082.258235158993
1,2022-06-09,7182.83,7177.889797489729,Latih,7173.7936145914455,7130.403312916835
1,2022-06-10,7086.65,7188.122173190204,Latih,7183.3836023987205,7141.928820257268
1,2022-06-13,6995.44,7105.080012483672,Latih,7101.791393290833,7078.029160428119
1,2022-06-14,7049.88,7009.988162330451,Latih,7009.315980333152,6987.579577744066
1,2022-06-15,7007.05,7034.668568455047,Latih,7034.233853063649,6990.123048925459
1,2022-06-16,7050.33,7023.834360292022,Latih,7022.939735344712,6982.1273410964595
1,2022-06-17,6936.97,7037.739682247705,Latih,7037.236431976623,6994.423781430782
1,2022-06-20,6976.38,6947.673371594005,Latih,6947.887121080214,6938.366934191041
1,2022-06-21,7044.07,6965.07000549322,Latih,6966.429013332185,6923.824626106074
1,2022-06-22,6984.31,7025.773044921224,Latih,7025.553978073662,6979.884680643139
1,2022-06-23,6998.27,7000.0355811203135,Latih,7000.646064845385,6965.866048249062
1,2022-06-24,7042.94,6994.138458572686,Latih,6994.128667875589,6953.928656410033
1,2022-06-27,7016.06,7030.060019809072,Latih,7029.751908259457,6986.753698682844
1,2022-06-28,6996.46,7026.996755454605,Latih,7026.074615272348,6985.371353535711
1,2022-06-29,6942.35,7004.672362423004,Latih,7004.3079543650765,6963.7844700837695
1,2022-06-30,6911.58,6956.469848722274,Latih,6958.389120762403,6923.091589862158
1,2022-07-01,6794.33,6923.703930443576,Latih,6925.248539514592,6885.079461587712
1,2022-07-04,6639.17,6798.3383375364865,Latih,6802.279641734991,6800.95289677504
1,2022-07-05,6703.27,6634.09279977114,Latih,6641.036841137419,6709.721577569267
1,2022-07-06,6646.41,6709.492181958278,Latih,6718.453866549751,6668.979406251921
1,2022-07-07,6652.59,6646.92424684019,Latih,6656.74336650045,6684.19830636801
1,2022-07-08,6740.22,6650.714169770044,Latih,6660.143745234622,6671.133697223678
1,2022-07-11,6722.15,6750.486516477491,Latih,6758.307574306753,6684.449509490745
1,2022-07-12,6718.29,6728.185165345095,Latih,6735.4097291738035,6706.605034098049
1,2022-07-13,6640.99,6720.061007368288,Latih,6726.573667244337,6699.07411007287
1,2022-07-14,6690.09,6640.163580588411,Latih,6649.490485612463,6688.183964112418
1,2022-07-15,6651.9,6692.322221687454,Latih,6701.6498546835965,6668.797603135124
1,2022-07-18,6659.25,6653.663358787906,Latih,6663.917510349168,6680.73986922206
1,2022-07-19,6736.09,6657.065763183547,Latih,6666.331813960984,6670.264551299527
1,2022-07-20,6874.74,6742.7178304374465,Latih,6750.656334430601,6685.056923072652
1,2022-07-21,6864.13,6886.201424833581,Latih,6889.827337761567,6790.597673146756
1,2022-07-22,6886.96,6868.725347023648,Latih,6871.65031778161,6831.94169802729
1,2022-07-25,6858.41,6879.995621019049,Latih,6883.5455505413265,6842.575703315178
1,2022-07-26,6871.54,6869.592878748817,Latih,6872.442562422199,6832.587082211412
1,2022-07-27,6898.22,6867.417761445087,Latih,6870.8258102620075,6830.9327076095715
1,2022-07-28,6956.82,6890.294168327496,Latih,6893.5772380519375,6852.196814566891
1,2022-07-29,6951.12,6941.097103837781,Latih,6943.052078161292,6898.154135737465
1,2022-08-01,6968.78,6954.112020974214,Latih,6955.003016611392,6914.866201563526
1,2022-08-02,6988.16,6963.218213300761,Latih,6964.061985704954,6923.9599656129385
1,2022-08-03,7046.63,6982.010612354336,Latih,6982.456089072286,6942.217505636268
1,2022-08-04,7057.35,7030.4875609827695,Latih,7030.156154326265,6985.566534458458
1,2022-08-05,7084.65,7054.548663314649,Latih,7053.079467932054,7012.523319859567
1,2022-08-08,7086.85,7075.811947346997,Latih,7074.18555219419,7033.341802394456
1,2022-08-09,7102.88,7087.252419107033,Latih,7084.972663728071,7044.170060176916
1,2022-08-10,7086.24,7098.231293259933,Latih,7095.730023359134,7054.976964111396
1,2022-08-11,7160.38,7093.57298930414,Latih,7091.08446419008,7050.0981584645
1,2022-08-12,7129.28,7139.983889838538,Latih,7136.837657766422,7090.7986771178985
1,2022-08-15,7093.28,7142.033943647227,Latih,7138.338715115866,7096.972724468783
1,2022-08-16,7133.45,7107.752788388805,Latih,7104.86525016673,7063.647892429898
1,2022-08-18,7186.56,7121.174146058637,Latih,7118.539477909881,7076.359593365264
1,2022-08-19,7172.43,7170.976214897717,Latih,7167.056053540791,7123.546026833135
1,2022-08-22,7107.98,7179.040879619208,Latih,7174.509095102634,7133.0750759912335
1,2022-08-23,7163.27,7129.078572517712,Latih,7126.205509334881,7087.795971601083
1,2022-08-24,7194.71,7147.290450755439,Latih,7143.974231925092,7100.134866423682
1,2022-08-25,7174.21,7184.605835887281,Latih,7180.078777914134,7138.975405836186
1,2022-08-26,7135.25,7183.168797880498,Latih,7178.5186809731385,7137.011695847591
1,2022-08-29,7132.04,7150.909927988135,Latih,7146.977865870081,7105.501012458877
1,2022-08-30,7159.47,7134.5385742009485,Latih,7131.107778893788,7090.003773796632
1,2022-09-02,7177.18,7163.84546451577,Uji,7159.643905019843,7118.203007099706
1,2022-09-05,7231.88,7169.742966874923,Uji,7165.550143044079,7124.469728462775
1,2022-09-06,7233.15,7215.695308294387,Uji,7210.6298885847045,7167.083146762932
1,2022-09-07,7186.76,7234.236398722027,Uji,7228.426886032913,7186.813089466182
1,2022-09-08,7232.02,7205.274081863255,Uji,7200.015000476926,7158.181968257511
1,2022-09-09,7242.66,7218.053600256535,Uji,7212.936272971721,7170.486933250512
1,2022-09-12,7254.46,7240.3210637606135,Uji,7234.393893901203,7192.821032576649
1,2022-09-13,7318.02,7251.721781914331,Uji,7245.524692664242,7203.898531122297
1,2022-09-14,7278.08,7299.320859503849,Uji,7292.1084918452325,7247.81343691597
1,2022-09-15,7305.6,7294.434288821322,Uji,7287.055310506922,7244.785663838482
1,2022-09-16,7168.87,7297.197291064365,Uji,7289.95656414519,7248.206246435738
1,2022-09-19,7195.49,7188.868334032384,Uji,7182.0945220817,7172.049140255536
1,2022-09-20,7196.95,7187.16116562852,Uji,7182.558145350305,7141.402570288262
1,2022-09-21,7188.31,7197.881936749309,Uji,7192.945357549279,7151.531806058966
1,2022-09-22,7218.91,7192.937972325175,Uji,7188.089382795182,7146.622868697725
1,2022-09-23,7178.58,7209.17145452866,Uji,7204.052396991343,7162.807903831089
1,2022-09-26,7127.5,7194.845259201615,Uji,7189.854788966266,7148.12683793553
1,2022-09-27,7112.45,7147.6012631870135,Uji,7143.71186656364,7102.157067387179
1,2022-09-28,7077.03,7119.259220750409,Uji,7116.159072476703,7075.0448546696425
1,2022-09-29,7036.2,7091.251412456109,Uji,7088.761579102351,7047.639174246856
1,2022-09-30,7040.8,7052.316595382758,Uji,7050.744597680637,7009.792306187215
1,2022-10-03,7009.72,7040.211791063613,Uji,7039.068009755678,6998.541866793693
1,2022-10-04,7072.26,7022.187286511724,Uji,7021.367822045152,6980.657639298497
1,2022-10-05,7075.38,7055.032374392817,Uji,7054.0694677735055,7009.090667696061
1,2022-10-06,7076.62,7075.417112165761,Uji,7073.424156689715,7032.693675127095
1,2022-10-07,7026.78,7077.351745472026,Uji,7075.306671414447,7034.550700278348
1,2022-10-10,6994.4,7044.968044191666,Uji,7044.7374141932205,7003.747225949825
1,2022-10-11,6939.15,7007.309773655,Uji,7006.843365101876,6966.204207110461
1,2022-10-12,6909.21,6953.0632347488945,Uji,6955.033317130858,6920.3731732720635
1,2022-10-13,6880.63,6921.022967490007,Uji,6922.634465590765,6882.486572706744
1,2022-10-14,6814.53,6891.875787921594,Uji,6894.190760269211,6854.213170653026
1,2022-10-17,6831.12,6822.195164569652,Uji,6827.189053108728,6802.898249206576
1,2022-10-18,6834.49,6825.902314962781,Uji,6830.841468440927,6790.414350783856
1,2022-10-19,6860.42,6833.872301111259,Uji,6837.675965833106,6798.2687476247875
1,2022-10-20,6980.65,6852.859944389503,Uji,6857.101173089188,6815.68449870411
1,2022-10-21,7017.77,6976.026048753319,Uji,6976.942998178063,6900.003142645406
1,2022-10-24,7053.04,7006.790908910098,Uji,7007.0847142255925,6964.881576775369
1,2022-10-25,7048.38,7042.3189854062275,Uji,7041.705758597917,6999.832719564499
1,2022-10-26,7043.94,7051.216619004079,Uji,7049.780720431872,7009.120968215528
1,2022-10-27,7091.76,7046.685298701592,Uji,7045.358828049965,7004.725620439114
1,2022-10-28,7056.04,7077.894791550708,Uji,7076.360310787034,7033.155525941915
1,2022-10-31,7098.89,7070.322742377591,Uji,7068.334218036007,7027.323899781769
1,2022-11-01,7052.3,7086.157338076903,Uji,7084.4160710383185,7041.811937019892
1,2022-11-02,7015.69,7070.57358678944,Uji,7068.546026263308,7027.448224754398
1,2022-11-03,7034.57,7030.205951837366,Uji,7029.177337824171,6988.379376413881
1,2022-11-04,7045.53,7028.712997133796,Uji,7027.888510714834,6987.538304891646
1,2022-11-07,7102.4,7042.612706319161,Uji,7041.430648449726,7000.941684815944
1,2022-11-08,7050.13,7086.354122648312,Uji,7084.59521547444,7040.37354857213
1,2022-11-09,7070.08,7069.249817019771,Uji,7068.318223750662,7027.3033055568385
1,2022-11-10,6966.84,7063.912283452819,Uji,7062.246430102657,7021.712226696078
1,2022-11-11,7089.21,6979.443550657092,Uji,6979.167385476885,6963.921539843138
1,2022-11-14,7019.39,7075.540086697411,Uji,7073.301393164467,7004.869864416184
1,2022-11-15,7035.5,7036.172411089009,Uji,7035.522089355058,7003.474183664383
1,2022-11-16,7014.38,7030.664384348458,Uji,7029.784656453197,6989.401913442671
1,2022-11-17,7044.99,7023.193491644924,Uji,7022.380104162757,6981.7432250404945
1,2022-11-18,7082.18,7035.404727593726,Uji,7034.972544279164,6993.614698479236
1,2022-11-21,7063.25,7070.861610529493,Uji,7069.516571314405,7027.515577998226
1,2022-11-22,7030.59,7071.371866213154,Uji,7069.409084652732,7028.526045460766
1,2022-11-23,7054.12,7043.687361929484,Uji,7042.347260264225,7001.506844365658
1,2022-11-24,7080.52,7046.5977310443595,Uji,7045.4524304903225,7004.94700835711
1,2022-11-25,7053.15,7072.003492779802,Uji,7070.388323167634,7029.63560153014
1,2022-11-28,7017.36,7064.353708847831,Uji,7062.533694219659,7021.622169163291
1,2022-11-29,7012.07,7031.578126475876,Uji,7030.519085339373,6989.720111098349
1,2022-11-30,7081.31,7015.053582040135,Uji,7014.483527141872,6974.016592576561
1,2022-12-01,7020.8,7062.46203644521,Uji,7061.303147078822,7015.575316472116
1,2022-12-02,7019.64,7038.144856742687,Uji,7037.747362880773,7001.6232354975355
1,2022-12-05,6987.33,7021.121661975448,Uji,7020.418546439473,6979.951147660075
1,2022-12-06,6892.57,7000.1975074339525,Uji,6999.901971865953,6959.3023142731745
1,2022-12-07,6818.75,6902.249896622943,Uji,6904.242746595788,6888.736223651812
1,2022-12-08,6804.23,6826.193799207843,Uji,6830.8326905745635,6809.675690467392
1,2022-12-09,6715.12,6810.124036872421,Uji,6814.443295739924,6775.024261173039
1,2022-12-12,6734.45,6717.03252741935,Uji,6723.990220899902,6725.197747242175
1,2022-12-13,6810.32,6729.072732128226,Uji,6736.486209989512,6703.0408827442125
1,2022-12-14,6801.75,6809.008678126965,Uji,6814.781349098121,6749.660658516909
1,2022-12-15,6751.86,6805.449021209512,Uji,6809.898492128287,6770.552149267225
1,2022-12-16,6812.19,6757.542908203032,Uji,6764.734217422632,6738.717465546752
1,2022-12-19,6779.7,6806.589363113079,Uji,6812.27140683416,6756.858888746527
1,2022-12-20,6768.32,6787.580408188135,Uji,6794.564002704652,6757.381636009243
1,2022-12-21,6820.66,6772.974819282918,Uji,6778.19499108854,6739.004022792304
1,2022-12-22,6824.43,6812.189093236361,Uji,6817.60590190891,6767.86422310236
1,2022-12-23,6800.67,6823.641592361367,Uji,6827.691986870206,6788.343871555359
1,2022-12-26,6835.81,6809.95552715901,Uji,6814.250794598495,6774.759448137313
1,2022-12-27,6923.03,6826.208295347727,Uji,6831.122972083129,6788.555848587783
1,2022-12-28,6850.52,6914.74921961372,Uji,6917.2668425107495,6855.376512254517
1,2022-12-29,6860.08,6859.478708835285,Uji,6863.3012375295575,6840.128197845855
1,2022-12-30,6850.62,6857.244530839364,Uji,6860.5358509141615,6821.020112112797
1,2023-01-02,6850.98,6854.760668966811,Uji,6858.024178397696,6818.4010795385
1,2023-01-03,6888.76,6851.508321774641,Uji,6854.879676578085,6815.352163619434
1,2023-01-04,6813.24,6878.272331725999,Uji,6881.852941579267,6839.151913420596
1,2023-01-05,6653.84,6820.342232942617,Uji,6825.076668008602,6804.9039916706415
1,2023-01-06,6684.56,6649.202952462298,Uji,6655.618702372623,6715.880400808176
1,2023-01-09,6688.27,6682.404656989888,Uji,6691.73362987669,6672.160021817401
1,2023-01-10,6622.5,6687.185555665807,Uji,6695.3048182940665,6681.097145263569
1,2023-01-11,6584.45,6621.449934399582,Uji,6631.6359467181655,6681.071972199695
1,2023-01-12,6629.93,6583.153460490445,Uji,6595.232061770711,6683.665114288347
1,2023-01-13,6641.83,6639.09192126901,Uji,6650.352109158349,6670.762874571099
1,2023-01-16,6688.06,6638.663504418741,Uji,6648.993839841794,6672.045033878103
1,2023-01-17,6767.34,6689.710416082459,Uji,6698.9736288237755,6668.9288280171295
1,2023-01-18,6765.79,6770.7397128588245,Uji,6777.771691143542,6706.863453639765
1,2023-01-19,6819.91,6766.822041377453,Uji,6772.219669567971,6733.140249806665
1,2023-01-20,6874.93,6811.977854726349,Uji,6817.4206382871025,6766.518466465501
1,2023-01-24,6860.85,6862.364200295251,Uji,6866.207259912533,6819.730525380409
1,2023-01-25,6829.93,6866.71445600335,Uji,6869.677133605523,6829.9520131504905
1,2023-01-26,6864.82,6840.1787338793665,Uji,6845.424943875113,6805.702060087952
1,2023-01-27,6898.98,6855.131660424511,Uji,6859.306759717506,6816.86337037686
1,2023-01-30,6872.48,6889.292077819155,Uji,6892.594032616661,6850.346984733979
1,2023-01-31,6839.34,6882.941439209625,Uji,6885.477082053468,6845.564841120282
1,2023-02-01,6862.26,6849.897857605259,Uji,6855.251786369722,6815.6245517850275
1,2023-02-02,6890.57,6855.398267014663,Uji,6859.577291026752,6818.516352336442
1,2023-02-03,6911.73,6882.299346725389,Uji,6885.785425710127,6844.190661920944
1,2023-02-06,6873.79,6905.034041707563,Uji,6907.945001640368,6867.2500746566475
1,2023-02-07,6935.3,6885.657576930567,Uji,6889.931954736159,6850.799087052981
1,2023-02-08,6940.12,6919.11021554773,Uji,6921.5184527254605,6876.212149609967
1,2023-02-09,6897.37,6939.215601943783,Uji,6940.495946595721,6900.523948649215
1,2023-02-10,6880.33,6910.0524069893845,Uji,6913.540279528547,6875.402729048176
1,2023-02-13,6900.14,6887.32906415169,Uji,6889.788132771895,6849.926807683746
1,2023-02-14,6941.85,6893.819473402546,Uji,6897.018499276684,6856.44262210552
1,2023-02-15,6914.54,6930.172458330444,Uji,6932.421997592501,6889.437651136563
1,2023-02-16,6895.66,6925.397763242772,Uji,6926.912198398164,6886.76128812258
1,2023-02-17,6895.71,6903.371902070093,Uji,6905.440418939042,6865.4767557454525
1,2023-02-20,6894.72,6896.456905735181,Uji,6898.748751781033,6858.972905386728
1,2023-02-21,6873.4,6895.847244935082,Uji,6898.150569729255,6858.36980688576
1,2023-02-22,6809.97,6881.957685157701,Uji,6884.532659595057,6844.666776768604
1,2023-02-23,6839.45,6817.570706040894,Uji,6822.7710643452765,6797.538053551944
1,2023-02-24,6856.58,6831.160531222858,Uji,6835.953647169508,6794.056025890144
1,2023-02-27,6854.78,6851.1077894205255,Uji,6855.401727519672,6814.995014181768
1,2023-02-28,6843.24,6856.111953971426,Uji,6859.366305724423,6819.796464881337
1,2023-03-01,6844.94,6848.128716620842,Uji,6851.5450790900395,6811.941772631441
1,2023-03-02,6857.42,6844.961172902027,Uji,6848.493673295418,6809.01258174542
1,2023-03-03,6813.64,6853.503935931365,Uji,6857.28540277962,6817.421714419757
1,2023-03-06,6807.0,6822.459513391293,Uji,6828.174600715078,6794.306490490469
1,2023-03-07,6766.76,6810.001146743331,Uji,6814.347245625292,6774.991301972896
1,2023-03-08,6776.37,6773.637083979278,Uji,6780.727764245302,6747.476172528888
1,2023-03-09,6799.79,6773.320532173543,Uji,6779.364346372515,6739.569530502582
1,2023-03-10,6765.3,6793.123841803105,Uji,6798.895288937124,6757.572301394966
1,2023-03-13,6786.96,6772.418500901489,Uji,6779.728184713155,6744.065559984172
1,2023-03-14,6641.81,6780.771864583522,Uji,6786.86083415273,6745.700469245339
1,2023-03-15,6628.14,6637.388698684881,Uji,6644.574194678079,6707.764872993251
1,2023-03-16,6565.73,6630.13544853569,Uji,6641.796622442912,6675.964593866781
1,2023-03-17,6678.24,6562.278089310526,Uji,6574.100946874023,6688.133702387231
1,2023-03-20,6612.49,6706.852206998487,Uji,6716.6657138884275,6658.880977416051
1,2023-03-21,6691.61,6610.985789266086,Uji,6621.4425333499985,6682.365240993814
1,2023-03-24,6762.25,6705.321228941102,Uji,6714.67045844259,6660.769716829671
1,2023-03-27,6708.93,6763.807793810395,Uji,6770.967810780435,6706.059276587089
1,2023-03-28,6760.33,6712.4769624811615,Uji,6720.7195900029155,6708.786544895788
1,2023-03-29,6839.44,6756.952322381761,Uji,6764.123417187957,6711.083201887628
1,2023-03-30,6808.95,6836.409632006325,Uji,6841.342054380217,6776.867148895293
1,2023-03-31,6805.28,6818.267681290543,Uji,6824.524443151391,6785.1438117498465
1,2023-04-03,6827.17,6807.184337867532,Uji,6811.607053174411,6772.290040203362
1,2023-04-04,6833.18,6820.726264596021,Uji,6825.793034746684,6784.7372446126055
1,2023-04-05,6819.67,6831.587882490791,Uji,6835.454384919442,6796.0805479240735
1,2023-04-06,6792.77,6825.228508216179,Uji,6829.188380978144,6789.694734547169
1,2023-04-10,6771.23,6801.544052313599,Uji,6807.64040710691,6768.161214614539
1,2023-04-11,6811.31,6779.31140486601,Uji,6784.659573155672,6745.351696761872
2,2022-01-05,6662.3,6691.475726186501,Latih,6703.517726536858,6812.9445479905935
2,2022-01-06,6653.35,6664.54518277855,Latih,6676.108852661267,6799.978126649292
2,2022-01-07,6701.32,6653.433494271275,Latih,6665.891121984733,6796.13612521562
2,2022-01-10,6691.12,6695.713216228055,Latih,6708.0039887775665,6815.224548783037
2,2022-01-11,6647.97,6690.99749660881,Latih,6702.179611906874,6811.537783353957
2,2022-01-12,6647.06,6651.272616485964,Latih,6663.058098530931,6794.219956006438
2,2022-01-13,6658.36,6646.451119358103,Latih,6659.315697898877,6793.5079644123025
2,2022-01-14,6693.4,6656.521875796032,Latih,6669.317378350361,6798.014180443318
2,2022-01-17,6645.05,6689.060443179773,Latih,6701.291029268521,6812.101533980104
2,2022-01-18,6614.06,6649.127348618071,Latih,6660.612548538906,6793.072030144066
2,2022-01-19,6591.98,6616.786620823226,Latih,6629.728234446578,6780.303151326804
2,2022-01-20,6626.87,6594.291914297979,Latih,6607.958556739134,6771.23341377261
2,2022-01-21,6726.37,6619.342028761886,Latih,6636.347971640909,6784.991238309472
2,2022-01-24,6655.17,6702.858982416857,Latih,6718.557111281177,6825.016434186433
2,2022-01-25,6568.17,6662.408849276317,Latih,6671.865466162576,6797.380546711118
2,2022-01-26,6600.82,6609.212498322508,Latih,6620.982454525016,6762.054984111216
2,2022-01-27,6611.16,6590.481525048952,Latih,6608.037819808131,6777.824509430854
2,2022-01-28,6645.51,6609.813320400646,Latih,6624.140186681084,6778.787560063032
2,2022-01-31,6631.15,6641.014451359073,Latih,6655.434108369436,6792.59154735747
2,2022-02-02,6707.65,6631.924709569596,Latih,6644.979454457994,6787.133154388994
2,2022-02-03,6683.85,6692.314917588847,Latih,6708.105428018291,6817.573647981915
2,2022-02-04,6731.39,6685.051356777266,Latih,6696.135227683055,6808.685041519733
2,2022-02-07,6804.94,6725.566765716097,Latih,6736.8560821920855,6827.481781028842
2,2022-02-08,6789.52,6796.076465624601,Latih,6805.588347784014,6857.243935431281
2,2022-02-09,6834.61,6789.043001161247,Latih,6796.853273407251,6851.678733634689
2,2022-02-10,6823.64,6828.134157871937,Latih,6835.961603829598,6869.564526566307
2,2022-02-11,6815.61,6822.459232648645,Latih,6829.2557850870835,6865.546954197924
2,2022-02-14,6734.49,6814.224886308643,Latih,6821.359061363075,6862.250901919047
2,2022-02-15,6807.5,6740.578114264034,Latih,6748.56978664192,6829.784201810395
2,2022-02-16,6850.2,6798.664718847305,Latih,6808.078894694181,6858.2914870024115
2,2022-02-17,6835.12,6843.813016755617,Latih,6851.067430211641,6875.936870390814
2,2022-02-18,6892.82,6834.222709474301,Latih,6840.538936066068,6870.258335549276
2,2022-02-21,6902.96,6884.677930904669,Latih,6890.900554041906,6893.183716052814
2,2022-02-22,6861.99,6899.144361617311,Latih,6903.851707370624,6897.6999762389505
2,2022-02-23,6920.06,6863.265877246002,Latih,6868.053733180205,6881.41716768865
2,2022-02-24,6817.82,6911.65137496178,Latih,6916.985695710527,6904.281251941964
2,2022-02-25,6888.17,6825.157388657962,Latih,6829.878836584424,6863.9124024719395
2,2022-03-01,6921.44,6878.893820334417,Latih,6885.583900244576,6891.186655522926
2,2022-03-02,6868.4,6915.320697639333,Latih,6919.993606289374,6905.043912711487
2,2022-03-04,6928.33,6870.7411724347285,Latih,6875.018031977158,6884.126780312402
2,2022-03-07,6869.07,6919.6782915625445,Latih,6924.786349781203,6907.636313632176
2,2022-03-08,6814.18,6871.982589651685,Latih,6876.082869359892,6884.450054135365
2,2022-03-09,6864.44,6817.155021945271,Latih,6823.172434922193,6862.046655818263
2,2022-03-10,6924.01,6857.230214397946,Latih,6864.203122470716,6881.678719281596
2,2022-03-11,6922.6,6915.428537786947,Latih,6920.669927680838,6905.878788265929
2,2022-03-14,6952.2,6919.688582337546,Latih,6923.461956184554,6905.796708685801
2,2022-03-15,6918.19,6946.158966679028,Latih,6949.727197625688,6917.608478167998
2,2022-03-16,6992.4,6918.340984052168,Latih,6921.449963941919,6904.262912390873
2,2022-03-17,6964.38,6981.877148128207,Latih,6985.228757140097,6928.311848228622
2,2022-03-18,6954.96,6963.581450535708,Latih,6965.317295772486,6923.0373215908285
2,2022-03-21,6955.18,6952.515885551027,Latih,6955.0240994126125,6919.048357128548
2,2022-03-22,7000.82,6951.83965383952,Latih,6954.58000426834,6919.060150042819
2,2022-03-23,6996.12,6992.876260265169,Latih,6995.240851676521,6935.391968689312
2,2022-03-24,7049.69,6992.887111539898,Latih,6994.15630712336,6935.783264759232
2,2022-03-25,7002.53,7040.5938889253775,Latih,7041.545213903252,6950.597182883075
2,2022-03-28,7049.6,7003.1821014989,Latih,7003.185599017202,6938.73830900376
2,2022-03-29,7011.69,7041.1077102357785,Latih,7041.900615570608,6951.535504267267
2,2022-03-30,7053.19,7011.405798344075,Latih,7011.337193177402,6942.39639926677
2,2022-03-31,7071.44,7045.183978135649,Latih,7045.720219435159,6953.56917663937
2,2022-04-01,7078.76,7065.435640418,Latih,7064.793128370113,6963.152735503965
2,2022-04-04,7116.22,7073.707360879846,Latih,7072.55223820097,6967.235729400569
2,2022-04-05,7148.3,7108.051510876489,Latih,7106.410591873599,6975.305894160325
2,2022-04-06,7104.22,7140.35719062336,Latih,7137.525725358801,6986.864340185579
2,2022-04-07,7127.37,7103.719430900884,Latih,7100.448758049679,6980.152916445787
2,2022-04-08,7210.83,7120.434115701391,Latih,7118.070555609538,6981.176747668441
2,2022-04-11,7203.79,7197.586813542927,Latih,7193.971097059333,7000.176163879095
2,2022-04-12,7214.78,7199.003891374553,Latih,7193.372438510144,7011.29948275572
2,2022-04-13,7262.78,7208.227340374078,Latih,7202.681531868066,7012.29824843055
2,2022-04-14,7235.53,7252.38418152401,Latih,7246.176041699739,7022.879003570737
2,2022-04-18,7275.29,7232.348513416737,Latih,7225.169319024174,7024.953525162997
2,2022-04-19,7199.23,7265.552024047468,Latih,7258.727065482828,7028.30150213665
2,2022-04-20,7227.36,7200.886856579866,Latih,7193.691430115187,7019.128542952598
2,2022-04-21,7276.19,7219.109778887717,Latih,7213.57513553628,7013.962753261983
2,2022-04-22,7225.61,7265.6028277427895,Latih,7258.973416323159,7027.251887926521
2,2022-04-25,7215.98,7224.677738342969,Latih,7217.245960353104,7025.103245850267
2,2022-04-26,7232.15,7211.33026686677,Latih,7205.23279210874,7015.77289834267
2,2022-04-27,7196.76,7224.968570441692,Latih,7218.979204871146,7017.350817176164
2,2022-04-28,7228.91,7194.664323122585,Latih,7188.560391407692,7013.166260728895
2,2022-05-09,6909.75,7220.27351084241,Latih,7214.787743067232,7013.8835210204725
2,2022-05-10,6819.79,6944.765788555792,Latih,6939.325174638679,6903.126577662871
2,2022-05-11,6816.2,6825.971189422642,Latih,6830.932710592484,6864.616008990149
2,2022-05-12,6599.84,6814.397901364598,Latih,6821.622877374922,6862.4554843196665
2,2022-05-13,6597.99,6652.204144613456,Latih,6656.1808565516885,6776.005553294448
2,2022-05-17,6644.47,6597.886642869268,Latih,6612.344696913479,6773.519154082266
2,2022-05-18,6793.41,6634.037905643069,Latih,6650.814800308358,6792.069766950935
2,2022-05-19,6823.33,6756.314188959922,Latih,6771.2148724416165,6845.245766159631
2,2022-05-20,6918.14,6818.35789920095,Latih,6826.1802334010945,6865.090371119718
2,2022-05-23,6840.77,6906.338779182479,Latih,6912.648907537208,6900.3422167954295
2,2022-05-24,6914.14,6845.60414968554,Latih,6850.187154179253,6873.063838466447
2,2022-05-25,6883.5,6904.362188102648,Latih,6910.2716039920315,6901.745237293884
2,2022-05-27,7026.26,6883.634011371774,Latih,6887.969723385615,6890.099241211159
2,2022-05-30,7037.56,7009.088064709961,Latih,7013.026584196747,6925.430565748263
2,2022-05-31,7148.97,7032.4893767423055,Latih,7032.790522036019,6952.541175298742
2,2022-06-02,7148.72,7133.66083311625,Latih,7132.777530385331,6975.269304738099
2,2022-06-03,7182.96,7143.773324363905,Latih,7140.125054056125,6991.82211721724
2,2022-06-06,7096.58,7174.521352947436,Latih,7170.6013972116325,6998.164463096318
2,2022-06-07,7141.04,7100.06950151391,Latih,7095.999869930814,6977.381178032215
2,2022-06-08,7193.31,7132.010363197998,Latih,7129.725631787852,6982.585395584162
2,2022-06-09,7182.83,7183.11018173524,Latih,7179.297079667531,6998.9485797954185
2,2022-06-10,7086.65,7178.541750234447,Latih,7173.515547396026,7004.7838752008065
2,2022-06-13,6995.44,7091.1333870948065,Latih,7087.1476959509355,6973.413781599456
2,2022-06-14,7049.88,7000.239746968208,Latih,6999.382765304504,6936.204850234439
2,2022-06-15,7007.05,7040.701460033122,Latih,7041.6682099635045,6950.5312681150945
2,2022-06-16,7050.33,7007.261822077095,Latih,7007.223887455522,6940.545270445993
2,2022-06-17,6936.97,7042.183107433382,Latih,7042.857859425609,6952.34495555406
2,2022-06-20,6976.38,6944.32344217067,Latih,6944.842823638371,6912.55678380196
2,2022-06-21,7044.07,6969.22263367539,Latih,6972.237808330709,6927.382808719922
2,2022-06-22,6984.31,7033.711624868574,Latih,7035.198832426134,6946.608935860446
2,2022-06-23,6998.27,6986.2865322262605,Latih,6986.577409164962,6931.415290381063
2,2022-06-24,7042.94,6993.287442865429,Latih,6994.949257298169,6936.508685926844
2,2022-06-27,7016.06,7034.727160695258,Latih,7035.679920552436,6949.659892818383
2,2022-06-28,6996.46,7014.715123256505,Latih,7014.776419506728,6944.088121964982
2,2022-06-29,6942.35,6994.606724704561,Latih,6995.494645953236,6936.042148373474
2,2022-06-30,6911.58,6944.160045290044,Latih,6945.973732729009,6914.270612609433
2,2022-07-01,6794.33,6911.486722561763,Latih,6914.893933146643,6901.543098672077
2,2022-07-04,6639.17,6803.260323374899,Latih,6808.382977006468,6854.461256063023
2,2022-07-05,6703.27,6669.305719956024,Latih,6673.541091308608,6791.538525308996
2,2022-07-06,6646.41,6693.193254292177,Latih,6708.777097262014,6815.888920320305
2,2022-07-07,6652.59,6651.773445412677,Latih,6662.494381534768,6793.6949695414605
2,2022-07-08,6740.22,6651.276119609262,Latih,6664.134583098007,6795.704226545424
2,2022-07-11,6722.15,6724.428704648933,Latih,6739.649142015302,6830.756287698185
2,2022-07-12,6718.29,6722.493186989149,Latih,6732.457437268816,6824.246329980527
2,2022-07-13,6640.99,6717.347608918716,Latih,6727.791960845164,6822.558575620387
2,2022-07-14,6690.09,6650.147469332527,Latih,6659.392150061739,6791.651365114182
2,2022-07-15,6651.9,6684.474098107681,Latih,6697.162948773818,6810.6391229305
2,2022-07-18,6659.25,6654.7088945867235,Latih,6666.488087824745,6795.781396147937
2,2022-07-19,6736.09,6657.770792499346,Latih,6670.438871045573,6798.408772251637
2,2022-07-20,6874.74,6724.826872445515,Latih,6739.370282190763,6829.160432873403
2,2022-07-21,6864.13,6854.656892887988,Latih,6867.594437283317,6875.69590034787
2,2022-07-22,6886.96,6862.570700643698,Latih,6868.0420523658795,6882.044030584138
2,2022-07-25,6858.41,6882.103309035343,Latih,6887.652951359493,6891.07735807602
2,2022-07-26,6871.54,6858.564001970032,Latih,6863.778308517079,6879.857991966051
2,2022-07-27,6898.22,6867.714787784855,Latih,6873.531609119218,6884.87193107043
2,2022-07-28,6956.82,6892.910147345706,Latih,6898.1844049436295,6895.634803782149
2,2022-07-29,6951.12,6948.048837240985,Latih,6952.1850561917345,6918.707214574265
2,2022-08-01,6968.78,6948.363569048098,Latih,6951.090646843366,6917.453488783287
2,2022-08-02,6988.16,6963.705522755437,Latih,6966.430896631533,6924.461416879046
2,2022-08-03,7046.63,6982.760675059017,Latih,6984.890260144528,6932.345002489436
2,2022-08-04,7057.35,7037.105248940054,Latih,7038.279159569804,6948.8410699761425
2,2022-08-05,7084.65,7052.164396904772,Latih,7051.799085602229,6959.550112294011
2,2022-08-08,7086.85,7077.693321063587,Latih,7076.840285317966,6966.233824927264
2,2022-08-09,7102.88,7082.2034605926965,Latih,7080.654508385131,6970.711276112253
2,2022-08-10,7086.24,7096.813625855517,Latih,7095.079977777671,6974.0257576221775
2,2022-08-11,7160.38,7083.346790357301,Latih,7081.350021287271,6972.604285472686
2,2022-08-12,7129.28,7148.431660021025,Latih,7146.246787242371,6984.648213942107
2,2022-08-15,7093.28,7127.36153361626,Latih,7123.5874423296,6989.9000963909
2,2022-08-16,7133.45,7092.123095094035,Latih,7089.413549730251,6975.629549123103
2,2022-08-18,7186.56,7124.88313834019,Latih,7122.741850020364,6980.6795619899585
2,2022-08-19,7172.43,7176.339748584113,Latih,7172.769948238216,6996.560043835697
2,2022-08-22,7107.98,7168.569159718832,Latih,7163.794823038062,7001.840489350616
2,2022-08-23,7163.27,7109.337566291762,Latih,7105.436981426549,6981.8496612215595
2,2022-08-24,7194.71,7153.046007659514,Latih,7150.2977205545485,6988.425802747068
2,2022-08-25,7174.21,7186.430940842115,Latih,7182.05433476814,7002.521608619748
2,2022-08-26,7135.25,7170.924962494454,Latih,7165.933824518999,7003.386392439662
2,2022-08-29,7132.04,7134.009912346677,Latih,7129.844009330348,6992.756537523326
2,2022-08-30,7159.47,7127.5101781440535,Latih,7124.337973885014,6986.670138239917
2,2022-08-31,7178.59,7151.863442913968,Latih,7148.5483336443485,6991.302601229605
2,2022-09-01,7153.1,7171.5914639306875,Latih,7167.4400890673005,6998.951942793785
2,2022-09-02,7177.18,7150.457888956744,Latih,7146.038415863592,6997.051400317011
2,2022-09-05,7231.88,7169.73329523333,Latih,7165.751594847521,6997.740142382441
2,2022-09-06,7233.15,7221.125918828337,Latih,7216.102271868674,7011.519557368814
2,2022-09-07,7186.76,7227.34257824847,Latih,7220.950056433765,7019.906157854856
2,2022-09-08,7232.02,7185.770223763072,Latih,7179.722566220842,7011.452028361618
2,2022-09-09,7242.66,7222.140602695434,Latih,7216.877958651868,7012.973000422776
2,2022-09-12,7254.46,7235.902126530498,Latih,7229.429027274936,7021.698949863971
2,2022-09-13,7318.02,7247.493933499547,Latih,7240.660858898849,7025.482816265882
2,2022-09-14,7278.08,7305.709497860173,Latih,7298.067644572356,7039.0833645791445
2,2022-09-15,7305.6,7275.713256351446,Latih,7266.816870153044,7041.111880353753
2,2022-09-16,7168.87,7296.739305057623,Latih,7288.61170028577,7040.288528673712
2,2022-09-19,7195.49,7176.414945227585,Latih,7168.712961528978,7007.2465764845
2,2022-09-20,7196.95,7187.651485049211,Latih,7183.129507765852,7003.501272463856
2,2022-09-21,7188.31,7191.433513012016,Latih,7186.238622175538,7007.73954720503
2,2022-09-22,7218.91,7183.8043494380345,Latih,7178.643223105155,7006.347265881359
2,2022-09-23,7178.58,7210.502565708843,Latih,7205.3078093922995,7010.761313337147
2,2022-09-26,7127.5,7177.097633895955,Latih,7171.469992429695,7007.806269092619
2,2022-09-27,7112.45,7127.450585813001,Latih,7123.2389908588675,6989.696209009942
2,2022-09-28,7077.03,7109.185827805472,Latih,7106.364989615751,6981.865444893892
2,2022-09-29,7036.2,7075.957744866678,Latih,7073.79811699576,6969.002828102166
2,2022-09-30,7040.8,7035.977837367716,Latih,7035.0290682686,6952.408000563434
2,2022-10-03,7009.72,7036.3233293998865,Latih,7036.351354386273,6953.915610311083
2,2022-10-04,7072.26,7008.81884548074,Latih,7008.984798240124,6941.538431123545
2,2022-10-05,7075.38,7062.13918457932,Latih,7062.569603530234,6956.828774015956
2,2022-10-06,7076.62,7070.7458596784545,Latih,7069.597732036181,6966.728185687119
2,2022-10-07,7026.78,7072.149799396463,Latih,7070.914009596772,6967.424057309085
2,2022-10-10,6994.4,7027.474070018591,Latih,7026.611976597371,6948.642025312833
2,2022-10-11,6939.15,6993.750146600661,Latih,6994.388533370552,6935.305898351123
2,2022-10-12,6909.21,6941.093125299862,Latih,6942.983937501362,6912.975813398407
2,2022-10-13,6880.63,6909.059915680633,Latih,6912.565863897548,6900.570609224483
2,2022-10-14,6814.53,6880.597358366889,Latih,6885.078800309939,6888.913066847367
2,2022-10-17,6831.12,6818.542146671448,Latih,6824.269601929222,6862.279823704997
2,2022-10-18,6834.49,6827.318316888248,Latih,6834.5528886539105,6868.372545425336
2,2022-10-19,6860.42,6831.886210309302,Latih,6838.681417548394,6869.85257858638
2,2022-10-20,6980.65,6855.501879857519,Latih,6862.003048939446,6880.237069141906
2,2022-10-21,7017.77,6965.957341621572,Latih,6970.839114890153,6916.857161912965
2,2022-10-24,7053.04,7010.472274837553,Latih,7012.066784462988,6942.344967811754
2,2022-10-25,7048.38,7045.61327608711,Latih,7045.999707019393,6954.447098572902
2,2022-10-26,7043.94,7044.697912771766,Latih,7044.246149991219,6957.07929497426
2,2022-10-27,7091.76,7040.275345720116,Latih,7039.975366265837,6955.268163414054
2,2022-10-28,7056.04,7082.83875340409,Latih,7082.261124804685,6965.5605526543195
2,2022-10-31,7098.89,7055.174594322509,Latih,7053.699000319308,6960.451664896063
2,2022-11-01,7052.3,7090.369089666079,Latih,7089.433055120777,6968.691818013245
2,2022-11-02,7015.69,7052.474913753932,Latih,7050.8527378619365,6959.015395553761
2,2022-11-03,7034.57,7015.251050676167,Latih,7015.0829007578495,6944.015929600051
2,2022-11-04,7045.53,7028.821511364044,Latih,7029.409408318462,6950.695830835155
2,2022-11-07,7102.4,7040.42295892841,Latih,7040.453001713816,6955.550924316696
2,2022-11-08,7050.13,7092.548312607478,Latih,7091.844907869171,6967.779862536246
2,2022-11-09,7070.08,7050.850495863026,Latih,7049.158638644879,6958.1769328010605
2,2022-11-10,6966.84,7063.929420709676,Latih,7063.374032739467,6962.443411888533
2,2022-11-11,7089.21,6972.999818920547,Latih,6972.786380624229,6924.647301008749
2,2022-11-14,7019.39,7073.3933465123855,Latih,7074.751280412742,6952.73246264582
2,2022-11-15,7035.5,7022.0009919572485,Latih,7020.886045898856,6945.7919066173345
2,2022-11-16,7014.38,7030.000533751311,Latih,7030.489065313997,6951.42044488316
2,2022-11-17,7044.99,7012.5150048852565,Latih,7012.774718039095,6943.3569612801575
2,2022-11-18,7082.18,7038.064286394182,Latih,7038.600258653823,6952.442123786858
2,2022-11-21,7063.25,7074.326735498973,Latih,7073.800717714496,6963.932054325395
2,2022-11-22,7030.59,7060.7652428067395,Latih,7059.469143236345,6963.254208374672
2,2022-11-23,7054.12,7029.657552757921,Latih,7029.096559790434,6950.055874666026
2,2022-11-24,7080.52,7047.773397197788,Latih,7047.832675648992,6956.5583889473
2,2022-11-25,7053.15,7073.682026292154,Latih,7072.942704731294,6964.983103414827
2,2022-11-28,7017.36,7051.534350370829,Latih,7050.361471060579,6959.206503540926
2,2022-11-29,7012.07,7016.83076310879,Latih,7016.6279967272885,6944.68982963269
2,2022-11-30,7081.31,7008.755890151321,Latih,7009.484898517191,6942.287796839526
2,2022-12-01,7020.8,7070.490361482568,Latih,7070.7890854174575,6958.865047106795
2,2022-12-02,7019.64,7022.535080937804,Latih,7021.6049652696265,6946.291289454749
2,2022-12-05,6987.33,7015.878227451503,Latih,7016.4602952087525,6945.339247037223
2,2022-12-06,6892.57,6986.733855848965,Latih,6987.606935064849,6932.424257150938
2,2022-12-07,6818.75,6898.576104573353,Latih,6901.020399045989,6894.31319026415
2,2022-12-08,6804.23,6823.4425061110005,Latih,6828.839176849459,6864.061854119341
2,2022-12-09,6715.12,6803.544115597041,Latih,6810.892020407649,6857.665902046302
2,2022-12-12,6734.45,6722.490193920603,Latih,6730.546043517314,6821.95532097343
2,2022-12-13,6810.32,6731.218161160818,Latih,6741.706007866138,6828.956612752413
2,2022-12-14,6801.75,6801.195307858022,Latih,6810.587579375538,6859.41759821538
2,2022-12-15,6751.86,6800.533178319664,Latih,6808.110574138793,6856.607207740584
2,2022-12-16,6812.19,6754.902334985758,Latih,6763.097356664863,6836.610371054447
2,2022-12-19,6779.7,6804.491225616964,Latih,6813.435949311885,6860.305115904251
2,2022-12-20,6768.32,6780.890555041461,Latih,6788.600430576234,6847.814872711636
2,2022-12-21,6820.66,6767.648883493867,Latih,6776.258002371816,6843.006928467191
2,2022-12-22,6824.43,6813.630397877428,Latih,6822.097575804327,6863.821242796223
2,2022-12-23,6800.67,6821.874833212529,Latih,6829.011474465763,6865.749832679371
2,2022-12-26,6835.81,6800.871809835167,Latih,6808.1075026002845,6856.289785534778
2,2022-12-27,6923.03,6830.247152165508,Latih,6837.787936142421,6870.133904609721
2,2022-12-28,6850.52,6911.891358525203,Latih,6917.851802309799,6903.112766949579
2,2022-12-29,6860.08,6854.820110408702,Latih,6859.202523259857,6876.997784275454
2,2022-12-30,6850.62,6856.683727163413,Latih,6862.789452477435,6880.230724284988
2,2023-01-02,6850.98,6849.069136582352,Latih,6855.014200254419,6876.52931860302
2,2023-01-03,6888.76,6848.514914451577,Latih,6854.692025010922,6876.596690670293
2,2023-01-04,6813.24,6882.500837862236,Latih,6888.362499174817,6891.6901187983585
2,2023-01-05,6653.84,6818.13719682816,Latih,6823.673185378943,6861.830213243405
2,2023-01-06,6684.56,6682.881707171217,Latih,6686.6186149059395,6797.550916208357
2,2023-01-09,6688.27,6680.6966438226555,Latih,6693.111208342032,6808.534042893084
2,2023-01-10,6622.5,6686.881141768412,Latih,6698.50263280304,6810.264058932695
2,2023-01-11,6584.45,6631.391562228584,Latih,6640.8134673667055,6784.0234122196125
2,2023-01-12,6629.93,6591.73265572619,Latih,6602.049608867024,6768.293861740556
2,2023-01-13,6641.83,6617.809902756147,Latih,6634.897532865489,6786.152683425276
2,2023-01-16,6688.06,6640.0771220594,Latih,6653.432182701912,6791.27322957787
2,2023-01-17,6767.34,6682.727693056033,Latih,6695.412160614299,6809.835052441093
2,2023-01-18,6765.79,6758.265310932125,Latih,6769.15839894059,6841.875346776879
2,2023-01-19,6819.91,6764.228355435457,Latih,6773.1650079343,6841.896556086577
2,2023-01-20,6874.93,6812.721626038882,Latih,6821.257723012302,6863.501242291669
2,2023-01-24,6860.85,6867.189151140194,Latih,6873.934653263431,6885.915065903706
2,2023-01-25,6829.93,6859.640609847048,Latih,6865.1338434786,6880.735443079811
2,2023-01-26,6864.82,6830.5466832200045,Latih,6836.6405035198095,6868.271296754519
2,2023-01-27,6898.98,6859.033072982172,Latih,6865.6117703864375,6881.957736046058
2,2023-01-30,6872.48,6892.969582736833,Latih,6898.404614076659,6895.884091641053
2,2023-01-31,6839.34,6872.323866725903,Latih,6877.125421273452,6885.575066768867
2,2023-02-01,6862.26,6840.082465087808,Latih,6845.811063765026,6872.123902843039
2,2023-02-02,6890.57,6857.605525015631,Latih,6863.97127736334,6881.011186525863
2,2023-02-03,6911.73,6885.1741076836415,Latih,6890.74090129946,6892.5041886029085
2,2023-02-06,6873.79,6906.817109650121,Latih,6911.509164970861,6901.184827246115
2,2023-02-07,6935.3,6874.684175919336,Latih,6879.158465885859,6886.201301904662
2,2023-02-08,6940.12,6926.442312596786,Latih,6931.359890587974,6910.46387781863
2,2023-02-09,6897.37,6936.481199020197,Latih,6939.831956072499,6912.885954082059
2,2023-02-10,6880.33,6898.509427525743,Latih,6902.087343907699,6895.84918371801
2,2023-02-13,6900.14,6879.229200951499,Latih,6884.007079990549,6888.69758833204
2,2023-02-14,6941.85,6895.451161651357,Latih,6900.491578762873,6896.472728455111
2,2023-02-15,6914.54,6934.773625389685,Latih,6938.983628524591,6913.292988984333
2,2023-02-16,6895.66,6914.100444892095,Latih,6917.4961091825835,6902.721403619692
2,2023-02-17,6895.71,6894.599224485202,Latih,6898.826289231822,6894.959558550163
2,2023-02-20,6894.72,6892.892390714331,Latih,6897.5879435533725,6894.827033994539
2,2023-02-21,6873.4,6892.007271964296,Latih,6896.709685320004,6894.432016206428
2,2023-02-22,6809.97,6872.755384256285,Latih,6877.655317716044,6885.908138127072
2,2023-02-23,6839.45,6813.77328046802,Latih,6819.717335240576,6860.39999729816
2,2023-02-24,6856.58,6834.38126363728,Latih,6841.661549760736,6871.662947866957
2,2023-02-27,6854.78,6852.511187830308,Latih,6858.920255596975,6878.743314947527
2,2023-02-28,6843.24,6852.48293864403,Latih,6858.481227370241,6878.162682069582
2,2023-03-01,6844.94,6841.94502810303,Latih,6848.081625742056,6873.538716255765
2,2023-03-02,6857.42,6842.402104420997,Latih,6848.811486067511,6874.124550571185
2,2023-03-03,6813.64,6853.775473436155,Latih,6860.041411992351,6879.123176823002
2,2023-03-06,6807.0,6815.588783926103,Latih,6821.899898760353,6861.736856408755
2,2023-03-07,6766.76,6805.559336318107,Latih,6813.011673437985,6858.731053308883
2,2023-03-08,6776.37,6768.7799271044405,Latih,6776.723710385589,6842.604287882782
2,2023-03-09,6799.79,6773.682685482828,Latih,6782.547840636401,6846.117836476005
2,2023-03-10,6765.3,6795.621676145524,Latih,6804.058205947312,6855.5501276740815
2,2023-03-13,6786.96,6766.798896866765,Latih,6774.933563935188,6841.96291925434
2,2023-03-14,6641.81,6783.0643523454955,Latih,6791.87991448316,6850.336022906938
2,2023-03-15,6628.14,6668.884347470714,Latih,6673.266793951853,6792.533524425656
2,2023-03-16,6565.73,6628.876353330396,Latih,6642.047401912297,6785.90097420755
2,2023-03-17,6678.24,6598.285931665305,Latih,6611.138414621955,6761.89557798865
2,2023-03-20,6612.49,6641.362454430024,Latih,6658.320401717362,6805.298008925052
2,2023-03-21,6691.61,6622.891998627417,Latih,6631.583561410316,6779.944095201223
2,2023-03-24,6762.25,6672.63814866723,Latih,6688.824192544536,6811.01607020739
2,2023-03-27,6708.93,6754.020355034198,Latih,6764.866585265424,6839.870910070575
2,2023-03-28,6760.33,6712.656562497486,Latih,6722.180898960849,6819.1437646592
2,2023-03-29,6839.44,6753.901910231734,Latih,6764.333550024357,6839.243890235162
2,2023-03-30,6808.95,6829.766422759031,Latih,6838.279718603528,6871.258042863648
2,2023-03-31,6805.28,6809.705644263955,Latih,6816.501389582786,6859.7183175293
2,2023-04-03,6827.17,6803.578418180378,Latih,6811.161239636871,6858.00617022101
2,2023-04-04,6833.18,6822.910233149562,Latih,6830.406580708062,6866.720057708065
2,2023-04-05,6819.67,6830.342414699232,Latih,6837.246381305492,6869.297437236051
2,2023-04-06,6792.77,6818.75876860622,Latih,6825.623029411768,6863.949664493839
2,2023-04-10,6771.23,6793.330487778515,Latih,6800.748522315056,6853.095833886304
2,2023-04-11,6811.31,6771.476782754389,Latih,6779.737674361496,6844.274846111275
2,2023-04-14,6818.57,6784.965298382072,Uji,6792.955849760503,6850.064651358762
2,2023-04-17,6787.58,6813.355461550984,Uji,6821.410403138135,6863.1259989339505
2,2023-04-18,6821.81,6788.564199873835,Uji,6796.051691536636,6851.013913697639
2,2023-04-26,6910.15,6816.450922187302,Uji,6824.430420511101,6864.436133417526
2,2023-04-27,6945.48,6899.017240279063,Uji,6905.429917663977,6898.627065208599
2,2023-04-28,6915.72,6938.964661213805,Uji,6942.896589223793,6914.823758580731
2,2023-05-02,6863.3,6915.49768103336,Uji,6918.79364363228,6903.222041976496
2,2023-05-03,6812.72,6865.627128078977,Uji,6870.0874279722975,6882.0434925044
2,2023-05-04,6844.03,6815.307570002708,Uji,6821.480129304264,6861.41687832419
2,2023-05-05,6787.63,6838.752444073893,Uji,6845.9272665685785,6873.514547507506
2,2023-05-08,6769.63,6790.971456524461,Uji,6797.826166414649,6851.2395260480425
2,2023-05-09,6779.98,6769.561958744553,Uji,6777.963490943341,6843.594220081903
2,2023-05-10,6811.9,6777.193252217499,Uji,6785.957876139908,6847.582960344293
2,2023-05-11,6755.94,6806.839764316114,Uji,6815.088392189178,6860.416408730189
2,2023-05-12,6707.76,6759.51078616711,Uji,6767.420603164759,6838.322047542966
2,2023-05-15,6711.74,6711.019634252657,Uji,6720.710170095285,6818.625459350977
2,2023-05-16,6676.56,6710.126018326749,Uji,6720.980902673771,6819.826072187755
2,2023-05-17,6663.11,6678.879414025411,Uji,6689.920832681821,6805.806225238176
2,2023-05-19,6700.56,6663.527819722754,Uji,6675.552108281716,6800.149751665921
2,2023-05-22,6729.65,6695.935801879929,Uji,6707.9903350042,6814.999810812208
2,2023-05-23,6736.68,6725.5535042925385,Uji,6736.44190652328,6826.921729700898
2,2023-05-24,6745.8,6734.570420352392,Uji,6744.679290771806,6829.9646827227225
2,2023-05-25,6704.23,6743.418760514134,Uji,6753.279026884313,6833.664272385573
2,2023-05-26,6687.0,6706.906418210733,Uji,6716.877428117116,6817.133588435683
2,2023-05-29,6681.1,6687.564906596259,Uji,6698.708156843203,6809.915629881951
2,2023-05-30,6636.42,6680.663933058545,Uji,6692.282991524356,6807.419836694332
2,2023-05-31,6633.26,6640.305564933429,Uji,6652.091086213376,6789.525591426819
2,2023-06-05,6633.44,6632.977529838168,Uji,6646.240926355208,6787.902518735259
2,2023-06-06,6618.92,6632.8460926520165,Uji,6646.186501831646,6787.948905692726
2,2023-06-07,6619.75,6619.8138069877095,Uji,6633.267554817283,6782.150625689356
2,2023-06-08,6666.33,6619.212480459816,Uji,6633.020111002484,6782.364871105282
2,2023-06-09,6694.02,6659.104652936396,Uji,6674.559608993843,6800.977094104023
2,2023-06-12,6722.37,6690.3571368798775,Uji,6702.3847435972275,6812.4135529685345
2,2023-06-13,6719.01,6718.404218165448,Uji,6729.514129888586,6823.961058039104
2,2023-06-14,6699.72,6718.015074414482,Uji,6728.448126666418,6822.847950419818
2,2023-06-15,6713.79,6700.367617177087,Uji,6711.040574522484,6815.11578941587
2,2023-06-16,6698.55,6711.222344584186,Uji,6722.26027693229,6820.579989161525
2,2023-06-19,6686.06,6698.8317918731445,Uji,6709.643921300937,6814.606272743377
2,2023-06-20,6660.46,6686.193094722645,Uji,6697.485067967343,6809.4942910266245
2,2023-06-21,6702.63,6662.027765511436,Uji,6673.837606874569,6799.167980342836
2,2023-06-22,6652.26,6697.550198035705,Uji,6709.653763676156,6815.80524892095
2,2023-06-23,6639.73,6656.331922438306,Uji,6667.660765355094,6796.026469048888
2,2023-06-26,6664.67,6640.261773089702,Uji,6653.07926404835,6790.614776917726
2,2023-06-27,6661.88,6661.512486901743,Uji,6674.4388661424955,6800.47540200773
2,2023-07-03,6696.72,6661.319215385628,Uji,6673.648785726293,6799.562415211231
2,2023-07-04,6681.75,6692.37069852175,Uji,6704.4869426660425,6813.456060042116
2,2023-07-05,6718.98,6682.149963566676,Uji,6693.522323682325,6807.757974970074
2,2023-07-06,6757.33,6714.2191796884135,Uji,6725.661333230159,6822.507884025012
2,2023-07-07,6716.46,6752.138331468428,Uji,6762.344695210483,6838.126769437826
2,2023-07-10,6731.04,6718.967217721959,Uji,6728.552648655645,6822.111745237444
2,2023-07-11,6796.92,6728.277958949081,Uji,6738.760200657122,6827.605360008811
2,2023-07-12,6808.21,6788.836445801586,Uji,6798.422134565146,6854.037652788797
2,2023-07-13,6810.21,6805.095377063485,Uji,6812.953224526378,6859.079325419703
2,2023-07-14,6869.57,6807.940339161488,Uji,6815.501480488512,6859.969354147354
2,2023-07-17,6867.14,6861.472121177355,Uji,6868.502043282429,6883.695756021781
2,2023-07-18,6830.2,6864.796019082705,Uji,6870.371399554353,6883.20457890038
2,2023-07-20,6864.19,6831.372994338607,Uji,6837.308350155389,6868.429940597455
2,2023-07-21,6880.8,6858.491944125036,Uji,6865.069049710075,6881.708268827242
2,2023-07-24,6899.4,6876.572947901826,Uji,6882.171107082409,6888.617347191019
2,2023-07-25,6917.71,6894.829724393233,Uji,6899.8644692475045,6896.180909876867
2,2023-07-26,6948.28,6913.010564381526,Uji,6917.4347905123705,6903.64472603117
2,2023-07-27,6896.66,6942.182378050735,Uji,6945.903872042945,6916.00322936778
2,2023-07-28,6900.23,6898.628500087902,Uji,6902.009479285523,6895.631485623761
2,2023-07-31,6931.36,6897.04724067603,Uji,6901.681340324923,6896.640542073592
2,2023-08-01,6886.5,6925.354696505117,Uji,6929.6475639197715,6909.103657079385
2,2023-08-02,6854.51,6887.927865265949,Uji,6891.811500619395,6891.436615981503
2,2023-08-03,6898.08,6855.0164198333405,Uji,6860.273750339487,6878.296484564584
2,2023-08-04,6852.84,6891.204120694442,Uji,6896.90254206632,6895.4413192761385
2,2023-08-07,6886.37,6854.5900813204435,Uji,6859.57337229971,6877.722958823186
2,2023-08-08,6868.81,6880.525524721784,Uji,6886.360394147379,6890.750519474788
2,2023-08-09,6875.11,6867.855630156438,Uji,6873.000165697377,6884.00730419044
2,2023-08-10,6893.28,6871.88811181758,Uji,6877.4176209915095,6886.3818949169345
2,2023-08-11,6879.98,6888.801841281397,Uji,6894.027537182911,6893.690452646657
2,2023-08-14,6910.17,6878.53514534865,Uji,6883.417479116959,6888.524752635999
2,2023-08-15,6915.1,6904.432564448462,Uji,6909.4002511153085,6900.476176230356
2,2023-08-16,6900.54,6911.664288875507,Uji,6915.842186586009,6902.689208515331
2,2023-08-18,6859.91,6899.036790509566,Uji,6903.210361162171,6896.913303661093
2,2023-08-21,6866.03,6861.172074463108,Uji,6866.036920639913,6880.566822341722
2,2023-08-22,6916.45,6862.902157762686,Uji,6868.7264897934,6882.683179633659
2,2023-08-23,6921.41,6908.781975075648,Uji,6914.045179618941,6902.87193142657
2,2023-08-24,6899.39,6917.917717077778,Uji,6921.888431668925,6905.260332866356
2,2023-08-25,6895.44,6898.588749447211,Uji,6902.614975931391,6896.5049235594715
2,2023-08-28,6921.73,6892.995814124091,Uji,6897.600969567045,6894.7493038922985
2,2023-08-29,6957.83,6916.255835385071,Uji,6920.745841763961,6905.218452326701
2,2023-08-30,6966.66,6951.137863340429,Uji,6954.682060058764,6919.850275299
2,2023-08-31,6953.26,6962.4228751785095,Uji,6964.9988422471815,6923.668803004074
2,2023-09-01,6977.65,6951.19974251037,Uji,6953.6650893527785,6918.387729729461
2,2023-09-04,6996.75,6971.875456466729,Uji,6974.475681963618,6928.021643889595
2,2023-09-05,6991.71,6991.3034980291695,Uji,6993.143013295588,6935.84774464791
2,2023-09-06,6995.95,6988.546332608517,Uji,6989.9523798055025,6933.988903350879
2,2023-09-07,6954.81,6991.889018464742,Uji,6993.385911457595,6935.641772207965
2,2023-09-08,6924.78,6955.310357833557,Uji,6957.035620835475,6919.243411033796
2,2023-09-11,6963.39,6924.505539417612,Uji,6927.496231444824,6906.916228421972
2,2023-09-12,6933.97,6956.417591415696,Uji,6959.840854712777,6922.095726888228
2,2023-09-13,6935.48,6933.560614298929,Uji,6936.263635445883,6910.656308585153
2,2023-09-14,6959.33,6932.187860785772,Uji,6935.609330483724,6911.021821667598
2,2023-09-15,6982.79,6953.761719505838,Uji,6956.95221847599,6920.560450874018
2,2023-09-18,6936.08,6977.057926629241,Uji,6979.465743779595,6930.123742068458
2,2023-09-19,6980.32,6937.256863383403,Uji,6939.460927672734,6911.655791699634
2,2023-09-20,7011.68,6972.680872155482,Uji,6975.686226855571,6928.726618027139
2,2023-09-21,6991.47,7004.968660751044,Uji,7006.6207449085105,6941.16110270684
2,2023-09-22,7016.84,6989.715848920402,Uji,6990.753087296543,6934.013610178878
2,2023-09-25,6998.38,7010.640424755871,Uji,7011.973786348164,6943.783793032816
2,2023-09-26,6923.8,6996.404628471193,Uji,6997.257574536858,6936.815368957867
2,2023-09-27,6937.83,6927.667475321639,Uji,6929.584048090625,6906.876679561184
2,2023-09-29,6939.89,6933.356143998255,Uji,6937.0111851427455,6911.878354931519
2,2023-10-02,6961.46,6936.509268846561,Uji,6939.799065948477,6912.814479156778
2,2023-10-03,6940.89,6956.085058137231,Uji,6959.1487944889595,6921.446847563433
2,2023-10-04,6886.58,6939.600447264959,Uji,6942.295285115888,6913.404752630042
2,2023-10-05,6874.83,6888.884010541482,Uji,6892.53030789022,6891.545532288595
2,2023-10-06,6888.52,6873.285258278887,Uji,6878.375716806096,6886.413574361546
2,2023-10-09,6891.46,6884.498077752037,Uji,6889.769353491409,6891.786883471354
2,2023-10-10,6922.19,6888.410433111531,Uji,6893.3178548476535,6893.071795467182
2,2023-10-11,6931.75,6916.299980343627,Uji,6920.885069896328,6905.370056293056
2,2023-10-12,6935.15,6927.742761645067,Uji,6931.487056766201,6909.436818117545
2,2023-10-13,6926.78,6931.685339149882,Uji,6935.164585159768,6910.872100980328
2,2023-10-16,6896.29,6924.478769950616,Uji,6927.94149242853,6907.556319111035
2,2023-10-17,6939.62,6896.30112585847,Uji,6900.2190637952535,6895.310050239905
2,2023-10-18,6927.91,6932.412284876753,Uji,6936.736047036399,6912.3711462921365
2,2023-10-19,6846.43,6925.90900831585,Uji,6929.251604492117,6908.0437745142435
2,2023-10-20,6849.17,6851.597236974278,Uji,6855.891673788169,6875.4035436898885
2,2023-10-23,6741.96,6846.499514370598,Uji,6852.795383612253,6875.839903937917
2,2023-10-24,6806.76,6750.985293848539,Uji,6757.5027622625485,6833.039001309311
2,2023-10-25,6834.39,6798.69278867367,Uji,6807.927402827771,6858.05625647668
2,2023-10-26,6714.52,6829.536079790925,Uji,6836.937119975722,6869.615913181346
2,2023-10-27,6758.79,6726.787758322976,Uji,6732.837994163952,6821.959222051535
2,2023-10-30,6735.89,6753.03661075207,Uji,6763.341891486075,6838.673906852043
2,2023-10-31,6752.21,6736.564229983859,Uji,6745.955761641735,6829.88448642168
2,2023-11-01,6642.42,6749.106050361419,Uji,6758.933964687313,6836.218245444929
2,2023-11-02,6751.39,6659.999888706518,Uji,6665.142697908295,6792.4965090236365
2,2023-11-03,6788.85,6727.090002196154,Uji,6742.3632386368745,6835.1358083707455
2,2023-11-06,6878.84,6783.472216787367,Uji,6792.617958104641,6850.97862463478
2,2023-11-07,6843.79,6867.821058533232,Uji,6875.306330617112,6887.225962666912
2,2023-11-08,6804.11,6844.6717023384945,Uji,6850.206278429963,6873.952701354664
2,2023-11-09,6838.23,6805.759614080818,Uji,6812.486574873063,6857.8201964113505
2,2023-11-10,6809.26,6832.741174173986,Uji,6840.176853241956,6871.128320806663
2,2023-11-13,6838.31,6809.871978163155,Uji,6816.695277648601,6859.832368013897
2,2023-11-14,6862.06,6833.29091230694,Uji,6840.598079997338,6871.2018583709405
2,2023-11-15,6958.21,6857.330229969361,Uji,6863.723132923881,6880.922963868719
2,2023-11-16,6958.01,6945.942882823994,Uji,6950.965991703919,6913.578552385615
2,2023-11-17,6977.67,6954.684481417588,Uji,6957.32111697679,6920.216797280955
2,2023-11-20,6994.89,6972.334124603922,Uji,6974.81633127814,6928.068008427072
2,2023-11-21,6961.79,6989.633702080306,Uji,6991.487880019602,6935.104970408727
2,2023-11-22,6906.95,6961.484912514144,Uji,6963.179908530765,6922.022906763601
2,2023-11-23,7004.34,6909.129574586795,Uji,6912.091524187968,6899.85074821417
2,2023-11-24,7009.63,6991.5645563823555,Uji,6995.098574425635,6928.861810561467
2,2023-11-27,7013.41,7005.355002003371,Uji,7006.427170722543,6941.208005324056
2,2023-11-28,7041.07,7009.242941994726,Uji,7010.1530141926405,6942.760589569857
2,2023-11-29,7036.09,7034.451394829216,Uji,7035.043282541696,6951.567250971845
2,2023-11-30,7080.74,7032.54237759656,Uji,7032.487627983155,6952.073584005884
2,2023-12-01,7059.91,7072.206791008778,Uji,7071.913537551232,6962.337724059873
2,2023-12-04,7093.6,7057.629941849774,Uji,7056.396707928842,6961.908426108413
2,2023-12-05,7100.85,7085.974054361055,Uji,7084.984884441565,6968.28278773194
2,2023-12-06,7087.4,7095.615546477507,Uji,7093.7307876730665,6974.653248277361
3,2022-01-05,6662.3,6691.880272469984,Latih,6700.9913861140785,6797.361938120157
3,2022-01-06,6653.35,6666.599963570399,Latih,6675.583529896452,6797.361938120157
3,2022-01-07,6701.32,6654.632184593987,Latih,6664.593912624879,6797.361938120157
3,2022-01-10,6691.12,6695.613705106394,Latih,6704.908808391113,6797.361938120157
3,2022-01-11,6647.97,6692.630456515567,Latih,6700.935123151409,6799.872259460719
3,2022-01-12,6647.06,6653.496320685756,Latih,6662.849189072413,6797.361938120157
3,2022-01-13,6658.36,6647.329887646224,Latih,6657.76003650957,6797.361938120157
3,2022-01-14,6693.4,6657.132736424294,Latih,6667.376401423229,6797.361938120157
3,2022-01-17,6645.05,6689.286952329741,Latih,6698.60529393317,6797.361938120157
3,2022-01-18,6614.06,6651.217575412702,Latih,6660.568381160361,6797.361938120157
3,2022-01-19,6591.98,6618.008291634775,Latih,6629.120097846993,6797.361938120157
3,2022-01-20,6626.87,6594.777335087176,Latih,6607.058856588682,6797.361938120157
3,2022-01-21,6726.37,6622.647446991213,Latih,6634.826764169866,6797.361938120157
3,2022-01-24,6655.17,6714.301595568379,Latih,6723.784488681874,6797.361938120157
3,2022-01-25,6568.17,6664.199634696407,Latih,6672.553109648539,6798.95752390507
3,2022-01-26,6600.82,6578.997559628768,Latih,6590.70881609604,6797.361938120157
3,2022-01-27,6611.16,6596.825919554535,Latih,6609.3543159636165,6797.361938120157
3,2022-01-28,6645.51,6609.961213858804,Latih,6622.213642621941,6797.361938120157
3,2022-01-31,6631.15,6641.390535466383,Latih,6652.7539668213685,6797.361938120157
3,2022-02-02,6707.65,6633.062428731927,Latih,6643.847076858068,6797.361938120157
3,2022-02-03,6683.85,6698.406753719615,Latih,6708.130437516142,6797.361938120157
3,2022-02-04,6731.39,6687.038294682072,Latih,6695.321785638201,6799.8140347490025
3,2022-02-07,6804.94,6725.795113305173,Latih,6733.784879983984,6801.958730907173
3,2022-02-08,6789.52,6796.251162179739,Latih,6801.713209606441,6813.735076806578
3,2022-02-09,6834.61,6791.869421928257,Latih,6795.808838214607,6822.3355639887195
3,2022-02-10,6823.64,6829.518771559333,Latih,6833.003824346399,6836.250104249453
3,2022-02-11,6815.61,6825.5015354907855,Latih,6828.081179437672,6842.957200931347
3,2022-02-14,6734.49,6817.090317856702,Latih,6820.088004920516,6837.130514801776
3,2022-02-15,6807.5,6744.906506151431,Latih,6749.600792261088,6815.464734126363
3,2022-02-16,6850.2,6798.883268901141,Latih,6804.221804607841,6814.28988185707
3,2022-02-17,6835.12,6845.436134287156,Latih,6848.191147388853,6846.75236700777
3,2022-02-18,6892.82,6837.51492793504,Latih,6839.4992539111145,6851.26450191591
3,2022-02-21,6902.96,6886.272216330213,Latih,6887.560737944288,6870.206276334565
3,2022-02-22,6861.99,6902.348245320961,Latih,6902.031316354915,6888.268918140276
3,2022-02-23,6920.06,6867.657415032725,Latih,6867.848500599901,6874.6807008210235
3,2022-02-24,6817.82,6913.518646174715,Latih,6913.64334615414,6887.446754719657
3,2022-02-25,6888.17,6831.024385927951,Latih,6831.611543022727,6861.537027045826
3,2022-03-01,6921.44,6880.039593877834,Latih,6881.839201563639,6864.159425911943
3,2022-03-02,6868.4,6917.986456764387,Latih,6917.442233948755,6894.379418911977
3,2022-03-04,6928.33,6875.581334203523,Latih,6875.199745988887,6881.705690528494
3,2022-03-07,6869.07,6921.573206622052,Latih,6921.387524272251,6892.2542505643205
3,2022-03-08,6814.18,6877.026392181557,Latih,6876.4631123751815,6883.650512483759
3,2022-03-09,6864.44,6821.48701224092,Latih,6823.394549754296,6847.661116426327
3,2022-03-10,6924.01,6858.763113893309,Latih,6861.090734742621,6853.9665365833425
3,2022-03-11,6922.6,6917.289688342857,Latih,6917.281168746995,6889.593648036762
3,2022-03-14,6952.2,6923.462920244086,Latih,6922.016449806738,6903.584236900553
3,2022-03-15,6918.19,6949.262251891545,Latih,6947.30337260311,6914.845752590047
3,2022-03-16,6992.4,6923.099873360443,Latih,6921.042166760015,6908.737448977277
3,2022-03-17,6964.38,6983.990187261757,Latih,6981.396732601579,6929.531002396394
3,2022-03-18,6954.96,6968.633705401474,Latih,6964.734286375695,6936.662374952187
3,2022-03-21,6955.18,6956.881685190253,Latih,6953.844987345389,6926.1280964494235
3,2022-03-22,7000.82,6955.902918145708,Latih,6953.0936935103455,6923.914548504698
3,2022-03-23,6996.12,6995.980531957207,Latih,6992.322396854219,6941.863117405822
3,2022-03-24,7049.69,6997.533788802682,Latih,6992.840836682377,6951.162839208297
3,2022-03-25,7002.53,7043.958187651102,Latih,7038.390631755654,6971.019461282545
3,2022-03-28,7049.6,7009.238188957035,Latih,7003.225730797707,6965.607275911623
3,2022-03-29,7011.69,7044.67665862209,Latih,7038.953194122378,6972.549132299478
3,2022-03-30,7053.19,7017.265127977789,Latih,7011.08559605962,6969.176807217652
3,2022-03-31,7071.44,7048.966454498236,Latih,7042.951574980084,6976.19305312937
3,2022-04-01,7078.76,7070.1439278108555,Latih,7062.7718318319985,6993.480434131679
3,2022-04-04,7116.22,7078.837771827647,Latih,7070.881769652434,7000.80612073308
3,2022-04-05,7148.3,7112.620435617043,Latih,7103.792295865488,7017.280777130187
3,2022-04-06,7104.22,7145.431551598388,Latih,7135.089748702125,7039.004401377502
3,2022-04-07,7127.37,7110.740967930032,Latih,7100.425486100983,7029.553210128607
3,2022-04-08,7210.83,7125.572104605511,Latih,7115.912138418033,7027.868347947063
3,2022-04-11,7203.79,7201.690254469599,Latih,7189.918908227765,7066.243746505446
3,2022-04-12,7214.78,7205.895033747043,Latih,7192.202608318413,7083.85940098829
3,2022-04-13,7262.78,7214.663177607742,Latih,7200.940619713749,7086.449672010014
3,2022-04-14,7235.53,7258.151634042355,Latih,7243.27184599051,7107.952952604366
3,2022-04-18,7275.29,7240.210351637692,Latih,7224.654466394274,7108.987321221901
3,2022-04-19,7199.23,7271.710795055722,Latih,7256.089891843888,7117.923884040787
3,2022-04-20,7227.36,7209.912337075558,Latih,7194.720014375533,7097.808759492111
3,2022-04-21,7276.19,7225.135330320685,Latih,7211.292242565241,7090.268872314761
3,2022-04-22,7225.61,7271.484263485764,Latih,7256.047338704559,7116.28211307831
3,2022-04-25,7215.98,7233.173524175972,Latih,7217.471370923606,7108.371758000923
3,2022-04-26,7232.15,7218.430677417604,Latih,7204.149727274861,7092.247346673678
3,2022-04-27,7196.76,7231.4223436666425,Latih,7217.079110794154,7096.236311135959
3,2022-04-28,7228.91,7202.378279095377,Latih,7188.291755098187,7086.30811219878
3,2022-05-09,6909.75,7226.188128169267,Latih,7212.377190678206,7090.273580512474
3,2022-05-10,6819.79,6950.116453476599,Latih,6941.414201963892,6972.984259448106
3,2022-05-11,6816.2,6831.470543711221,Latih,6832.274681460594,6859.792348333338
3,2022-05-12,6599.84,6817.129104437861,Latih,6820.210507741008,6836.421908625996
3,2022-05-13,6597.99,6626.821040063806,Latih,6633.989456046605,6802.690698711605
3,2022-05-17,6644.47,6598.282291219573,Latih,6610.802210070273,6797.361938120157
3,2022-05-18,6793.41,6638.839544265577,Latih,6650.54588374899,6797.361938120157
3,2022-05-19,6823.33,6775.3203760072865,Latih,6783.13167957279,6803.9213767537785
3,2022-05-20,6918.14,6820.104192152653,Latih,6823.702107164894,6832.77706857655
3,2022-05-23,6840.77,6907.02447212939,Latih,6908.134799670026,6877.255479630273
3,2022-05-24,6914.14,6850.924726980962,Latih,6851.134936798849,6870.066644642394
3,2022-05-25,6883.5,6905.683936140583,Latih,6906.439579453514,6879.944936683815
3,2022-05-27,7026.26,6887.923829667909,Latih,6887.4425621816945,6885.843994538231
3,2022-05-30,7037.56,7009.387730284392,Latih,7007.021031394063,6934.3378256413835
3,2022-05-31,7148.97,7037.063278720441,Latih,7030.979121435943,6973.621883938366
3,2022-06-02,7148.72,7136.234109786229,Latih,7127.813161876873,7020.063052938641
3,2022-06-03,7182.96,7149.8742069602795,Latih,7138.719813978749,7047.164649653499
3,2022-06-06,7096.58,7179.889595139704,Latih,7168.108563462576,7060.52866708166
3,2022-06-07,7141.04,7108.34844121225,Latih,7097.322380248379,7035.019562193218
3,2022-06-08,7193.31,7136.617491599994,Latih,7126.892641964034,7031.362951649489
3,2022-06-09,7182.83,7188.016706671798,Latih,7176.233029435954,7062.711835941142
3,2022-06-10,7086.65,7185.322541420543,Latih,7172.448086874566,7071.363978778191
3,2022-06-13,6995.44,7099.618456173014,Latih,7088.779064038466,7031.094449859919
3,2022-06-14,7049.88,7007.614398825824,Latih,7000.8246396440845,6971.850794478709
3,2022-06-15,7007.05,7044.04028965122,Latih,7038.485961549345,6970.927987726981
3,2022-06-16,7050.33,7013.228274418771,Latih,7007.127526342331,6967.425895748192
3,2022-06-17,6936.97,7045.879535877769,Latih,7040.031505918566,6973.938857744391
3,2022-06-20,6976.38,6951.787280744961,Latih,6946.970704804709,6940.058308282544
3,2022-06-21,7044.07,6972.268478875811,Latih,6969.50951985603,6927.834706020403
3,2022-06-22,6984.31,7036.57084607965,Latih,7031.592263298096,6963.996623894029
3,2022-06-23,6998.27,6992.5505875033705,Latih,6987.012895033416,6957.0913569284
3,2022-06-24,7042.94,6997.366670203863,Latih,6993.039657145796,6947.9750754768165
3,2022-06-27,7016.06,7038.302386678521,Latih,7032.806709268155,6968.897812873179
3,2022-06-28,6996.46,7020.2714243174205,Latih,7014.174756678998,6969.264245175177
3,2022-06-29,6942.35,6999.728077976762,Latih,6994.654299921451,6955.016880176119
3,2022-06-30,6911.58,6949.806833427004,Latih,6946.214837291887,6929.015903146614
3,2022-07-01,6794.33,6916.074031693386,Latih,6914.3805602360235,6903.7409526244255
3,2022-07-04,6639.17,6809.356363253626,Latih,6810.586099656257,6850.256588885524
3,2022-07-05,6703.27,6658.613503839982,Latih,6665.592465309812,6804.246421755882
3,2022-07-06,6646.41,6695.560883612054,Latih,6705.168431864995,6797.361938120157
3,2022-07-07,6652.59,6653.638850161519,Latih,6662.721955634219,6797.361938120157
3,2022-07-08,6740.22,6651.988531578194,Latih,6662.354817102564,6797.361938120157
3,2022-07-11,6722.15,6729.6549162101965,Latih,6738.249731135093,6799.666085240872
3,2022-07-12,6718.29,6724.699257867506,Latih,6731.474432846329,6806.729861529501
3,2022-07-13,6640.99,6719.064094494899,Latih,6726.354682603351,6804.550235028299
3,2022-07-14,6690.09,6650.751161169272,Latih,6659.565294032631,6797.361938120157
3,2022-07-15,6651.9,6684.221503300384,Latih,6694.027905646728,6797.361938120157
3,2022-07-18,6659.25,6656.816866802734,Latih,6666.122417802377,6797.361938120157
3,2022-07-19,6736.09,6658.515825552431,Latih,6668.624096237137,6797.361938120157
3,2022-07-20,6874.74,6726.859255668244,Latih,6735.366699895583,6799.940214447708
3,2022-07-21,6864.13,6858.087151221672,Latih,6862.143599851171,6838.940121802724
3,2022-07-22,6886.96,6866.024769005815,Latih,6866.869823235314,6868.63012868021
3,2022-07-25,6858.41,6884.7387787551115,Latih,6885.422655682904,6874.9911504102165
3,2022-07-26,6871.54,6862.525524365643,Latih,6863.175928249697,6869.370773020427
3,2022-07-27,6898.22,6870.49576323394,Latih,6871.605193975012,6867.548678085546
3,2022-07-28,6956.82,6895.541536627456,Latih,6895.835193644806,6881.2151187468
3,2022-07-29,6951.12,6950.28352723544,Latih,6948.838379577449,6910.705072061465
3,2022-08-01,6968.78,6952.571531963996,Latih,6949.791587834409,6922.776801317382
3,2022-08-02,6988.16,6967.359577420408,Latih,6964.393323181324,6928.309449289787
3,2022-08-03,7046.63,6986.5629258519975,Latih,6982.804483717736,6940.219597684195
3,2022-08-04,7057.35,7040.282699476544,Latih,7034.967368458572,6967.876358169371
3,2022-08-05,7084.65,7056.963530093497,Latih,7050.013064429824,6986.354375113305
3,2022-08-08,7086.85,7082.253591688344,Latih,7074.535062037774,6999.67552552229
3,2022-08-09,7102.88,7087.580267220805,Latih,7079.150127115914,7007.203171385586
3,2022-08-10,7086.24,7101.920675174665,Latih,7093.140200319956,7014.025394711554
3,2022-08-11,7160.38,7089.312794299196,Latih,7080.445867966482,7011.414676659762
3,2022-08-12,7129.28,7152.302515980679,Latih,7142.474265354948,7036.421484112207
3,2022-08-15,7093.28,7134.23456063755,Latih,7123.158996337726,7042.32811992294
3,2022-08-16,7133.45,7098.774747142863,Latih,7089.128950388502,7020.620279347957
3,2022-08-18,7186.56,7129.546540914849,Latih,7120.043066251352,7027.581327246489
3,2022-08-19,7172.43,7181.149150127851,Latih,7169.6767968607755,7058.212144126957
3,2022-08-22,7107.98,7175.356542381725,Latih,7162.840224741777,7065.638272279568
3,2022-08-23,7163.27,7117.0422403890625,Latih,7106.064247881843,7036.918580110732
3,2022-08-24,7194.71,7157.543053914984,Latih,7147.127130534726,7042.862253743474
3,2022-08-25,7174.21,7192.010558691704,Latih,7179.654723333799,7068.687928878136
3,2022-08-26,7135.25,7177.93246461042,Latih,7165.182844563803,7068.325935733981
3,2022-08-29,7132.04,7141.193814936953,Latih,7129.6681020957985,7048.04535166568
3,2022-08-30,7159.47,7133.530303939657,Latih,7123.021427284553,7037.275102777544
3,2022-08-31,7178.59,7157.201507800896,Latih,7146.264543873745,7047.246348093812
3,2022-09-01,7153.1,7177.392142872892,Latih,7165.427670844873,7061.439770599074
3,2022-09-02,7177.18,7157.402525423248,Latih,7145.439264074641,7056.113453786438
3,2022-09-05,7231.88,7175.362416418872,Latih,7163.580532782157,7059.331753543085
3,2022-09-06,7233.15,7226.358564926474,Latih,7212.974010788289,7086.657819188903
3,2022-09-07,7186.76,7234.27775347957,Latih,7219.525355805842,7100.510188819837
3,2022-09-08,7232.02,7193.727391777718,Latih,7179.80112586268,7082.631368504832
3,2022-09-09,7242.66,7227.67322824785,Latih,7214.050573825327,7089.051556586097
3,2022-09-12,7254.46,7242.640499097199,Latih,7227.708876030533,7104.273159791899
3,2022-09-13,7318.02,7254.318892064186,Latih,7238.9076605905,7111.49746320255
3,2022-09-14,7278.08,7311.5623705370235,Latih,7294.686441174843,7139.299325857239
3,2022-09-15,7305.6,7284.420866241551,Latih,7266.72109195957,7139.1569140864185
3,2022-09-16,7168.87,7303.601884363989,Latih,7286.374902812338,7140.196215101557
3,2022-09-19,7195.49,7187.041168105685,Latih,7171.665091174922,7093.304897559951
3,2022-09-20,7196.95,7193.3916748608,Latih,7180.883831976735,7070.360953305431
3,2022-09-21,7188.31,7197.984409629787,Latih,7184.795357796633,7077.432442070314
3,2022-09-22,7218.91,7190.584243824565,Latih,7177.518950331292,7074.401214702793
3,2022-09-23,7178.58,7216.361760822621,Latih,7202.943217980946,7084.289730259249
3,2022-09-26,7127.5,7184.777735685193,Latih,7171.35260136672,7075.947521351643
3,2022-09-27,7112.45,7134.936665016488,Latih,7123.446734477952,7046.073603303496
3,2022-09-28,7077.03,7115.3754935587185,Latih,7105.4191351152185,7027.701946787895
3,2022-09-29,7036.2,7082.421293206879,Latih,7073.489393745728,7010.139965758979
3,2022-09-30,7040.8,7042.185618472163,Latih,7034.878944021526,6985.483627576288
3,2022-10-03,7009.72,7041.142999298636,Latih,7034.754737281862,6977.318984982426
3,2022-10-04,7072.26,7014.441733909309,Latih,7008.514830428421,6966.255931036526
3,2022-10-05,7075.38,7065.455863248177,Latih,7059.13687899775,6983.189210730847
3,2022-10-06,7076.62,7075.973707898923,Latih,7068.060079503126,6999.68104083961
3,2022-10-07,7026.78,7077.449974501797,Latih,7069.4367116744,7000.928892593442
3,2022-10-10,6994.4,7033.868295752469,Latih,7026.745823932351,6981.6900308991035
3,2022-10-11,6939.15,6999.253895207105,Latih,6993.95475142127,6956.826352657132
3,2022-10-12,6909.21,6946.7425589955365,Latih,6943.260241447141,6927.25828810041
3,2022-10-13,6880.63,6913.596241757022,Latih,6912.025205860184,6902.03046439533
3,2022-10-14,6814.53,6884.792003809256,Latih,6884.484984478397,6883.515050909561
3,2022-10-17,6831.12,6823.232229033147,Latih,6824.849225907658,6850.620622248687
3,2022-10-18,6834.49,6829.567467775678,Latih,6832.502356449997,6840.987649728097
3,2022-10-19,6860.42,6834.588536436593,Latih,6837.0534124592305,6846.35929975871
3,2022-10-20,6980.65,6857.762016539613,Latih,6859.664823435286,6857.348838560322
3,2022-10-21,7017.77,6966.492641281538,Latih,6965.536025186234,6910.819996925638
3,2022-10-24,7053.04,7014.023107872665,Latih,7009.425664905964,6954.72721391683
3,2022-10-25,7048.38,7049.591209914749,Latih,7043.429569147889,6977.61860571688
3,2022-10-26,7043.94,7049.889575129812,Latih,7042.947315182153,6984.402311501559
3,2022-10-27,7091.76,7045.413603664105,Latih,7038.667922180954,6981.52376425987
3,2022-10-28,7056.04,7086.824534227918,Latih,7079.304152441093,6999.18937047845
3,2022-10-31,7098.89,7061.428157044716,Latih,7053.3927432680775,6996.858812610564
3,2022-11-01,7052.3,7094.586513817381,Latih,7086.637013439009,7004.939021525442
3,2022-11-02,7015.69,7059.033208968109,Latih,7050.89165896303,6997.133098757325
3,2022-11-03,7034.57,7021.111142589511,Latih,7014.791261539519,6971.4043228155915
3,2022-11-04,7045.53,7033.124535033765,Latih,7027.355468276204,6969.868957121426
3,2022-11-07,7102.4,7045.090890340869,Latih,7038.655232467118,6978.775611674841
3,2022-11-08,7050.13,7096.359217516255,Latih,7088.603156803916,7003.749372063337
3,2022-11-09,7070.08,7057.565641321009,Latih,7049.3779509783435,6997.1391969943625
3,2022-11-10,6966.84,7068.569820375509,Latih,7061.298031427927,6992.200163073597
3,2022-11-11,7089.21,6980.455855338629,Latih,6974.601906502301,6956.591705051116
3,2022-11-14,7019.39,7074.995568614074,Latih,7069.417206283875,6979.366333547886
3,2022-11-15,7035.5,7028.949664021792,Latih,7021.654289245666,6981.8662520135
3,2022-11-16,7014.38,7034.400860173765,Latih,7028.52368422872,6971.136897185499
3,2022-11-17,7044.99,7017.871633523167,Latih,7011.988897420823,6966.789168057495
3,2022-11-18,7082.18,7042.105399751131,Latih,7036.175940391484,6973.634663332159
3,2022-11-21,7063.25,7078.548464288184,Latih,7071.179417427846,6995.689520498571
3,2022-11-22,7030.59,7066.563410710163,Latih,7058.630142403907,6997.3468957734685
3,2022-11-23,7054.12,7035.5484497363,Latih,7028.684031990828,6979.919748559053
3,2022-11-24,7080.52,7052.133726359671,Latih,7045.6371757955,6981.171949790772
3,2022-11-25,7053.15,7078.227544564077,Latih,7070.664744157859,6997.267663531957
3,2022-11-28,7017.36,7057.493852515882,Latih,7049.788102259105,6992.981499694047
3,2022-11-29,7012.07,7022.68238026625,Latih,7016.310709041417,6972.266640436704
3,2022-11-30,7081.31,7013.587980724037,Latih,7008.193686504423,6961.454735208802
3,2022-12-01,7020.8,7073.689738768407,Latih,7067.14579234726,6987.311305088457
3,2022-12-02,7019.64,7029.204175738158,Latih,7022.07695088035,6980.490382121857
3,2022-12-05,6987.33,7020.6587520492685,Latih,7015.040033738673,6965.262635839039
3,2022-12-06,6892.57,6992.161600692329,Latih,6987.168579437789,6952.3111462104835
3,2022-12-07,6818.75,6904.987817898736,Latih,6902.540250107691,6907.268805170701
3,2022-12-08,6804.23,6828.4206853327505,Latih,6829.666272667681,6855.190242008904
3,2022-12-09,6715.12,6806.495774423214,Latih,6809.823954546484,6831.474736249184
3,2022-12-12,6734.45,6726.493137246093,Latih,6731.825103895984,6812.477651717398
3,2022-12-13,6810.32,6732.370380451105,Latih,6739.535069110714,6805.385558982523
3,2022-12-14,6801.75,6801.352920381458,Latih,6806.6403160929995,6814.554639508459
3,2022-12-15,6751.86,6803.270815929802,Latih,6806.852005630168,6828.444248741303
3,2022-12-16,6812.19,6758.424918834592,Latih,6763.138811224725,6815.730590357218
3,2022-12-19,6779.7,6805.159722432228,Latih,6809.984661028418,6818.265192545984
3,2022-12-20,6768.32,6784.154008656173,Latih,6788.0967655209,6820.255280459259
3,2022-12-21,6820.66,6770.12595599058,Latih,6775.077545105247,6815.088571549091
3,2022-12-22,6824.43,6814.639992406997,Latih,6818.903870775734,6825.604712280666
3,2022-12-23,6800.67,6824.45938713703,Latih,6827.367282144462,6839.861179795302
3,2022-12-26,6835.81,6804.07838393751,Latih,6807.3327350366435,6831.465611313617
3,2022-12-27,6923.03,6831.958873494004,Latih,6835.147690964973,6839.4427779585485
3,2022-12-28,6850.52,6912.868107770728,Latih,6913.581287624286,6882.219668778819
3,2022-12-29,6860.08,6860.0889423692615,Latih,6859.998769173065,6875.083341405432
3,2022-12-30,6850.62,6859.457797255853,Latih,6860.972962539831,6861.129095343987
3,2023-01-02,6850.98,6852.3456610507155,Latih,6853.800718343892,6859.7539428919945
3,2023-01-03,6888.76,6851.484733468928,Latih,6853.1656048924115,6857.585526385346
3,2023-01-04,6813.24,6884.682459742469,Latih,6885.656249549432,6872.486456486921
3,2023-01-05,6653.84,6823.111564651762,Latih,6824.552654291723,6852.099668930211
3,2023-01-06,6684.56,6673.839221113785,Latih,6680.082324911073,6807.5405459156955
3,2023-01-09,6688.27,6680.967353981152,Latih,6690.560138671265,6797.361938120157
3,2023-01-10,6622.5,6688.044559843258,Latih,6696.813802283424,6797.920240688951
3,2023-01-11,6584.45,6630.7912109702165,Latih,6640.684849494184,6797.361938120157
3,2023-01-12,6629.93,6589.219509467001,Latih,6601.432778916661,6797.361938120157
3,2023-01-13,6641.83,6624.395937101848,Latih,6636.7037600530775,6797.361938120157
3,2023-01-16,6688.06,6640.496235730807,Latih,6651.466398056831,6797.361938120157
3,2023-01-17,6767.34,6682.544622634962,Latih,6692.367896023111,6797.361938120157
3,2023-01-18,6765.79,6757.865898826148,Latih,6765.087758457985,6805.80714445773
3,2023-01-19,6819.91,6766.36823129597,Latih,6771.670312100378,6813.60820208821
3,2023-01-20,6874.93,6813.667121819589,Latih,6818.007026371393,6824.692981003557
3,2023-01-24,6860.85,6868.6811565754215,Latih,6870.674136667292,6859.478446065823
3,2023-01-25,6829.93,6863.170076632539,Latih,6864.0711135748425,6867.390460222404
3,2023-01-26,6864.82,6834.285440603829,Latih,6836.103948340452,6851.829642581381
3,2023-01-27,6898.98,6861.055871659557,Latih,6862.989438780288,6857.960747323075
3,2023-01-30,6872.48,6895.372512329563,Latih,6895.81721281354,6879.872475279015
3,2023-01-31,6839.34,6876.367603221577,Latih,6876.462574295443,6877.8220103350695
3,2023-02-01,6862.26,6843.989731109776,Latih,6845.348539389707,6858.358545189837
3,2023-02-02,6890.57,6859.98002606217,Latih,6861.729637172261,6859.254380694667
3,2023-02-03,6911.73,6887.674003729267,Latih,6888.337097327156,6875.95005334441
3,2023-02-06,6873.79,6909.764262058483,Latih,6909.340479424343,6891.158204556747
3,2023-02-07,6935.3,6879.103245452684,Latih,6878.8606611705245,6881.448421153468
3,2023-02-08,6940.12,6928.360051205206,Latih,6927.913131142307,6896.303031557544
3,2023-02-09,6897.37,6940.2416141135,Latih,6938.1939068282145,6913.2099453446735
3,2023-02-10,6880.33,6903.327034785494,Latih,6901.95094069396,6897.624981375381
3,2023-02-13,6900.14,6883.0558895326085,Latih,6883.045352137727,6880.506826450866
3,2023-02-14,6941.85,6898.319888937815,Latih,6898.362016097351,6884.113933658642
3,2023-02-15,6914.54,6937.385845580747,Latih,6936.170233771254,6905.30427604501
3,2023-02-16,6895.66,6918.609351321804,Latih,6916.873438825058,6904.779491359935
3,2023-02-17,6895.71,6898.644283760234,Latih,6897.92845834796,6890.709401214762
3,2023-02-20,6894.72,6896.339508879824,Latih,6896.08672350262,6886.119648304326
3,2023-02-21,6873.4,6895.476944638833,Latih,6895.241265713318,6885.743687506957
3,2023-02-22,6809.97,6876.644983326834,Latih,6876.827638978106,6877.142707085055
3,2023-02-23,6839.45,6818.331264253889,Latih,6820.210238701139,6847.067547214665
3,2023-02-24,6856.58,6836.309988040364,Latih,6839.202996175028,6843.140461922325
3,2023-02-27,6854.78,6855.0093351167825,Latih,6856.8612037972,6857.054150223473
3,2023-02-28,6843.24,6855.560777168908,Latih,6857.024936977664,6860.530526474753
3,2023-03-01,6844.94,6845.210230476893,Latih,6846.931906280555,6855.566404586175
3,2023-03-02,6857.42,6845.2664149696,Latih,6847.240315650739,6853.415565350988
3,2023-03-03,6813.64,6856.429417226949,Latih,6858.130870200434,6858.723834072391
3,2023-03-06,6807.0,6819.563870415125,Latih,6821.767755344544,6844.605159810819
3,2023-03-07,6766.76,6808.29080843124,Latih,6811.693378078374,6831.313245067631
3,2023-03-08,6776.37,6772.153171405819,Latih,6776.462629612414,6817.677071391676
3,2023-03-09,6799.79,6775.580290941028,Latih,6780.7010837135,6814.55840606663
3,2023-03-10,6765.3,6797.327456176908,Latih,6801.779236474366,6819.387200900946
3,2023-03-13,6786.96,6769.975069463876,Latih,6774.488728931276,6816.815022810433
3,2023-03-14,6641.81,6784.691662414997,Latih,6789.652645505101,6815.421351447437
3,2023-03-15,6628.14,6660.013340699983,Latih,6667.124658575518,6803.759100872608
3,2023-03-16,6565.73,6629.960791388609,Latih,6640.892004588554,6797.361938120157
3,2023-03-17,6678.24,6573.493847454805,Latih,6585.8959814914715,6797.361938120157
3,2023-03-20,6612.49,6664.4604352197175,Latih,6676.335451491192,6797.361938120157
3,2023-03-21,6691.61,6620.7594372883505,Latih,6631.084570922711,6797.361938120157
3,2023-03-24,6762.25,6682.009939524695,Latih,6692.488661294447,6797.361938120157
3,2023-03-27,6708.93,6753.840927861358,Latih,6761.069603169884,6805.677960480483
3,2023-03-28,6760.33,6715.838923011591,Latih,6722.316999504736,6807.678675468596
3,2023-03-29,6839.44,6754.31069389316,Latih,6761.149171711232,6807.231508785816
3,2023-03-30,6808.95,6830.125972124373,Latih,6834.23909848634,6831.017435731327
3,2023-03-31,6805.28,6813.211547640893,Latih,6815.943983813558,6838.376617796457
3,2023-04-03,6827.17,6806.198059387835,Latih,6809.747659323546,6829.493840531443
3,2023-04-04,6833.18,6824.9505418384415,Latih,6828.185746266877,6837.180645897424
3,2023-04-05,6819.67,6832.9475725937245,Latih,6835.533763177431,6844.881284396685
3,2023-04-06,6792.77,6821.839880449508,Latih,6824.528037143682,6841.05147943709
3,2023-04-10,6771.23,6796.553787192733,Latih,6800.071147184105,6827.2060151628
3,2023-04-11,6811.31,6774.305512780276,Latih,6778.882037897138,6816.676355177793
3,2023-04-12,6798.96,6806.797121496828,Latih,6811.162293376359,6822.649152376388
3,2023-04-13,6785.6,6800.945661279292,Latih,6804.5540912664255,6827.592020115291
3,2023-04-14,6818.57,6787.685560500651,Latih,6791.84444606039,6819.3386167845465
3,2023-04-17,6787.58,6814.955621013674,Latih,6818.833427169952,6829.0039861894
3,2023-04-18,6821.81,6791.862583831578,Latih,6795.502895043224,6824.9025406417595
3,2023-04-26,6910.15,6818.0450955129,Latih,6821.814388921891,6830.757744997477
3,2023-04-27,6945.48,6899.823978747174,Latih,6901.119293617949,6873.751616472345
3,2023-04-28,6915.72,6941.816528668453,Latih,6940.287776871075,6909.171387866483
3,2023-05-02,6863.3,6920.096424359428,Latih,6918.249488076614,6906.128367584691
3,2023-05-03,6812.72,6870.3943576232,Latih,6870.247618794481,6878.309577838224
3,2023-05-04,6844.03,6819.48800117198,Latih,6821.564361203346,6845.679974088706
3,2023-05-05,6787.63,6840.671169161833,Latih,6843.411945570446,6845.607602363862
3,2023-05-08,6769.63,6795.073686771721,Latih,6798.08735928777,6831.137943172788
3,2023-05-09,6779.98,6772.262020452944,Latih,6776.9944990140475,6816.008508542213
3,2023-05-10,6811.9,6779.105206468729,Latih,6784.088744067876,6815.190223779711
3,2023-05-11,6755.94,6808.403379196557,Latih,6812.542602425847,6825.016725646292
3,2023-05-12,6707.76,6763.267883102026,Latih,6767.656932269958,6817.137130793963
3,2023-05-15,6711.74,6714.027242161651,Latih,6720.682021798959,6806.934511190088
3,2023-05-16,6676.56,6711.526180276592,Latih,6719.2914668144485,6802.483201712401
3,2023-05-17,6663.11,6681.149942372456,Latih,6689.467623811976,6799.529323307307
3,2023-05-19,6700.56,6664.970792641801,Latih,6674.401660170569,6797.361938120157
3,2023-05-22,6729.65,6696.160943410563,Latih,6705.230221354979,6797.361938120157
3,2023-05-23,6736.68,6726.346958917103,Latih,6733.958208919786,6803.468268773885
3,2023-05-24,6745.8,6736.134808722459,Latih,6742.901183855557,6807.0549065316045
3,2023-05-25,6704.23,6745.01236213001,Latih,6751.437437768901,6808.628969126972
3,2023-05-26,6687.0,6709.668168519158,Latih,6716.637377293726,6805.58142000738
3,2023-05-29,6681.1,6689.377047055976,Latih,6697.686365839558,6799.771347089739
3,2023-05-30,6636.42,6682.056225592211,Latih,6690.8980415371225,6797.481526342065
3,2023-05-31,6633.26,6642.114409654746,Latih,6651.926994313088,6797.361938120157
3,2023-06-05,6633.44,6633.783208961793,Latih,6644.752261498357,6797.361938120157
3,2023-06-06,6618.92,6633.548051301026,Latih,6644.591442916478,6797.361938120157
3,2023-06-07,6619.75,6620.828765499673,Latih,6632.136096436911,6797.361938120157
3,2023-06-08,6666.33,6619.750818028308,Latih,6631.399650239655,6797.361938120157
3,2023-06-09,6694.02,6660.7292333722235,Latih,6671.496769441678,6797.361938120157
3,2023-06-12,6722.37,6690.8224861738245,Latih,6699.933498927969,6797.361938120157
3,2023-06-13,6719.01,6719.145008235594,Latih,6727.0515182848485,6802.118719949455
3,2023-06-14,6699.72,6719.723264594694,Latih,6726.995165642223,6804.640923884244
3,2023-06-15,6713.79,6702.377815820592,Latih,6710.088789934833,6802.465557180973
3,2023-06-16,6698.55,6712.324926018585,Latih,6720.249932558855,6801.872458789082
3,2023-06-19,6686.06,6700.701742274779,Latih,6708.562627646197,6801.830667929383
3,2023-06-20,6660.46,6687.845571229921,Latih,6696.311852357256,6799.1122666699
3,2023-06-21,6702.63,6663.827160207344,Latih,6673.073544855728,6797.361938120157
3,2023-06-22,6652.26,6697.647758618313,Latih,6706.743884499688,6797.361938120157
3,2023-06-23,6639.73,6658.692752896485,Latih,6667.683476804061,6797.361938120157
3,2023-06-26,6664.67,6641.4313062165775,Latih,6651.891481050338,6797.361938120157
3,2023-06-27,6661.88,6661.75804183246,Latih,6672.0652394755325,6797.361938120157
3,2023-07-03,6696.72,6662.41230195464,Latih,6672.158125490411,6797.361938120157
3,2023-07-04,6681.75,6692.638225041794,Latih,6701.80868439706,6797.361938120157
3,2023-07-05,6718.98,6683.835801017747,Latih,6692.426703654544,6798.518024858565
3,2023-07-06,6757.33,6714.64379186215,Latih,6722.914525844475,6800.565395844013
3,2023-07-07,6716.46,6752.928344624664,Latih,6759.575288475778,6807.9532306552255
3,2023-07-10,6731.04,6721.834633439054,Latih,6728.29447127106,6807.903054719599
3,2023-07-11,6796.92,6729.544721963725,Latih,6736.7394982487185,6805.194921815129
3,2023-07-12,6808.21,6789.169853459626,Latih,6794.788728710145,6812.935624834928
3,2023-07-13,6810.21,6807.272649465831,Latih,6811.063779944214,6827.705644620096
3,2023-07-14,6869.57,6810.432208851013,Latih,6813.908876562152,6831.246164460217
3,2023-07-17,6867.14,6862.770911146442,Latih,6865.101334494392,6855.008707357088
3,2023-07-18,6830.2,6868.022972955147,Latih,6868.9394572699475,6868.5480939400595
3,2023-07-20,6864.19,6835.304855088627,Latih,6836.9637997627615,6853.471144503989
3,2023-07-21,6880.8,6860.536602291802,Latih,6862.475213910083,6857.779661071041
3,2023-07-24,6899.4,6879.3406507173595,Latih,6880.136919050557,6872.590530076366
3,2023-07-25,6917.71,6897.7289652848685,Latih,6897.77319992338,6883.938519663853
3,2023-07-26,6948.28,6916.110307235765,Latih,6915.35901340072,6895.6586362305725
3,2023-07-27,6896.66,6945.214053818038,Latih,6943.447762236049,6912.1149306565985
3,2023-07-28,6900.23,6903.719093135044,Latih,6902.155612774536,6899.338765342876
3,2023-07-31,6931.36,6900.43026009266,Latih,6900.069432787939,6888.136034864826
3,2023-08-01,6886.5,6928.191811606932,Latih,6927.167823444355,6901.213255792305
3,2023-08-02,6854.51,6892.698614748462,Latih,6891.73865807478,6891.22432110463
3,2023-08-03,6898.08,6859.045919635931,Latih,6859.77972587947,6867.729338357787
3,2023-08-04,6852.84,6893.300143056257,Latih,6894.014892309054,6877.002514893156
3,2023-08-07,6886.37,6859.02101102803,Latih,6859.501135094801,6869.901678362529
3,2023-08-08,6868.81,6882.81653372888,Latih,6883.788798976583,6872.003462661545
3,2023-08-09,6875.11,6871.578379668038,Latih,6872.051105138402,6873.304449789565
3,2023-08-10,6893.28,6874.922298623663,Latih,6875.710159460943,6871.48748903219
3,2023-08-11,6879.98,6891.650659617527,Latih,6891.947881413145,6880.149810544294
3,2023-08-14,6910.17,6882.239958868963,Latih,6882.336432082099,6879.37107464258
3,2023-08-15,6915.1,6907.077898963437,Latih,6906.943266928837,6887.961091689808
3,2023-08-16,6900.54,6915.159789377497,Latih,6914.1920529675945,6897.264692150398
3,2023-08-18,6859.91,6902.996272686169,Latih,6902.176508204386,6892.759529858871
3,2023-08-21,6866.03,6865.5311481056015,Latih,6865.820119345228,6873.274339744192
3,2023-08-22,6916.45,6865.847157852093,Latih,6867.021606561581,6865.754496037106
3,2023-08-23,6921.41,6910.853402709411,Latih,6910.945481604682,6887.017636128111
3,2023-08-24,6899.39,6921.4781682882185,Latih,6920.239531149911,6901.271951323793
3,2023-08-25,6895.44,6902.772117635057,Latih,6901.818460978314,6893.849118909581
3,2023-08-28,6921.73,6896.566533689543,Latih,6896.22713989441,6886.924413813395
3,2023-08-29,6957.83,6919.145323581444,Latih,6918.417099915194,6896.268033954545
3,2023-08-30,6966.66,6954.094521824173,Latih,6952.052957615903,6916.840795320915
3,2023-08-31,6953.26,6966.333862918668,Latih,6963.241967060619,6929.1163895378
3,2023-09-01,6977.65,6955.673561657123,Latih,6952.612291504196,6926.0181936628105
3,2023-09-04,6996.75,6975.409384830053,Latih,6972.226643176133,6932.30969100659
3,2023-09-05,6991.71,6995.204262254295,Latih,6991.069074623046,6945.7531200361755
3,2023-09-06,6995.95,6993.157675968466,Latih,6988.646236079988,6948.440110890916
3,2023-09-07,6954.81,6996.251365425644,Latih,6991.7853932750795,6948.872099241069
3,2023-09-08,6924.78,6960.677389346413,Latih,6956.867605437093,6933.77676541393
3,2023-09-11,6963.39,6929.207504373539,Latih,6926.963734283495,6911.958483972596
3,2023-09-12,6933.97,6959.352995749764,Latih,6957.133685867839,6919.765415640222
3,2023-09-13,6935.48,6938.339278037598,Latih,6935.7148165324825,6917.65647936468
3,2023-09-14,6959.33,6936.0044603717815,Latih,6934.075175468971,6911.065944206164
3,2023-09-15,6982.79,6957.12131003385,Latih,6954.714120643191,6920.78586144452
3,2023-09-18,6936.08,6980.675033152159,Latih,6977.2480929768635,6935.80696268772
3,2023-09-19,6980.32,6942.604232565811,Latih,6939.46404405122,6923.220111762034
3,2023-09-20,7011.68,6975.615200330074,Latih,6972.805347935016,6929.162238415528
3,2023-09-21,6991.47,7008.637916168629,Latih,7004.1611375833145,6952.258862795881
3,2023-09-22,7016.84,6994.80428964859,Latih,6989.930408216175,6951.990988766006
3,2023-09-25,6998.38,7014.553026735246,Latih,7009.706901249348,6957.004188010745
3,2023-09-26,6923.8,7001.50997387117,Latih,6996.381491042433,6955.960089117936
3,2023-09-27,6937.83,6933.767662898351,Latih,6930.471251899648,6922.2114364520185
3,2023-09-29,6939.89,6936.801490984609,Latih,6935.07873902147,6909.504459224687
3,2023-10-02,6961.46,6940.3545435986425,Latih,6938.248925481488,6913.737442848431
3,2023-10-03,6940.89,6959.538991979413,Latih,6956.984099700503,6922.6976587558265
3,2023-10-04,6886.58,6944.17170368438,Latih,6941.466799258342,6919.898545535552
3,2023-10-05,6874.83,6893.95433591847,Latih,6892.758722739263,6893.582343459173
3,2023-10-06,6888.52,6876.8872088891685,Latih,6877.243507356089,6875.716078338068
3,2023-10-09,6891.46,6887.438795623524,Latih,6887.830853973074,6878.2151000041185
3,2023-10-10,6922.19,6891.721775822981,Latih,6891.723098602338,6882.710128460569
3,2023-10-11,6931.75,6919.053917285847,Latih,6918.414992436217,6895.476698018952
3,2023-10-12,6935.15,6931.26588357364,Latih,6929.695027036715,6906.727496953652
3,2023-10-13,6926.78,6935.4387143666045,Latih,6933.570053114344,6910.394555212305
3,2023-10-16,6896.29,6928.516766929079,Latih,6926.7193115622285,6907.942884563253
3,2023-10-17,6939.62,6900.719836671993,Latih,6899.691543871507,6893.944695323154
3,2023-10-18,6927.91,6934.950003444005,Latih,6933.870211928535,6903.48996084635
3,2023-10-19,6846.43,6930.064463617254,Latih,6928.136210033942,6909.4772413579085
3,2023-10-20,6849.17,6857.106926877836,Latih,6856.97242936317,6874.671127485673
3,2023-10-23,6741.96,6849.375214273669,Latih,6851.192466490903,6855.8529096269995
3,2023-10-24,6806.76,6755.6364999491225,Latih,6759.367970836486,6819.541495265994
3,2023-10-25,6834.39,6799.163182465167,Latih,6804.33177465442,6814.9683107275105
3,2023-10-26,6714.52,6831.470386771297,Latih,6834.53578220222,6840.372826366759
3,2023-10-27,6758.79,6729.718555349282,Latih,6734.320381423853,6815.444376776251
3,2023-10-30,6735.89,6753.654729851807,Latih,6760.384291362788,6807.6452024248565
3,2023-10-31,6752.21,6739.066581018292,Latih,6745.131434692168,6809.901258668931
3,2023-11-01,6642.42,6750.539035175318,Latih,6756.865025672341,6809.160681588682
3,2023-11-02,6751.39,6656.225685319912,Latih,6664.179770586056,6800.333124756844
3,2023-11-03,6788.85,6738.191719413273,Latih,6746.830029117042,6799.711014899046
3,2023-11-06,6878.84,6784.619806349902,Latih,6789.887651830942,6814.206815797422
3,2023-11-07,6843.79,6868.248361105661,Latih,6870.932437361817,6853.428524104693
3,2023-11-08,6804.11,6848.685934128501,Latih,6849.806148884334,6861.656054768006
3,2023-11-09,6838.23,6809.505456181201,Latih,6812.220449602339,6837.540935122407
3,2023-11-10,6809.26,6834.510380354559,Latih,6837.569991428292,6841.231467109657
3,2023-11-13,6838.31,6813.333041561875,Latih,6816.0894895428755,6838.2027732009055
3,2023-11-14,6862.06,6835.221295789218,Latih,6838.152821465171,6842.520168083644
3,2023-11-15,6958.21,6859.676324889699,Latih,6861.454992305676,6858.924492974917
3,2023-11-16,6958.01,6947.004962548068,Latih,6946.422849950841,6902.421962245151
3,2023-11-17,6977.67,6958.790612742953,Latih,6955.849155011825,6925.817624440241
3,2023-11-20,6994.89,6976.017863334472,Latih,6972.717999657447,6933.477189519454
3,2023-11-21,6961.79,6993.574598085937,Latih,6989.473219798264,6945.028730188063
3,2023-11-22,6906.95,6966.670655995064,Latih,6962.757919495754,6936.254757130196
3,2023-11-23,7004.34,6914.42945823227,Latih,6912.343793905424,6906.67167118077
3,2023-11-24,7009.63,6993.069610251245,Latih,6990.53171232408,6931.468380915273
3,2023-11-27,7013.41,7009.827117230951,Latih,7004.797910113989,6957.319323377661
3,2023-11-28,7041.07,7013.802226139963,Latih,7008.5731672400825,6960.092900230341
3,2023-11-29,7036.09,7038.544791600767,Latih,7032.711648514333,6971.860883473808
3,2023-11-30,7080.74,7037.615707252088,Latih,7031.194756891194,6976.661227341945
3,2023-12-01,7059.91,7076.177729799815,Latih,7069.054002460309,6992.952084668335
3,2023-12-04,7093.6,7063.453309820957,Latih,7055.61716490752,6995.685753940401
3,2023-12-05,7100.85,7090.425857078503,Latih,7082.479002258847,7003.809726674019
3,2023-12-06,7087.4,7100.9790356320855,Latih,7092.07013907976,7014.877443977654
3,2023-12-11,7088.79,7157.636545269568,Uji,7146.633756254393,7047.927153483098
3,2023-12-12,7125.31,7098.606507544589,Uji,7088.298513991902,7026.262135087313
3,2023-12-13,7075.34,7121.844915936067,Uji,7112.602185745908,7023.293549169362
3,2023-12-14,7176.02,7082.53805651016,Uji,7073.3214231873235,7012.616970995724
3,2023-12-15,7190.99,7164.6710858924,Uji,7154.82167079695,7039.892591666046
3,2023-12-18,7119.52,7190.332332826936,Uji,7177.731850547872,7070.342165354557
3,2023-12-19,7187.85,7129.477846068219,Uji,7117.830392686203,7045.974506951635
3,2023-12-20,7219.67,7180.548159899794,Uji,7169.394304998002,7055.3170957732855
3,2023-12-21,7209.62,7216.971405166474,Uji,7203.5501719261065,7084.475367769072
3,2023-12-22,7237.52,7212.110572167721,Uji,7198.093146576965,7088.3034463895065
3,2023-12-26,7237.52,7235.343510081857,Uji,7221.057268821684,7096.7890535474535
3,2023-12-27,7245.92,7238.814214075894,Uji,7223.842369548766,7103.600604958606
3,2023-12-28,7303.89,7246.185458095165,Uji,7231.058287883489,7106.894146198702
3,2023-12-29,7272.8,7298.100557116368,Uji,7281.695492365456,7131.674153041319
3,2024-01-02,7323.59,7278.029734466171,Uji,7260.77486244807,7133.636978247838
3,2024-01-03,7279.09,7318.731700134378,Uji,7301.302176401117,7145.960797861296
3,2024-01-04,7359.76,7286.000085434413,Uji,7268.144671588037,7140.9127579534825
3,2024-01-05,7350.62,7351.254315695867,Uji,7333.001574802502,7161.142045086702
3,2024-01-08,7283.58,7353.269155277119,Uji,7333.202726944787,7177.789290559969
3,2024-01-09,7200.2,7293.302724287011,Uji,7274.700007363653,7149.272364772636
3,2024-01-10,7227.3,7211.794853881088,Uji,7196.380797488773,7100.2130342841865
3,2024-01-11,7219.96,7225.203218047707,Uji,7211.337530943241,7090.482131251167
3,2024-01-12,7241.14,7222.133473138897,Uji,7207.73737393209,7094.220440235208
3,2024-01-15,7224.0,7239.806433113903,Uji,7225.199227289646,7100.732864151669
3,2024-01-16,7242.79,7227.400376980393,Uji,7212.589507975069,7099.1833738643645
3,2024-01-17,7200.63,7241.756882486434,Uji,7227.019909765213,7102.366115518284
3,2024-01-18,7252.97,7207.097911002722,Uji,7192.678360487306,7090.423121839832
3,2024-01-19,7227.4,7247.782837479205,Uji,7233.432116330355,7100.652017670941
3,2024-01-22,7247.93,7231.855677216142,Uji,7216.691155302611,7103.404654253793
3,2024-01-23,7256.23,7246.690311409922,Uji,7231.774741055458,7105.211526016069
3,2024-01-24,7227.82,7256.527754231188,Uji,7240.954291716308,7113.478045040442
3,2024-01-25,7178.04,7232.629704920142,Uji,7217.377296649304,7104.365216267181
3,2024-01-26,7137.09,7185.412266216957,Uji,7171.778177599987,7077.911108837792
3,2024-01-29,7157.17,7143.284927321153,Uji,7131.631106662229,7049.701874980991
3,2024-01-30,7192.22,7155.811423636158,Uji,7144.792806108671,7047.577401652997
3,2024-01-31,7207.94,7189.066724441731,Uji,7176.90679494866,7066.222402675815
3,2024-02-01,7201.7,7207.2216693426035,Uji,7193.90980080911,7080.943143324921
3,2024-02-02,7238.79,7203.701462012615,Uji,7190.118580650771,7082.3343933290935
3,2024-02-05,7198.62,7235.472604379147,Uji,7221.357651835768,7095.353456804823
3,2024-02-06,7247.41,7204.836496381249,Uji,7190.552452280009,7088.658489337037
3,2024-02-07,7235.15,7242.653771730752,Uji,7228.4551926279955,7097.981258888316
3,2024-02-12,7297.67,7237.964810368509,Uji,7222.79369697818,7105.085884397102
3,2024-02-13,7209.74,7291.3025473786365,Uji,7275.277277243232,7126.606024823263
3,2024-02-15,7303.28,7221.91922772297,Uji,7205.982651064482,7107.393484196139
3,2024-02-16,7335.54,7293.064399802782,Uji,7277.55994601438,7122.601994128301
3,2024-02-19,7296.7,7333.009825358493,Uji,7314.610323216419,7158.087590610464
3,2024-02-20,7352.6,7302.939866925576,Uji,7284.465347499943,7150.734865502197
3,2024-02-21,7349.02,7347.161950243816,Uji,7328.608691816432,7163.170112461527
3,2024-02-22,7339.64,7350.97442455183,Uji,7331.113632359607,7175.4138927138665
3,2024-02-23,7295.1,7342.297799086675,Uji,7322.698423967462,7170.862186524949
3,2024-02-26,7283.82,7302.04593711982,Uji,7283.500211808778,7151.1085618806665
3,2024-02-27,7285.32,7286.6066358197695,Uji,7269.364005115722,7135.811806871371
3,2024-02-28,7328.64,7286.519691102005,Uji,7269.526550036762,7133.646035923438
3,2024-02-29,7316.11,7324.720706985098,Uji,7306.890044806699,7150.997448414642
3,2024-03-01,7311.91,7319.114364508491,Uji,7300.450620374778,7156.660737663587
3,2024-03-04,7276.75,7313.86997033606,Uji,7295.591850015023,7151.954871629555
3,2024-03-05,7247.46,7282.493688817716,Uji,7264.968566250895,7137.143778424339
3,2024-03-06,7329.8,7252.417004388067,Uji,7236.297346098512,7117.075556492879
3,2024-03-07,7373.96,7321.02885221849,Uji,7304.10714123855,7142.2091265637455
3,2024-03-08,7381.91,7370.023613138306,Uji,7350.262096657858,7178.972931464992
3,2024-03-13,7421.21,7382.493431720843,Uji,7361.499622959005,7192.998473091805
3,2024-03-14,7433.31,7417.969208247776,Uji,7396.053668893686,7208.406207047191
3,2024-03-15,7328.05,7433.476217914936,Uji,7410.37134297859,7222.597656593411
3,2024-03-18,7302.45,7342.612934453591,Uji,7321.156108076673,7186.896379816019
3,2024-03-19,7336.75,7307.053934927086,Uji,7288.657212863661,7151.160755615312
3,2024-03-20,7331.13,7333.96841441284,Uji,7315.566939311724,7158.359410558422
3,2024-03-21,7338.35,7333.303796255691,Uji,7314.163089273672,7164.529884800991
3,2024-03-22,7350.15,7338.940271197661,Uji,7319.804362093311,7165.98866381236
3,2024-03-25,7377.76,7350.193222451315,Uji,7330.661824739082,7172.378001988611
3,2024-03-26,7365.66,7375.889668768753,Uji,7355.557877445326,7185.482620142781
3,2024-03-27,7310.09,7368.706214578259,Uji,7347.919566515789,7188.080827840649
3,2024-03-28,7288.81,7318.437011797529,Uji,7298.974757331707,7163.338441739758
3,2024-04-01,7205.06,7292.850199226834,Uji,7275.146927426552,7141.427969303208
3,2024-04-02,7236.98,7216.710122613398,Uji,7201.0778300470965,7103.3953723783015
3,2024-04-03,7166.84,7234.302325787634,Uji,7220.13813894817,7095.464032191108
3,2024-04-04,7254.4,7176.723533957682,Uji,7163.071240309557,7075.756099484631
3,2024-04-05,7286.88,7244.834250191541,Uji,7231.287420172184,7092.963216925929
3,2024-04-16,7164.81,7284.228771774865,Uji,7267.929798412417,7127.075095835403
3,2024-04-17,7130.84,7181.149643367611,Uji,7166.3085970569455,7087.142718713353
3,2024-04-18,7166.81,7136.15456366487,Uji,7124.941340631917,7044.021367180411
3,2024-04-19,7087.32,7163.493274184545,Uji,7152.450129188974,7049.831283158128
3,2024-04-22,7073.82,7098.213440295529,Uji,7087.7554570157035,7027.446000192227
3,2024-04-23,7110.81,7076.478202493855,Uji,7068.22329702384,7002.746122390686
3,2024-04-24,7174.53,7107.258560701681,Uji,7098.651706242632,7013.953561066449
3,2024-04-25,7155.29,7167.776030184111,Uji,7157.082457658727,7047.96809238321
3,2024-04-26,7036.08,7158.819244535049,Uji,7146.915261637646,7055.980906810826
3,2024-04-29,7155.78,7051.815900594061,Uji,7042.588102116648,7004.54299483782
3,2024-04-30,7234.2,7142.025955252724,Uji,7133.515551586823,7022.371818577112
3,2024-05-01,7234.2,7225.7323297906805,Uji,7212.830702217903,7082.342823244998
3,2024-05-02,7117.42,7235.487805131763,Uji,7220.658955295174,7101.488283264708
3,2024-05-03,7134.72,7133.010429232196,Uji,7120.339862067178,7055.700432747071
3,2024-05-06,7135.89,7133.664016754703,Uji,7123.543768190816,7033.972817741695
3,2024-05-07,7123.61,7136.842902170496,Uji,7126.275823223666,7038.655187627141
3,2024-05-08,7088.79,7126.212419494465,Uji,7115.843578091337,7034.126035947266
3,2024-05-13,7099.26,7094.129325399469,Uji,7084.705845257113,7017.47547231561
3,2024-05-14,7083.76,7098.985405360531,Uji,7090.224077176522,7013.079719570935
3,2024-05-15,7179.83,7086.686202895115,Uji,7077.954065536925,7009.558480921447
3,2024-05-16,7246.7,7169.061861399493,Uji,7158.935200718721,7043.44212434179
3,2024-05-17,7317.24,7239.693122488947,Uji,7225.969533275454,7093.115493491959
3,2024-05-20,7266.69,7309.912528378467,Uji,7293.241741916634,7137.0989832861
3,2024-05-21,7186.04,7274.328866863942,Uji,7256.858673270437,7134.500641068296
3,2024-05-22,7222.38,7197.267911617841,Uji,7182.530625016771,7090.537553464244
3,2024-05-27,7176.42,7219.124307040659,Uji,7205.697423963036,7085.096042747567
3,2024-05-28,7253.63,7183.313979436241,Uji,7169.843467059812,7075.947790391513
3,2024-05-29,7140.23,7245.3502686608745,Uji,7231.5823775489025,7095.000162616443
3,2024-05-30,7034.14,7155.443825494725,Uji,7141.874216766434,7069.387567058273
3,2024-05-31,6970.74,7048.240002011125,Uji,7039.418184696499,7000.1055409134015
3,2024-06-03,7036.19,6979.407272447998,Uji,6974.364433977658,6949.346461370638
3,2024-06-04,7099.31,7028.954327379527,Uji,7024.260030059875,6959.53002398377
3,2024-06-05,6947.67,7092.485760837863,Uji,7085.016317266295,7000.25754843956
3,2024-06-06,6974.9,6967.269942303949,Uji,6961.051848004513,6956.211596555761
3,2024-06-07,6897.95,6972.300898180062,Uji,6969.306305074745,6929.866719313312
3,2024-06-10,6921.55,6908.162690136478,Uji,6905.921049945399,6906.343577060149
3,2024-06-11,6855.69,6919.299617946493,Uji,6918.513012628602,6896.8102389711585
3,2024-06-12,6850.1,6864.441648734848,Uji,6864.292286767403,6876.7491241762455
3,2024-06-13,6831.56,6851.343240917661,Uji,6852.915778953769,6858.478290351668
3,2024-06-14,6734.83,6834.37850597862,Uji,6836.4310784015415,6849.8442628658195
3,2024-06-19,6726.92,6747.18902919265,Uji,6751.485069035763,6817.096326413784
3,2024-06-20,6819.32,6728.214544009886,Uji,6735.034009677194,6806.64408265117
3,2024-06-21,6879.98,6808.313923440011,Uji,6813.62003984246,6814.971920345756
3,2024-06-24,6889.17,6873.039288578372,Uji,6874.953395148556,6861.31446381394
3,2024-06-25,6882.7,6888.649901015206,Uji,6888.903336572094,6879.727283429545
3,2024-06-26,6905.64,6884.115525477869,Uji,6884.26271270637,6879.434119651955
3,2024-06-27,6967.95,6903.441062850103,Uji,6903.3233130673025,6886.848992970033
3,2024-06-28,7063.58,6960.973422882609,Uji,6959.140274893098,6916.880501121627
3,2024-07-01,7139.63,7052.642660112446,Uji,7047.510724605386,6969.588124337846
3,2024-07-02,7125.14,7131.274942715243,Uji,7122.387165792658,7022.753451631726
3,2024-07-03,7196.75,7128.020277736262,Uji,7117.531265191509,7035.638981652322
3,2024-07-04,7220.89,7189.057263206327,Uji,7177.600962651453,7060.178735891646
3,2024-07-05,7253.37,7219.149103548614,Uji,7205.486631225433,7087.126576321194
3,2024-07-08,7250.98,7250.654210324379,Uji,7235.798142621011,7105.755121072007
3,2024-07-09,7269.8,7252.597530140372,Uji,7236.987343683332,7112.747691475226
3,2024-07-10,7287.04,7268.8150741023765,Uji,7252.915938825699,7119.543279854133
3,2024-07-11,7300.41,7286.2849538160335,Uji,7269.604616438841,7130.89756945856
3,2024-07-12,7327.58,7300.162119954923,Uji,7282.811021343566,7140.348760707455
3,2024-07-15,7278.86,7325.667727325064,Uji,7307.485833597282,7154.265879266936
3,2024-07-16,7224.29,7286.294639251329,Uji,7268.345465010499,7141.7967332840735
3,2024-07-17,7224.22,7232.347257897347,Uji,7216.604031224933,7108.506008895708
3,2024-07-18,7321.07,7225.497368304817,Uji,7211.096381540385,7095.155891860794
3,2024-07-19,7294.5,7310.476974024276,Uji,7294.287813768484,7133.112395342664
3,2024-07-22,7321.98,7299.2092704177885,Uji,7281.131091559625,7146.339561157304
3,2024-07-23,7313.86,7320.018338469367,Uji,7302.085172100761,7150.627384074409
3,2024-07-24,7262.76,7316.311327790122,Uji,7297.853040436604,7154.152568641979
3,2024-07-25,7240.28,7270.459714823459,Uji,7253.1452504743065,7132.134525097684
3,2024-07-26,7288.17,7244.37603045413,Uji,7228.732931453078,7110.8448621595635
3,2024-07-29,7288.9,7283.604195718265,Uji,7267.628473758791,7124.133593264297
3,2024-07-30,7241.86,7290.202353673078,Uji,7273.036175131892,7136.111696645694
3,2024-07-31,7255.76,7249.014322640987,Uji,7232.699565606206,7117.846176358535
3,2024-08-01,7325.98,7255.3601660383665,Uji,7239.944629926771,7111.811836289837
3,2024-08-02,7308.12,7318.709280145269,Uji,7301.654170230129,7142.7377002269795
3,2024-08-05,7059.65,7311.771997435193,Uji,7293.321332877971,7152.8785303408695
3,2024-08-06,7129.21,7091.511343271206,Uji,7078.091903629967,7051.096398303574
3,2024-08-07,7212.13,7121.642239234521,Uji,7113.043545651509,7017.708460842431
3,2024-08-08,7195.12,7203.05989160427,Uji,7191.219312436068,7067.2026494396405
4,2022-01-05,6662.3,6693.712665822521,Latih,6700.644528882519,6875.451064019835
4,2022-01-06,6653.35,6662.997189559053,Latih,6670.425925427389,6875.451064019835
4,2022-01-07,6701.32,6653.249218347082,Latih,6660.935155769299,6875.451064019835
4,2022-01-10,6691.12,6699.010836841181,Latih,6705.872824334518,6875.451064019835
4,2022-01-11,6647.97,6690.884935444012,Latih,6697.784918180719,6875.451064019835
4,2022-01-12,6647.06,6649.085739913741,Latih,6656.78123755456,6875.451064019835
4,2022-01-13,6658.36,6646.708800667831,Latih,6654.5489555987815,6875.451064019835
4,2022-01-14,6693.4,6657.530315264325,Latih,6665.172814776462,6875.451064019835
4,2022-01-17,6645.05,6691.578481147006,Latih,6698.565986101345,6875.451064019835
4,2022-01-18,6614.06,6646.360612205872,Latih,6654.1010861827535,6875.451064019835
4,2022-01-19,6591.98,6624.0982437396115,Latih,6642.409081039437,6875.451064019835
4,2022-01-20,6626.87,6618.771754047727,Latih,6637.742537309982,6875.451064019835
4,2022-01-21,6726.37,6634.168282491722,Latih,6652.427162362794,6875.451064019835
4,2022-01-24,6655.17,6722.148104285019,Latih,6728.644773783404,6875.451064019835
4,2022-01-25,6568.17,6657.228841947625,Latih,6664.691662354629,6875.451064019835
4,2022-01-26,6600.82,6610.402341795121,Latih,6628.7766100788185,6875.451064019835
4,2022-01-27,6611.16,6626.631346150643,Latih,6645.609433704325,6875.451064019835
4,2022-01-28,6645.51,6627.343915331221,Latih,6645.928476104298,6875.451064019835
4,2022-01-31,6631.15,6643.937979122707,Latih,6657.0850702220305,6875.451064019835
4,2022-02-02,6707.65,6631.342174570866,Latih,6648.44179228873,6875.451064019835
4,2022-02-03,6683.85,6704.317359315172,Latih,6711.133206956999,6875.451064019835
4,2022-02-04,6731.39,6684.122855143858,Latih,6691.132880586102,6875.451064019835
4,2022-02-07,6804.94,6728.954255964774,Latih,6735.192198411246,6875.451064019835
4,2022-02-08,6789.52,6801.252054942874,Latih,6806.0442130929505,6880.551915746368
4,2022-02-09,6834.61,6789.003495112683,Latih,6793.850002362158,6875.753474612868
4,2022-02-10,6823.64,6831.77365074876,Latih,6835.866536114247,6895.409852889218
4,2022-02-11,6815.61,6822.8078592610655,Latih,6826.960988870889,6891.7923540801185
4,2022-02-14,6734.49,6814.7132564294625,Latih,6819.0414563304475,6887.905307525433
4,2022-02-15,6807.5,6736.520920125564,Latih,6742.311452098211,6875.451064019835
4,2022-02-16,6850.2,6803.818795878318,Latih,6808.556346370009,6881.779915806687
4,2022-02-17,6835.12,6847.373497053417,Latih,6851.13638358179,6902.862919158379
4,2022-02-18,6892.82,6834.3769777810885,Latih,6838.280080848964,6897.346769984402
4,2022-02-21,6902.96,6889.270369705595,Latih,6892.195292407908,6922.631408612173
4,2022-02-22,6861.99,6901.019160866776,Latih,6903.592391632834,6928.775209730906
4,2022-02-23,6920.06,6862.0222341186145,Latih,6865.291738384996,6910.805799575488
4,2022-02-24,6817.82,6916.369239188473,Latih,6918.731097981375,6935.525848795814
4,2022-02-25,6888.17,6820.194241580993,Latih,6824.196010758907,6891.5391989744085
4,2022-03-01,6921.44,6884.201682717241,Latih,6887.260564831532,6920.072062463802
4,2022-03-02,6868.4,6918.6065501165795,Latih,6920.86594198231,6936.87837086503
4,2022-03-04,6928.33,6868.822438941633,Latih,6871.92325932387,6914.182605822127
4,2022-03-07,6869.07,6924.535514571708,Latih,6926.731637052935,6939.391331530853
4,2022-03-08,6814.18,6869.705935005581,Latih,6872.774332090651,6914.67526411895
4,2022-03-09,6864.44,6814.922146236329,Latih,6819.140380999475,6888.548136882819
4,2022-03-10,6924.01,6861.283117393885,Latih,6864.773637883697,6909.396084258
4,2022-03-11,6922.6,6920.248399694006,Latih,6922.532897637528,6937.354895080967
4,2022-03-14,6952.2,6920.968977739256,Latih,6923.101055159013,6938.40500655715
4,2022-03-15,6918.19,6949.34954998438,Latih,6950.960967168852,6951.554230768129
4,2022-03-16,6992.4,6917.715219715278,Latih,6919.841531269591,6937.234303168697
4,2022-03-17,6964.38,6987.806527996708,Latih,6988.718232846309,6969.341977378176
4,2022-03-18,6954.96,6963.479126456426,Latih,6964.666687890933,6958.947931893514
4,2022-03-21,6955.18,6953.455647714182,Latih,6954.893675240919,6953.961182248637
4,2022-03-22,7000.82,6953.338830763147,Latih,6954.8010335553145,6953.793791159436
4,2022-03-23,6996.12,6997.181980345895,Latih,6997.834221250465,6974.135893729376
4,2022-03-24,7049.69,6994.257471337964,Latih,6994.857095488359,6973.327612475204
4,2022-03-25,7002.53,7045.545723573025,Latih,7045.2094417524895,6997.064516997387
4,2022-03-28,7049.6,7002.116139092495,Latih,7002.456557856848,6977.560636812496
4,2022-03-29,7011.69,7045.682501277979,Latih,7045.328740869816,6997.204992095878
4,2022-03-30,7053.19,7010.910867953352,Latih,7011.08917023187,6981.6395599926
4,2022-03-31,7071.44,7049.449602317866,Latih,7049.004932569321,6999.062686716964
4,2022-04-01,7078.76,7068.423488287984,Latih,7067.531563201009,7008.363648221544
4,2022-04-04,7116.22,7076.08976229912,Latih,7075.013691500484,7012.139436843447
4,2022-04-05,7148.3,7112.323598415915,Latih,7110.561415485206,7029.036783864552
4,2022-04-06,7104.22,7144.439934351511,Latih,7141.997379298276,7044.386189932879
4,2022-04-07,7127.37,7103.220201834502,Latih,7101.463655489745,7025.649247419888
4,2022-04-08,7210.83,7123.919555358952,Latih,7121.883868730132,7034.722289176041
4,2022-04-11,7203.79,7204.886009835079,Latih,7201.301503152921,7072.561983459054
4,2022-04-12,7214.78,7201.0312572980665,Latih,7197.32295257218,7071.776636387168
4,2022-04-13,7262.78,7211.341503814533,Latih,7207.459344024733,7076.475118615686
4,2022-04-14,7235.53,7257.826531574806,Latih,7253.060410314878,7098.172251277031
4,2022-04-18,7275.29,7233.325740376788,Latih,7228.899934457617,7087.382791531146
4,2022-04-19,7199.23,7270.56459528216,Latih,7265.514989947162,7104.331022961202
4,2022-04-20,7227.36,7198.896697712018,Latih,7195.077264332844,7071.5609981907
4,2022-04-21,7276.19,7223.265365266876,Latih,7219.173669272737,7081.951966823399
4,2022-04-22,7225.61,7271.144439669929,Latih,7266.103159934363,7104.501775317254
4,2022-04-25,7215.98,7224.265057740287,Latih,7219.97515042551,7083.3405837274195
4,2022-04-26,7232.15,7213.254064652994,Latih,7209.285649584606,7077.624568455279
4,2022-04-27,7196.76,7228.449369564133,Latih,7224.2229126251505,7084.558189716399
4,2022-04-28,7228.91,7195.021829285694,Latih,7191.374647904707,7069.244981906472
4,2022-05-09,6909.75,7224.6680477798745,Latih,7220.556235896424,7082.573025513947
4,2022-05-10,6819.79,6919.24679388408,Latih,6920.698576749008,6939.977355478449
4,2022-05-11,6816.2,6821.7272378242305,Latih,6825.72481834653,6892.1939737570665
4,2022-05-12,6599.84,6815.145825617342,Latih,6819.475033898382,6888.059744809307
4,2022-05-13,6597.99,6609.505762646352,Latih,6620.170041057921,6874.729115611946
4,2022-05-17,6644.47,6622.447208854115,Latih,6641.343876182296,6875.451064019835
4,2022-05-18,6793.41,6642.480391608485,Latih,6658.070225216309,6875.451064019835
4,2022-05-19,6823.33,6787.15048040929,Latih,6792.405976266887,6875.451064019835
4,2022-05-20,6918.14,6821.075100343257,Latih,6825.356449355513,6890.493405433334
4,2022-05-23,6840.77,6913.178647125404,Latih,6915.68969445471,6933.581097363276
4,2022-05-24,6914.14,6842.169945696624,Latih,6845.770534747871,6901.778471048513
4,2022-05-25,6883.5,6909.944229313771,Latih,6912.474254872839,6932.290189901037
4,2022-05-27,7026.26,6883.071133539713,Latih,6885.925960900225,6920.705066579621
4,2022-05-30,7037.56,7019.119495298914,Latih,7019.534172204785,6983.451670664001
4,2022-05-31,7148.97,7034.945115312392,Latih,7034.734131177718,6992.508914465953
4,2022-06-02,7148.72,7142.343693207569,Latih,7140.123602308101,7042.468509626444
4,2022-06-03,7182.96,7145.984048631259,Latih,7143.436570340462,7045.496080247219
4,2022-06-06,7096.58,7178.861530517411,Latih,7175.707627974819,7060.7454239869685
4,2022-06-07,7141.04,7097.089457944693,Latih,7095.365231473507,7023.221637076193
4,2022-06-08,7193.31,7136.782916752166,Latih,7134.5276101184545,7040.597990479524
4,2022-06-09,7182.83,7188.534842821432,Latih,7185.220271723342,7065.140719945488
4,2022-06-10,7086.65,7180.289706946683,Latih,7177.005335538458,7061.943793187199
4,2022-06-13,6995.44,7087.547493606866,Latih,7085.999759501279,7018.770285528951
4,2022-06-14,7049.88,6996.593810358693,Latih,6996.949871941854,6975.442883560705
4,2022-06-15,7007.05,7045.704478792008,Latih,7045.366904176529,6997.129984133293
4,2022-06-16,7050.33,7006.464067044309,Latih,7006.723815404228,6979.580008369136
4,2022-06-17,6936.97,7046.541072255429,Latih,7046.160938830431,6997.657599605372
4,2022-06-20,6976.38,6939.17057386641,Latih,6940.671612218662,6948.240952464982
4,2022-06-21,7044.07,6973.074017819213,Latih,6974.213849264431,6962.733054494904
4,2022-06-22,6984.31,7039.460330929811,Latih,7039.282597481067,6994.004212808659
4,2022-06-23,6998.27,6984.420827320862,Latih,6985.101044307996,6969.2839825970395
4,2022-06-24,7042.94,6995.747365797808,Latih,6996.358056272914,6973.82042590742
4,2022-06-27,7016.06,7039.137494176681,Latih,7038.914512904937,6994.117461645653
4,2022-06-28,6996.46,7014.876180313878,Latih,7014.996720514349,6983.399079765725
4,2022-06-29,6942.35,6995.114852944066,Latih,6995.663049711635,6973.908516954827
4,2022-06-30,6911.58,6942.461564384742,Latih,6944.027630322619,6949.2463590920415
4,2022-07-01,6794.33,6911.023506243865,Latih,6913.296343177001,6934.011546367449
4,2022-07-04,6639.17,6797.337626991299,Latih,6801.781195912984,6880.7479034597045
4,2022-07-05,6703.27,6644.228508930215,Latih,6651.772626747201,6875.077187722361
4,2022-07-06,6646.41,6700.389848278776,Latih,6707.259489118175,6875.451064019835
4,2022-07-07,6652.59,6648.010606391439,Latih,6655.697571585635,6875.451064019835
4,2022-07-08,6740.22,6651.9658220234605,Latih,6659.7125595918405,6875.451064019835
4,2022-07-11,6722.15,6736.3463410964805,Latih,6742.520820239207,6875.451064019835
4,2022-07-12,6718.29,6722.042974200266,Latih,6728.276857270617,6875.451064019835
4,2022-07-13,6640.99,6717.706215996759,Latih,6724.062358684856,6875.451064019835
4,2022-07-14,6690.09,6643.328057860592,Latih,6651.066385797868,6875.451064019835
4,2022-07-15,6651.9,6687.794353997721,Latih,6694.892276568129,6875.451064019835
4,2022-07-18,6659.25,6652.824483496556,Latih,6660.453356949995,6875.451064019835
4,2022-07-19,6736.09,6658.553711133013,Latih,6666.166004491311,6875.451064019835
4,2022-07-20,6874.74,6732.611598714013,Latih,6738.839483215828,6875.451064019835
4,2022-07-21,6864.13,6868.456009143029,Latih,6871.996457373535,6911.785272735993
4,2022-07-22,6886.96,6863.094710947309,Latih,6866.410342137252,6910.964244523684
4,2022-07-25,6858.41,6884.652506169714,Latih,6887.594907459654,6920.837707340758
4,2022-07-26,6871.54,6858.026489365135,Latih,6861.407148140703,6908.759874010721
4,2022-07-27,6898.22,6869.6429500359645,Latih,6872.875790637767,6913.805833663981
4,2022-07-28,6956.82,6895.725398278871,Latih,6898.446085236111,6926.063624050063
4,2022-07-29,6951.12,6952.937702348277,Latih,6954.53983726506,6952.9258603466005
4,2022-08-01,6968.78,6949.504168259546,Latih,6951.032794855877,6952.037167246982
4,2022-08-02,6988.16,6966.26737487738,Latih,6967.499822152303,6959.745379526064
4,2022-08-03,7046.63,6985.496225866128,Latih,6986.332405635167,6968.87812255268
4,2022-08-04,7057.35,7042.32945660239,Latih,7042.071156172808,6995.476783816268
4,2022-08-05,7084.65,7054.662099815663,Latih,7054.03959319478,7001.900707743218
4,2022-08-08,7086.85,7081.2560811615585,Latih,7080.117542511284,7014.366870818189
4,2022-08-09,7102.88,7084.31995346433,Latih,7083.061081460774,7016.1162809348625
4,2022-08-10,7086.24,7099.7927955938,Latih,7098.243148151698,7023.320820304208
4,2022-08-11,7160.38,7084.369027960361,Latih,7083.066718046724,7016.358137012772
4,2022-08-12,7129.28,7154.998138938018,Latih,7152.430699893304,7048.924003605898
4,2022-08-15,7093.28,7127.710081843203,Latih,7125.473236321275,7037.155639529283
4,2022-08-16,7133.45,7092.050246681036,Latih,7090.544450843395,7020.238797160439
4,2022-08-18,7186.56,7129.378045878475,Latih,7127.267222007578,7037.12311280852
4,2022-08-19,7172.43,7181.787384032083,Latih,7178.615072089505,7061.9192817950825
4,2022-08-22,7107.98,7170.065819132398,Latih,7166.985916172335,7057.119703002033
4,2022-08-23,7163.27,7107.671967076126,Latih,7105.77693653709,7028.004461246782
4,2022-08-24,7194.71,7158.531088957855,Latih,7155.84760863907,7050.8243087483015
4,2022-08-25,7174.21,7190.6537854445705,Latih,7187.2482015825035,7066.39085265523
4,2022-08-26,7135.25,7172.059308934282,Latih,7168.923608944486,7058.142458937225
4,2022-08-29,7132.04,7133.925788216657,Latih,7131.541926053827,7040.2053945112775
4,2022-08-30,7159.47,7129.485658129519,Latih,7127.274771930044,7037.677411568219
4,2022-08-31,7178.59,7155.719311668941,Latih,7153.031642694541,7049.80899931198
4,2022-09-01,7153.1,7175.038735871385,Latih,7171.930287998985,7059.101143955049
4,2022-09-02,7177.18,7151.222557163306,Latih,7148.509135713644,7048.282260196264
4,2022-09-05,7231.88,7173.4626119888535,Latih,7170.398170856307,7058.2934573865505
4,2022-09-06,7233.15,7226.838547065335,Latih,7222.732475191431,7083.344668959439
4,2022-09-07,7186.76,7229.963594424801,Latih,7225.672032332497,7085.451769580901
4,2022-09-08,7232.02,7185.452044000697,Latih,7181.979234801602,7064.817417786179
4,2022-09-09,7242.66,7227.306745681839,Latih,7223.169543305711,7083.677020683348
4,2022-09-12,7254.46,7239.102413587648,Latih,7234.641805628616,7089.693067805828
4,2022-09-13,7318.02,7250.806499899705,Latih,7246.104966675121,7095.250586417975
4,2022-09-14,7278.08,7312.264471840945,Latih,7306.4007159627345,7123.903628125256
4,2022-09-15,7305.6,7276.117408120715,Latih,7270.772528420768,7107.898257902923
4,2022-09-16,7168.87,7301.158225622262,Latih,7295.444382245625,7119.03516921765
4,2022-09-19,7195.49,7170.792731872867,Latih,7167.421432932685,7058.637651112136
4,2022-09-20,7196.95,7191.597991159035,Latih,7188.161845624519,7066.896128630696
4,2022-09-21,7188.31,7193.92740079887,Latih,7190.386125179602,7068.296742671786
4,2022-09-22,7218.91,7185.679886181426,Latih,7182.287437115979,7064.488117058335
4,2022-09-23,7178.58,7214.769013478831,Latih,7210.859756707027,7077.879197347223
4,2022-09-26,7127.5,7177.099502722096,Latih,7173.814148789715,7060.771435021219
4,2022-09-27,7112.45,7126.634321315353,Latih,7124.374877737825,7036.875309873873
4,2022-09-28,7077.03,7110.400281523529,Latih,7108.55985864288,7028.730236327701
4,2022-09-29,7036.2,7075.856542091428,Latih,7074.688941410839,7012.524069194846
4,2022-09-30,7040.8,7035.407160224969,Latih,7035.069171915108,6993.333381512811
4,2022-10-03,7009.72,7038.403134937341,Latih,7038.105171558911,6994.232623819162
4,2022-10-04,7072.26,7008.712289161733,Latih,7008.951663073352,6980.513845868159
4,2022-10-05,7075.38,7067.6969892418965,Latih,7066.92001948124,7007.504249855331
4,2022-10-06,7076.62,7072.871943974554,Latih,7071.853376694976,7010.656497620395
4,2022-10-07,7026.78,7074.1716165865055,Latih,7073.121711957513,7011.296948235086
4,2022-10-10,6994.4,7026.345339928918,Latih,7026.1755700970225,6989.124532440949
4,2022-10-11,6939.15,6993.509641175319,Latih,6994.062466148784,6973.292655299949
4,2022-10-12,6909.21,6939.316323568268,Latih,6940.9452710521655,6947.762489056631
4,2022-10-13,6880.63,6908.635739840309,Latih,6910.960133435766,6932.865380227012
4,2022-10-14,6814.53,6880.142927138246,Latih,6883.063273346461,6919.2873617893865
4,2022-10-17,6831.12,6815.660926834374,Latih,6819.838516124516,6889.029806422628
4,2022-10-18,6834.49,6829.292725541622,Latih,6833.372993228466,6894.559452375807
4,2022-10-19,6860.42,6833.107298011811,Latih,6837.078427949579,6896.528482497372
4,2022-10-20,6980.65,6858.129473410282,Latih,6861.630775809918,6908.177107906381
4,2022-10-21,7017.77,6974.508994349884,Latih,6975.801065327572,6962.4788392973405
4,2022-10-24,7053.04,7014.348926824383,Latih,7014.624757553391,6982.405980546522
4,2022-10-25,7048.38,7049.517344772871,Latih,7049.057161485012,6999.167170404246
4,2022-10-26,7043.94,7046.269999011811,Latih,7045.787424515541,6998.0845322073
4,2022-10-27,7091.76,7041.843262280281,Latih,7041.453355325515,6995.974897707751
4,2022-10-28,7056.04,7087.617925075353,Latih,7086.393234570087,7017.157032575659
4,2022-10-31,7098.89,7054.975783580598,Latih,7054.2420965946285,7002.588578076413
4,2022-11-01,7052.3,7094.887517886223,Latih,7093.5002972007405,7020.6748827505635
4,2022-11-02,7015.69,7051.6319953168,Latih,7050.943401018437,7001.122962305596
4,2022-11-03,7034.57,7014.846756300978,Latih,7014.946094664387,6983.497952722955
4,2022-11-04,7045.53,7031.705112626606,Latih,7031.578728992993,6990.878829322506
4,2022-11-07,7102.4,7042.8894436598375,Latih,7042.512361230905,6996.294269770434
4,2022-11-08,7050.13,7097.892593874993,Latih,7096.474501246275,7021.942752606921
4,2022-11-09,7070.08,7049.670049711522,Latih,7049.009431495722,7000.2549797809625
4,2022-11-10,6966.84,7067.01072197443,Latih,7066.152047573386,7007.671434097341
4,2022-11-11,7089.21,6968.547477318095,Latih,6969.460035412358,6962.165103820608
4,2022-11-14,7019.39,7082.48335725671,Latih,7081.533514956295,7013.848511757902
4,2022-11-15,7035.5,7019.686049754672,Latih,7019.609826564842,6986.186474942017
4,2022-11-16,7014.38,7032.727248020226,Latih,7032.573250286633,6991.397472797681
4,2022-11-17,7044.99,7013.003385847858,Latih,7013.175948116831,6982.440886009979
4,2022-11-18,7082.18,7041.66749387985,Latih,7041.360222377832,6995.484773289015
4,2022-11-21,7063.25,7078.453250013649,Latih,7077.395381767808,7012.918113093428
4,2022-11-22,7030.59,7061.567021029053,Latih,7060.734047391472,7005.531186213544
4,2022-11-23,7054.12,7029.5390605557495,Latih,7029.341521488482,6990.445458601762
4,2022-11-24,7080.52,7051.001111384686,Latih,7050.4836831367575,7000.009607300808
4,2022-11-25,7053.15,7077.176899422466,Latih,7076.121254783928,7012.435642020754
4,2022-11-28,7017.36,7051.808591105994,Latih,7051.159556332883,7000.984167840531
4,2022-11-29,7012.07,7016.4803319907705,Latih,7016.547505616001,6984.265976342607
4,2022-11-30,7081.31,7010.152928134255,Latih,7010.420484975628,6980.900494979668
4,2022-12-01,7020.8,7076.471085095464,Latih,7075.526620822012,7011.602875230364
4,2022-12-02,7019.64,7020.765119837575,Latih,7020.687448717408,6986.592153995086
4,2022-12-05,6987.33,7017.54342312818,Latih,7017.66649720674,6984.370408318091
4,2022-12-06,6892.57,6986.470527846862,Latih,6987.169955766845,6969.941317113685
4,2022-12-07,6818.75,6894.331765330471,Latih,6896.807726205029,6926.786218855423
4,2022-12-08,6804.23,6820.129989672332,Latih,6824.197174274355,6891.246536055245
4,2022-12-09,6715.12,6803.612905355719,Latih,6808.157415706543,6882.696946971453
4,2022-12-12,6734.45,6717.520415507573,Latih,6723.68830139609,6875.451064019835
4,2022-12-13,6810.32,6732.982424015422,Latih,6739.072949054559,6875.451064019835
4,2022-12-14,6801.75,6806.525934344558,Latih,6811.213531239657,6883.035323119796
4,2022-12-15,6751.86,6800.937311086085,Latih,6805.550960110453,6881.354405279196
4,2022-12-16,6812.19,6752.721386032722,Latih,6758.245188552759,6875.451064019835
4,2022-12-19,6779.7,6808.928386898665,Latih,6813.531021310119,6884.359067573584
4,2022-12-20,6768.32,6779.824276107872,Latih,6784.823320232655,6875.451064019835
4,2022-12-21,6820.66,6767.762589786672,Latih,6773.060204903507,6875.451064019835
4,2022-12-22,6824.43,6817.636808769135,Latih,6822.040223479897,6888.596823540367
4,2022-12-23,6800.67,6823.080768273502,Latih,6827.26140855971,6891.751294912733
4,2022-12-26,6835.81,6800.39151891711,Latih,6804.982233759192,6881.270735590494
4,2022-12-27,6923.03,6833.31453304115,Latih,6837.352965883644,6896.258702048697
4,2022-12-28,6850.52,6918.309982956688,Latih,6920.697102962773,6936.111588328524
4,2022-12-29,6860.08,6851.704773806367,Latih,6855.117907590899,6906.260565259496
4,2022-12-30,6850.62,6858.361219831739,Latih,6861.820816666518,6908.477269036213
4,2023-01-02,6850.98,6849.608248247537,Latih,6853.207104953561,6904.531503735224
4,2023-01-03,6888.76,6849.624511607918,Latih,6853.245164836678,6904.425365270416
4,2023-01-04,6813.24,6885.923297742642,Latih,6888.872964540161,6921.269242292684
4,2023-01-05,6653.84,6814.7051376772215,Latih,6818.881330748825,6888.68408719901
4,2023-01-06,6684.56,6658.977127332698,Latih,6666.204781875622,6875.053736422097
4,2023-01-09,6688.27,6682.9305620798605,Latih,6690.088289344325,6875.451064019835
4,2023-01-10,6622.5,6687.563874515309,Latih,6694.564307419077,6875.451064019835
4,2023-01-11,6584.45,6624.523521564013,Latih,6640.964563682088,6875.451064019835
4,2023-01-12,6629.93,6615.087863754337,Latih,6634.195179090508,6875.451064019835
4,2023-01-13,6641.83,6636.068135155894,Latih,6654.29061638535,6875.451064019835
4,2023-01-16,6688.06,6641.0572441515405,Latih,6653.844479314545,6875.451064019835
4,2023-01-17,6767.34,6685.87388125421,Latih,6693.005300141587,6875.451064019835
4,2023-01-18,6765.79,6763.629498498462,Latih,6769.217449503564,6875.451064019835
4,2023-01-19,6819.91,6764.90213876816,Latih,6770.281419741535,6875.451064019835
4,2023-01-20,6874.93,6816.828346523671,Latih,6821.2526010889105,6888.19135133449
4,2023-01-24,6860.85,6871.557941328918,Latih,6874.845363733208,6914.231551038663
4,2023-01-25,6829.93,6859.951021484766,Latih,6863.324233761464,6909.508117867747
4,2023-01-26,6864.82,6829.763096053631,Latih,6833.7265467894385,6895.334301952757
4,2023-01-27,6898.98,6862.196683868204,Latih,6865.6335533678875,6910.009153475801
4,2023-01-30,6872.48,6896.221288563051,Latih,6898.948517062702,6926.212916010064
4,2023-01-31,6839.34,6871.958837040698,Latih,6875.054175972378,6915.367736802142
4,2023-02-01,6862.26,6839.206161578329,Latih,6842.968039726647,6899.854818029442
4,2023-02-02,6890.57,6860.0656406844,Latih,6863.519885348116,6909.133621028701
4,2023-02-03,6911.73,6888.0546511972325,Latih,6890.938566443958,6922.393534342687
4,2023-02-06,6873.79,6909.364048799316,Latih,6911.788478867451,6932.619464772982
4,2023-02-07,6935.3,6873.661137709653,Latih,6876.6953015846375,6916.310675577562
4,2023-02-08,6940.12,6931.417682594103,Latih,6933.474157365603,6942.648838660164
4,2023-02-09,6897.37,6938.189523496075,Latih,6939.977303766651,6946.529550519629
4,2023-02-10,6880.33,6897.297669632473,Latih,6899.829117265978,6927.617124021095
4,2023-02-13,6900.14,6879.4423874146105,Latih,6882.40335323993,6918.82011984114
4,2023-02-14,6941.85,6897.875626539626,Latih,6900.5360951084285,6927.1667918307
4,2023-02-15,6914.54,6938.626462330861,Latih,6940.488319751664,6946.309749523445
4,2023-02-16,6895.66,6913.849038870971,Latih,6916.070939683358,6935.316364303274
4,2023-02-17,6895.71,6894.7643345183515,Latih,6897.402308455148,6926.13449506883
4,2023-02-20,6894.72,6894.154729990997,Latih,6896.848061407247,6925.624823590559
4,2023-02-21,6873.4,6893.20561165575,Latih,6895.9163699478295,6925.185118174594
4,2023-02-22,6809.97,6872.694101236498,Latih,6875.785846198237,6915.6576331401275
4,2023-02-23,6839.45,6811.029411383895,Latih,6815.3093900335125,6886.794279551543
4,2023-02-24,6856.58,6837.134561105998,Latih,6841.080740101369,6898.142614551225
4,2023-02-27,6854.78,6854.6140795457695,Latih,6858.1686709529495,6906.605870788732
4,2023-02-28,6843.24,6853.481875590715,Latih,6857.0173853445385,6906.286472870151
4,2023-03-01,6844.94,6842.33542344931,Latih,6846.080934813651,6901.0938585585745
4,2023-03-02,6857.42,6843.566293514403,Latih,6847.315993534359,6901.526195043364
4,2023-03-03,6813.64,6855.612065529856,Latih,6859.135397155319,6907.134830767552
4,2023-03-06,6807.0,6813.99774614039,Latih,6818.260220346479,6887.979281252064
4,2023-03-07,6766.76,6806.095381916789,Latih,6810.60602104011,6883.787186802662
4,2023-03-08,6776.37,6767.21514284017,Latih,6772.459094038927,6875.451064019835
4,2023-03-09,6799.79,6775.043610904837,Latih,6780.237013821328,6875.451064019835
4,2023-03-10,6765.3,6797.872352835562,Latih,6802.621822896627,6879.52453160528
4,2023-03-13,6786.96,6765.561735675954,Latih,6770.853054881417,6875.451064019835
4,2023-03-14,6641.81,6785.164049267794,Latih,6790.1739916539445,6875.451064019835
4,2023-03-15,6628.14,6646.507434927532,Latih,6654.026685833792,6875.13399313215
4,2023-03-16,6565.73,6629.754512493469,Latih,6647.751646636436,6875.451064019835
4,2023-03-17,6678.24,6612.593658311149,Latih,6631.444809561379,6875.451064019835
4,2023-03-20,6612.49,6673.791561925721,Latih,6681.323786029233,6875.451064019835
4,2023-03-21,6691.61,6620.242469894594,Latih,6638.435391367682,6875.451064019835
4,2023-03-24,6762.25,6688.261583018018,Latih,6695.4174615857155,6875.451064019835
4,2023-03-27,6708.93,6758.86438561859,Latih,6764.53199864807,6875.451064019835
4,2023-03-28,6760.33,6710.112971971946,Latih,6716.515642350035,6875.451064019835
4,2023-03-29,6839.44,6757.623561032437,Latih,6763.273643762492,6875.451064019835
4,2023-03-30,6808.95,6835.3959846109465,Latih,6839.490162771375,6896.739544199743
4,2023-03-31,6805.28,6808.8669274270815,Latih,6813.266127626328,6885.382987024224
4,2023-04-03,6827.17,6804.280013402132,Latih,6808.835124671487,6882.888668461478
4,2023-04-04,6833.18,6825.176725002557,Latih,6829.354624563486,6892.538839736022
4,2023-04-05,6819.67,6831.711544879706,Latih,6835.717657848628,6895.833501791992
4,2023-04-06,6792.77,6818.945013827711,Latih,6823.172789417535,6889.9831392693895
4,2023-04-10,6771.23,6792.638058815029,Latih,6797.383055805591,6877.616598972714
4,2023-04-11,6811.31,6771.012753840709,Latih,6776.219860383594,6875.451064019835
4,2023-04-12,6798.96,6808.757815533904,Latih,6813.318382397919,6884.512703324593
4,2023-04-13,6785.6,6798.292123353508,Latih,6802.9522871399195,6880.139152177012
4,2023-04-14,6818.57,6785.030219135309,Latih,6789.9640417552255,6875.451064019835
4,2023-04-17,6787.58,6816.231282107263,Latih,6820.62029508236,6888.15243820671
4,2023-04-18,6821.81,6787.614929920461,Latih,6792.455231754209,6875.451064019835
4,2023-04-26,6910.15,6819.412152352362,Latih,6823.737818375259,6889.6518734932315
4,2023-04-27,6945.48,6905.4515600401555,Latih,6908.108848333398,6929.978155425233
4,2023-04-28,6915.72,6942.461641952439,Latih,6944.229280477806,6948.209227277084
4,2023-05-02,6863.3,6915.108815830986,Latih,6917.298939743679,6935.944429942412
4,2023-05-03,6812.72,6863.724870914255,Latih,6866.933148412143,6911.749022765795
4,2023-05-04,6844.03,6813.318899515895,Latih,6817.580210206537,6887.7350464314595
4,2023-05-05,6787.63,6841.629247139724,Latih,6845.485990580948,6900.2608073532965
4,2023-05-08,6769.63,6788.54972408774,Latih,6793.31333732548,6876.01270585481
4,2023-05-09,6779.98,6769.297008104348,Latih,6774.5477852604035,6875.451064019835
4,2023-05-10,6811.9,6778.610845846558,Latih,6783.731684182907,6875.451064019835
4,2023-05-11,6755.94,6809.629288604883,Latih,6814.153269372015,6885.022116243876
4,2023-05-12,6707.76,6756.993607912682,Latih,6762.414827154003,6875.451064019835
4,2023-05-15,6711.74,6708.7694477555315,Latih,6715.211677658873,6875.451064019835
4,2023-05-16,6676.56,6710.913987718539,Latih,6717.4291312566575,6875.451064019835
4,2023-05-17,6663.11,6677.263543736053,Latih,6684.3906705442205,6875.451064019835
4,2023-05-19,6700.56,6663.120005078625,Latih,6670.590407727968,6875.451064019835
4,2023-05-22,6729.65,6698.620852318719,Latih,6705.467235777096,6875.451064019835
4,2023-05-23,6736.68,6727.865063297469,Latih,6734.084079225977,6875.451064019835
4,2023-05-24,6745.8,6735.63031368943,Latih,6741.638048140427,6875.451064019835
4,2023-05-25,6704.23,6744.634591682574,Latih,6750.4596542081445,6875.451064019835
4,2023-05-26,6687.0,6705.025849727706,Latih,6711.560863524096,6875.451064019835
4,2023-05-29,6681.1,6687.029200382843,Latih,6693.9935513797545,6875.451064019835
4,2023-05-30,6636.42,6680.762351041449,Latih,6687.882651892318,6875.451064019835
4,2023-05-31,6633.26,6637.643418721714,Latih,6646.654580847928,6875.451064019835
4,2023-06-05,6633.44,6633.052141513832,Latih,6650.127784349481,6875.451064019835
4,2023-06-06,6618.92,6633.11495195613,Latih,6650.516973803053,6875.451064019835
4,2023-06-07,6619.75,6627.081303430505,Latih,6645.332730338731,6875.451064019835
4,2023-06-08,6666.33,6628.822413803644,Latih,6647.122074891189,6875.451064019835
4,2023-06-09,6694.02,6664.233980624985,Latih,6671.816494451773,6875.451064019835
4,2023-06-12,6722.37,6692.451570211663,Latih,6699.404337765887,6875.451064019835
4,2023-06-13,6719.01,6720.645126740354,Latih,6727.012697735745,6875.451064019835
4,2023-06-14,6699.72,6718.405398285704,Latih,6724.7481217622935,6875.451064019835
4,2023-06-15,6713.79,6699.7610586744695,Latih,6706.4558360698975,6875.451064019835
4,2023-06-16,6698.55,6712.602882103936,Latih,6719.105640666502,6875.451064019835
4,2023-06-19,6686.06,6698.455490917579,Latih,6705.186582922951,6875.451064019835
4,2023-06-20,6660.46,6685.928527696444,Latih,6692.926478433921,6875.451064019835
4,2023-06-21,6702.63,6660.905673580627,Latih,6668.39476358087,6875.451064019835
4,2023-06-22,6652.26,6700.516697318569,Latih,6707.33426437767,6875.451064019835
4,2023-06-23,6639.73,6653.607025203417,Latih,6661.192163403939,6875.451064019835
4,2023-06-26,6664.67,6639.818042023041,Latih,6650.7997015930805,6875.451064019835
4,2023-06-27,6661.88,6663.335533387522,Latih,6670.887970339965,6875.451064019835
4,2023-07-03,6696.72,6661.524515127849,Latih,6669.052136881363,6875.451064019835
4,2023-07-04,6681.75,6694.8898202577375,Latih,6701.807966763393,6875.451064019835
4,2023-07-05,6718.98,6681.72518593104,Latih,6688.805009372249,6875.451064019835
4,2023-07-06,6757.33,6716.961772956865,Latih,6723.426019158083,6875.451064019835
4,2023-07-07,6716.46,6755.092229750476,Latih,6760.765569861554,6875.451064019835
4,2023-07-10,6731.04,6717.173894751089,Latih,6723.457705562133,6875.451064019835
4,2023-07-11,6796.92,6729.753914276678,Latih,6735.900921526869,6875.451064019835
4,2023-07-12,6808.21,6793.536964994695,Latih,6798.472364824441,6876.968572579658
4,2023-07-13,6810.21,6806.67520044866,Latih,6811.214177637128,6883.855265384353
4,2023-07-14,6869.57,6808.989380964069,Latih,6813.459245334892,6885.064494062102
4,2023-07-17,6867.14,6866.072017700707,Latih,6869.4833932841175,6911.570022378008
4,2023-07-18,6830.2,6865.8056243747815,Latih,6869.083273249304,6912.159743719141
4,2023-07-20,6864.19,6830.241533606083,Latih,6834.181429618032,6895.631851636806
4,2023-07-21,6880.8,6861.600989814435,Latih,6865.048201673661,6909.736037616173
4,2023-07-24,6899.4,6878.7381502974395,Latih,6881.789611768759,6918.094680886905
4,2023-07-25,6917.71,6897.181266375818,Latih,6899.8534218109035,6926.85031562869
4,2023-07-26,6948.28,6915.415156520646,Latih,6917.70725609843,6935.532804032607
4,2023-07-27,6896.66,6945.414230466528,Latih,6947.109705178185,6949.669827003523
4,2023-07-28,6900.23,6896.899954196253,Latih,6899.419714963475,6927.530687751216
4,2023-07-31,6931.36,6898.530840872564,Latih,6901.141045573989,6927.666974194091
4,2023-08-01,6886.5,6928.554374498766,Latih,6930.6019548410595,6941.638234997435
4,2023-08-02,6854.51,6886.552320050038,Latih,6889.30261201147,6922.526950780791
4,2023-08-03,6898.08,6854.264662928615,Latih,6857.715830740366,6907.0091710991055
4,2023-08-04,6852.84,6894.997787429133,Latih,6897.771634114423,6925.521425851029
4,2023-08-07,6886.37,6853.064044265184,Latih,6856.5103253120515,6906.591313917676
4,2023-08-08,6868.81,6883.692580068744,Latih,6886.679117378033,6920.256725293439
4,2023-08-09,6875.11,6867.994739907419,Latih,6871.1927526134605,6913.377194572728
4,2023-08-10,6893.28,6873.434019494092,Latih,6876.57261534456,6915.689539319317
4,2023-08-11,6879.98,6891.105052576699,Latih,6893.9027125448365,6923.96309082691
4,2023-08-14,6910.17,6878.963794726766,Latih,6881.943118240273,6918.548917318027
4,2023-08-15,6915.1,6907.496865063349,Latih,6909.980505139867,6931.626029427093
4,2023-08-16,6900.54,6913.283466939371,Latih,6915.589787261526,6934.673302242798
4,2023-08-18,6859.91,6899.470883787313,Latih,6902.020637397209,6928.324644837421
4,2023-08-21,6866.03,6859.940136151347,Latih,6863.253776437078,6909.8108128756685
4,2023-08-22,6916.45,6864.4030452853785,Latih,6867.729148114358,6911.392987038533
4,2023-08-23,6921.41,6913.042696809212,Latih,6915.456500102918,6934.031145138782
4,2023-08-24,6899.39,6919.562701256316,Latih,6921.738449289243,6937.6618046004005
4,2023-08-25,6895.44,6898.586120784321,Latih,6901.137503315845,6927.990043650311
4,2023-08-28,6921.73,6894.025321217217,Latih,6896.712369650044,6925.60962032203
4,2023-08-29,6957.83,6919.138302532475,Latih,6921.370881831091,6937.2124032223655
4,2023-08-30,6966.66,6954.726620278403,Latih,6956.240819283173,6954.038284539029
4,2023-08-31,6953.26,6964.464934312151,Latih,6965.714937742398,6958.9898184496615
4,2023-09-01,6977.65,6951.902277022645,Latih,6953.36362657015,6953.26793388848
4,2023-09-04,6996.75,6974.861177548217,Latih,6975.929982839274,6963.757878902004
4,2023-09-05,6991.71,6994.055562623788,Latih,6994.713000564028,6972.955520234751
4,2023-09-06,6995.95,6989.880041805554,Latih,6990.569980610658,6971.247970818328
4,2023-09-07,6954.81,6993.776887745907,Latih,6994.406659874369,6972.995183183598
4,2023-09-08,6924.78,6954.411178312346,Latih,6955.757831092522,6954.783813526676
4,2023-09-11,6963.39,6924.135575528186,Latih,6926.137287505907,6940.244162498756
4,2023-09-12,6933.97,6960.17306194906,Latih,6961.579545279191,6956.601612495825
4,2023-09-13,6935.48,6933.261053047223,Latih,6935.074249666376,6944.580713855072
4,2023-09-14,6959.33,6933.686641142411,Latih,6935.560650835676,6944.424621793672
4,2023-09-15,6982.79,6956.646265633151,Latih,6958.092877318309,6955.094058457062
4,2023-09-18,6936.08,6980.009423137355,Latih,6980.96898725574,6966.219153626012
4,2023-09-19,6980.32,6935.9633564603755,Latih,6937.681299948139,6946.067479751154
4,2023-09-20,7011.68,6976.827285953212,Latih,6977.8998920614,6964.463538093612
4,2023-09-21,6991.47,7008.488221942237,Latih,7008.8730094290295,6979.683121693778
4,2023-09-22,7016.84,6990.169576160956,Latih,6990.8192831874385,6971.561680439161
4,2023-09-25,6998.38,7013.832532812408,Latih,7014.0926431549115,6982.296429103065
4,2023-09-26,6923.8,6996.986044344356,Latih,6997.497861862233,6974.785962738442
4,2023-09-27,6937.83,6924.711877657813,Latih,6926.601168187302,6941.035094444795
4,2023-09-29,6939.89,6935.589531874699,Latih,6937.4521649724675,6945.185173058553
4,2023-10-02,6961.46,6938.0567275995445,Latih,6939.841043179675,6946.498342449709
4,2023-10-03,6940.89,6958.845620101735,Latih,6960.241373233841,6956.16736267452
4,2023-10-04,6886.58,6939.840215790911,Latih,6941.536414467736,6947.609680694386
4,2023-10-05,6874.83,6886.9611276668675,Latih,6889.681607776917,6922.831119574946
4,2023-10-06,6888.52,6873.784056652819,Latih,6876.8746898109075,6916.065458232801
4,2023-10-09,6891.46,6886.523490722812,Latih,6889.406371733583,6921.834271250408
4,2023-10-10,6922.19,6889.82407377962,Latih,6892.614054545797,6923.529978665155
4,2023-10-11,6931.75,6919.441488802474,Latih,6921.677765494626,6937.305225899262
4,2023-10-12,6935.15,6929.693818105501,Latih,6931.669079498691,6942.430744153305
4,2023-10-13,6926.78,6933.2923903966375,Latih,6935.17888848905,6944.2150338775355
4,2023-10-16,6896.29,6925.371746052545,Latih,6927.396521492046,6940.58137513165
4,2023-10-17,6939.62,6895.795700467863,Latih,6898.386073694864,6926.760078541678
4,2023-10-18,6927.91,6936.350548545761,Latih,6938.2633937991095,6945.207667690559
4,2023-10-19,6846.43,6926.612725774091,Latih,6928.604172959966,6941.210836989327
4,2023-10-20,6849.17,6847.946437916192,Latih,6851.417566481861,6904.575665610471
4,2023-10-23,6741.96,6847.74015955511,Latih,6851.4053624976,6903.500835894981
4,2023-10-24,6806.76,6744.864463551363,Latih,6750.422576849183,6875.352604756987
4,2023-10-25,6834.39,6803.368256840733,Latih,6808.096654344229,6881.660668401159
4,2023-10-26,6714.52,6832.162833738357,Latih,6836.208247673542,6895.797587948479
4,2023-10-27,6758.79,6717.994586836713,Latih,6724.08328903498,6875.279872113502
4,2023-10-30,6735.89,6756.33914340081,Latih,6761.9998916891445,6875.451064019835
4,2023-10-31,6752.21,6735.886506863256,Latih,6741.82144403102,6875.451064019835
4,2023-11-01,6642.42,6750.763629083059,Latih,6756.4773819640495,6875.451064019835
4,2023-11-02,6751.39,6645.882963258335,Latih,6653.494901098023,6875.334298780596
4,2023-11-03,6788.85,6746.720477539024,Latih,6752.727190682015,6875.451064019835
4,2023-11-06,6878.84,6786.4948006701725,Latih,6791.512706673171,6875.451064019835
4,2023-11-07,6843.79,6874.231518838441,Latih,6877.542133984006,6915.098628606836
4,2023-11-08,6804.11,6843.701700856717,Latih,6847.365766139659,6902.016810724178
4,2023-11-09,6838.23,6804.369810938862,Latih,6808.841873061088,6883.348981028832
4,2023-11-10,6809.26,6835.758691160114,Latih,6839.74391256276,6897.433904363551
4,2023-11-13,6838.31,6809.122487131385,Latih,6813.519825705915,6885.487005305327
4,2023-11-14,6862.06,6836.014897261889,Latih,6839.983389897974,6897.614637096563
4,2023-11-15,6958.21,6859.837695080076,Latih,6863.298532998,6909.015485426823
4,2023-11-16,6958.01,6953.013330852434,Latih,6954.698514916346,6952.5264125651565
4,2023-11-17,6977.67,6956.170155111597,Latih,6957.572475642011,6955.146339084551
4,2023-11-20,6994.89,6975.045840377855,Latih,6976.100114653754,6963.900655175494
4,2023-11-21,6961.79,6992.269747401525,Latih,6992.960151612808,6972.127329938458
4,2023-11-22,6906.95,6961.078276968048,Latih,6962.304311980055,6957.864052613423
4,2023-11-23,7004.34,6907.253664478699,Latih,6909.550702533165,6932.4962872708265
4,2023-11-24,7009.63,6998.882936508109,Latih,6999.616442502787,6974.3454299337145
4,2023-11-27,7013.41,7007.355888707689,Latih,7007.705512172035,6979.446488507438
4,2023-11-28,7041.07,7011.170719736866,Latih,7011.437500901274,6981.279775160003
4,2023-11-29,7036.09,7037.868745219762,Latih,7037.633870234544,6993.7108000684275
4,2023-11-30,7080.74,7034.049053281599,Latih,7033.820073441321,6992.271195331861
4,2023-12-01,7059.91,7076.760154044687,Latih,7075.754307867347,7012.025670888475
4,2023-12-04,7093.6,7058.308970925865,Latih,7057.5394476640795,7004.002430337718
4,2023-12-05,7100.85,7089.941387858451,Latih,7088.636544066728,7018.42686748033
4,2023-12-06,7087.4,7098.078187516989,Latih,7096.544363884987,7022.606473530584
4,2023-12-07,7134.62,7085.412468614638,Latih,7084.095627685845,7016.817803182654
4,2023-12-08,7159.6,7130.297016235655,Latih,7128.1829862333,7037.478786553199
4,2023-12-11,7088.79,7155.934070764848,Latih,7153.236317989894,7049.939623313006
4,2023-12-12,7125.31,7088.793799643577,Latih,7087.277351175607,7019.092398316912
4,2023-12-13,7075.34,7121.403517841165,Latih,7119.450363241498,7033.36966368323
4,2023-12-14,7176.02,7074.681288064777,Latih,7073.505361784755,7012.133386563114
4,2023-12-15,7190.99,7169.640075901816,Latih,7166.827833206723,7055.58567252284
4,2023-12-18,7119.52,7187.5249114120725,Latih,7184.14730363257,7065.092524550018
4,2023-12-19,7187.85,7119.4021678460285,Latih,7117.24723381168,7033.669333550984
4,2023-12-20,7219.67,7182.541186907362,Latih,7179.38754292376,7062.101565882025
4,2023-12-21,7209.62,7215.482998269871,Latih,7211.561640937403,7078.2048782492275
4,2023-12-22,7237.52,7206.938709645346,Latih,7203.100711730793,7074.623422563135
4,2023-12-26,7237.52,7233.385519214946,Latih,7229.082735662537,7086.77166150576
4,2023-12-27,7245.92,7234.357287317592,Latih,7229.971351194458,7087.557784254611
4,2023-12-28,7303.89,7242.425155149776,Latih,7237.890340761024,7091.300580749572
4,2023-12-29,7272.8,7298.395677964772,Latih,7292.8079596627595,7117.367101758782
4,2024-01-02,7323.59,7270.5540460754255,Latih,7265.344858132682,7105.14755224711
4,2024-01-03,7279.09,7318.25300828704,Latih,7312.2358235050115,7126.9021884275135
4,2024-01-04,7359.76,7277.281544110858,Latih,7271.902172641836,7108.5053026962905
4,2024-01-05,7350.62,7353.212045166583,Latih,7346.534759286733,7143.195800210304
4,2024-01-08,7283.58,7347.24315920362,Latih,7340.487633373827,7141.396126226253
4,2024-01-09,7200.2,7282.535411046826,Latih,7276.995939852081,7111.267436659399
4,2024-01-10,7227.3,7200.117096138074,Latih,7196.255776202752,7072.226787586271
4,2024-01-11,7219.96,7223.241474416332,Latih,7219.1480202210705,7081.952535653174
4,2024-01-12,7241.14,7217.1356039012235,Latih,7213.091534472779,7079.445547699987
4,2024-01-15,7224.0,7237.222534605342,Latih,7232.82480819233,7088.676000168384
4,2024-01-16,7242.79,7221.497856021003,Latih,7217.340951449946,7081.635645756781
4,2024-01-17,7200.63,7238.947950447876,Latih,7234.5089580202875,7089.525004463257
4,2024-01-18,7252.97,7199.109388336016,Latih,7195.361989491059,7071.269136804401
4,2024-01-19,7227.4,7247.911518328268,Latih,7243.3616040945835,7093.402510191263
4,2024-01-22,7247.93,7225.175495650845,Latih,7220.923079389409,7083.483877118886
4,2024-01-23,7256.23,7244.003192368824,Latih,7239.462896529514,7091.911090233387
4,2024-01-24,7227.82,7252.690050419648,Latih,7247.9414077473475,7096.18775932795
4,2024-01-25,7178.04,7225.692406780796,Latih,7221.422873914317,7083.762862267554
4,2024-01-26,7137.09,7176.891155889105,Latih,7173.588840487074,7060.78182909256
4,2024-01-29,7157.17,7135.826351918048,Latih,7133.398483015364,7041.133104162271
4,2024-01-30,7192.22,7153.68615891821,Latih,7151.024138995476,7048.926434060391
4,2024-01-31,7207.94,7188.049682735276,Latih,7184.706463301253,7065.109486019669
4,2024-02-01,7201.7,7204.368995281532,Latih,7200.642539714649,7073.101440932809
4,2024-02-02,7238.79,7198.923277576043,Latih,7195.260582655741,7070.76396425253
4,2024-02-05,7198.62,7234.329466370422,Latih,7230.027768765764,7087.114459012807
4,2024-02-06,7247.41,7197.0395202089085,Latih,7193.33964450605,7070.260808460771
4,2024-02-07,7235.15,7242.501326627809,Latih,7238.0560253609,7090.868476967872
4,2024-02-12,7297.67,7232.425386266786,Latih,7228.0521195340925,7086.780400799573
4,2024-02-13,7209.74,7292.0464517296205,Latih,7286.601096006715,7114.292214843098
4,2024-02-15,7303.28,7209.770706247165,Latih,7205.698195329978,7076.874540541231
4,2024-02-16,7335.54,7296.549618498171,Latih,7291.08042363652,7116.075909881655
4,2024-02-19,7296.7,7330.792188420384,Latih,7324.472282774536,7133.085574927396
4,2024-02-20,7352.6,7294.611408608044,Latih,7288.884223587596,7116.6884878373785
4,2024-02-21,7349.02,7346.948401956649,Latih,7340.345684489102,7140.501615549392
4,2024-02-22,7339.64,7345.456981998772,Latih,7338.751254630179,7140.481447948284
4,2024-02-23,7295.1,7336.323230592102,Latih,7329.794512707083,7136.201159027881
4,2024-02-26,7283.82,7293.217517100657,Latih,7287.506466161096,7116.091061438386
4,2024-02-27,7285.32,7280.832127853715,Latih,7275.453790620648,7109.810094776216
4,2024-02-28,7328.64,7281.879964010798,Latih,7276.508556158625,7110.160649052921
4,2024-02-29,7316.11,7323.539401943772,Latih,7317.395419833747,7129.50510176546
4,2024-03-01,7311.91,7313.013724078027,Latih,7306.962823203888,7125.142642798488
4,2024-03-04,7276.75,7308.543342589226,Latih,7302.604346045341,7122.918208108013
4,2024-03-05,7247.46,7274.627177534186,Latih,7269.32413267859,7107.133543838325
4,2024-03-06,7329.8,7245.270700242598,Latih,7240.591661650021,7093.092084269584
4,2024-03-07,7373.96,7323.334933495609,Latih,7317.283101809112,7128.955250220364
4,2024-03-08,7381.91,7368.6168862820605,Latih,7361.536765498015,7150.9516907668785
4,2024-03-13,7421.21,7377.790610908364,Latih,7370.4380723739605,7155.738186475107
4,2024-03-14,7433.31,7415.813623514274,Latih,7407.740584502318,7172.046794679235
4,2024-03-15,7328.05,7428.804040794473,Latih,7420.399322311977,7178.427099704813
4,2024-03-18,7302.45,7328.127272636979,Latih,7321.552996658174,7133.34630581147
4,2024-03-19,7336.75,7299.873187449063,Latih,7294.066366260136,7119.039461296861
4,2024-03-20,7331.13,7331.925400755494,Latih,7325.58662030348,7133.601348397798
4,2024-03-21,7338.35,7327.722369260876,Latih,7321.381003218977,7132.063646380967
4,2024-03-22,7350.15,7334.461088756412,Latih,7328.0085423494265,7135.122295792168
4,2024-03-25,7377.76,7346.045979374738,Latih,7339.362694926352,7140.583475325174
4,2024-03-26,7365.66,7372.975363440607,Latih,7365.767255957219,7153.218167148896
4,2024-03-27,7310.09,7362.315493459793,Latih,7355.239716466756,7148.60469911582
4,2024-03-28,7288.81,7308.521106516208,Latih,7302.466792663421,7123.503275387351
4,2024-04-01,7205.06,7286.146962999189,Latih,7280.635519598805,7112.455877194468
4,2024-04-02,7236.98,7204.967093933895,Latih,7201.004108604267,7074.539649450838
4,2024-04-03,7166.84,7232.7080429530915,Latih,7228.428426286058,7086.402646117271
4,2024-04-04,7254.4,7166.452974385093,Latih,7163.322031880686,7056.049527348337
4,2024-04-05,7286.88,7248.10807487138,Latih,7243.63340130337,7093.087637054981
4,2024-04-16,7164.81,7282.353540654265,Latih,7277.042170199238,7110.026870632235
4,2024-04-17,7130.84,7166.24126628525,Latih,7162.997695485423,7056.384102679548
4,2024-04-18,7166.81,7129.362687474554,Latih,7127.08504134423,7037.975530082042
4,2024-04-19,7087.32,7162.7273462069725,Latih,7159.91303503997,7053.045640730914
4,2024-04-22,7073.82,7087.633076632083,Latih,7086.121178802312,7018.640592340284
4,2024-04-23,7110.81,7071.898159111796,Latih,7070.862371803581,7010.385682935766
4,2024-04-24,7174.53,7106.955448406998,Latih,7105.303980435196,7026.487081966453
4,2024-04-25,7155.29,7169.444450171063,Latih,7166.552881578276,7055.921126954612
4,2024-04-26,7036.08,7153.184502768584,Latih,7150.444398031303,7049.143623610791
4,2024-04-29,7155.78,7038.017726908976,Latih,7037.448741998727,6995.329431048681
4,2024-04-30,7234.2,7148.832954990931,Latih,7146.496460834809,7045.461123071965
4,2024-05-01,7234.2,7228.321486288386,Latih,7224.237960758285,7083.7754282343985
4,2024-05-02,7117.42,7231.052851731854,Latih,7226.735744011478,7085.984918215335
4,2024-05-03,7134.72,7118.89016933686,Latih,7116.643808844153,7033.812368383462
4,2024-05-06,7135.89,7131.438605881995,Latih,7129.233356268471,7038.369160286243
4,2024-05-07,7123.61,7133.165004248684,Latih,7130.887461541956,7039.377902324254
4,2024-05-08,7088.79,7121.411274610822,Latih,7119.347973882024,7033.939217423254
4,2024-05-13,7099.26,7087.540253955186,Latih,7086.1310040438775,7018.078433387332
4,2024-05-14,7083.76,7096.383540194096,Latih,7094.892223659815,7021.762485280089
4,2024-05-15,7179.83,7081.861109194815,Latih,7080.6134586513635,7015.151131942324
4,2024-05-16,7246.7,7173.5927705837,Latih,7170.687860347102,7057.520521146116
4,2024-05-17,7317.24,7241.164990351278,Latih,7236.788155504542,7090.022678804458
4,2024-05-20,7266.69,7311.245025460807,Latih,7305.418191806164,7123.337435652082
4,2024-05-21,7186.04,7265.150576908669,Latih,7260.01006223329,7102.8012328494215
4,2024-05-22,7222.38,7185.928671640229,Latih,7182.368779773784,7065.4415791845895
4,2024-05-27,7176.42,7218.022771502809,Latih,7214.058751937226,7079.361360893308
4,2024-05-28,7253.63,7175.145727580856,Latih,7171.888349731038,7059.90676205164
4,2024-05-29,7140.23,7247.7021372593235,Latih,7243.212674117167,7093.014464861215
4,2024-05-30,7034.14,7141.475090141363,Latih,7138.766374465294,7044.543342086132
4,2024-05-31,6970.74,7035.629934649522,Latih,7035.1401722133705,6994.114953623463
4,2024-06-03,7036.19,6971.041485610055,Latih,6971.991922596144,6962.957793967769
4,2024-06-04,7099.31,7031.695494232232,Latih,7031.674188971573,6990.33420066898
4,2024-06-05,6947.67,7094.599483172955,Latih,7093.263974285187,7020.302764654212
4,2024-06-06,6974.9,6951.15354190354,Latih,6952.31889312093,6954.17219223921
4,2024-06-07,6897.95,6972.025199137973,Latih,6973.159445709037,6962.375079575227
4,2024-06-10,6921.55,6899.066109690704,Latih,6901.483687945643,6928.855492296857
4,2024-06-11,6855.69,6919.052848786752,Latih,6921.281161862056,6937.202939963384
4,2024-06-12,6850.1,6856.618790807757,Latih,6859.944660933647,6908.522491003314
4,2024-06-13,6831.56,6848.955903919372,Latih,6852.57704841021,6904.176114405433
4,2024-06-14,6734.83,6830.9542256021805,Latih,6834.92080490175,6895.757718152442
4,2024-06-19,6726.92,6737.4030070430235,Latih,6743.140004377087,6875.411711341774
4,2024-06-20,6819.32,6726.436654165107,Latih,6732.601993247587,6875.451064019835
4,2024-06-21,6879.98,6814.907796212463,Latih,6819.458279275923,6886.833296102918
4,2024-06-24,6889.17,6876.387745667732,Latih,6879.587387295402,6916.465087005537
4,2024-06-25,6882.7,6887.3271696269885,Latih,6890.183186358847,6922.268986477893
4,2024-06-26,6905.64,6881.43305892352,Latih,6884.376442737616,6919.645078150074
4,2024-06-27,6967.95,6903.240751408377,Latih,6905.796581154505,6929.684199711126
4,2024-06-28,7063.58,6963.886124160335,Latih,6965.268742495821,6958.094144257352
4,2024-07-01,7139.63,7057.9053603447055,Latih,7057.406755191145,7002.459815700105
4,2024-07-02,7125.14,7134.279341777628,Latih,7132.147264357871,7039.039965726191
4,2024-07-03,7196.75,7123.01103078491,Latih,7120.909411614005,7034.726322696263
4,2024-07-04,7220.89,7191.28497964747,Latih,7187.956808346582,7066.22547832614
4,2024-07-05,7253.37,7216.964748121575,Latih,7212.995143681839,7078.999223173916
4,2024-07-08,7250.98,7249.001344465096,Latih,7244.383946335394,7094.151555581154
4,2024-07-09,7269.8,7247.837156763156,Latih,7243.165357822258,7094.001746503176
4,2024-07-10,7287.04,7265.8298113716455,Latih,7260.831400716385,7102.320054571691
4,2024-07-11,7300.41,7283.04368630656,Latih,7277.683603338086,7110.531991472307
4,2024-07-12,7327.58,7296.4855475808035,Latih,7290.836964492882,7116.975074620311
4,2024-07-15,7278.86,7323.046898782341,Latih,7316.876802214471,7129.457992317742
4,2024-07-16,7224.29,7277.199580911481,Latih,7271.812400961004,7108.515179649654
4,2024-07-17,7224.22,7223.090217408017,Latih,7218.815823632554,7082.827602694094
4,2024-07-18,7321.07,7221.122324946003,Latih,7217.0117024339,7081.25897702223
4,2024-07-19,7294.5,7314.140627573815,Latih,7308.312811395016,7124.4106105900455
4,2024-07-22,7321.98,7291.994481372917,Latih,7286.349362975442,7115.300543186728
4,2024-07-23,7313.86,7317.462490035383,Latih,7311.409210418549,7126.796230953996
4,2024-07-24,7262.76,7310.620657215204,Latih,7304.629586891021,7123.952444062297
4,2024-07-25,7240.28,7261.258229894718,Latih,7256.197454811414,7100.95496653563
4,2024-07-26,7288.17,7237.887238053161,Latih,7233.377245327311,7089.498734870018
4,2024-07-29,7288.9,7283.100776131236,Latih,7277.8085390413635,7110.203776692215
4,2024-07-30,7241.86,7285.469952143514,Latih,7280.0221659661165,7111.878359837595
4,2024-07-31,7255.76,7240.315262091238,Latih,7235.69936360367,7090.939218707145
4,2024-08-01,7325.98,7252.027260308345,Latih,7247.305042364676,7095.807315632166
4,2024-08-02,7308.12,7319.954998685209,Latih,7313.946242926208,7127.486997147864
4,2024-08-05,7059.65,7305.246922332134,Latih,7299.34567540058,7121.507510266369
4,2024-08-06,7129.21,7065.978968186436,Latih,7064.536777859984,7009.406364910654
4,2024-08-07,7212.13,7124.134366166656,Latih,7122.19884529001,7034.2863587213105
4,2024-08-08,7195.12,7206.198662108257,Latih,7202.585662225559,7073.193074238359
4,2024-08-13,7356.64,7292.769072390879,Uji,7287.25933547982,7114.890003224675
4,2024-08-14,7436.04,7350.861123418899,Uji,7344.183940962643,7142.327972821064
4,2024-08-15,7409.5,7429.177141414981,Uji,7420.916233441929,7176.942764263224
4,2024-08-16,7432.09,7406.451978215076,Uji,7398.42532468567,7169.541513215373
4,2024-08-19,7466.83,7427.224452221493,Uji,7418.876203022102,7177.4752923560845
4,2024-08-20,7533.98,7461.377715869054,Uji,7452.346043551071,7192.200640449596
4,2024-08-21,7554.59,7527.082726044766,Uji,7516.756914277187,7220.308432961778
4,2024-08-22,7488.68,7549.2166165496055,Uji,7538.325491409414,7231.184354833442
4,2024-08-23,7544.3,7486.630448317635,Uji,7476.846576190101,7205.773849690035
4,2024-08-26,7606.19,7537.755627398604,Uji,7527.181909272782,7225.28553835638
4,2024-08-27,7597.88,7599.1358765078785,Uji,7587.29904601109,7252.131201021751
4,2024-08-28,7658.88,7593.3101288009875,Uji,7581.436272657035,7251.288091871817
4,2024-08-29,7627.6,7651.608871884472,Uji,7638.678130018836,7275.234274039351
4,2024-08-30,7670.73,7623.690292840127,Uji,7611.132496459605,7265.213975572667
4,2024-09-02,7694.53,7664.0254950572335,Uji,7650.795962424404,7281.1336593461865
4,2024-09-03,7616.52,7688.38671611322,Uji,7674.606763105521,7292.3228512884025
4,2024-09-04,7672.9,7614.290122251632,Uji,7601.82261466992,7262.223740869841
4,2024-09-05,7681.04,7665.723710494169,Uji,7652.4887998343775,7281.5560413099165
4,2024-09-06,7721.85,7675.5057209969855,Uji,7661.9584710789995,7287.040439440096
4,2024-09-09,7702.74,7714.9857135034945,Uji,7700.690607566965,7303.606262126054
4,2024-09-10,7761.39,7698.052685341966,Uji,7683.974872379433,7297.625585873212
4,2024-09-11,7760.96,7753.718160262246,Uji,7738.657306025164,7320.206369733898
4,2024-09-12,7798.15,7755.347909279008,Uji,7740.120025935309,7322.370508468239
4,2024-09-13,7812.13,7791.052423434399,Uji,7775.166455752989,7337.154290893167
4,2024-09-17,7831.78,7805.775185938025,Uji,7789.530441804074,7344.198885672183
4,2024-09-18,7829.13,7825.135255613473,Uji,7808.50029425397,7352.575783207508
4,2024-09-19,7905.39,7823.274251437333,Uji,7806.627913482333,7352.303468880745
4,2024-09-20,7743.0,7896.4267947198505,Uji,7878.436053447876,7382.5481480098715
4,2024-09-23,7775.73,7743.113518481391,Uji,7727.775178737775,7320.582211079685
4,2024-09-24,7778.49,7768.89340099587,Uji,7753.458360190529,7327.516452882378
4,2024-09-25,7740.9,7772.6841860391105,Uji,7757.102800846238,7329.917948768228
4,2024-09-26,7744.52,7736.676640749113,Uji,7721.753546741143,7315.067664971439
4,2024-09-27,7696.92,7738.844192462104,Uji,7723.968880155221,7315.011816229907
4,2024-09-30,7527.93,7693.252382583749,Uji,7679.210250761638,7296.2118887473
4,2024-10-01,7642.13,7529.2858554745835,Uji,7518.3821126557505,7226.642455928402
4,2024-10-02,7563.26,7633.084775130872,Uji,7620.659257528904,7265.7830121947145
4,2024-10-03,7543.83,7561.3107649518215,Uji,7549.943684425468,7238.940865931589
4,2024-10-04,7496.09,7539.901873850935,Uji,7529.114379153363,7228.067839920597
4,2024-10-07,7504.13,7493.3727359272125,Uji,7483.489473724471,7208.2944895578175
4,2024-10-08,7557.14,7499.432014112581,Uji,7489.548441639054,7209.593593339994
4,2024-10-09,7501.29,7550.626280155296,Uji,7539.778592925184,7231.010758328514
4,2024-10-10,7480.08,7498.830709328759,Uji,7488.815582041847,7210.893989917115
4,2024-10-11,7520.6,7476.514069330798,Uji,7467.041398801908,7200.229155603721
4,2024-10-14,7559.65,7514.693199854007,Uji,7504.5653408480775,7215.510974352435
4,2024-10-15,7626.95,7553.61067142498,Uji,7542.669489264601,7232.665432431775
4,2024-10-16,7648.94,7619.609818306091,Uji,7607.3589831568015,7261.004531815132
4,2024-10-17,7735.04,7643.074460213309,Uji,7630.233283181314,7272.4357349706515
4,2024-10-18,7760.06,7726.536060640947,Uji,7712.102677357329,7307.577521343317
4,2024-10-21,7772.6,7753.5657138825845,Uji,7738.432256281512,7320.963120181648
4,2024-10-22,7788.98,7766.481459326883,Uji,7751.050969159741,7326.950001850217
4,2024-10-23,7787.56,7782.650600812576,Uji,7766.892361271521,7333.968223612397
4,2024-10-24,7716.55,7781.857238412044,Uji,7766.0754182912315,7334.055306279748
4,2024-10-25,7694.66,7713.60531877531,Uji,7699.086921296252,7305.73792585143
4,2024-10-28,7634.63,7690.10747789396,Uji,7676.188833844791,7294.19885188588
4,2024-10-29,7606.6,7631.688556592588,Uji,7618.899505052688,7269.436398991427
4,2024-10-30,7569.85,7602.6759627558,Uji,7590.562680988431,7255.890752139171
4,2024-10-31,7574.02,7566.402722249147,Uji,7555.024575398083,7240.148956949789
4,2024-11-01,7505.26,7569.1277271414965,Uji,7557.78515800726,7240.345358357507
4,2024-11-04,7479.5,7503.231693585028,Uji,7493.095974385846,7213.146090419367
4,2024-11-05,7491.93,7476.095307192908,Uji,7466.6210853100865,7200.156397104337
4,2024-11-06,7383.87,7487.136603393661,Uji,7477.518622713194,7204.07765101321
4,2024-11-07,7243.86,7383.782094926929,Uji,7376.0432692635995,7159.855945215294
4,2024-11-08,7287.19,7245.543997093518,Uji,7240.609760779221,7094.240655008615
4,2024-11-11,7266.46,7282.28419513353,Uji,7276.998732289158,7109.868011989656
4,2024-11-12,7321.99,7263.883120746694,Uji,7258.8361010015815,7101.852114514174
4,2024-11-13,7308.67,7316.495479418126,Uji,7310.525559219208,7126.010677034919
4,2024-11-14,7214.56,7305.636157033529,Uji,7299.737133709277,7121.640202739303
4,2024-11-15,7161.26,7214.783234223202,Uji,7210.592561848238,7079.325472905695
4,2024-11-18,7134.28,7160.312767236302,Uji,7157.347561043569,7052.9315645051565
4,2024-11-19,7195.71,7132.543066457575,Uji,7130.214949612683,7039.408308861311
4,2024-11-20,7180.33,7190.6045041013485,Uji,7187.267490083051,7066.0196136594395
4,2024-11-21,7140.91,7177.972191020321,Uji,7174.725000394653,7060.897508384047
4,2024-11-22,7195.56,7139.575095269746,Uji,7137.072606242961,7042.899734307583
4,2024-11-25,7314.11,7190.691276497913,Uji,7187.337249298167,7066.139585030137
4,2024-11-26,7245.89,7306.457547228422,Uji,7300.83859500059,7120.501922648017
4,2024-11-28,7200.16,7245.063956475336,Uji,7240.301558464844,7093.445172424377
4,2024-11-29,7114.27,7198.765918575598,Uji,7195.01764063008,7071.147045249997
4,2024-12-02,7046.99,7114.679019090001,Uji,7112.589965885941,7031.588399099165
4,2024-12-03,7196.02,7047.067601779755,Uji,7046.4273063004575,6999.190337289621
4,2024-12-04,7326.76,7187.861917197776,Uji,7184.779428647828,7063.6983744836425
4,2024-12-05,7313.31,7318.623419894067,Uji,7312.778745669213,7126.151436548298
4,2024-12-06,7382.79,7310.258881478396,Uji,7304.263363939609,7123.842039374177
4,2024-12-09,7437.73,7376.523258169983,Uji,7369.335835405681,7154.024974616834
4,2024-12-10,7453.29,7431.711174638372,Uji,7423.342447567085,7178.656493239474
4,2024-12-11,7464.75,7448.569427540405,Uji,7439.761150188548,7187.036493482661
4,2024-12-12,7394.24,7460.118326747521,Uji,7451.06059168349,7192.216929665877
4,2024-12-13,7324.79,7392.795254421329,Uji,7384.953677415942,7163.790075361798
4,2024-12-16,7258.63,7323.635379040329,Uji,7317.235216684428,7130.858451223438
4,2024-12-17,7157.73,7257.6722235704265,Uji,7252.652093960126,7099.422642545762
4,2024-12-18,7107.88,7158.457296222517,Uji,7155.423365050622,7052.553137569484
4,2024-12-19,6977.24,7107.063888046804,Uji,7105.214467313352,7027.545725889259
4,2024-12-20,6983.87,6979.852865669775,Uji,6980.468391197967,6967.709254933046
4,2024-12-23,7096.44,6981.670509503531,Uji,6982.557521969724,6967.204987337635
4,2024-12-24,7065.75,7090.020610332549,Uji,7088.891896923841,7017.549835391097
4,2024-12-27,7036.57,7064.4648467493635,Uji,7063.544997291622,7007.046910716346
4,2024-12-30,7079.9,7035.369669171626,Uji,7035.058674420173,6993.180443871071
4,2025-01-02,7163.21,7075.970101199209,Uji,7074.9777000892755,7011.664929387621
4,2025-01-03,7164.43,7157.495405073234,Uji,7154.896628679106,7050.006383243855
4,2025-01-06,7080.47,7161.568898514578,Uji,7158.700393383571,7052.897227871475
4,2025-01-07,7083.28,7080.9709940207595,Uji,7079.587600008309,7015.5213884139575
4,2025-01-08,7080.35,7080.745478870928,Uji,7079.562416362822,7014.407826561979
4,2025-01-09,7064.59,7078.029213272393,Uji,7076.889692097961,7013.181481279186
4,2025-01-10,7088.87,7062.79031531578,Uji,7061.938983990011,7006.076745679429
4,2025-01-13,7016.88,7085.561398592055,Uji,7084.326520862639,7016.45116653686
4,2025-01-14,6956.67,7017.263455455355,Uji,7017.232738647513,6985.058511354376
4,2025-01-15,7079.56,6956.92659528856,Uji,6958.17791736965,6956.202293993876
4,2025-01-16,7107.52,7072.860670802652,Uji,7072.112194242536,7009.262244130424
4,2025-01-17,7154.66,7103.995413394036,Uji,7102.385159725012,7025.182858716303
4,2025-01-20,7170.74,7150.245411033698,Uji,7147.716083583899,7046.974934238251
4,2025-01-21,7181.82,7167.331557828257,Uji,7164.376693995068,7055.467924759445
4,2025-01-22,7257.13,7178.533574296307,Uji,7175.33432050712,7060.8578454352
4,2025-01-23,7232.64,7251.251893613417,Uji,7246.684190521319,7094.726125365557
4,2025-01-24,7166.06,7230.353242820578,Uji,7225.995489627199,7085.935895431102
4,2025-01-30,7073.48,7165.552723698685,Uji,7162.4484644818995,7055.579673954305
4,2025-01-31,7109.2,7074.3141860128035,Uji,7073.049884270488,7012.449500782542
4,2025-02-03,7030.06,7105.397216806474,Uji,7103.775327982965,7025.760117514186
4,2025-02-04,7073.46,7030.630438046509,Uji,7030.305429397875,6991.503947389175
4,2025-02-05,7024.23,7069.558045129834,Uji,7068.699163881598,7008.612019985965
4,2025-02-06,6875.54,7023.786071348243,Uji,7023.670909174733,6987.899298961807
4,2025-02-07,6742.58,6879.260361886657,Uji,6881.928380377925,6919.931690788906
4,2025-02-10,6648.14,6746.378429853043,Uji,6751.847004173122,6875.206803343332
4,2025-02-11,6531.99,6651.041383143673,Uji,6658.5805948038505,6875.421433159745
4,2025-02-12,6645.78,6643.884547907719,Uji,6663.419047940832,6875.294144569671
4,2025-02-13,6613.57,6647.230766626009,Uji,6665.327458907526,6875.451064019835
4,2025-02-14,6638.46,6623.840757770843,Uji,6642.159649183162,6875.451064019835
4,2025-02-17,6830.88,6637.250667618074,Uji,6654.328947755406,6875.451064019835
4,2025-02-18,6873.55,6822.929640544682,Uji,6827.538609651358,6889.491747911609
4,2025-02-19,6794.87,6870.614588859116,Uji,6873.893840799367,6913.92575332288
4,2025-02-20,6788.04,6796.531672768023,Uji,6801.078949700025,6880.070375486052
4,2025-02-21,6803.0,6787.231280093219,Uji,6792.1340239227075,6875.451064019835
4,2025-02-24,6749.6,6801.361864945319,Uji,6806.019701700834,6881.283611828125
4,2025-02-25,6587.09,6750.594272945545,Uji,6756.154441787324,6875.451064019835
4,2025-02-26,6606.18,6606.0930878040235,Uji,6623.667051378346,6875.033620532787
4,2025-02-27,6485.45,6626.804729344404,Uji,6645.569531588414,6875.451064019835
4,2025-02-28,6270.6,6695.91008109869,Uji,6714.497279173451,6875.266478757894
4,2025-03-03,6519.66,6944.927467314645,Uji,6970.156489903973,6874.725392362511
4,2025-03-04,6380.4,6702.055666274444,Uji,6722.267106059509,6875.451064019835
4,2025-03-05,6531.4,6821.105274177223,Uji,6843.116349162491,6875.157599567807
4,2025-03-06,6617.85,6674.130397016269,Uji,6694.065689337566,6875.451064019835
4,2025-03-07,6636.0,6636.699969292291,Uji,6655.451617347757,6875.451064019835
4,2025-03-10,6598.21,6635.08818366126,Uji,6653.013367301683,6875.451064019835
4,2025-03-11,6545.85,6618.978290967798,Uji,6637.70141350285,6875.451064019835
4,2025-03-12,6665.04,6632.182142229088,Uji,6652.062135246703,6875.451064019835
4,2025-03-13,6647.42,6660.421043540399,Uji,6670.753351602566,6875.451064019835
4,2025-03-14,6515.63,6647.649121533493,Uji,6655.432044432322,6875.451064019835
4,2025-03-17,6471.95,6660.485819031011,Uji,6680.50804534824,6875.204967574513
4,2025-03-18,6223.39,6721.93657717647,Uji,6741.675112571438,6875.451064019835
4,2025-03-19,6311.66,6998.015186686565,Uji,7024.612632722908,6874.532714204228
4,2025-03-20,6381.67,6933.010612810893,Uji,6960.502647091792,6875.451064019835
4,2025-03-21,6258.18,6845.745428670081,Uji,6870.347523279821,6875.451064019835
4,2025-03-24,6161.22,6971.433280045437,Uji,6998.286415065577,6875.2423810601595
4,2025-03-25,6235.62,7092.446048780741,Uji,7123.3172163391755,6875.389035718476
4,2025-03-26,6472.36,7023.575449196153,Uji,7053.781292765197,6875.451064019835
4,2025-03-27,6510.62,6756.522190236769,Uji,6779.781743154253,6875.451064019835
