Fold,Date,Actual_Close,Predicted_GANN,Data,Predicted_GADAM,Predicted_ADAM
1,2022-01-05,6662.3,6701.53499334814,Latih,6703.796095761079,6747.2970491934075
1,2022-01-06,6653.35,6676.999822930709,Latih,6678.876724885122,6736.110966752792
1,2022-01-07,6701.32,6665.122304158523,Latih,6667.737612469807,6734.439985947036
1,2022-01-10,6691.12,6705.1166793340635,Latih,6707.580843758901,6749.525340110685
1,2022-01-11,6647.97,6702.467842105348,Latih,6704.022368477305,6744.801265459086
1,2022-01-12,6647.06,6664.172353332354,Latih,6666.235953752114,6731.832442671382
1,2022-01-13,6658.36,6657.907531026913,Latih,6660.859616107656,6732.9722676092615
1,2022-01-14,6693.4,6667.481070885076,Latih,6670.373050791934,6736.486399895274
1,2022-01-17,6645.05,6698.962456034738,Latih,6701.379365575631,6746.918419303919
1,2022-01-18,6614.06,6661.958389749838,Latih,6663.995709322108,6730.857055023335
1,2022-01-19,6591.98,6629.240496528455,Latih,6632.482114045033,6722.893399066947
1,2022-01-20,6626.87,6606.3690219207165,Latih,6610.397972903854,6717.105535634777
1,2022-01-21,6726.37,6634.754141314486,Latih,6638.671833896498,6728.590107733034
1,2022-01-24,6655.17,6727.718208175324,Latih,6730.346546131991,6758.120770338204
1,2022-01-25,6568.17,6674.826425329164,Latih,6676.119219358877,6732.892085176133
1,2022-01-26,6600.82,6599.748490296309,Latih,6601.151413842891,6708.4108585456215
1,2022-01-27,6611.16,6611.371762178397,Latih,6615.8062938438425,6721.341805683992
1,2022-01-28,6645.51,6621.13208490447,Latih,6625.298121472456,6723.4552036148525
1,2022-01-31,6631.15,6651.899788372529,Latih,6655.615194391174,6733.706074026549
1,2022-02-02,6707.65,6643.952812472295,Latih,6647.065990391385,6728.147680057607
1,2022-02-03,6683.85,6709.521132036765,Latih,6712.259573134502,6752.207864511635
1,2022-02-04,6731.39,6697.038731759507,Latih,6698.514489441234,6742.351312315489
1,2022-02-07,6804.94,6734.776899870658,Latih,6736.408116519773,6757.792929689911
1,2022-02-08,6789.52,6803.884999549422,Latih,6804.032007710371,6778.905913861424
1,2022-02-09,6834.61,6800.011576110754,Latih,6798.762354903253,6771.730282417565
1,2022-02-10,6823.64,6836.71411424581,Latih,6835.466095774807,6786.140627098114
1,2022-02-11,6815.61,6833.038973524011,Latih,6830.945579000152,6781.2739332187475
1,2022-02-14,6734.49,6824.759314378536,Latih,6822.946094156539,6779.159121544987
1,2022-02-15,6807.5,6754.1822303235795,Latih,6753.0981638276835,6754.411467679765
1,2022-02-16,6850.2,6806.474090315137,Latih,6806.539903212223,6779.593182816535
1,2022-02-17,6835.12,6852.367117834728,Latih,6850.642921214144,6790.355669903191
1,2022-02-18,6892.82,6844.864088856021,Latih,6842.3719766331105,6784.300419157178
1,2022-02-21,6902.96,6892.422294505284,Latih,6889.836622043297,6792.318451463611
1,2022-02-22,6861.99,6908.4507417870045,Latih,6904.614835286784,6792.318451463611
1,2022-02-23,6920.06,6874.609809187098,Latih,6870.851953955335,6790.8485597598865
1,2022-02-24,6817.82,6919.194554806997,Latih,6915.86983241861,6792.318451463611
1,2022-02-25,6888.17,6838.909678069987,Latih,6835.109853664674,6776.666587309271
1,2022-03-01,6921.44,6886.236261990711,Latih,6884.036646843597,6792.318451463611
1,2022-03-02,6868.4,6923.705407488396,Latih,6919.835866567542,6792.318451463611
1,2022-03-04,6928.33,6882.454942846938,Latih,6878.274631695791,6792.2166619748195
1,2022-03-07,6869.07,6927.1004161096125,Latih,6923.587075097611,6792.318451463611
1,2022-03-08,6814.18,6883.905189854547,Latih,6879.5793475872715,6792.196447561415
1,2022-03-09,6864.44,6829.307494092621,Latih,6826.575488690174,6777.222757986217
1,2022-03-10,6924.01,6865.426283013862,Latih,6863.466328939241,6792.318451463611
1,2022-03-11,6922.6,6922.892906233123,Latih,6919.490575689723,6792.318451463611
1,2022-03-14,6952.2,6929.25546670442,Latih,6924.645145604661,6792.318451463611
1,2022-03-15,6918.19,6954.4568054366655,Latih,6949.6691545558515,6792.318451463611
1,2022-03-16,6992.4,6929.057205088189,Latih,6923.901221430352,6792.318451463611
1,2022-03-17,6964.38,6988.36582980281,Latih,6983.388357561886,6792.318451463611
1,2022-03-18,6954.96,6973.772415967045,Latih,6967.472988611516,6792.318451463611
1,2022-03-21,6955.18,6962.13380919462,Latih,6956.472760610635,6792.318451463611
1,2022-03-22,7000.82,6961.125114185866,Latih,6955.655110799129,6792.318451463611
1,2022-03-23,6996.12,7000.2871851552145,Latih,6994.4947639847405,6792.318451463611
1,2022-03-24,7049.69,7002.0582040966165,Latih,6995.365460805953,6792.318451463611
1,2022-03-25,7002.53,7047.394491221972,Latih,7040.42473872549,6792.318451463611
1,2022-03-28,7049.6,7013.765978767935,Latih,7006.029555606904,6792.318451463611
1,2022-03-29,7011.69,7048.132043002912,Latih,7041.031888549394,6792.318451463611
1,2022-03-30,7053.19,7021.608791357343,Latih,7013.81045891768,6792.318451463611
1,2022-03-31,7071.44,7052.374537741014,Latih,7045.06215304739,6792.318451463611
1,2022-04-01,7078.76,7073.297848256898,Latih,7065.009896559785,6792.318451463611
1,2022-04-04,7116.22,7081.894038107467,Latih,7073.182005741667,6792.318451463611
1,2022-04-05,7148.3,7114.944561822491,Latih,7105.821995399074,6792.318451463611
1,2022-04-06,7104.22,7147.212884801707,Latih,7137.101078159889,6792.318451463611
1,2022-04-07,7127.37,7113.493935003357,Latih,7103.03333477743,6792.318451463611
1,2022-04-08,7210.83,7127.741213935692,Latih,7118.020486561138,6792.318451463611
1,2022-04-11,7203.79,7202.24656199345,Latih,7191.471309019415,6790.928446784051
1,2022-04-12,7214.78,7206.818184518904,Latih,7194.385771658509,6792.318451463611
1,2022-04-13,7262.78,7215.346767917963,Latih,7202.981666100115,6791.910597187312
1,2022-04-14,7235.53,7257.901357632973,Latih,7244.977215451097,6788.5295149886915
1,2022-04-18,7275.29,7240.636729339456,Latih,7226.921102140042,6791.354257705243
1,2022-04-19,7199.23,7271.265448165039,Latih,7257.830037468769,6787.946841907532
1,2022-04-20,7227.36,7211.101319090219,Latih,7197.382864405005,6792.318451463611
1,2022-04-21,7276.19,7225.553907252643,Latih,7213.194418205114,6790.900298529895
1,2022-04-22,7225.61,7270.998736071686,Latih,7257.724027851917,6787.743642741472
1,2022-04-25,7215.98,7233.835275549982,Latih,7219.914592328163,6792.314758851559
1,2022-04-26,7232.15,7219.149103299471,Latih,7206.329535890907,6792.185686234863
1,2022-04-27,7196.76,7231.790117089842,Latih,7219.054825638625,6790.824146319063
1,2022-04-28,7228.91,7203.500193234771,Latih,7190.680752430049,6792.318451463611
1,2022-05-09,6909.75,7226.568974654767,Latih,7214.249197012277,6790.743963885935
1,2022-05-10,6819.79,6956.991203342731,Latih,6946.237051008993,6792.318451463611
1,2022-05-11,6816.2,6839.288392362037,Latih,6835.685647937097,6777.613394140035
1,2022-05-12,6599.84,6824.77589948181,Latih,6823.037248922622,6779.467781711251
1,2022-05-13,6597.99,6638.8013760024405,Latih,6638.643089549253,6712.8749733087625
1,2022-05-17,6644.47,6609.7148845131005,Latih,6613.99268326,6719.426711570642
1,2022-05-18,6793.41,6651.208568322521,Latih,6654.900162268591,6733.8189413514965
1,2022-05-19,6823.33,6790.739553852112,Latih,6792.57127933565,6778.21206150654
1,2022-05-20,6918.14,6827.536496251858,Latih,6826.287507151402,6782.534569872648
1,2022-05-23,6840.77,6912.63440793996,Latih,6910.113430041123,6792.318451463611
1,2022-05-24,6914.14,6858.344127406519,Latih,6854.423733942549,6783.806031155021
1,2022-05-25,6883.5,6911.421311028648,Latih,6908.571606254625,6792.318451463611
1,2022-05-27,7026.26,6894.474627183125,Latih,6890.338374168919,6792.318451463611
1,2022-05-30,7037.56,7012.989897217813,Latih,7008.485754540028,6792.318451463611
1,2022-05-31,7148.97,7040.824469255275,Latih,7033.323065025872,6792.318451463611
1,2022-06-02,7148.72,7137.789465448936,Latih,7129.281054262002,6792.318451463611
1,2022-06-03,7182.96,7151.735722646796,Latih,7140.951480799994,6792.318451463611
1,2022-06-06,7096.58,7181.063038381424,Latih,7170.045381251658,6792.318451463611
1,2022-06-07,7141.04,7111.348464099246,Latih,7100.232393583135,6792.318451463611
1,2022-06-08,7193.31,7138.491568154177,Latih,7128.8317794288,6792.318451463611
1,2022-06-09,7182.83,7188.9615566612165,Latih,7178.0288507092855,6792.318451463611
1,2022-06-10,7086.65,7186.619132380572,Latih,7174.690813816871,6792.318451463611
1,2022-06-13,6995.44,7102.817433025913,Latih,7091.773231290653,6792.318451463611
1,2022-06-14,7049.88,7012.384393243852,Latih,7003.941773853363,6792.318451463611
1,2022-06-15,7007.05,7047.470917741128,Latih,7040.513867830105,6792.318451463611
1,2022-06-16,7050.33,7017.6657991076145,Latih,7009.894053474727,6792.318451463611
1,2022-06-17,6936.97,7049.332458429404,Latih,7042.134861218996,6792.318451463611
1,2022-06-20,6976.38,6957.632789411599,Latih,6950.339943910891,6792.318451463611
1,2022-06-21,7044.07,6977.016428406296,Latih,6971.766631301698,6792.318451463611
1,2022-06-22,6984.31,7040.066492054529,Latih,7033.539515394038,6792.318451463611
1,2022-06-23,6998.27,6997.428892420591,Latih,6989.934282597363,6792.318451463611
1,2022-06-24,7042.94,7001.803181757988,Latih,6995.433067257464,6792.318451463611
1,2022-06-27,7016.06,7041.879923282929,Latih,7034.91329368121,6792.318451463611
1,2022-06-28,6996.46,7024.509369775121,Latih,7016.816709342066,6792.318451463611
1,2022-06-29,6942.35,7004.286727120938,Latih,6997.280175107778,6792.318451463611
1,2022-06-30,6911.58,6955.398822422082,Latih,6949.169744601303,6792.318451463611
1,2022-07-01,6794.33,6922.137440008571,Latih,6917.228945760776,6792.318451463611
1,2022-07-04,6639.17,6817.690283369457,Latih,6814.227457290326,6769.702975099115
1,2022-07-05,6703.27,6669.745180139258,Latih,6669.760066640987,6725.721644489788
1,2022-07-06,6646.41,6704.98636177959,Latih,6707.726849639435,6750.593370119955
1,2022-07-07,6652.59,6664.379044654383,Latih,6666.205104616,6730.9514909389845
1,2022-07-08,6740.22,6662.45096309693,Latih,6665.3964120263,6734.728706008219
1,2022-07-11,6722.15,6739.29870378437,Latih,6741.492674510206,6761.5445180315055
1,2022-07-12,6718.29,6734.018912119591,Latih,6734.562042600834,6753.088330929306
1,2022-07-13,6640.99,6728.412377039813,Latih,6729.3518302974335,6752.492997463967
1,2022-07-14,6690.09,6661.640751261129,Latih,6663.197503750635,6728.785900574349
1,2022-07-15,6651.9,6693.916480565089,Latih,6696.711545231063,6746.469629785443
1,2022-07-18,6659.25,6667.411227765693,Latih,6669.4684979933645,6733.078108420991
1,2022-07-19,6736.09,6668.859385809913,Latih,6671.64621067585,6736.601493337775
1,2022-07-20,6874.74,6735.680176080489,Latih,6737.7815571967,6760.05187983754
1,2022-07-21,6864.13,6864.332468022149,Latih,6863.897246215385,6792.318451463611
1,2022-07-22,6886.96,6872.857865224523,Latih,6869.662046647711,6792.318451463611
1,2022-07-25,6858.41,6891.0848937219835,Latih,6887.946975302145,6792.318451463611
1,2022-07-26,6871.54,6869.506471626801,Latih,6866.100638377113,6790.271415046484
1,2022-07-27,6898.22,6877.135977843447,Latih,6874.222380330606,6792.318451463611
1,2022-07-28,6956.82,6901.6816774803865,Latih,6898.313783181952,6792.318451463611
1,2022-07-29,6951.12,6955.319441813285,Latih,6950.998030680472,6792.318451463611
1,2022-08-01,6968.78,6957.880257721002,Latih,6952.400505838448,6792.318451463611
1,2022-08-02,6988.16,6972.298367437181,Latih,6966.812200959977,6792.318451463611
1,2022-08-03,7046.63,6991.160440805018,Latih,6985.178198274432,6792.318451463611
1,2022-08-04,7057.35,7043.75889310009,Latih,7036.973222589559,6792.318451463611
1,2022-08-05,7084.65,7060.3824839413855,Latih,7052.326850293943,6792.318451463611
1,2022-08-08,7086.85,7085.153496215416,Latih,7076.688552347493,6792.318451463611
1,2022-08-09,7102.88,7090.509809352233,Latih,7081.4714344836,6792.318451463611
1,2022-08-10,7086.24,7104.534434328155,Latih,7095.3394083059575,6792.318451463611
1,2022-08-11,7160.38,7092.303912394121,Latih,7082.897035943342,6792.318451463611
1,2022-08-12,7129.28,7153.760329083287,Latih,7144.177220084748,6792.318451463611
1,2022-08-15,7093.28,7136.517096839031,Latih,7125.634990222533,6792.318451463611
1,2022-08-16,7133.45,7101.6959339941295,Latih,7091.700265276506,6792.318451463611
1,2022-08-18,7186.56,7131.564016938289,Latih,7122.024628466445,6792.318451463611
1,2022-08-19,7172.43,7182.209056357232,Latih,7171.478452338065,6792.318451463611
1,2022-08-22,7107.98,7176.843712146368,Latih,7165.125809167707,6792.318451463611
1,2022-08-23,7163.27,7119.785006505329,Latih,7108.804866314011,6792.318451463611
1,2022-08-24,7194.71,7159.001601529205,Latih,7148.95398303517,6792.318451463611
1,2022-08-25,7174.21,7192.987474427311,Latih,7181.5905543888475,6792.318451463611
1,2022-08-26,7135.25,7179.405920696345,Latih,7167.5089998854055,6792.318451463611
1,2022-08-29,7132.04,7143.393964316926,Latih,7132.187498657783,6792.318451463611
1,2022-08-30,7159.47,7135.6895297265855,Latih,7125.301895514805,6792.318451463611
1,2022-09-02,7177.18,7159.256201855027,Uji,7147.835860105834,6792.318451463611
1,2022-09-05,7231.88,7176.6637236846345,Uji,7165.596775459135,6792.318451463611
1,2022-09-06,7233.15,7226.6269592143035,Uji,7214.686739889475,6790.196613276632
1,2022-09-07,7186.76,7234.668582036589,Uji,7221.601208708378,6791.015275918873
1,2022-09-08,7232.02,7195.0527628982945,Uji,7182.282528786745,6792.318451463611
1,2022-09-09,7242.66,7227.9646554065675,Uji,7215.827567107768,6790.346111313136
1,2022-09-12,7254.46,7242.840649017191,Uji,7229.704234393928,6790.311379659207
1,2022-09-13,7318.02,7254.310957082606,Uji,7240.874871165847,6789.612695257695
1,2022-09-14,7278.08,7310.31041058074,Uji,7296.1904529119565,6783.583292796046
1,2022-09-15,7305.6,7284.142493717771,Uji,7269.001265058616,6789.116450399191
1,2022-09-16,7168.87,7302.6631165243225,Uji,7288.146720025641,6786.406157555611
1,2022-09-19,7195.49,7188.921592048494,Uji,7174.794882174816,6792.318451463611
1,2022-09-20,7196.95,7194.368047120659,Uji,7182.851191042748,6792.318451463611
1,2022-09-21,7188.31,7199.003435781091,Uji,7186.932223681299,6792.318451463611
1,2022-09-22,7218.91,7191.780644406168,Uji,7179.739732825842,6792.318451463611
1,2022-09-23,7178.58,7216.920453671308,Uji,7204.84308018455,6791.3455431408
1,2022-09-26,7127.5,7186.228854937641,Uji,7173.806781390991,6792.318451463611
1,2022-09-27,7112.45,7137.304066319546,Uji,7126.062278188546,6792.318451463611
1,2022-09-28,7077.03,7117.90696511634,Uji,7107.81427565463,6792.318451463611
1,2022-09-29,7036.2,7085.623154267146,Uji,7076.084820827317,6792.318451463611
1,2022-09-30,7040.8,7046.111403486796,Uji,7037.5815540493195,6792.318451463611
1,2022-10-03,7009.72,7044.866043696471,Uji,7037.13882041461,6792.318451463611
1,2022-10-04,7072.26,7018.801140159432,Uji,7011.196384993854,6792.318451463611
1,2022-10-05,7075.38,7068.475761131119,Uji,7061.070786827872,6792.318451463611
1,2022-10-06,7076.62,7079.10006012447,Uji,7070.394864366125,6792.318451463611
1,2022-10-07,7026.78,7080.559886822773,Uji,7071.7822736669295,6792.318451463611
1,2022-10-10,6994.4,7037.982086403436,Uji,7029.526258012122,6792.318451463611
1,2022-10-11,6939.15,7003.882945268216,Uji,6996.671548239053,6792.318451463611
1,2022-10-12,6909.21,6952.393120614344,Uji,6946.228484149033,6792.318451463611
1,2022-10-13,6880.63,6919.69856470113,Uji,6914.871962038327,6792.318451463611
1,2022-10-14,6814.53,6891.387075991676,Uji,6887.371624143168,6792.318451463611
1,2022-10-17,6831.12,6831.0769304860005,Uji,6828.106129137314,6776.950137713581
1,2022-10-18,6834.49,6836.900496201553,Uji,6835.165474952497,6784.241274062426
1,2022-10-19,6860.42,6841.898773673812,Uji,6839.801095719972,6784.734248321683
1,2022-10-20,6980.65,6864.560819151443,Uji,6862.213626126092,6792.318451463611
1,2022-10-21,7017.77,6970.948010860739,Uji,6967.233369740304,6792.318451463611
1,2022-10-24,7053.04,7018.058313218418,Uji,7011.627175666156,6792.318451463611
1,2022-10-25,7048.38,7053.01874028928,Uji,7045.58304345376,6792.318451463611
1,2022-10-26,7043.94,7053.505954073736,Uji,7045.381701144047,6792.318451463611
1,2022-10-27,7091.76,7049.106597175666,Uji,7041.108526074953,6792.318451463611
1,2022-10-28,7056.04,7089.545510090663,Uji,7081.30516143806,6792.318451463611
1,2022-10-31,7098.89,7064.995505923102,Uji,7056.026298953363,6792.318451463611
1,2022-11-01,7052.3,7097.1971086777,Uji,7088.659747412278,6792.318451463611
1,2022-11-02,7015.69,7062.6948609102465,Uji,7053.605971108744,6792.318451463611
1,2022-11-03,7034.57,7025.381839050119,Uji,7017.500370087687,6792.318451463611
1,2022-11-04,7045.53,7036.91717928893,Uji,7029.652693048781,6792.318451463611
1,2022-11-07,7102.4,7048.71458948023,Uji,7040.987788211174,6792.318451463611
1,2022-11-08,7050.13,7098.870938069895,Uji,7090.5239889825125,6792.318451463611
1,2022-11-09,7070.08,7061.280358387301,Uji,7052.134834467241,6792.318451463611
1,2022-11-10,6966.84,7071.742773268294,Uji,7063.526859157155,6792.318451463611
1,2022-11-11,7089.21,6985.755216383993,Uji,6977.850536717234,6792.318451463611
1,2022-11-14,7019.39,7077.559333571267,Uji,7070.912969487977,6792.318451463611
1,2022-11-15,7035.5,7033.245794481105,Uji,7024.584023840492,6792.318451463611
1,2022-11-16,7014.38,7038.18490575797,Uji,7030.838338027065,6792.318451463611
1,2022-11-17,7044.99,7022.1231827665015,Uji,7014.594305503431,6792.318451463611
1,2022-11-18,7082.18,7045.68533935792,Uji,7038.375064728326,6792.318451463611
1,2022-11-21,7063.25,7081.464597876145,Uji,7073.269488996339,6792.318451463611
1,2022-11-22,7030.59,7069.960064572167,Uji,7061.136536423037,6792.318451463611
1,2022-11-23,7054.12,7039.549610769815,Uji,7031.340533266132,6792.318451463611
1,2022-11-24,7080.52,7055.574238835642,Uji,7047.868960219689,6792.318451463611
1,2022-11-25,7053.15,7081.201683898044,Uji,7072.831524106336,6792.318451463611
1,2022-11-28,7017.36,7061.0888067746855,Uji,7052.369473587342,6792.318451463611
1,2022-11-29,7012.07,7026.92180598027,Uji,7019.011302536789,6792.318451463611
1,2022-11-30,7081.31,7017.836798696581,Uji,7010.694864975277,6792.318451463611
1,2022-12-01,7020.8,7076.534391069484,Uji,7069.018342995714,6792.318451463611
1,2022-12-02,7019.64,7033.450639497107,Uji,7024.940540258949,6792.318451463611
1,2022-12-05,6987.33,7024.764940730398,Uji,7017.500032477442,6792.318451463611
1,2022-12-06,6892.57,6996.913277174295,Uji,6989.897018866598,6792.318451463611
1,2022-12-07,6818.75,6911.554434968281,Uji,6905.858718032288,6792.318451463611
1,2022-12-08,6804.23,6836.212995139398,Uji,6832.968708391823,6777.858267070681
1,2022-12-09,6715.12,6814.379993819033,Uji,6812.745960234438,6775.811272854834
1,2022-12-12,6734.45,6736.126939937496,Uji,6735.410446595573,6748.81365771475
1,2022-12-13,6810.32,6741.375249446953,Uji,6742.345847249651,6757.707071184543
1,2022-12-14,6801.75,6808.887032935653,Uji,6808.934002960954,6780.46400624159
1,2022-12-15,6751.86,6811.182022976909,Uji,6809.737620846663,6775.324101271659
1,2022-12-16,6812.19,6767.314488120704,Uji,6766.392791051892,6760.223470244435
1,2022-12-19,6779.7,6812.703336941038,Uji,6812.381362270748,6780.467487847239
1,2022-12-20,6768.32,6792.512893863948,Uji,6791.183848934205,6768.463797796397
1,2022-12-21,6820.66,6778.625507452518,Uji,6778.039943583637,6766.024479375509
1,2022-12-22,6824.43,6822.0580737096425,Uji,6821.340609738267,6782.537249653966
1,2022-12-23,6800.67,6831.943259474672,Uji,6830.129553937949,6781.976732245118
1,2022-12-26,6835.81,6812.049406997596,Uji,6810.324070942436,6774.526623672276
1,2022-12-27,6923.03,6839.1602692741535,Uji,6837.675923631825,6786.143581187755
1,2022-12-28,6850.52,6918.413620109607,Uji,6915.603436834861,6792.318451463611
1,2022-12-29,6860.08,6867.325825955314,Uji,6863.237555797142,6786.651325895221
1,2022-12-30,6850.62,6866.306728330893,Uji,6863.634226734084,6791.985863171251
1,2023-01-02,6850.98,6859.410363861363,Uji,6856.608346534412,6788.754342311056
1,2023-01-03,6888.76,6858.516667342227,Uji,6855.905505306761,6789.17675602916
1,2023-01-04,6813.24,6890.956918338583,Uji,6888.075288295791,6792.318451463611
1,2023-01-05,6653.84,6831.004175478257,Uji,6827.876153258718,6776.284750122457
1,2023-01-06,6684.56,6684.727520976977,Uji,6684.253642797188,6729.622414358281
1,2023-01-09,6688.27,6690.808071390706,Uji,6693.378952303845,6744.341545808936
1,2023-01-10,6622.5,6697.893845757861,Uji,6699.810849479158,6744.474226635123
1,2023-01-11,6584.45,6641.970818778883,Uji,6644.270076424639,6724.073009262107
1,2023-01-12,6629.93,6600.985167173152,Uji,6604.89401858688,6714.505957850834
1,2023-01-13,6641.83,6638.173827134529,Uji,6642.156963352422,6729.78149208548
1,2023-01-16,6688.06,6651.130110866738,Uji,6654.487417918903,6731.953528695725
1,2023-01-17,6767.34,6692.282626335937,Uji,6695.074652509707,6745.816058552886
1,2023-01-18,6765.79,6766.137388901739,Uji,6767.432124190359,6768.738929045228
1,2023-01-19,6819.91,6774.885144651561,Uji,6774.569901085525,6765.651251249938
1,2023-01-20,6874.93,6821.093415737188,Uji,6820.432923494613,6782.389270863563
1,2023-01-24,6860.85,6875.149247056289,Uji,6872.999112910671,6792.318451463611
1,2023-01-25,6829.93,6870.069584414406,Uji,6866.8927142125785,6791.419754092724
1,2023-01-26,6864.82,6841.767569892445,Uji,6839.09390776042,6782.349580559165
1,2023-01-27,6898.98,6867.753979047579,Uji,6865.469412722629,6792.318451463611
1,2023-01-30,6872.48,6901.479216836738,Uji,6898.243433647202,6792.318451463611
1,2023-01-31,6839.34,6883.098596778556,Uji,6879.349055199071,6792.318451463611
1,2023-02-01,6862.26,6851.314427990953,Uji,6848.337423054019,6784.868174085647
1,2023-02-02,6890.57,6866.75496923272,Uji,6864.295858411235,6792.318451463611
1,2023-02-03,6911.73,6893.942637839959,Uji,6890.817738515184,6792.318451463611
1,2023-02-06,6873.79,6915.684632098723,Uji,6911.833638640691,6792.318451463611
1,2023-02-07,6935.3,6885.84246074085,Uji,6881.823126374527,6792.318451463611
1,2023-02-08,6940.12,6933.761930452637,Uji,6930.089828223041,6792.318451463611
1,2023-02-09,6897.37,6945.713037707859,Uji,6940.749871701055,6792.318451463611
1,2023-02-10,6880.33,6909.669620273758,Uji,6904.905644311356,6792.318451463611
1,2023-02-13,6900.14,6889.624961520479,Uji,6885.853644080207,6792.318451463611
1,2023-02-14,6941.85,6904.445207239437,Uji,6900.884305384206,6792.318451463611
1,2023-02-15,6914.54,6942.727465910964,Uji,6938.471002548985,6792.318451463611
1,2023-02-16,6895.66,6924.611933196833,Uji,6919.693015232731,6792.318451463611
1,2023-02-17,6895.71,6904.95208682065,Uji,6900.722948787855,6792.318451463611
1,2023-02-20,6894.72,6902.595208601402,Uji,6898.751705870675,6792.318451463611
1,2023-02-21,6873.4,6901.752681134986,Uji,6897.915065482901,6792.318451463611
1,2023-02-22,6809.97,6883.346001786038,Uji,6879.677127954407,6792.318451463611
1,2023-02-23,6839.45,6826.247985652126,Uji,6823.456771853006,6775.782132870584
1,2023-02-24,6856.58,6843.46344945375,Uji,6841.76366627399,6786.959796155722
1,2023-02-27,6854.78,6861.8986357677395,Uji,6859.476830878299,6791.2711211824735
1,2023-02-28,6843.24,6862.53249900226,Uji,6859.773041666787,6790.152217529448
1,2023-03-01,6844.94,6852.408707196752,Uji,6849.766442817489,6786.653309355409
1,2023-03-02,6857.42,6852.399612820785,Uji,6849.981416140835,6787.557345188291
1,2023-03-03,6813.64,6863.316683198255,Uji,6860.776778025072,6791.349404557975
1,2023-03-06,6807.0,6827.363724209106,Uji,6824.8736165470245,6777.439735870391
1,2023-03-07,6766.76,6816.105625283157,Uji,6814.556817184722,6776.833556675941
1,2023-03-08,6776.37,6780.757832657725,Uji,6779.625002582103,6764.6448140096945
1,2023-03-09,6799.79,6783.883259498507,Uji,6783.506169955761,6768.932506319313
1,2023-03-10,6765.3,6805.186233835254,Uji,6804.449568281207,6775.837332145601
1,2023-03-13,6786.96,6778.5895097601715,Uji,6777.614301467567,6764.43199295166
1,2023-03-14,6641.81,6792.7781078118405,Uji,6792.357086735996,6772.245834361939
1,2023-03-15,6628.14,6671.072104454651,Uji,6671.219260320082,6726.778259052657
1,2023-03-16,6565.73,6640.901596583436,Uji,6644.111378508966,6727.341382390581
1,2023-03-17,6678.24,6593.758830890659,Uji,6595.428271349672,6708.548297566195
1,2023-03-20,6612.49,6685.634563651101,Uji,6689.427256039994,6745.293290189529
1,2023-03-21,6691.61,6632.112873940477,Uji,6634.68689884902,6721.31676977428
1,2023-03-24,6762.25,6695.384336057025,Uji,6698.489854443687,6747.876451675321
1,2023-03-27,6708.93,6762.224169655469,Uji,6763.4817889178075,6767.052650275258
1,2023-03-28,6760.33,6725.483492113076,Uji,6725.6683337220775,6748.286985732939
1,2023-03-29,6839.44,6762.779327501682,Uji,6763.696213624505,6765.8905114102645
1,2023-03-30,6808.95,6837.14545353476,Uji,6836.460526750721,6788.5907490468335
1,2023-03-31,6805.28,6821.0569538307545,Uji,6818.967083113825,6776.58551864925
1,2023-04-03,6827.17,6814.034702941214,Uji,6812.593740215336,6776.45762766841
1,2023-04-04,6833.18,6832.337841448225,Uji,6830.819439372457,6783.327827343971
1,2023-04-05,6819.67,6840.273433553019,Uji,6838.265665427484,6784.460362010629
1,2023-04-06,6792.77,6829.4531518125905,Uji,6827.416602413691,6780.096939502984
1,2023-04-10,6771.23,6804.670555287037,Uji,6803.0975447541805,6772.247480211883
1,2023-04-11,6811.31,6782.7819326788485,Uji,6781.908914787204,6766.491478746561
2,2022-01-05,6662.3,6697.424377056825,Latih,6699.381832675951,6756.448305334772
2,2022-01-06,6653.35,6668.9689380896225,Latih,6676.810149920597,6748.440109424913
2,2022-01-07,6701.32,6670.033226182623,Latih,6672.8966511416575,6737.815467156045
2,2022-01-10,6691.12,6701.338290605563,Latih,6703.261813571173,6756.544464668061
2,2022-01-11,6647.97,6694.423125214743,Latih,6699.5155006510195,6762.017206429567
2,2022-01-12,6647.06,6656.609011083704,Latih,6664.769225729717,6741.424166183047
2,2022-01-13,6658.36,6666.502795337601,Latih,6669.263850626363,6732.177590964757
2,2022-01-14,6693.4,6673.772712216093,Latih,6676.232678261115,6736.835399752133
2,2022-01-17,6645.05,6696.210188916641,Latih,6697.607828617709,6754.177250117982
2,2022-01-18,6614.06,6653.181908363487,Latih,6661.400263646257,6740.640240053855
2,2022-01-19,6591.98,6637.761288519362,Latih,6646.7547140356255,6717.430305048545
2,2022-01-20,6626.87,6625.77539419175,Latih,6635.313535763406,6701.603429396766
2,2022-01-21,6726.37,6653.9460544572885,Latih,6657.768931640249,6712.0297892819535
2,2022-01-24,6655.17,6718.912871668359,Latih,6722.121799869557,6761.849078931238
2,2022-01-25,6568.17,6653.255855092567,Latih,6661.183686551464,6751.745970449025
2,2022-01-26,6600.82,6600.827478445698,Latih,6609.613603137663,6699.833191896694
2,2022-01-27,6611.16,6639.431073258231,Latih,6642.321009854386,6695.97454362111
2,2022-01-28,6645.51,6643.780909865211,Latih,6647.954631852742,6707.108881922382
2,2022-01-31,6631.15,6665.782071157707,Latih,6668.921116252853,6723.957884877643
2,2022-02-02,6707.65,6653.832682177362,Latih,6659.5140699625135,6724.851635323485
2,2022-02-03,6683.85,6705.573090248425,Latih,6706.828654478509,6754.701810603166
2,2022-02-04,6731.39,6685.855640256569,Latih,6693.89864319952,6760.199595492508
2,2022-02-07,6804.94,6723.962032575628,Latih,6732.489139133416,6775.696291964678
2,2022-02-08,6789.52,6793.000174078971,Latih,6801.115739316673,6816.986558147106
2,2022-02-09,6834.61,6787.1123934790785,Latih,6795.561187014908,6825.471582385336
2,2022-02-10,6823.64,6824.85471880499,Latih,6832.919435507392,6841.637896672226
2,2022-02-11,6815.61,6819.922321201,Latih,6828.202718198632,6846.189401081241
2,2022-02-14,6734.49,6811.790725671086,Latih,6820.098923455213,6840.495149827338
2,2022-02-15,6807.5,6721.461004320552,Latih,6737.534286862634,6804.0687881821705
2,2022-02-16,6850.2,6795.5517257795045,Latih,6803.657224442096,6818.720363164875
2,2022-02-17,6835.12,6840.300925461686,Latih,6848.301745195128,6852.012096452751
2,2022-02-18,6892.82,6831.538027878439,Latih,6839.778337935543,6854.310974876025
2,2022-02-21,6902.96,6880.313812764627,Latih,6888.076420113785,6875.9533266628205
2,2022-02-22,6861.99,6895.090020466789,Latih,6902.947128070042,6892.143383718177
2,2022-02-23,6920.06,6856.015902947822,Latih,6868.592956338267,6876.65969083969
2,2022-02-24,6817.82,6906.835112901375,Latih,6914.472706391261,6893.1468127507405
2,2022-02-25,6888.17,6800.947992958159,Latih,6817.9095890987255,6861.232630853692
2,2022-03-01,6921.44,6874.47948141877,Latih,6882.225834275824,6870.408953036111
2,2022-03-02,6868.4,6910.730294549213,Latih,6918.434968646514,6899.111830213114
2,2022-03-04,6928.33,6860.265813663343,Latih,6876.09022311632,6883.200812342209
2,2022-03-07,6869.07,6914.707264317321,Latih,6922.301721748161,6898.0080044693195
2,2022-03-08,6814.18,6859.824924577513,Latih,6876.7790324417165,6884.902220475716
2,2022-03-09,6864.44,6805.76311159912,Latih,6822.226513161693,6849.2064814356345
2,2022-03-10,6924.01,6853.407830454746,Latih,6861.32152611051,6859.488176341096
2,2022-03-11,6922.6,6910.532213945435,Latih,6918.147365026223,6895.343119723841
2,2022-03-14,6952.2,6915.42672176783,Latih,6923.228631357896,6906.965238518164
2,2022-03-15,6918.19,6941.098976917019,Latih,6948.674534297041,6919.366093214201
2,2022-03-16,6992.4,6913.408967587994,Latih,6922.396849761951,6910.860487425969
2,2022-03-17,6964.38,6975.7082432848765,Latih,6982.968911917861,6933.451227172066
2,2022-03-18,6954.96,6958.898497730546,Latih,6966.5890023947295,6938.914283498278
2,2022-03-21,6955.18,6947.801589601091,Latih,6955.479942631177,6929.124617673803
2,2022-03-22,7000.82,6947.02505085831,Latih,6954.673899182729,6927.285528387178
2,2022-03-23,6996.12,6986.8551031500665,Latih,6994.162001800594,6946.272097944072
2,2022-03-24,7049.69,6987.4479325020875,Latih,6994.924998869953,6954.250206228547
2,2022-03-25,7002.53,7033.688666799727,Latih,7040.749752689663,6971.689998316819
2,2022-03-28,7049.6,6995.327661874351,Latih,7005.636507386624,6965.527864310198
2,2022-03-29,7011.69,7034.269165157738,Latih,7041.349890958134,6973.471983891184
2,2022-03-30,7053.19,7006.043116309105,Latih,7013.547579903662,6969.043587642365
2,2022-03-31,7071.44,7038.342114899221,Latih,7045.422975219552,6976.662303501422
2,2022-04-01,7078.76,7058.526427534288,Latih,7065.592983901567,6984.982540819701
2,2022-04-04,7116.22,7066.787251881427,Latih,7073.852776929208,6988.049191770014
2,2022-04-05,7148.3,7100.212496204447,Latih,7107.018487458301,6994.990823957977
2,2022-04-06,7104.22,7132.0440380216405,Latih,7138.72003817864,7004.107015729605
2,2022-04-07,7127.37,7096.895413975786,Latih,7103.997124885988,7000.076215567647
2,2022-04-08,7210.83,7112.555103768779,Latih,7119.352709946706,6999.424242284355
2,2022-04-11,7203.79,7187.72928241142,Latih,7193.968855060422,7015.585691433609
2,2022-04-12,7214.78,7190.169384346092,Latih,7196.708577729548,7022.906983717145
2,2022-04-13,7262.78,7199.031109241332,Latih,7205.466991314974,7024.009374581637
2,2022-04-14,7235.53,7242.026819155307,Latih,7248.134876148196,7033.067946981254
2,2022-04-18,7275.29,7223.194117983668,Latih,7229.648653488248,7033.440208480421
2,2022-04-19,7199.23,7255.071351738664,Latih,7261.146899747346,7037.247391671005
2,2022-04-20,7227.36,7186.696528033101,Latih,7199.583268733109,7028.706676179829
2,2022-04-21,7276.19,7209.534694779005,Latih,7215.862647025076,7025.626931955876
2,2022-04-22,7225.61,7255.016422765347,Latih,7261.060941509101,7036.565554962221
2,2022-04-25,7215.98,7215.9204457569995,Latih,7222.489143846123,7033.162469655337
2,2022-04-26,7232.15,7202.321063283171,Latih,7208.812412409869,7026.426518447461
2,2022-04-27,7196.76,7215.434559753028,Latih,7221.776098512499,7028.122500943603
2,2022-04-28,7228.91,7186.229654179894,Latih,7192.884669227088,7023.911713109077
2,2022-05-09,6909.75,7210.632556805696,Latih,7216.9416314209375,7025.632223073306
2,2022-05-10,6819.79,6854.077201649585,Latih,6873.934877463322,6942.529035922339
2,2022-05-11,6816.2,6805.108201297256,Latih,6821.964401069019,6859.961103591362
2,2022-05-12,6599.84,6811.909484353396,Latih,6820.20192088518,6839.957899628318
2,2022-05-13,6597.99,6592.225819819126,Latih,6599.915405263756,6746.461982575828
2,2022-05-17,6644.47,6635.3231931737155,Latih,6639.866407791758,6701.261434882897
2,2022-05-18,6793.41,6665.465119771672,Latih,6668.4997773975265,6720.8088965173265
2,2022-05-19,6823.33,6777.1010612222835,Latih,6783.259608030646,6794.203208274574
2,2022-05-20,6918.14,6815.416217269931,Latih,6823.577093305622,6837.600280833578
2,2022-05-23,6840.77,6901.185880985602,Latih,6908.723571004019,6884.388757885141
2,2022-05-24,6914.14,6828.317127403056,Latih,6845.219736552275,6870.677791125517
2,2022-05-25,6883.5,6899.490077849373,Latih,6907.109354208157,6886.253405959351
2,2022-05-27,7026.26,6879.350919072372,Latih,6888.375076788707,6888.176256325288
2,2022-05-30,7037.56,7001.674581431209,Latih,7008.578548037469,6933.281507854511
2,2022-05-31,7148.97,7026.207519993844,Latih,7033.448817756238,6976.639255752618
2,2022-06-02,7148.72,7124.541502546146,Latih,7130.97985081859,6996.219932600913
2,2022-06-03,7182.96,7135.777324928122,Latih,7142.546995799618,7007.506424158274
2,2022-06-06,7096.58,7165.615909073433,Latih,7172.127794910154,7013.145679178893
2,2022-06-07,7141.04,7082.294440908501,Latih,7101.056698474359,6999.352812199054
2,2022-06-08,7193.31,7123.692681758478,Latih,7130.365049877242,7000.908983643113
2,2022-06-09,7182.83,7173.853685671768,Latih,7180.2651747972595,7014.077140046418
2,2022-06-10,7086.65,7170.0867687816235,Latih,7176.731560313783,7017.657971026958
2,2022-06-13,6995.44,7070.623850097723,Latih,7089.71707154281,6996.268494297324
2,2022-06-14,7049.88,6980.380972575004,Latih,6998.6814680451735,6965.568982570225
2,2022-06-15,7007.05,7033.784489833179,Latih,7040.842123044793,6971.552205063755
2,2022-06-16,7050.33,7000.616626985131,Latih,7009.565027558267,6967.281062618547
2,2022-06-17,6936.97,7035.370569542709,Latih,7042.459187179271,6974.953810651356
2,2022-06-20,6976.38,6918.00851803367,Latih,6936.051519928922,6939.052906290938
2,2022-06-21,7044.07,6963.666242934519,Latih,6971.102773962075,6932.6820870256915
2,2022-06-22,6984.31,7026.75743748671,Latih,7033.802336144509,6964.528246675783
2,2022-06-23,6998.27,6974.874533569867,Latih,6989.287313248571,6958.063936055951
2,2022-06-24,7042.94,6987.6257678557,Latih,6995.037905935106,6951.783334826879
2,2022-06-27,7016.06,7028.022328432264,Latih,7035.140450774494,6970.380088033134
2,2022-06-28,6996.46,7009.169987350166,Latih,7016.6219433302285,6970.20175943976
2,2022-06-29,6942.35,6989.311302636918,Latih,6996.830877304134,6957.523973038249
2,2022-06-30,6911.58,6933.959869464983,Latih,6947.969111759713,6930.302743261505
2,2022-07-01,6794.33,6907.38307985519,Latih,6915.639420204507,6906.004900704667
2,2022-07-04,6639.17,6774.7992906204145,Latih,6791.717997321814,6849.421377031244
2,2022-07-05,6703.27,6618.458664375998,Latih,6629.03739050717,6758.834980435397
2,2022-07-06,6646.41,6702.697805115152,Latih,6704.000171072501,6754.470077595735
2,2022-07-07,6652.59,6651.621028721716,Latih,6659.788490629208,6743.249108456545
2,2022-07-08,6740.22,6670.068896385296,Latih,6672.6927637607,6734.228257688605
2,2022-07-11,6722.15,6728.449796955607,Latih,6736.818169990503,6773.065911582437
2,2022-07-12,6718.29,6720.386234882643,Latih,6730.461340798459,6783.304694628744
2,2022-07-13,6640.99,6716.473756213208,Latih,6725.212417788229,6777.940981274275
2,2022-07-14,6690.09,6642.144256265247,Latih,6650.396168666716,6744.008226867789
2,2022-07-15,6651.9,6694.21270240696,Latih,6695.859316087084,6749.193017499173
2,2022-07-18,6659.25,6660.632793789071,Latih,6668.710278675271,6742.897641497278
2,2022-07-19,6736.09,6674.30852753581,Latih,6676.700022934094,6738.2103728442125
2,2022-07-20,6874.74,6725.532306192837,Latih,6733.951370823107,6772.66221725854
2,2022-07-21,6864.13,6854.363191030659,Latih,6861.968701516131,6847.876281061806
2,2022-07-22,6886.96,6859.363566041628,Latih,6867.458684249263,6871.785091967623
2,2022-07-25,6858.41,6878.185191738647,Latih,6886.077543564779,6879.395198550862
2,2022-07-26,6871.54,6854.655996088424,Latih,6863.805077984074,6871.840917740505
2,2022-07-27,6898.22,6864.147745097617,Latih,6872.138946655731,6871.610260892551
2,2022-07-28,6956.82,6888.768009517832,Latih,6896.59780957435,6885.743575407011
2,2022-07-29,6951.12,6942.622123717119,Latih,6950.090805009058,6916.342869782792
2,2022-08-01,6968.78,6943.6751906055715,Latih,6951.359955752543,6925.9266752672675
2,2022-08-02,6988.16,6958.49224752789,Latih,6966.027650707418,6932.32807539766
2,2022-08-03,7046.63,6977.211144834811,Latih,6984.653280859646,6944.261428480795
2,2022-08-04,7057.35,7030.2013271737715,Latih,7037.261830143992,6968.576758629138
2,2022-08-05,7084.65,7045.562606911723,Latih,7052.715569917029,6981.984495036061
2,2022-08-08,7086.85,7070.475923009582,Latih,7077.455579499075,6987.5909720326035
2,2022-08-09,7102.88,7075.201473794052,Latih,7082.245341132352,6990.73075698739
2,2022-08-10,7086.24,7089.409020892452,Latih,7096.339129206013,6993.606434470472
2,2022-08-11,7160.38,7076.543624022075,Latih,7083.645962691972,6992.483417216
2,2022-08-12,7129.28,7139.498056640701,Latih,7145.99465204485,7003.057266999542
2,2022-08-15,7093.28,7119.994773594811,Latih,7126.944118259028,7005.450376637041
2,2022-08-16,7133.45,7085.398084840844,Latih,7092.525668418478,6996.3323912662845
2,2022-08-18,7186.56,7116.733337779118,Latih,7123.453012074902,6999.317747336087
2,2022-08-19,7172.43,7167.185980910739,Latih,7173.625674382529,7012.188659523785
2,2022-08-22,7107.98,7160.321921885093,Latih,7167.024736349067,7015.251050676167
2,2022-08-23,7163.27,7097.598863554072,Latih,7109.800539066864,7002.627386128364
2,2022-08-24,7194.71,7144.253784730512,Latih,7150.793067793924,7005.74582725352
2,2022-08-25,7174.21,7177.360216808401,Latih,7183.826903947078,7016.569032155931
2,2022-08-26,7135.25,7162.71229628392,Latih,7169.425872342667,7016.374202450574
2,2022-08-29,7132.04,7126.623691774682,Latih,7133.569045680837,7007.844248554169
2,2022-08-30,7159.47,7119.818462800457,Latih,7126.672746710852,7003.351865656434
2,2022-08-31,7178.59,7143.413035138922,Latih,7150.051907793957,7007.563505450546
2,2022-09-01,7153.1,7162.909547348102,Latih,7169.486047593436,7013.515743519128
2,2022-09-02,7177.18,7142.64281883307,Latih,7149.467239317972,7011.242715343296
2,2022-09-05,7231.88,7161.024923063596,Latih,7167.593127912959,7012.634772467077
2,2022-09-06,7233.15,7211.210006045189,Latih,7217.438861939398,7024.132774201693
2,2022-09-07,7186.76,7217.9413835752885,Latih,7224.322471195547,7029.904576197924
2,2022-09-08,7232.02,7177.610468726836,Latih,7184.34346049615,7022.358949503363
2,2022-09-09,7242.66,7212.317060267415,Latih,7218.573178868381,7025.130015317262
2,2022-09-12,7254.46,7226.25045573899,Latih,7232.56056167373,7031.492180466714
2,2022-09-13,7318.02,7237.636357528061,Latih,7243.889292490573,7034.526232752863
2,2022-09-14,7278.08,7294.286782448985,Latih,7300.097460706332,7046.241394501989
2,2022-09-15,7305.6,7265.98553695688,Latih,7272.283939657305,7046.096292332475
2,2022-09-16,7168.87,7285.882380491591,Latih,7291.856141749718,7046.588276573484
2,2022-09-19,7195.49,7145.533472868878,Latih,7165.698324953398,7024.84169425732
2,2022-09-20,7196.95,7178.61618459829,Latih,7185.093678171717,7017.267459656657
2,2022-09-21,7188.31,7182.626403210245,Latih,7189.171605150783,7020.2156433845175
2,2022-09-22,7218.91,7175.24067587801,Latih,7181.855065904938,7018.934654886783
2,2022-09-23,7178.58,7201.041823544587,Latih,7207.400939575519,7023.118673254312
2,2022-09-26,7127.5,7169.011819983802,Latih,7175.764137783728,7019.557751224102
2,2022-09-27,7112.45,7119.488306040837,Latih,7127.32983175166,7007.006413561165
2,2022-09-28,7077.03,7101.935248167586,Latih,7108.9136491376885,6999.322903933583
2,2022-09-29,7036.2,7069.494465566345,Latih,7076.6942863488875,6991.528280839977
2,2022-09-30,7040.8,7030.0980607039355,Latih,7037.6425215590625,6977.976114863212
2,2022-10-03,7009.72,7030.055373044672,Latih,7037.301737724605,6978.185965961273
2,2022-10-04,7072.26,7003.420156943261,Latih,7010.913410543262,6967.595659905725
2,2022-10-05,7075.38,7054.772514237827,Latih,7061.704416150516,6980.20896641856
2,2022-10-06,7076.62,7063.923456992574,Latih,7071.016827666826,6987.573394761142
2,2022-10-07,7026.78,7065.325737631388,Latih,7072.4190634656625,6988.095735667404
2,2022-10-10,6994.4,7019.078053137125,Latih,7029.453665376964,6975.043042208011
2,2022-10-11,6939.15,6988.616641694363,Latih,6996.183388018665,6958.841057718449
2,2022-10-12,6909.21,6930.559250356901,Latih,6944.98424892967,6928.508023133326
2,2022-10-13,6880.63,6905.163321573481,Latih,6913.251624104427,6904.3320556372855
2,2022-10-14,6814.53,6876.85117996667,Latih,6885.371941667539,6885.9339435345355
2,2022-10-17,6831.12,6804.111812141271,Latih,6820.689017568562,6851.7292010301735
2,2022-10-18,6834.49,6824.382015754615,Latih,6832.546860128378,6845.274889725484
2,2022-10-19,6860.42,6829.026921838259,Latih,6837.215553820467,6850.124759349563
2,2022-10-20,6980.65,6851.989631623664,Latih,6859.993590155581,6861.933300353328
2,2022-10-21,7017.77,6959.520562748366,Latih,6966.698636141473,6913.825329205738
2,2022-10-24,7053.04,7004.257453856527,Latih,7011.5124278122785,6958.266119517736
2,2022-10-25,7048.38,7038.836341139141,Latih,7045.936303290193,6978.020058041866
2,2022-10-26,7043.94,7038.3979855120815,Latih,7045.6371757955,6981.152220200355
2,2022-10-27,7091.76,7034.046310465994,Latih,7041.305050979916,6979.663129363711
2,2022-10-28,7056.04,7075.298597186872,Latih,7082.185300401518,6987.403765123543
2,2022-10-31,7098.89,7049.059766492908,Latih,7056.3560380685985,6984.499434894379
2,2022-11-01,7052.3,7082.761404441664,Latih,7089.630306184958,6989.813689752874
2,2022-11-02,7015.69,7045.155773789351,Latih,7053.876163073247,6983.516811611708
2,2022-11-03,7034.57,7009.8095399594895,Latih,7017.291987124741,6970.7937368321955
2,2022-11-04,7045.53,7022.512885148586,Latih,7029.74539427525,6972.916102681214
2,2022-11-07,7102.4,7034.013353082004,Latih,7041.219316941563,6978.802784701641
2,2022-11-08,7050.13,7084.742344999382,Latih,7091.5538515705575,6989.325741109905
2,2022-11-09,7070.08,7041.97379441506,Latih,7052.3710195244,6982.931066976245
2,2022-11-10,6966.84,7057.025588623351,Latih,7064.093355670042,6984.4464340401255
2,2022-11-11,7089.21,6949.658771818928,Latih,6967.845104704553,6953.401564800791
2,2022-11-14,7019.39,7065.147947117753,Latih,7071.8258305538375,6973.964147492105
2,2022-11-15,7035.5,7008.12808561629,Latih,7024.395177754225,6973.064074609334
2,2022-11-16,7014.38,7023.704462729754,Latih,7030.940872934522,6974.223457086141
2,2022-11-17,7044.99,7006.939781353532,Latih,7014.38232093817,6968.972067877108
2,2022-11-18,7082.18,7031.466621679129,Latih,7038.616983965699,6975.5048043037
2,2022-11-21,7063.25,7067.050821273394,Latih,7074.012541771599,6985.925615241584
2,2022-11-22,7030.59,7054.3635287965,Latih,7061.5772948122685,6986.497638843712
2,2022-11-23,7054.12,7023.931128819646,Latih,7031.334074703517,6975.8917284757445
2,2022-11-24,7080.52,7041.096365721289,Latih,7048.226146457856,6979.8192173278885
2,2022-11-25,7053.15,7066.541618480749,Latih,7073.542753319808,6986.579292444047
2,2022-11-28,7017.36,7045.38351603872,Latih,7052.66821890003,6983.322385466155
2,2022-11-29,7012.07,7011.353470089495,Latih,7018.825917939605,6971.502656887824
2,2022-11-30,7081.31,7003.060047078191,Latih,7010.46631112045,6964.483227337651
2,2022-12-01,7020.8,7062.907517606086,Latih,7069.7784371483995,6982.43446421748
2,2022-12-02,7019.64,7011.198682484686,Latih,7024.7788286078585,6973.304506572539
2,2022-12-05,6987.33,7010.016252259075,Latih,7017.375882723988,6968.434705578143
2,2022-12-06,6892.57,6981.716127766426,Latih,6989.314844995198,6954.344459862761
2,2022-12-07,6818.75,6876.9675397101455,Latih,6894.464570030614,6907.08688937907
2,2022-12-08,6804.23,6806.950137922498,Latih,6823.6380980959875,6855.9890886408475
2,2022-12-09,6715.12,6801.362291936905,Latih,6809.7415162465295,6834.612615504897
2,2022-12-12,6734.45,6700.681777274477,Latih,6716.676231134852,6793.4286649108235
2,2022-12-13,6810.32,6729.845822417459,Latih,6738.442408521496,6783.426300649671
2,2022-12-14,6801.75,6798.007230246694,Latih,6806.091429919632,6819.921155361567
2,2022-12-15,6751.86,6798.332544288666,Latih,6806.705446161362,6831.819129701888
2,2022-12-16,6812.19,6744.3902859021955,Latih,6760.2961583856,6808.67102902654
2,2022-12-19,6779.7,6801.428161864908,Latih,6809.549825339647,6824.296236876284
2,2022-12-20,6768.32,6775.311789151458,Latih,6787.836648807257,6822.749549087618
2,2022-12-21,6820.66,6766.026774861839,Latih,6774.5600693366205,6811.202133697006
2,2022-12-22,6824.43,6810.507943574223,Latih,6818.614720176194,6831.305913731193
2,2022-12-23,6800.67,6819.177192862961,Latih,6827.410395783519,6843.664887887574
2,2022-12-26,6835.81,6797.821682416828,Latih,6807.263928090068,6834.252146920001
2,2022-12-27,6923.03,6827.047707619702,Latih,6835.136368870473,6844.440888550616
2,2022-12-28,6850.52,6906.733998750494,Latih,6914.271890548812,6889.046734822436
2,2022-12-29,6860.08,6838.926086889542,Latih,6855.860106443503,6875.861539227408
2,2022-12-30,6850.62,6853.341108567157,Latih,6861.395018834809,6865.077658985893
2,2023-01-02,6850.98,6846.072906817831,Latih,6854.226092797258,6862.9840579829015
2,2023-01-03,6888.76,6845.414342057742,Latih,6853.536857492068,6861.196758871118
2,2023-01-04,6813.24,6878.403203712744,Latih,6886.243204864306,6877.467909027081
2,2023-01-05,6653.84,6801.141544724138,Latih,6817.801367811296,6852.844819688239
2,2023-01-06,6684.56,6626.908825531163,Latih,6643.099258121337,6769.005629134801
2,2023-01-09,6688.27,6690.562078000324,Latih,6692.242949423807,6749.459602379674
2,2023-01-10,6622.5,6692.716739843653,Latih,6695.278481429236,6757.355395674134
2,2023-01-11,6584.45,6633.282161440187,Latih,6641.999086835766,6729.91956176164
2,2023-01-12,6629.93,6616.19824744404,Latih,6625.880773745559,6700.1074107834875
2,2023-01-13,6641.83,6657.4059968565525,Latih,6659.776989174796,6711.796172995438
2,2023-01-16,6688.06,6663.276233814968,Latih,6666.34492498429,6726.232684232614
2,2023-01-17,6767.34,6692.901615073846,Latih,6694.596151480691,6748.495116868192
2,2023-01-18,6765.79,6755.750595273698,Latih,6764.0202755165365,6791.973091957897
2,2023-01-19,6819.91,6762.549367291059,Latih,6771.065106914369,6807.580610436233
2,2023-01-20,6874.93,6809.593678838345,Latih,6817.698572161231,6830.465096879637
2,2023-01-24,6860.85,6863.146356284062,Latih,6870.998307289819,6865.161599425117
2,2023-01-25,6829.93,6856.522235981861,Latih,6864.642554257253,6870.417853771786
2,2023-01-26,6864.82,6825.7779739565,Latih,6836.416953808403,6854.271784735062
2,2023-01-27,6898.98,6855.358548867145,Latih,6863.315963501672,6862.883773371616
2,2023-01-30,6872.48,6888.740029371424,Latih,6896.544180960401,6884.690127378744
2,2023-01-31,6839.34,6869.079582201879,Latih,6877.242677816492,6880.34015625183
2,2023-02-01,6862.26,6834.783455821907,Latih,6845.783823478259,6860.693116235772
2,2023-02-02,6890.57,6854.093119841852,Latih,6862.097616453508,6863.71761760656
2,2023-02-03,6911.73,6881.141581182522,Latih,6889.00133434449,6880.559109865469
2,2023-02-06,6873.79,6902.507942903385,Latih,6910.292566681848,6895.441498636051
2,2023-02-07,6935.3,6868.346403718035,Latih,6879.7239428511675,6883.518682947797
2,2023-02-08,6940.12,6921.340644075024,Latih,6928.89873628353,6902.102522240326
2,2023-02-09,6897.37,6931.868465620924,Latih,6939.572220498671,6916.793758183764
2,2023-02-10,6880.33,6891.0471359307,Latih,6903.116219627902,6899.4550129864065
2,2023-02-13,6900.14,6875.819838047665,Latih,6883.860296321852,6883.375195017499
2,2023-02-14,6941.85,6891.346353105349,Latih,6899.1876770362705,6888.370839410765
2,2023-02-15,6914.54,6929.76260088389,Latih,6937.3494130984445,6910.31893258904
2,2023-02-16,6895.66,6910.230889291809,Latih,6918.146019826876,6907.171323058054
2,2023-02-17,6895.71,6890.955953834994,Latih,6898.932089160427,6893.471678392931
2,2023-02-20,6894.72,6889.058527736706,Latih,6896.978456149443,6889.618040984912
2,2023-02-21,6873.4,6888.200178453667,Latih,6896.127707242712,6889.203854106112
2,2023-02-22,6809.97,6869.503028536181,Latih,6877.5876317689235,6879.8602339649615
2,2023-02-23,6839.45,6800.032450282903,Latih,6816.546005361113,6848.290266160704
2,2023-02-24,6856.58,6831.178635453021,Latih,6839.267520903683,6847.910247345306
2,2023-02-27,6854.78,6849.150319362916,Latih,6857.197727833727,6861.305002578536
2,2023-02-28,6843.24,6849.34147219006,Latih,6857.453046669701,6864.049209245483
2,2023-03-01,6844.94,6839.091187689341,Latih,6847.284101889469,6858.732263988295
2,2023-03-02,6857.42,6839.387490265406,Latih,6847.533524268307,6857.092533244827
2,2023-03-03,6813.64,6850.447382992842,Latih,6858.504745938817,6862.791941096226
2,2023-03-06,6807.0,6807.206712277862,Latih,6821.968257307146,6846.583835949637
2,2023-03-07,6766.76,6803.252924778493,Latih,6811.596232265564,6834.751350397503
2,2023-03-08,6776.37,6760.99974248382,Latih,6776.098528989283,6816.136593939993
2,2023-03-09,6799.79,6771.717640697388,Latih,6780.1522648001,6811.99746039066
2,2023-03-10,6765.3,6793.132653794617,Latih,6801.419888888927,6824.010651055012
2,2023-03-13,6786.96,6760.56744025382,Latih,6774.0735107329765,6814.030818882916
2,2023-03-14,6641.81,6780.804193243413,Latih,6789.154989006847,6816.238021970723
2,2023-03-15,6628.14,6623.090247381113,Latih,6633.384329330557,6758.45415450039
2,2023-03-16,6565.73,6652.047232714679,Latih,6657.723206072462,6722.801764509251
2,2023-03-17,6678.24,6603.721523504858,Latih,6612.640573509751,6693.239248899834
2,2023-03-20,6612.49,6695.009161310064,Latih,6695.877409018295,6728.665679030738
2,2023-03-21,6691.61,6626.68757386864,Latih,6635.6426892285135,6723.569380096367
2,2023-03-24,6762.25,6696.589310932474,Latih,6697.26782948287,6743.99511117416
2,2023-03-27,6708.93,6751.676031292999,Latih,6759.994430172171,6790.519491964013
2,2023-03-28,6760.33,6700.885709495413,Latih,6716.475504972358,6782.158539945512
2,2023-03-29,6839.44,6751.782055421496,Latih,6760.16607760879,6793.251233117015
2,2023-03-30,6808.95,6826.0664743763555,Latih,6834.008643418288,6837.717447696662
2,2023-03-31,6805.28,6804.893126341733,Latih,6816.011154100928,6840.882769019044
2,2023-04-03,6827.17,6801.270594181449,Latih,6809.612937608989,6833.051332303321
2,2023-04-04,6833.18,6819.985814610157,Latih,6828.152990662788,6841.682871170378
2,2023-04-05,6819.67,6827.478261090551,Latih,6835.665032213664,6848.752409396209
2,2023-04-06,6792.77,6816.312658114466,Latih,6824.618613899683,6844.193842690624
2,2023-04-10,6771.23,6789.3681134233175,Latih,6799.929385592968,6829.888230559861
2,2023-04-11,6811.31,6768.803781972852,Latih,6778.458681242792,6815.132312947842
2,2023-04-14,6818.57,6783.078544198602,Uji,6791.539085808724,6822.563597697947
2,2023-04-17,6787.58,6810.461579036745,Uji,6818.635122366283,6833.956561783588
2,2023-04-18,6821.81,6783.452599296897,Uji,6795.3252390495245,6827.437367030417
2,2023-04-26,6910.15,6813.491057645116,Uji,6821.646149323617,6835.752021771407
2,2023-04-27,6945.48,6894.060718766793,Uji,6901.6538534182755,6880.651278440696
2,2023-04-28,6915.72,6933.957829245974,Uji,6941.546950719407,6913.929739095019
2,2023-05-02,6863.3,6911.633282030569,Uji,6919.550273424732,6908.422268770382
2,2023-05-03,6812.72,6855.28090844486,Uji,6871.075275112431,6879.840280174654
2,2023-05-04,6844.03,6805.073741773995,Uji,6821.482573083077,6847.396269094981
2,2023-05-05,6787.63,6835.456055495179,Uji,6843.518664718606,6850.438235637285
2,2023-05-08,6769.63,6778.966875135927,Uji,6795.228788256378,6832.684406761562
2,2023-05-09,6779.98,6767.8370544624595,Uji,6776.531548658935,6813.391378373536
2,2023-05-10,6811.9,6775.161351024536,Uji,6783.577344116299,6814.134219872686
2,2023-05-11,6755.94,6804.066187463434,Uji,6812.273181416723,6829.9434734130255
2,2023-05-12,6707.76,6747.383231138313,Uji,6763.382404406395,6812.50350196484
2,2023-05-15,6711.74,6700.634235687571,Uji,6716.163620503862,6780.361824438302
2,2023-05-16,6676.56,6709.2814012870385,Uji,6718.0266767588455,6772.179313113121
2,2023-05-17,6663.11,6677.762293228075,Uji,6686.92849278541,6757.913630982961
2,2023-05-19,6700.56,6675.169174867734,Uji,6678.665986939087,6744.926650511646
2,2023-05-22,6729.65,6700.776725928354,Uji,6703.636922408957,6758.2218609932315
2,2023-05-23,6736.68,6724.162332758328,Uji,6732.751901405773,6778.380009501008
2,2023-05-24,6745.8,6733.284645186983,Uji,6741.907462678277,6787.364595936566
2,2023-05-25,6704.23,6741.961898411833,Uji,6750.537006166303,6792.717480436296
2,2023-05-26,6687.0,6698.287221547681,Uji,6713.722397569735,6776.76720516446
2,2023-05-29,6681.1,6689.830054145918,Uji,6696.2607235720925,6760.848116097476
2,2023-05-30,6636.42,6688.089937901214,Uji,6689.563267485515,6754.7822086841115
2,2023-05-31,6633.26,6648.551356677871,Uji,6656.983015737023,6734.415800897501
2,2023-06-05,6633.44,6657.719260154378,Uji,6660.963410158468,6723.8905576503485
2,2023-06-06,6618.92,6657.8586115966855,Uji,6661.126638889176,6723.319139387926
2,2023-06-07,6619.75,6645.722295957144,Uji,6652.188405781101,6717.130998193939
2,2023-06-08,6666.33,6649.166673278968,Uji,6652.940215275895,6714.506637578776
2,2023-06-09,6694.02,6679.099892198309,Uji,6681.590607258395,6734.647029455177
2,2023-06-12,6722.37,6696.54903342204,Uji,6698.322376090604,6756.078891174222
2,2023-06-13,6719.01,6717.140324909409,Uji,6725.765205039701,6773.916570809213
2,2023-06-14,6699.72,6717.124350667169,Uji,6725.858270414493,6778.294813542394
2,2023-06-15,6713.79,6697.758143434691,Uji,6708.822890089769,6769.3350684547695
2,2023-06-16,6698.55,6710.242826470007,Uji,6718.948967850824,6771.408020647791
2,2023-06-19,6686.06,6698.0205469872235,Uji,6707.259095849413,6767.762082018879
2,2023-06-20,6660.46,6690.579117192046,Uji,6694.847165678756,6759.27929977956
2,2023-06-21,6702.63,6669.912976571037,Uji,6676.87752198787,6745.740384016359
2,2023-06-22,6652.26,6702.127059452402,Uji,6705.146549955624,6758.56540248635
2,2023-06-23,6639.73,6657.352648492468,Uji,6665.395057305706,6745.625795452022
2,2023-06-26,6664.67,6660.018620607418,Uji,6664.681922292126,6729.9155261636
2,2023-06-27,6661.88,6677.883349959269,Uji,6680.23740397574,6738.036203158818
2,2023-07-03,6696.72,6675.903373461082,Uji,6678.106451270893,6741.958938973271
2,2023-07-04,6681.75,6698.317768782842,Uji,6700.186396405118,6756.323089695598
2,2023-07-05,6718.98,6687.020997660474,Uji,6690.926761543171,6757.0559094596165
2,2023-07-06,6757.33,6712.922093638499,Uji,6721.5361224940625,6769.944802478579
2,2023-07-07,6716.46,6750.198666110659,Uji,6758.634926872577,6794.027794279785
2,2023-07-10,6731.04,6710.631420931239,Uji,6726.159415708205,6784.37704270783
2,2023-07-11,6796.92,6727.009379915318,Uji,6735.635515565001,6782.239386426239
2,2023-07-12,6808.21,6785.969108554452,Uji,6794.1438401434125,6813.476327712271
2,2023-07-13,6810.21,6802.589360360833,Uji,6810.874129256341,6831.838366052543
2,2023-07-14,6869.57,6805.494475289615,Uji,6813.797606156203,6835.013081350362
2,2023-07-17,6867.14,6857.474099039474,Uji,6865.337573919634,6860.872722768525
2,2023-07-18,6830.2,6861.457368824521,Uji,6869.514619670551,6872.014426036219
2,2023-07-20,6864.19,6824.973141187464,Uji,6837.315703911818,6855.678549371698
2,2023-07-21,6880.8,6854.836790880599,Uji,6862.799765672426,6862.669079555909
2,2023-07-24,6899.4,6872.818563785594,Uji,6880.75736982916,6876.7665893477615
2,2023-07-25,6917.71,6890.74921911542,Uji,6898.5974932429635,6888.15002493803
2,2023-07-26,6948.28,6908.631514528737,Uji,6916.3973503563275,6899.8176114702665
2,2023-07-27,6896.66,6937.177205162097,Uji,6944.767671834877,6916.681837598132
2,2023-07-28,6900.23,6888.75446784441,Uji,6903.365328126893,6900.8254348206965
2,2023-07-31,6931.36,6893.103721531673,Uji,6900.992665519461,6891.7611229038675
2,2023-08-01,6886.5,6920.622464563894,Uji,6928.288284820068,6905.840068944738
2,2023-08-02,6854.51,6879.810035609346,Uji,6892.790424603863,6892.996800603612
2,2023-08-03,6898.08,6850.145363319554,Uji,6860.384101525882,6870.074469218593
2,2023-08-04,6852.84,6886.895043627663,Uji,6894.675497288152,6882.188146274132
2,2023-08-07,6886.37,6846.1117382389675,Uji,6860.164834032395,6871.735252331834
2,2023-08-08,6868.81,6876.509880472463,Uji,6884.373310512645,6876.825015839379
2,2023-08-09,6875.11,6864.64114179794,Uji,6872.735520145934,6876.17855787341
2,2023-08-10,6893.28,6868.330709725658,Uji,6876.325879621845,6875.275368612151
2,2023-08-11,6879.98,6884.8263736525605,Uji,6892.703771345957,6884.358401219887
2,2023-08-14,6910.17,6875.094058160227,Uji,6883.12505519901,6882.385666378183
2,2023-08-15,6915.1,6900.058536673233,Uji,6907.823565381214,6892.599114836796
2,2023-08-16,6900.54,6907.462312096701,Uji,6915.279579379307,6900.90915106003
2,2023-08-18,6859.91,6895.26989603941,Uji,6903.211033761844,6895.678791800781
2,2023-08-21,6866.03,6853.998440227845,Uji,6866.538433376292,6875.271265754145
2,2023-08-22,6916.45,6859.4961130172405,Uji,6867.533118613104,6869.555827610533
2,2023-08-23,6921.41,6904.101802349135,Uji,6911.7784290400605,6892.428296939774
2,2023-08-24,6899.39,6913.611554609583,Uji,6921.400012206184,6904.903361799762
2,2023-08-25,6895.44,6894.915570531532,Uji,6902.8840158007,6896.480866911157
2,2023-08-28,6921.73,6889.206499664826,Uji,6897.1394765112245,6890.26783952926
2,2023-08-29,6957.83,6911.730652043269,Uji,6919.454607331204,6900.728311427876
2,2023-08-30,6966.66,6945.92010411506,Uji,6953.450754256896,6921.601276448417
2,2023-08-31,6953.26,6957.333044410996,Uji,6964.904140213185,6932.796339290191
2,2023-09-01,6977.65,6946.553289447477,Uji,6954.251147868089,6928.863783520508
2,2023-09-04,6996.75,6966.448653262907,Uji,6973.923836351687,6936.570071857025
2,2023-09-05,6991.71,6985.615322592314,Uji,6993.019210115728,6949.764728687456
2,2023-09-06,6995.95,6983.183067653831,Uji,6990.681253651437,6951.524159752777
2,2023-09-07,6954.81,6986.363029229101,Uji,6993.814491969404,6952.307559012226
2,2023-09-08,6924.78,6948.724127312949,Uji,6958.68927439218,6935.53998545741
2,2023-09-11,6963.39,6920.4946706259725,Uji,6928.371261199761,6914.221467993306
2,2023-09-12,6933.97,6951.0830688870465,Uji,6958.581030684762,6924.610980626392
2,2023-09-13,6935.48,6929.392312343765,Uji,6937.225273618747,6919.92249008392
2,2023-09-14,6959.33,6927.684671453286,Uji,6935.419343496014,6914.531469182716
2,2023-09-15,6982.79,6948.641980472854,Uji,6956.202045640402,6925.066487545121
2,2023-09-18,6936.08,6971.555881941968,Uji,6979.010393800791,6940.019588961353
2,2023-09-19,6980.32,6929.016261866439,Uji,6941.101667315712,6924.808904290247
2,2023-09-20,7011.68,6967.011215629631,Uji,6974.415506712849,6934.188598193873
2,2023-09-21,6991.47,6998.9118110132795,Uji,7006.211490427314,6956.444181522779
2,2023-09-22,7016.84,6984.508671929892,Uji,6992.052774065193,6954.4856161141915
2,2023-09-25,6998.38,7004.558688830196,Uji,7011.852628727019,6961.053193203859
2,2023-09-26,6923.8,6991.066070344505,Uji,6998.573627897558,6958.507224080615
2,2023-09-27,6937.83,6911.772285963045,Uji,6929.324200416851,6922.743978453326
2,2023-09-29,6939.89,6928.688817925501,Uji,6936.375780231406,6913.451632827268
2,2023-10-02,6961.46,6931.9279458520305,Uji,6939.640915345301,6917.214402019428
2,2023-10-03,6940.89,6950.953167470148,Uji,6958.510273199134,6926.884838341821
2,2023-10-04,6886.58,6935.229535868217,Uji,6943.004832931211,6922.493143615174
2,2023-10-05,6874.83,6878.203150149923,Uji,6893.867548140629,6894.987112716778
2,2023-10-06,6888.52,6869.913426436822,Uji,6877.963211426479,6878.802593398732
2,2023-10-09,6891.46,6880.645875223321,Uji,6888.558158419771,6882.26015927915
2,2023-10-10,6922.19,6884.617621133966,Uji,6892.548311141475,6886.330463461918
2,2023-10-11,6931.75,6911.722692947135,Uji,6919.431425062465,6900.1086453488915
2,2023-10-12,6935.15,6923.220291121947,Uji,6930.948125067998,6910.514524574028
2,2023-10-13,6926.78,6927.168608143974,Uji,6934.899177328695,6913.934357612776
2,2023-10-16,6896.29,6920.217851020443,Uji,6928.021307589758,6911.043748416947
2,2023-10-17,6939.62,6892.156521831795,Uji,6900.771425066933,6896.2539990413625
2,2023-10-18,6927.91,6927.421774660993,Uji,6935.013922832955,6908.572662057326
2,2023-10-19,6846.43,6921.662976258444,Uji,6929.471163445462,6912.445670335935
2,2023-10-20,6849.17,6833.238516792392,Uji,6850.2279585594315,6875.109662472647
2,2023-10-23,6741.96,6843.404883273877,Uji,6851.528564547636,6859.56079468582
2,2023-10-24,6806.76,6724.267415247283,Uji,6740.659745444381,6814.1594872004125
2,2023-10-25,6834.39,6795.674251019985,Uji,6803.807415949138,6819.936311274205
2,2023-10-26,6714.52,6826.435283197199,Uji,6834.552619614041,6845.082032979168
2,2023-10-27,6758.79,6694.5916674828695,Uji,6710.885596347768,6799.361689048738
2,2023-10-30,6735.89,6751.013587874794,Uji,6759.425679888453,6793.738329800398
2,2023-10-31,6752.21,6733.252024102829,Uji,6744.306356672966,6793.006855235726
2,2023-11-01,6642.42,6747.471498635436,Uji,6755.99616141441,6795.3034692401
2,2023-11-02,6751.39,6633.704223340163,Uji,6641.851406367506,6751.583313428039
2,2023-11-03,6788.85,6737.641633770489,Uji,6745.401192001128,6775.767408170132
2,2023-11-06,6878.84,6781.022586357324,Uji,6789.318072007626,6814.193318963978
2,2023-11-07,6843.79,6863.363426618615,Uji,6871.09417516325,6860.462907787601
2,2023-11-08,6804.11,6838.888555827773,Uji,6850.304365882315,6863.906326654891
2,2023-11-09,6838.23,6798.416933127673,Uji,6812.28609533045,6839.700540573335
2,2023-11-10,6809.26,6829.512090402579,Uji,6837.592770137227,6846.184446263648
2,2023-11-13,6838.31,6805.474140359493,Uji,6816.151234192881,6840.767328495122
2,2023-11-14,6862.06,6830.111354291474,Uji,6838.206651859022,6847.275784073509
2,2023-11-15,6958.21,6853.8127802980325,Uji,6861.815707510451,6863.42044065092
2,2023-11-16,6958.01,6940.116891714086,Uji,6947.468249203018,6907.917370615647
2,2023-11-17,6977.67,6949.8275046569615,Uji,6957.4646945870445,6929.165870453764
2,2023-11-20,6994.89,6966.954537897163,Uji,6974.443531699235,6937.553569519271
2,2023-11-21,6961.79,6983.995074819382,Uji,6991.412952416,6948.971374952844
2,2023-11-22,6906.95,6956.895495903544,Uji,6964.612770034724,6938.314952349414
2,2023-11-23,7004.34,6898.460641629442,Uji,6913.69190785055,6908.009920330689
2,2023-11-24,7009.63,6984.966757147368,Uji,6992.104609080014,6933.671301785161
2,2023-11-27,7013.41,6999.593289002238,Uji,7006.979375054299,6960.764782463961
2,2023-11-28,7041.07,7003.434057336508,Uji,7010.807453674734,6963.471099349314
2,2023-11-29,7036.09,7027.947849228443,Uji,7035.124756782117,6974.118441857154
2,2023-11-30,7080.74,7026.447951957049,Uji,7033.744044172826,6977.04510239547
2,2023-12-01,7059.91,7064.879893727965,Uji,7071.826099593707,6984.782464836891
2,2023-12-04,7093.6,7051.3023034835505,Uji,7058.536875249213,6985.4253804445825
2,2023-12-05,7100.85,7078.545280649731,Uji,7085.465434488127,6989.331973866877
2,2023-12-06,7087.4,7088.332413015435,Uji,7095.29767587192,6993.956903740224
3,2022-01-05,6662.3,6693.505217230635,Latih,6702.434067573267,6823.271934833859
3,2022-01-06,6653.35,6664.265179534567,Latih,6671.184033013596,6823.271934833859
3,2022-01-07,6701.32,6653.393653950628,Latih,6660.728908282382,6823.271934833859
3,2022-01-10,6691.12,6701.058735761362,Latih,6709.933553930242,6823.271934833859
3,2022-01-11,6647.97,6690.967016633616,Latih,6697.369918903279,6823.271934833859
3,2022-01-12,6647.06,6650.881673530873,Latih,6658.067683600125,6823.271934833859
3,2022-01-13,6658.36,6646.489401489506,Latih,6654.126339194711,6823.271934833859
3,2022-01-14,6693.4,6656.690995378878,Latih,6665.971789105548,6823.271934833859
3,2022-01-17,6645.05,6692.119112613963,Latih,6701.150545616763,6823.271934833859
3,2022-01-18,6614.06,6648.4144321993845,Latih,6655.629061384734,6823.271934833859
3,2022-01-19,6591.98,6616.23637263552,Latih,6624.350020964153,6823.271934833859
3,2022-01-20,6626.87,6594.648649954687,Latih,6602.321426012483,6823.271934833859
3,2022-01-21,6726.37,6628.107050639101,Latih,6639.296424408639,6823.271934833859
3,2022-01-24,6655.17,6730.4202897984005,Latih,6738.882311127804,6823.271934833859
3,2022-01-25,6568.17,6662.686386321498,Latih,6667.121833656891,6823.271934833859
3,2022-01-26,6600.82,6601.630556850587,Latih,6606.6857571424225,6823.271934833859
3,2022-01-27,6611.16,6602.820083002751,Latih,6614.837443785077,6823.271934833859
3,2022-01-28,6645.51,6610.486707576035,Latih,6621.995266323022,6823.271934833859
3,2022-01-31,6631.15,6645.982115605931,Latih,6656.562366296363,6823.271934833859
3,2022-02-02,6707.65,6631.81685260699,Latih,6639.6497017820275,6823.271934833859
3,2022-02-03,6683.85,6710.06293968739,Latih,6718.95385540845,6823.271934833859
3,2022-02-04,6731.39,6684.878252041355,Latih,6691.347069078998,6823.271934833859
3,2022-02-07,6804.94,6729.939807011805,Latih,6737.835432156347,6823.271934833859
3,2022-02-08,6789.52,6803.346954212816,Latih,6809.057684158715,6856.73690737758
3,2022-02-09,6834.61,6789.016949133903,Latih,6792.974704971343,6834.068796249067
3,2022-02-10,6823.64,6828.979144841467,Latih,6833.505964842474,6866.258474972288
3,2022-02-11,6815.61,6822.498400369619,Latih,6825.659686093961,6851.367521765866
3,2022-02-14,6734.49,6814.289254097375,Latih,6817.670726534758,6847.977238272764
3,2022-02-15,6807.5,6739.851437577032,Latih,6744.613645043694,6823.271934833859
3,2022-02-16,6850.2,6805.754322963388,Latih,6811.377749471697,6857.885573099592
3,2022-02-17,6835.12,6844.413737943805,Latih,6847.733645091094,6873.407200599651
3,2022-02-18,6892.82,6834.22676749233,Latih,6837.0740612692,6856.230282883683
3,2022-02-21,6902.96,6886.261185695572,Latih,6888.996827926679,6896.627740259811
3,2022-02-22,6861.99,6899.444632531448,Latih,6900.842653372332,6893.4208971175985
3,2022-02-23,6920.06,6863.022194384376,Latih,6865.001117143074,6864.833527724484
3,2022-02-24,6817.82,6912.501765148686,Latih,6914.356279387818,6909.894813655064
3,2022-02-25,6888.17,6824.264535011684,Latih,6826.819068570768,6832.959993267691
3,2022-03-01,6921.44,6883.080820560497,Latih,6886.065638550563,6896.534047125324
3,2022-03-02,6868.4,6915.867140033888,Latih,6917.00374380176,6906.328600507424
3,2022-03-04,6928.33,6870.378461850922,Latih,6872.1017967337775,6865.879375376443
3,2022-03-07,6869.07,6920.646947192001,Latih,6922.247510214495,6914.221154113458
3,2022-03-08,6814.18,6871.556990998428,Latih,6873.212931394022,6865.141937094669
3,2022-03-09,6864.44,6816.741776706013,Latih,6819.773676673208,6839.2816903368
3,2022-03-10,6924.01,6858.201605266074,Latih,6861.800484337846,6881.600697719497
3,2022-03-11,6922.6,6916.454588588523,Latih,6918.192586144256,6912.065629100547
3,2022-03-14,6952.2,6919.8828739631645,Latih,6920.7066292030095,6900.968429511234
3,2022-03-15,6918.19,6946.686060622981,Latih,6947.0415968102725,6920.611972008991
3,2022-03-16,6992.4,6918.20103848015,Latih,6918.864961617636,6893.263620893998
3,2022-03-17,6964.38,6983.736527504977,Latih,6983.368660323676,6947.716079762628
3,2022-03-18,6954.96,6963.529391320997,Latih,6963.114845722371,6916.6759859809745
3,2022-03-21,6955.18,6952.647625407032,Latih,6952.615609662585,6915.286238116072
3,2022-03-22,7000.82,6952.069503567866,Latih,6952.111249587588,6917.039167384552
3,2022-03-23,6996.12,6993.594955436049,Latih,6992.89509305602,6946.918511070064
3,2022-03-24,7049.69,6993.0908644009205,Latih,6992.0927264857855,6936.043560832788
3,2022-03-25,7002.53,7041.421724603239,Latih,7039.593867731158,6971.9611905050815
3,2022-03-28,7049.6,7002.957677407919,Latih,7001.4546413380485,6931.899629405785
3,2022-03-29,7011.69,7041.8694517857475,Latih,7039.990432498518,6970.807547545487
3,2022-03-30,7053.19,7011.280784484803,Latih,7009.630000686705,6937.919374061575
3,2022-03-31,7071.44,7045.891104592149,Latih,7043.878776049678,6971.596506962234
3,2022-04-01,7078.76,7065.916907904215,Latih,7063.268210390873,6976.472271673734
3,2022-04-04,7116.22,7074.08172985799,Latih,7071.164665075012,6978.1539053768465
3,2022-04-05,7148.3,7108.7544223750365,Latih,7105.170093876195,7001.458766616045
3,2022-04-06,7104.22,7141.024140459376,Latih,7136.612514362411,7016.090006668627
3,2022-04-07,7127.37,7103.585762925815,Latih,7099.625451209617,6981.717248765882
3,2022-04-08,7210.83,7120.99806810744,Latih,7117.024125037863,7004.419729737698
3,2022-04-11,7203.79,7198.813097267235,Latih,7193.296389907086,7055.174145922726
3,2022-04-12,7214.78,7199.305260868157,Latih,7193.218009625161,7036.3067386079465
3,2022-04-13,7262.78,7208.718517495479,Latih,7202.510870910968,7044.712889324491
3,2022-04-14,7235.53,7253.279949768874,Latih,7246.204111526104,7074.2999660319765
3,2022-04-18,7275.29,7232.462810521215,Latih,7225.434816535203,7048.240584930842
3,2022-04-19,7199.23,7266.371340129469,Latih,7258.922433267924,7078.956687449881
3,2022-04-20,7227.36,7200.483296775903,Latih,7193.941054273928,7022.309670367302
3,2022-04-21,7276.19,7219.7826924408355,Latih,7213.408510177222,7053.737742060488
3,2022-04-22,7225.61,7266.514917739723,Latih,7259.118473652694,7080.9418429655525
3,2022-04-25,7215.98,7224.5489130855485,Latih,7217.5716331149015,7039.447958442036
3,2022-04-26,7232.15,7211.6124896896745,Latih,7205.206291681614,7041.773180352513
3,2022-04-27,7196.76,7225.522658052532,Latih,7218.933468093363,7054.017184804743
3,2022-04-28,7228.91,7194.673111758316,Latih,7188.524878144944,7028.057707175078
3,2022-05-09,6909.75,7220.988304935185,Latih,7214.609235113946,7055.175580802029
3,2022-05-10,6819.79,6956.371226878218,Latih,6951.602809074572,6840.476675756312
3,2022-05-11,6816.2,6825.204425795113,Latih,6827.811601488625,6836.011981545126
3,2022-05-12,6599.84,6814.507804151211,Latih,6817.911270597909,6849.021471685507
3,2022-05-13,6597.99,6676.681694592997,Latih,6679.659528756454,6823.271934833859
3,2022-05-17,6644.47,6597.886676499252,Latih,6608.413895507944,6823.271934833859
3,2022-05-18,6793.41,6646.221168739806,Latih,6656.929375913081,6823.271934833859
3,2022-05-19,6823.33,6799.959405958385,Latih,6806.629733858141,6864.022574298421
3,2022-05-20,6918.14,6818.8128680399395,Latih,6822.317224437628,6858.2001479667815
3,2022-05-23,6840.77,6914.408988782214,Latih,6916.611124952482,6915.238326599347
3,2022-05-24,6914.14,6844.977780029811,Latih,6847.176059961952,6848.331541360654
3,2022-05-25,6883.5,6908.370568275497,Latih,6910.535980503605,6909.638059939788
3,2022-05-27,7026.26,6883.50805587296,Latih,6885.0465603656,6877.024060502689
3,2022-05-30,7037.56,7023.311664520563,Latih,7022.377378734411,6975.835319783146
3,2022-05-31,7148.97,7032.88006747252,Latih,7031.001541425052,6958.862939627819
3,2022-06-02,7148.72,7138.145862257557,Latih,7132.985856924132,7029.962150729956
3,2022-06-03,7182.96,7144.111597159582,Latih,7139.4244293964675,7010.772433651745
3,2022-06-06,7096.58,7175.230497202954,Latih,7169.990407668432,7033.259413688245
3,2022-06-07,7141.04,7099.500885750126,Latih,7095.380046911906,6970.790284153873
3,2022-06-08,7193.31,7132.799053574876,Latih,7128.66628730245,7014.685080471098
3,2022-06-09,7182.83,7184.008819738709,Latih,7178.664028855048,7041.355361435477
3,2022-06-10,7086.65,7178.7958583910095,Latih,7173.192071793161,7025.559402948679
3,2022-06-13,6995.44,7090.4593525422315,Latih,7086.5005205453135,6964.303419024997
3,2022-06-14,7049.88,6999.562977176963,Latih,6997.871658038554,6920.940402429449
3,2022-06-15,7007.05,7041.538353386584,Latih,7039.713007553283,6972.201846668178
3,2022-06-16,7050.33,7007.084076403438,Latih,7005.5062472499,6934.830056502272
3,2022-06-17,6936.97,7042.906779841845,Latih,7040.978840138379,6970.514159568006
3,2022-06-20,6976.38,6943.38709374552,Latih,6942.941518881968,6888.815943454547
3,2022-06-21,7044.07,6969.8636660039965,Latih,6969.709326798969,6934.007893081654
3,2022-06-22,6984.31,7034.679944198194,Latih,7033.105164163175,6971.648341977054
3,2022-06-23,6998.27,6985.923238722738,Latih,6984.761659086998,6920.9162112612
3,2022-06-24,7042.94,6993.682303713617,Latih,6992.784786709604,6940.272374338558
3,2022-06-27,7016.06,7035.460608218971,Latih,7033.7244939423235,6967.169411072784
3,2022-06-28,6996.46,7014.704899741471,Latih,7013.0379287112355,6941.921230017593
3,2022-06-29,6942.35,6994.65909779912,Latih,6993.530430707392,6933.663858348777
3,2022-06-30,6911.58,6943.829664330533,Latih,6943.738863374641,6901.5420225126
3,2022-07-01,6794.33,6911.3758332956295,Latih,6912.227725621806,6890.612905581636
3,2022-07-04,6639.17,6802.201023729474,Latih,6805.205885189804,6823.271934833859
3,2022-07-05,6703.27,6683.148000591859,Latih,6685.94597039269,6823.271934833859
3,2022-07-06,6646.41,6704.5826648095435,Latih,6713.519451828321,6823.271934833859
3,2022-07-07,6652.59,6650.46666832247,Latih,6657.578266447869,6823.271934833859
3,2022-07-08,6740.22,6651.389777744051,Latih,6660.0458160542075,6823.271934833859
3,2022-07-11,6722.15,6742.530032145852,Latih,6750.45040895837,6827.7699899888385
3,2022-07-12,6718.29,6722.400783004036,Latih,6727.981555483065,6823.271934833859
3,2022-07-13,6640.99,6717.397515814473,Latih,6723.189125871083,6823.271934833859
3,2022-07-14,6690.09,6654.113094586145,Latih,6657.71437820175,6823.271934833859
3,2022-07-15,6651.9,6690.371821972744,Latih,6699.619843280333,6823.271934833859
3,2022-07-18,6659.25,6654.370717076,Latih,6661.50147868709,6823.271934833859
3,2022-07-19,6736.09,6657.900239911464,Latih,6666.364733044667,6823.271934833859
3,2022-07-20,6874.74,6737.45475195127,Latih,6745.425383169377,6823.925455096398
3,2022-07-21,6864.13,6877.141182525796,Latih,6881.092189946515,6901.6879766417
3,2022-07-22,6886.96,6862.637153491417,Latih,6864.812923754494,6871.055523102026
3,2022-07-25,6858.41,6882.52336995129,Latih,6884.416087851865,6887.832378532334
3,2022-07-26,6871.54,6858.444615528027,Latih,6860.612785414794,6865.219218797128
3,2022-07-27,6898.22,6868.027120653133,Latih,6870.2167464694785,6878.701434407872
3,2022-07-28,6956.82,6893.375922619446,Latih,6895.025338798209,6893.947878961607
3,2022-07-29,6951.12,6948.873668640307,Latih,6949.354308366826,6927.803811275411
3,2022-08-01,6968.78,6948.530822166851,Latih,6948.623102842024,6914.0602010116445
3,2022-08-02,6988.16,6964.120830633693,Latih,6963.973576145225,6926.609677815485
3,2022-08-03,7046.63,6983.2048150432665,Latih,6982.598578537758,6936.297355109503
3,2022-08-04,7057.35,7037.981242754522,Latih,7036.268265906635,6971.314687699133
3,2022-08-05,7084.65,7052.5608719921765,Latih,7050.19435246176,6968.356594336086
3,2022-08-08,7086.85,7078.274402341315,Latih,7075.3775155485355,6984.420964932498
3,2022-08-09,7102.88,7082.530478553841,Latih,7079.3739234472005,6981.200961256679
3,2022-08-10,7086.24,7097.290633543801,Latih,7093.856205092143,6991.332868214902
3,2022-08-11,7160.38,7083.481713851759,Latih,7080.185437372991,6977.687928323205
3,2022-08-12,7129.28,7149.533557645756,Latih,7145.172107484418,7029.1281271351
3,2022-08-15,7093.28,7127.374492369965,Latih,7122.908878939226,6996.08110802835
3,2022-08-16,7133.45,7092.065161842178,Latih,7088.438190524052,6977.7942439115595
3,2022-08-18,7186.56,7125.62371542044,Latih,7121.64102855511,7010.273364694178
3,2022-08-19,7172.43,7177.243005105339,Latih,7172.069906498275,7038.226920995179
3,2022-08-22,7107.98,7168.779997296414,Latih,7163.400186389765,7019.894947860302
3,2022-08-23,7163.27,7108.9987105763685,Latih,7104.779447985959,6980.061173850353
3,2022-08-24,7194.71,7153.957873456557,Latih,7149.371192084629,7027.309955698313
3,2022-08-25,7174.21,7187.118472228133,Latih,7181.568538444124,7038.476769353811
3,2022-08-26,7135.25,7171.072037623009,Latih,7165.596538202843,7019.669940849603
3,2022-08-29,7132.04,7133.946463777499,Latih,7129.270550848917,6997.632660954652
3,2022-08-30,7159.47,7127.808588199095,Latih,7123.504353849962,7002.181766424833
3,2022-08-31,7178.59,7152.489543529828,Latih,7147.767131543833,7020.710228344263
3,2022-09-01,7153.1,7172.144251182161,Latih,7166.88676373609,7028.559107811512
3,2022-09-02,7177.18,7150.541919075925,Latih,7145.5407817853265,7008.585274034202
3,2022-09-05,7231.88,7170.335675500712,Latih,7165.153339858135,7028.722594372096
3,2022-09-06,7233.15,7222.071773328868,Latih,7215.805296692935,7060.466115312046
3,2022-09-07,7186.76,7227.745644812672,Latih,7221.009693604795,7051.9573707253385
3,2022-09-08,7232.02,7185.661262616002,Latih,7179.666874967896,7021.331934642257
3,2022-09-09,7242.66,7222.990544482557,Latih,7216.6431765259185,7058.92196098215
3,2022-09-12,7254.46,7236.406083045691,Latih,7229.514940673202,7058.167214468784
3,2022-09-13,7318.02,7248.0165434456785,Latih,7240.846810288519,7064.08510511405
3,2022-09-14,7278.08,7306.795925692419,Latih,7298.49909484277,7103.73337613411
3,2022-09-15,7305.6,7275.723300506567,Latih,7267.552380315755,7066.698468724556
3,2022-09-16,7168.87,7297.451857151487,Latih,7289.162559418179,7091.558470088314
3,2022-09-19,7195.49,7175.376361652098,Latih,7169.077555391869,6997.23259866899
3,2022-09-20,7196.95,7188.290499578798,Latih,7182.681959943257,7038.031732569996
3,2022-09-21,7188.31,7191.817343225563,Latih,7185.96680222758,7034.442785553399
3,2022-09-22,7218.91,7184.080384343945,Latih,7178.357861483775,7028.52996182567
3,2022-09-23,7178.58,7211.195746932116,Latih,7205.04809623846,7050.063643925255
3,2022-09-26,7127.5,7177.045619521223,Latih,7171.300631831965,7018.401776585639
3,2022-09-27,7112.45,7127.259253625944,Latih,7122.673110333755,6991.80624386495
3,2022-09-28,7077.03,7109.35222896464,Latih,7105.42917927034,6990.664079939779
3,2022-09-29,7036.2,7075.896224416562,Latih,7072.6707951033795,6970.016480649763
3,2022-09-30,7040.8,7035.837443395916,Latih,7033.564325540128,6949.301352352551
3,2022-10-03,7009.72,7036.647836322251,Latih,7034.635238739911,6959.2892333007385
3,2022-10-04,7072.26,7008.762167748272,Latih,7007.215592059551,6938.130816978862
3,2022-10-05,7075.38,7063.071542246408,Latih,7060.76622928626,6984.433251086529
3,2022-10-06,7076.62,7071.075478358336,Latih,7068.206526871987,6975.79823712116
3,2022-10-07,7026.78,7072.460988845297,Latih,7069.5462557411865,6976.07830762511
3,2022-10-10,6994.4,7027.236507813992,Latih,7025.1194779223815,6943.1965238380935
3,2022-10-11,6939.15,6993.671273078975,Latih,6992.488035733757,6930.482865454007
3,2022-10-12,6909.21,6940.749247506907,Latih,6940.727231077602,6899.796267640635
3,2022-10-13,6880.63,6908.956088711069,Latih,6909.872662705825,6889.6058445108365
3,2022-10-14,6814.53,6880.490684058708,Latih,6882.116133269114,6875.984669807594
3,2022-10-17,6831.12,6818.015075147483,Latih,6820.946466303501,6837.536966784334
3,2022-10-18,6834.49,6827.642240890896,Latih,6830.8470438140985,6859.699776198307
3,2022-10-19,6860.42,6832.077609756327,Latih,6835.0916409922,6859.0756485414895
3,2022-10-20,6980.65,6855.937993485668,Latih,6858.504118179122,6875.497214404386
3,2022-10-21,7017.77,6977.136262071187,Latih,6977.507178371007,6949.879519031695
3,2022-10-24,7053.04,7011.114203965723,Latih,7009.930607900678,6953.679572665743
3,2022-10-25,7048.38,7046.25695397443,Latih,7044.197139895026,6970.459858354384
3,2022-10-26,7043.94,7044.932650057737,Latih,7042.658949282233,6961.3820944440895
3,2022-10-27,7091.76,7040.509679446283,Latih,7038.346240177218,6959.267485911302
3,2022-10-28,7056.04,7083.632734898398,Latih,7080.730601828167,6991.3716099560825
3,2022-10-31,7098.89,7055.097738599842,Latih,7052.382229518955,6959.790902977042
3,2022-11-01,7052.3,7091.116706622909,Latih,7087.999700377057,6993.978965009508
3,2022-11-02,7015.69,7052.285375166004,Latih,7049.572018404071,6956.121692399434
3,2022-11-03,7034.57,7015.141641129315,Latih,7013.403912613451,6940.080279871871
3,2022-11-04,7045.53,7029.287622937622,Latih,7027.544244584503,6958.708017503075
3,2022-11-07,7102.4,7040.814860338036,Latih,7038.73899354643,6962.668105019384
3,2022-11-08,7050.13,7093.440673013996,Latih,7090.352992113899,6998.074558939991
3,2022-11-09,7070.08,7050.601903023784,Latih,7047.894823858802,6954.099857781581
3,2022-11-10,6966.84,7064.427278987831,Latih,7061.825753131575,6976.103328332955
3,2022-11-11,7089.21,6972.183910676891,Latih,6971.092102047259,6905.022905181691
3,2022-11-14,7019.39,7081.781292197773,Latih,7078.6457222009385,7002.866697092115
3,2022-11-15,7035.5,7021.555820653499,Latih,7019.455202193916,6936.202406455625
3,2022-11-16,7014.38,7030.439068738284,Latih,7028.65026748723,6958.685821713858
3,2022-11-17,7044.99,7012.562400742233,Latih,7010.983719629108,6942.090590615323
3,2022-11-18,7082.18,7038.655905066792,Latih,7036.754331270519,6965.762063516431
3,2022-11-21,7063.25,7075.006957968541,Latih,7072.251496467062,6984.912635293659
3,2022-11-22,7030.59,7060.8634423590365,Latih,7058.109639936752,6966.1529784465365
3,2022-11-23,7054.12,7029.597018787326,Latih,7027.527967672409,6947.977227795771
3,2022-11-24,7080.52,7048.29824914283,Latih,7046.115752883022,6968.978524833971
3,2022-11-25,7053.15,7074.251494015523,Latih,7071.44805373735,6982.265372659619
3,2022-11-28,7017.36,7051.540852167671,Latih,7048.964436699216,6959.815968524867
3,2022-11-29,7012.07,7016.73063543743,Latih,7014.958873378098,6941.029788830629
3,2022-11-30,7081.31,7008.96300601071,Latih,7007.5705901671045,6943.674159286073
3,2022-12-01,7020.8,7071.496167033978,Latih,7069.024856474467,6989.964172719773
3,2022-12-02,7019.64,7022.185463627638,Latih,7020.126905067624,6938.475726091316
3,2022-12-05,6987.33,7016.131707848371,Latih,7014.58840547806,6948.048837240985
3,2022-12-06,6892.57,6986.651574488934,Latih,6985.641509139594,6927.06780787294
3,2022-12-07,6818.75,6897.803063348874,Latih,6898.594040564641,6870.470518326204
3,2022-12-08,6804.23,6822.839341144,Latih,6825.60433114085,6838.264136711097
3,2022-12-09,6715.12,6803.535775361092,Latih,6807.14182882938,6841.3527816707265
3,2022-12-12,6734.45,6721.295309391042,Latih,6726.464843219837,6823.271934833859
3,2022-12-13,6810.32,6731.5134548373735,Latih,6737.578028261386,6823.271934833859
3,2022-12-14,6801.75,6808.759184423718,Latih,6814.3132883257,6859.740916878322
3,2022-12-15,6751.86,6800.583914755018,Latih,6804.2993105101905,6841.166763021089
3,2022-12-16,6812.19,6754.5035730594645,Latih,6759.097944487657,6823.271934833859
3,2022-12-19,6779.7,6808.970066841277,Latih,6814.342837871346,6857.993525347152
3,2022-12-20,6768.32,6780.685075841277,Latih,6784.742533370285,6826.3936941174015
3,2022-12-21,6820.66,6767.651506632593,Latih,6772.160009502498,6824.48254698578
3,2022-12-22,6824.43,6816.3011566600535,Latih,6821.336977673803,6860.734682895581
3,2022-12-23,6800.67,6822.0644166404345,Latih,6825.327377015386,6854.267637037077
3,2022-12-26,6835.81,6800.767377525897,Latih,6804.384506468805,6838.049218695498
3,2022-12-27,6923.03,6830.762565295136,Latih,6834.005033800042,6865.140950615148
3,2022-12-28,6850.52,6918.337239913987,Latih,6920.321745249974,6916.31249069755
3,2022-12-29,6860.08,6854.248849086203,Latih,6856.248981154599,6853.887550961712
3,2022-12-30,6850.62,6856.953036072591,Latih,6859.393138007263,6872.536856622439
3,2023-01-02,6850.98,6849.139423248209,Latih,6851.654407946506,6864.703267587761
3,2023-01-03,6888.76,6848.685328788795,Latih,6851.272102292218,6866.5547551283635
3,2023-01-04,6813.24,6883.074049723787,Latih,6885.045484206123,6891.257973508282
3,2023-01-05,6653.84,6817.513517571125,Latih,6820.399104689393,6835.302994229532
3,2023-01-06,6684.56,6696.142671119439,Latih,6698.580721625107,6823.271934833859
3,2023-01-09,6688.27,6683.17428802909,Latih,6692.459055698829,6823.271934833859
3,2023-01-10,6622.5,6686.990528895275,Latih,6693.577140555696,6823.271934833859
3,2023-01-11,6584.45,6635.3161364821435,Latih,6639.437967404881,6823.271934833859
3,2023-01-12,6629.93,6595.073388240862,Latih,6600.309621537257,6823.271934833859
3,2023-01-13,6641.83,6632.132632548594,Latih,6643.304922286431,6823.271934833859
3,2023-01-16,6688.06,6640.2426824689755,Latih,6650.673621636938,6823.271934833859
3,2023-01-17,6767.34,6688.125843513773,Latih,6697.417460490185,6823.271934833859
3,2023-01-18,6765.79,6767.764167077866,Latih,6774.7395861894165,6839.489770255721
3,2023-01-19,6819.91,6764.329536846306,Latih,6768.980429067043,6824.934892686044
3,2023-01-20,6874.93,6815.7615747821665,Latih,6820.835554617379,6860.675112984518
3,2023-01-24,6860.85,6868.778571428101,Latih,6872.073995947282,6887.498365534587
3,2023-01-25,6829.93,6859.669867932836,Latih,6861.897159330884,6868.873004422228
3,2023-01-26,6864.82,6830.386537237799,Latih,6833.230557696259,6851.009519379772
3,2023-01-27,6898.98,6859.562879744807,Latih,6862.095082994739,6879.160147385042
3,2023-01-30,6872.48,6893.511922273381,Latih,6895.204160631343,6895.593640682145
3,2023-01-31,6839.34,6872.2335365897825,Latih,6874.075024815243,6872.38937793408
3,2023-02-01,6862.26,6839.905212653912,Latih,6842.501312872804,6855.191654468217
3,2023-02-02,6890.57,6858.0120442581565,Latih,6860.508532465437,6875.87508090083
3,2023-02-03,6911.73,6885.651989751501,Latih,6887.501526753051,6890.518091447694
3,2023-02-06,6873.79,6907.234637107298,Latih,6908.508944448278,6899.553862718388
3,2023-02-07,6935.3,6874.478203479391,Latih,6876.19389314596,6871.070723854642
3,2023-02-08,6940.12,6927.513001596678,Latih,6928.899610663105,6917.869469261216
3,2023-02-09,6897.37,6936.749095470061,Latih,6937.196217312862,6910.5247705090505
3,2023-02-10,6880.33,6898.268345382854,Latih,6899.36887538825,6881.679100421411
3,2023-02-13,6900.14,6879.239693506402,Latih,6880.967198507232,6877.809970800918
3,2023-02-14,6941.85,6895.848219658478,Latih,6897.3943693674055,6893.705361939415
3,2023-02-15,6914.54,6935.417818936755,Latih,6936.125393793036,6917.663138101446
3,2023-02-16,6895.66,6914.026503768014,Latih,6914.834542595492,6892.638551597639
3,2023-02-17,6895.71,6894.5999867648325,Latih,6895.938101394817,6884.926591003878
3,2023-02-20,6894.72,6893.085785540386,Latih,6894.577970335527,6888.183542821748
3,2023-02-21,6873.4,6892.189524055762,Latih,6893.697380423291,6887.526076641126
3,2023-02-22,6809.97,6872.718301594298,Latih,6874.579855710011,6873.719937027734
3,2023-02-23,6839.45,6813.270713992151,Latih,6816.335302303467,6835.782580216563
3,2023-02-24,6856.58,6834.84125455383,Latih,6837.948418424464,6865.938788347582
3,2023-02-27,6854.78,6852.855469183066,Latih,6855.443117066065,6872.133050198596
3,2023-02-28,6843.24,6852.633578550854,Latih,6855.109866347947,6868.027838092785
3,2023-03-01,6844.94,6841.9898680812485,Latih,6844.667958200313,6860.770779078046
3,2023-03-02,6857.42,6842.582562913335,Latih,6845.327823319771,6863.855836839418
3,2023-03-03,6813.64,6854.072941851654,Latih,6856.601939043143,6871.746148446541
3,2023-03-06,6807.0,6815.2882663920855,Latih,6818.424486568603,6840.917206122315
3,2023-03-07,6766.76,6805.632806622418,Latih,6809.2358782321535,6844.041162564791
3,2023-03-08,6776.37,6768.48804126623,Latih,6772.797835772661,6823.271934833859
3,2023-03-09,6799.79,6773.903589635519,Latih,6778.3877443972515,6831.969097009039
3,2023-03-10,6765.3,6795.996762563319,Latih,6800.022473387749,6845.679727468826
3,2023-03-13,6786.96,6766.564630400565,Latih,6770.957244346765,6823.271934833859
3,2023-03-14,6641.81,6783.414036915629,Latih,6787.738538934916,6839.16015157584
3,2023-03-15,6628.14,6681.274530251935,Latih,6684.124256597624,6823.271934833859
3,2023-03-16,6565.73,6628.7737538552365,Latih,6636.685756801823,6823.271934833859
3,2023-03-17,6678.24,6590.13082877681,Latih,6595.5042724065515,6823.271934833859
3,2023-03-20,6612.49,6685.452304652498,Latih,6695.577328674065,6823.271934833859
3,2023-03-21,6691.61,6627.572625358709,Latih,6631.908959527248,6823.271934833859
3,2023-03-24,6762.25,6694.901399632411,Latih,6704.33323122071,6823.271934833859
3,2023-03-27,6708.93,6761.985123425152,Latih,6769.058629989055,6835.547058230973
3,2023-03-28,6760.33,6712.197793470343,Latih,6717.812095043083,6823.271934833859
3,2023-03-29,6839.44,6758.172267977323,Latih,6765.158672883537,6831.330710239147
3,2023-03-30,6808.95,6837.101436075902,Latih,6841.7356702447305,6874.409396532815
3,2023-03-31,6805.28,6809.537606445583,Latih,6812.897376333508,6840.913439564145
3,2023-04-03,6827.17,6803.681101730497,Latih,6807.350536507996,6843.714637843407
3,2023-04-04,6833.18,6823.285767967139,Latih,6826.630471622382,6858.690204088727
3,2023-04-05,6819.67,6830.55988859359,Latih,6833.62761570338,6858.891513170936
3,2023-04-06,6792.77,6818.769754400882,Latih,6822.007133568261,6849.009409731366
3,2023-04-10,6771.23,6793.189510886998,Latih,6796.973758428723,6833.6836656761525
3,2023-04-11,6811.31,6771.377753662494,Latih,6775.731827647416,6824.158040063416
3,2023-04-12,6798.96,6806.054414517614,Latih,6811.298472390207,6854.108813834228
3,2023-04-13,6785.6,6798.128343027861,Latih,6801.880821445019,6839.168850531614
3,2023-04-14,6818.57,6784.957877365678,Latih,6789.028248808413,6832.520449381208
3,2023-04-17,6787.58,6813.83870199624,Latih,6817.4842819053265,6856.413723234573
3,2023-04-18,6821.81,6788.37860720399,Latih,6792.255987380475,6830.469491197502
3,2023-04-26,6910.15,6816.948870145414,Latih,6820.525687947903,6858.199408107141
3,2023-04-27,6945.48,6906.0621389368625,Latih,6908.473341505573,6910.260528517411
3,2023-04-28,6915.72,6939.54607879137,Latih,6940.112699176123,6918.333159475969
3,2023-05-02,6863.3,6915.39952632104,Latih,6916.158644732283,6892.792150943024
3,2023-05-03,6812.72,6865.26771323357,Latih,6867.1206804934545,6863.513169725875
3,2023-05-04,6844.03,6814.937326302562,Latih,6818.040207955275,6839.310006783045
3,2023-05-05,6787.63,6839.233689140117,Latih,6842.244065917767,6868.47132789735
3,2023-05-08,6769.63,6790.527338960201,Latih,6794.195024978549,6826.154383153652
3,2023-05-09,6779.98,6769.497994515625,Latih,6773.92018042746,6823.987020386492
3,2023-05-10,6811.9,6777.423774545518,Latih,6781.825872147112,6833.8453137976285
3,2023-05-11,6755.94,6807.30843176845,Latih,6811.108216362628,6853.001311212221
3,2023-05-12,6707.76,6759.052611269678,Latih,6763.497575890448,6823.271934833859
3,2023-05-15,6711.74,6710.612464830448,Latih,6716.2975126788215,6823.271934833859
3,2023-05-16,6676.56,6710.251850515623,Latih,6716.267694093307,6823.271934833859
3,2023-05-17,6663.11,6678.586250247821,Latih,6685.139657904372,6823.271934833859
3,2023-05-19,6700.56,6663.447903671576,Latih,6670.507958242013,6823.271934833859
3,2023-05-22,6729.65,6699.252738378662,Latih,6708.070520095248,6823.271934833859
3,2023-05-23,6736.68,6726.3808355206465,Latih,6734.189650467359,6823.271934833859
3,2023-05-24,6745.8,6734.741877219103,Latih,6740.17383702042,6823.271934833859
3,2023-05-25,6704.23,6743.616796277934,Latih,6748.843265669072,6823.271934833859
3,2023-05-26,6687.0,6706.564434906859,Latih,6712.389887937028,6823.271934833859
3,2023-05-29,6681.1,6687.460485496984,Latih,6693.906288415807,6823.271934833859
3,2023-05-30,6636.42,6680.6713428649455,Latih,6687.35414748864,6823.271934833859
3,2023-05-31,6633.26,6639.549781495566,Latih,6647.005206968944,6823.271934833859
3,2023-06-05,6633.44,6632.984844359615,Latih,6641.052268275703,6823.271934833859
3,2023-06-06,6618.92,6632.8874967669035,Latih,6641.586794446046,6823.271934833859
3,2023-06-07,6619.75,6619.697178204365,Latih,6627.827299619996,6823.271934833859
3,2023-06-08,6666.33,6619.252500140376,Latih,6628.933826972478,6823.271934833859
3,2023-06-09,6694.02,6667.259032780244,Latih,6677.258572122767,6823.271934833859
3,2023-06-12,6722.37,6691.9644707390835,Latih,6700.9187117193815,6823.271934833859
3,2023-06-13,6719.01,6719.302418979129,Latih,6727.34175625386,6823.271934833859
3,2023-06-14,6699.72,6718.070507837554,Latih,6723.84862106072,6823.271934833859
3,2023-06-15,6713.79,6700.249665614384,Latih,6706.368035802264,6823.271934833859
3,2023-06-16,6698.55,6711.452037372608,Latih,6717.796871870478,6823.271934833859
3,2023-06-19,6686.06,6698.754364440757,Latih,6704.934535328615,6823.271934833859
3,2023-06-20,6660.46,6686.136372150198,Latih,6692.644020608978,6823.271934833859
3,2023-06-21,6702.63,6661.822678661061,Latih,6668.847735628499,6823.271934833859
3,2023-06-22,6652.26,6701.726201257127,Latih,6710.513469368537,6823.271934833859
3,2023-06-23,6639.73,6655.7340597987295,Latih,6662.756090067638,6823.271934833859
3,2023-06-26,6664.67,6640.177541190619,Latih,6647.815947405111,6823.271934833859
3,2023-06-27,6661.88,6663.451031260056,Latih,6673.336408018037,6823.271934833859
3,2023-07-03,6696.72,6661.347027382118,Latih,6668.524573905482,6823.271934833859
3,2023-07-04,6681.75,6695.292247302549,Latih,6704.214394068438,6823.271934833859
3,2023-07-05,6718.98,6682.065462627724,Latih,6688.65799316527,6823.271934833859
3,2023-07-06,6757.33,6716.948869412412,Latih,6725.167174250207,6823.271934833859
3,2023-07-07,6716.46,6753.953050226892,Latih,6760.935486795034,6827.647957988118
3,2023-07-10,6731.04,6718.639504741152,Latih,6724.172130293569,6823.271934833859
3,2023-07-11,6796.92,6728.522953380069,Latih,6734.1545407644135,6823.271934833859
3,2023-07-12,6808.21,6794.848612501056,Latih,6800.76002376947,6851.539572762289
3,2023-07-13,6810.21,6805.351973838838,Latih,6809.0726158714615,6847.689634652474
3,2023-07-14,6869.57,6808.10357910219,Latih,6811.699162435564,6847.072614132203
3,2023-07-17,6867.14,6864.066113917271,Latih,6867.56919237558,6885.6413626766625
3,2023-07-18,6830.2,6864.947488529126,Latih,6867.116846675317,6873.911448574703
3,2023-07-20,6864.19,6831.1517314660905,Latih,6833.939746791756,6850.112338675596
3,2023-07-21,6880.8,6859.012244812289,Latih,6861.552407158354,6878.701053268057
3,2023-07-24,6899.4,6876.926085150283,Latih,6878.918190862578,6883.784292558772
3,2023-07-25,6917.71,6895.2140254265505,Latih,6896.768358431503,6893.139997074051
3,2023-07-26,6948.28,6913.402600311087,Latih,6914.507547054337,6901.965805146739
3,2023-07-27,6896.66,6942.7170499510075,Latih,6943.176256167939,6918.877516811537
3,2023-07-28,6900.23,6898.296729089066,Latih,6899.341836881384,6879.820191864413
3,2023-07-31,6931.36,6897.279085783406,Latih,6898.689841178104,6890.975616165443
3,2023-08-01,6886.5,6925.885153447438,Latih,6926.762021641482,6910.771614589141
3,2023-08-02,6854.51,6887.6589599165745,Latih,6889.007544681473,6876.049822295945
3,2023-08-03,6898.08,6854.859793789425,Latih,6857.0949321836615,6862.741316760817
3,2023-08-04,6852.84,6891.841700344725,Latih,6893.633147154494,6896.76439009343
3,2023-08-07,6886.37,6854.297634982505,Latih,6856.46486322973,6859.669083233217
3,2023-08-08,6868.81,6881.054075965029,Latih,6883.0490290159405,6889.373685523613
3,2023-08-09,6875.11,6867.854150437157,Latih,6869.858587143462,6872.137153056603
3,2023-08-10,6893.28,6872.133027778606,Latih,6874.179412284534,6879.265521333855
3,2023-08-11,6879.98,6889.178160798592,Latih,6890.878358252688,6890.1000707507565
3,2023-08-14,6910.17,6878.583527685148,Latih,6880.35022282694,6878.278996973079
3,2023-08-15,6915.1,6904.941027381466,Latih,6906.327524347947,6900.339750596628
3,2023-08-16,6900.54,6911.918666071938,Latih,6912.977517317579,6898.415711971267
3,2023-08-18,6859.91,6899.084365726456,Latih,6900.338786537096,6888.029786536438
3,2023-08-21,6866.03,6860.930678440372,Latih,6862.963117713073,6863.883368586044
3,2023-08-22,6916.45,6863.1399441671765,Latih,6865.406582646112,6874.833493046802
3,2023-08-23,6921.41,6909.499930386887,Latih,6910.899094647215,6906.838543159709
3,2023-08-24,6899.39,6918.176062612282,Latih,6919.081135152625,6901.479448322996
3,2023-08-25,6895.44,6898.559782821282,Latih,6899.781066888019,6886.198364886088
3,2023-08-28,6921.73,6893.14833731,Latih,6894.614335557862,6887.369585117144
3,2023-08-29,6957.83,6916.7314306140415,Latih,6917.803689013171,6905.277147858188
3,2023-08-30,6966.66,6951.734414410643,Latih,6952.0058307987965,6924.45099158411
3,2023-08-31,6953.26,6962.747023381047,Latih,6962.579142502599,6924.0741339871765
3,2023-09-01,6977.65,6951.289915706567,Latih,6951.266778277806,6913.782574286507
3,2023-09-04,6996.75,6972.364391589219,Latih,6972.0558476991,6932.058475028623
3,2023-09-05,6991.71,6991.749700652417,Latih,6990.931505569873,6940.413328810086
3,2023-09-06,6995.95,6988.744032072481,Latih,6987.850730026421,6933.847881619383
3,2023-09-07,6954.81,6992.18370680159,Latih,6991.263097208795,6937.487856531193
3,2023-09-08,6924.78,6955.119249846391,Latih,6954.83065974658,6909.796614102767
3,2023-09-11,6963.39,6924.409895744074,Latih,6924.945621383834,6897.137638072118
3,2023-09-12,6933.97,6957.042840071968,Latih,6957.199152236037,6927.574701406706
3,2023-09-13,6935.48,6933.47653933977,Latih,6933.7928853860985,6901.696428977593
3,2023-09-14,6959.33,6932.419369593312,Latih,6932.95262903427,6907.710366856203
3,2023-09-15,6982.79,6954.234467396192,Latih,6954.368763130955,6923.086129907119
3,2023-09-18,6936.08,6977.540359954889,Latih,6977.098731009419,6934.391140375485
3,2023-09-19,6980.32,6936.998114289095,Latih,6937.121110349347,6899.766538735076
3,2023-09-20,7011.68,6973.373335939104,Latih,6973.162453521544,6936.742548833241
3,2023-09-21,6991.47,7005.548396829426,Latih,7004.46622879511,6949.743967777542
3,2023-09-22,7016.84,6989.759074659404,Latih,6988.747215710935,6931.140892134357
3,2023-09-25,6998.38,7011.162272422373,Latih,7009.904959433138,6951.222207339457
3,2023-09-26,6923.8,6996.469736119566,Latih,6995.303493126092,6934.789207282115
3,2023-09-27,6937.83,6927.118006228555,Latih,6927.3121409142495,6889.05467149858
3,2023-09-29,6939.89,6933.7164108032475,Latih,6934.295025882174,6910.98754150425
3,2023-10-02,6961.46,6936.748916110148,Latih,6937.179021181216,6909.941940472172
3,2023-10-03,6940.89,6956.535879278235,Latih,6956.599462367349,6923.729202454734
3,2023-10-04,6886.58,6939.6104914200805,Latih,6939.830476353218,6906.562082274006
3,2023-10-05,6874.83,6888.518990698798,Latih,6889.788119022293,6874.474795641046
3,2023-10-06,6888.52,6873.346375169199,Latih,6875.251491323751,6876.047356097143
3,2023-10-09,6891.46,6884.826037352724,Latih,6886.605691248221,6887.02772512321
3,2023-10-10,6922.19,6888.630776764496,Latih,6890.250441617711,6886.616990922732
3,2023-10-11,6931.75,6916.820976050542,Latih,6917.918456937419,6906.258358681545
3,2023-10-12,6935.15,6928.053951093901,Latih,6928.744329818535,6907.277055726693
3,2023-10-13,6926.78,6931.935837688196,Latih,6932.492682957698,6907.873158397124
3,2023-10-16,6896.29,6924.604658189463,Latih,6925.269253926623,6901.806017884359
3,2023-10-17,6939.62,6896.18411593531,Latih,6897.411587919041,6883.249284358662
3,2023-10-18,6927.91,6933.071701596428,Latih,6933.847029659797,6916.858843412148
3,2023-10-19,6846.43,6926.00160287087,Latih,6926.611179954755,6901.783373695359
3,2023-10-20,6849.17,6850.932349777259,Latih,6852.958758072891,6850.37319524888
3,2023-10-23,6741.96,6846.693066136576,Latih,6849.343579669036,6866.083845677118
3,2023-10-24,6806.76,6749.417464010144,Latih,6753.78324122938,6823.271934833859
3,2023-10-25,6834.39,6804.203577156694,Latih,6809.7872754443015,6856.124819254914
3,2023-10-26,6714.52,6829.974233638083,Latih,6833.189798156059,6863.1701438925065
3,2023-10-27,6758.79,6727.580641237817,Latih,6729.147350076756,6823.271934833859
3,2023-10-30,6735.89,6755.962374490822,Latih,6762.943398599651,6829.366629513239
3,2023-10-31,6752.21,6736.430696528725,Latih,6741.636393799954,6823.271934833859
3,2023-11-01,6642.42,6749.381098787809,Latih,6754.510164536263,6823.271934833859
3,2023-11-02,6751.39,6667.921005378676,Latih,6671.140201934888,6823.271934833859
3,2023-11-03,6788.85,6755.455256757165,Latih,6763.178853325274,6836.828652068412
3,2023-11-06,6878.84,6784.181943962603,Latih,6790.13454075101,6842.774500440098
3,2023-11-07,6843.79,6876.112912145298,Latih,6879.552990434211,6895.36553971295
3,2023-11-08,6804.11,6844.477657332755,Latih,6846.949461132027,6857.0224931988505
3,2023-11-09,6838.23,6805.495237569245,Latih,6808.8977623764,6836.997967826164
3,2023-11-10,6809.26,6833.247596887982,Latih,6836.422626065648,6866.139783549945
3,2023-11-13,6838.31,6809.719567077193,Latih,6813.084246942732,6841.3232769650585
3,2023-11-14,6862.06,6833.745813885963,Latih,6836.8773034447795,6865.312777411679
3,2023-11-15,6958.21,6857.745067027846,Latih,6860.253258469442,6875.919876039069
3,2023-11-16,6958.01,6953.090151152066,Latih,6954.002285988979,6934.890097233106
3,2023-11-17,6977.67,6954.911730427198,Latih,6954.880925362162,6918.339168033051
3,2023-11-20,6994.89,6972.774946429784,Latih,6972.4271227187455,6931.260435516287
3,2023-11-21,6961.79,6990.059771553334,Latih,6989.271574416217,6939.190677124014
3,2023-11-22,6906.95,6961.3796730852655,Latih,6960.986605836206,6914.553037212239
3,2023-11-23,7004.34,6908.771034120963,Latih,6909.538515188144,6884.258139028591
3,2023-11-24,7009.63,6997.5903768551925,Latih,6997.015079934655,6957.462183548264
3,2023-11-27,7013.41,7005.668343771159,Latih,7004.422375296413,6944.298197262933
3,2023-11-28,7041.07,7009.543100808918,Latih,7008.192430985033,6945.872618578127
3,2023-11-29,7036.09,7035.010683877531,Latih,7033.180674686494,6963.358147444182
3,2023-11-30,7080.74,7032.766622327628,Latih,7030.790434807601,6955.3701743645
3,2023-12-01,7059.91,7072.9621652818405,Latih,7070.303064893551,6985.48860481387
3,2023-12-04,7093.6,7057.7069769323525,Latih,7055.019089278048,6964.2096137905655
3,2023-12-05,7100.85,7086.625399884651,Latih,7083.562425812552,6989.850503374991
3,2023-12-06,7087.4,7096.002111929725,Latih,7092.545173809002,6988.84949570125
3,2023-12-11,7088.79,7152.820910968859,Uji,7148.07522703417,7020.354916356862
3,2023-12-12,7125.31,7090.486525569032,Uji,7086.6835573364,6969.673185776526
3,2023-12-13,7075.34,7117.849898076727,Uji,7114.035944049431,7005.704395113646
3,2023-12-14,7176.02,7075.421727767059,Uji,7072.118052691885,6966.712581374699
3,2023-12-15,7190.99,7163.069446710428,Uji,7158.331385572035,7041.241557570759
3,2023-12-18,7119.52,7184.7886317999,Uji,7179.19444095739,7033.86094199604
3,2023-12-19,7187.85,7121.02703473337,Uji,7116.468423187806,6984.456074635442
3,2023-12-20,7219.67,7177.265425094448,Uji,7172.185683322034,7041.451318988863
3,2023-12-21,7209.62,7211.848930894819,Uji,7205.692760605301,7050.6403757250955
3,2023-12-22,7237.52,7205.337672817793,Uji,7199.083258135999,7038.618598204914
3,2023-12-26,7237.52,7229.881014255374,Uji,7223.256893953173,7058.6232818872395
3,2023-12-27,7245.92,7232.18587881574,Uji,7225.332895264713,7053.85872032172
3,2023-12-28,7303.89,7239.825265904755,Uji,7232.836058499902,7059.364890286988
3,2023-12-29,7272.8,7293.239948317506,Uji,7285.242155282594,7095.929560844969
3,2024-01-02,7323.59,7269.754157766198,Uji,7261.784658757541,7065.650468753643
3,2024-01-03,7279.09,7313.376640895705,Uji,7304.839109042981,7104.2524885619405
3,2024-01-04,7359.76,7277.101995316839,Uji,7268.868971756195,7066.409340545006
3,2024-01-05,7350.62,7346.790944264039,Uji,7337.615518881185,7126.887709566429
3,2024-01-08,7283.58,7345.142895704612,Uji,7335.453693851336,7107.1201845289
3,2024-01-09,7200.2,7283.418423688508,Uji,7274.890846310948,7064.736540317602
3,2024-01-10,7227.3,7202.0503194946905,Uji,7195.424271073425,7021.529768626155
3,2024-01-11,7219.96,7219.80825122842,Uji,7213.427073928204,7053.532733680075
3,2024-01-12,7241.14,7215.37160442361,Uji,7208.88711581358,7044.093514705364
3,2024-01-15,7224.0,7234.0274118811785,Uji,7227.259848488658,7059.230370352334
3,2024-01-16,7242.79,7220.189122003404,Uji,7213.525632200328,7044.37820372707
3,2024-01-17,7200.63,7235.861770550102,Uji,7229.034256106704,7059.622002722091
3,2024-01-18,7252.97,7199.071644581641,Uji,7192.77337640115,7028.777433665457
3,2024-01-19,7227.4,7243.189340430588,Uji,7236.388550614208,7070.2859808618505
3,2024-01-22,7247.93,7224.258619066564,Uji,7217.44285269746,7044.5866647858065
3,2024-01-23,7256.23,7240.817215902895,Uji,7233.878543153494,7062.41069064743
3,2024-01-24,7227.82,7250.061650012227,Uji,7242.819993530006,7064.345356347627
3,2024-01-25,7178.04,7224.909830070226,Uji,7218.060523397414,7044.3052042425315
3,2024-01-26,7137.09,7177.29053548225,Uji,7171.481157584271,7016.526209976733
3,2024-01-29,7157.17,7135.936237810926,Uji,7131.1990734720985,6998.184685926495
3,2024-01-30,7192.22,7150.815039383251,Uji,7146.088367599326,7018.340166455568
3,2024-01-31,7207.94,7184.350051972949,Uji,7178.890515585028,7037.886271680656
3,2024-02-01,7201.7,7201.542103181566,Uji,7195.5401824171195,7042.2050790227095
3,2024-02-02,7238.79,7197.165766147459,Uji,7191.136044596517,7035.430251553717
3,2024-02-05,7198.62,7230.381697452157,Uji,7223.80201356837,7060.8082891858285
3,2024-02-06,7247.41,7196.913227390135,Uji,7190.680380737865,7028.142992813649
3,2024-02-07,7235.15,7237.966693647593,Uji,7231.272578139394,7066.9846374655435
3,2024-02-12,7297.67,7230.847495145887,Uji,7223.95173425564,7050.616251816814
3,2024-02-13,7209.74,7286.693401177622,Uji,7278.884877690768,7093.691597532104
3,2024-02-15,7303.28,7211.890452714649,Uji,7204.994198584642,7025.376993917288
3,2024-02-16,7335.54,7289.696289678908,Uji,7282.0052917749645,7101.708268197846
3,2024-02-19,7296.7,7326.76245055328,Uji,7317.781137436133,7106.880514845324
3,2024-02-20,7352.6,7294.104597617485,Uji,7285.488102563119,7075.911918408939
3,2024-02-21,7349.02,7341.734070880517,Uji,7332.5302169514725,7119.1870262271905
3,2024-02-22,7339.64,7343.096309418782,Uji,7333.491765444382,7107.294163644386
3,2024-02-23,7295.1,7334.269918426378,Uji,7324.846886683804,7101.756964414191
3,2024-02-26,7283.82,7292.988171839811,Uji,7284.363964309192,7074.1629798985205
3,2024-02-27,7285.32,7279.050068170523,Uji,7270.974163893556,7074.375162675448
3,2024-02-28,7328.64,7279.482370400524,Uji,7271.474757410382,7077.2846943420855
3,2024-02-29,7316.11,7319.003609762292,Uji,7310.281471719245,7105.424695272518
3,2024-03-01,7311.91,7311.186925399403,Uji,7302.312465950349,7089.813432656
3,2024-03-04,7276.75,7306.332190637688,Uji,7297.628571505645,7089.2001562739115
3,2024-03-05,7247.46,7274.008978459334,Uji,7265.909757393692,7066.870116161175
3,2024-03-06,7329.8,7244.466652050109,Uji,7237.130652253717,7053.674966090983
3,2024-03-07,7373.96,7316.930971449117,Uji,7308.500651984314,7112.650523242427
3,2024-03-08,7381.91,7363.89434683572,Uji,7354.072777366743,7127.53591629155
3,2024-03-13,7421.21,7374.7726152313835,Uji,7364.459689281093,7125.205717143491
3,2024-03-14,7433.31,7411.170750110263,Uji,7400.15554042112,7149.609157849032
3,2024-03-15,7328.05,7425.421702307578,Uji,7413.888052790278,7150.829298496325
3,2024-03-18,7302.45,7330.692674644096,Uji,7320.765910586219,7079.7652867770885
3,2024-03-19,7336.75,7298.715178697803,Uji,7290.06693693886,7080.960092836687
3,2024-03-20,7331.13,7327.794397811991,Uji,7318.800305301052,7107.81547323115
3,2024-03-21,7338.35,7325.516885638339,Uji,7316.332402579885,7098.27406394608
3,2024-03-22,7350.15,7331.618799554212,Uji,7322.363379650217,7103.966454340887
3,2024-03-25,7377.76,7342.946723251446,Uji,7333.440827229126,7110.468385702445
3,2024-03-26,7365.66,7369.0314837802525,Uji,7358.981230422364,7126.55149940975
3,2024-03-27,7310.09,7360.3080453778375,Uji,7350.22730083476,7113.904921633079
3,2024-03-28,7288.81,7308.770364453296,Uji,7299.689685944417,7079.545346683928
3,2024-04-01,7205.06,7284.826578364468,Uji,7276.546741866564,7075.086190210052
3,2024-04-02,7236.98,7206.902274177756,Uji,7200.154619735564,7023.8223021925105
3,2024-04-03,7166.84,7229.01322615692,Uji,7222.4352461923045,7059.048051000899
3,2024-04-04,7254.4,7167.861405502638,Uji,7162.158477712949,7007.620362542926
3,2024-04-05,7286.88,7241.698366314859,Uji,7235.15168465504,7076.9937277234285
3,2024-04-16,7164.81,7278.470690811968,Uji,7270.679161676859,7083.331410244772
3,2024-04-17,7130.84,7170.137527636966,Uji,7164.058078550181,6997.768167368828
3,2024-04-18,7166.81,7129.159213183001,Uji,7124.631899942235,6996.347143619118
3,2024-04-19,7087.32,7159.065774735292,Uji,7154.234222242315,7025.726566387476
3,2024-04-22,7073.82,7089.745231049131,Uji,7085.906973753641,6967.478358522707
3,2024-04-23,7110.81,7070.900871483155,Uji,7067.933630764552,6972.203864467198
3,2024-04-24,7174.53,7103.426177443338,Uji,7099.970091282201,6998.756171448885
3,2024-04-25,7155.29,7164.432043968519,Uji,7159.6396367765265,7034.207599867645
3,2024-04-26,7036.08,7152.198173351366,Uji,7147.194838901836,7010.714096840084
3,2024-04-29,7155.78,7042.193420628373,Uji,7039.2801672435435,6935.8579681629435
3,2024-04-30,7234.2,7145.543651543933,Uji,7140.226930486637,7034.678868038717
3,2024-05-01,7234.2,7222.4138126827165,Uji,7216.28530865976,7065.641455918021
3,2024-05-02,7117.42,7228.892203055709,Uji,7222.120290185301,7052.249413503473
3,2024-05-03,7134.72,7122.68683136709,Uji,7117.807748497202,6975.700485968644
3,2024-05-06,7135.89,7128.772916770653,Uji,7124.571590171531,7006.9834106523385
3,2024-05-07,7123.61,7131.266198919491,Uji,7126.903941638545,7004.795937154948
3,2024-05-08,7088.79,7120.194804737642,Uji,7116.021996364667,6996.546681522188
3,2024-05-13,7099.26,7087.513365973304,Uji,7084.005713837216,6975.819311910922
3,2024-05-14,7083.76,7094.15874042518,Uji,7090.767044472765,6988.628703648505
3,2024-05-15,7179.83,7080.927225132653,Uji,7077.700854179928,6976.680463692601
3,2024-05-16,7246.7,7167.017472272595,Uji,7162.361154414495,7042.301126256052
3,2024-05-17,7317.24,7235.768772435278,Uji,7229.240295806616,7069.728081852861
3,2024-05-20,7266.69,7305.445524908403,Uji,7297.225011701681,7104.5472665787465
3,2024-05-21,7186.04,7265.300247569774,Uji,7257.320390526149,7059.36560772664
3,2024-05-22,7222.38,7187.777216348135,Uji,7181.519304148041,7015.132224733889
3,2024-05-27,7176.42,7214.163974130241,Uji,7207.978747534838,7052.725883112019
3,2024-05-28,7253.63,7175.367842056236,Uji,7169.629401003799,7016.393349121273
3,2024-05-29,7140.23,7241.789525990576,Uji,7235.176705362886,7074.8529774833405
3,2024-05-30,7034.14,7145.03642171033,Uji,7139.62818225749,6987.334218317326
3,2024-05-31,6970.74,7039.184927129809,Uji,7036.426730389658,6937.158103331377
3,2024-06-03,7036.19,6972.761673796231,Uji,6971.90159817403,6913.716906138407
3,2024-06-04,7099.31,7027.047552145781,Uji,7025.646751226248,6967.446253098303
3,2024-06-05,6947.67,7089.858855553935,Uji,7086.897937272261,6997.644095149098
3,2024-06-06,6974.9,6957.1644460928965,Uji,6956.143574308805,6887.465273630662
3,2024-06-07,6897.95,6969.401634868437,Uji,6969.183533214385,6931.210483780552
3,2024-06-10,6921.55,6901.669054170891,Uji,6902.474806159482,6876.1198175019435
3,2024-06-11,6855.69,6916.775082332837,Uji,6917.829696200537,6904.73052610372
3,2024-06-12,6850.1,6858.828468161562,Uji,6860.7569235247765,6857.5292297926935
3,2024-06-13,6831.56,6848.303875094093,Uji,6850.863296210804,6865.112096089164
3,2024-06-14,6734.83,6830.98086872909,Uji,6833.886701097524,6853.913782348969
3,2024-06-19,6726.92,6741.478310456746,Uji,6746.104137129659,6823.271934833859
3,2024-06-20,6819.32,6726.2935769230335,Uji,6731.841257498138,6823.271934833859
3,2024-06-21,6879.98,6819.105560997758,Uji,6824.495954139267,6866.926299187879
3,2024-06-24,6889.17,6874.212549028438,Uji,6877.3878920859515,6890.909365097626
3,2024-06-25,6882.7,6885.8426044989055,Uji,6887.569526580019,6886.574303263468
3,2024-06-26,6905.64,6880.717708868427,Uji,6882.474023555261,6880.763826786024
3,2024-06-27,6967.95,6901.045935413584,Uji,6902.483527535245,6896.905837804719
3,2024-06-28,7063.58,6959.60876298552,Uji,6959.848163629226,6933.83236698692
3,2024-07-01,7139.63,7054.394827101296,Uji,7051.883429601257,6985.876694825348
3,2024-07-02,7125.14,7128.790538882093,Uji,7124.95133994706,7019.3963273025165
3,2024-07-03,7196.75,7121.895226391628,Uji,7117.666906125619,6996.910826985298
3,2024-07-04,7220.89,7185.823807537043,Uji,7180.5537200570925,7046.325559141103
3,2024-07-05,7253.37,7213.693692438689,Uji,7207.444748234238,7049.9202456749135
3,2024-07-08,7250.98,7245.226779360862,Uji,7238.253265948385,7067.088307495184
3,2024-07-09,7269.8,7245.736430553288,Uji,7238.5352197314205,7059.974983030624
3,2024-07-10,7287.04,7262.654778534863,Uji,7255.168116411659,7072.71958099968
3,2024-07-11,7300.41,7279.888530923224,Uji,7271.9679074908245,7080.806381391356
3,2024-07-12,7327.58,7293.471995204784,Uji,7285.193324546314,7086.626251844237
3,2024-07-15,7278.86,7319.286191305023,Uji,7310.457378953794,7102.152901421857
3,2024-07-16,7224.29,7277.222435498333,Uji,7268.960445311759,7065.577200229234
3,2024-07-17,7224.22,7223.56898020157,Uji,7216.591251831142,7038.126703643862
3,2024-07-18,7321.07,7218.997275382368,Uji,7212.468395193901,7047.399925019209
3,2024-07-19,7294.5,7307.071601878503,Uji,7298.973412132361,7110.89678685434
3,2024-07-22,7321.98,7290.9084039701,Uji,7282.446337800718,7076.940906229087
3,2024-07-23,7313.86,7313.705093736153,Uji,7305.01555435727,7099.491379674744
3,2024-07-24,7262.76,7308.590511300663,Uji,7299.807166687348,7089.475922139953
3,2024-07-25,7240.28,7261.446924041603,Uji,7253.558406033608,7057.366686337656
3,2024-07-26,7288.17,7236.781034943551,Uji,7229.676230074852,7051.357591176694
3,2024-07-29,7288.9,7278.477416808701,Uji,7270.780813907479,7086.588317222665
3,2024-07-30,7241.86,7283.097593644357,Uji,7274.996220259761,7078.888575522968
3,2024-07-31,7255.76,7240.377425396532,Uji,7233.032457604498,7047.929260962073
3,2024-08-01,7325.98,7249.1327001834825,Uji,7241.94848371336,7065.0738266337585
3,2024-08-02,7308.12,7314.14250772367,Uji,7305.705955501893,7108.729132627321
3,2024-08-05,7059.65,7303.7007116759805,Uji,7294.977587153413,7085.030307339499
3,2024-08-06,7129.21,7076.254585522482,Uji,7071.705345532366,6925.208832055974
3,2024-08-07,7212.13,7118.989461283161,Uji,7115.351414490416,7013.2371527344585
3,2024-08-08,7195.12,7200.147355659093,Uji,7194.5945072765,7055.71204630143
4,2022-01-05,6662.3,6688.568751096442,Latih,6699.674583620742,6970.260353049683
4,2022-01-06,6653.35,6668.156048994671,Latih,6673.971628869337,6970.260353049683
4,2022-01-07,6701.32,6654.5168425724005,Latih,6660.589455937605,6970.260353049683
4,2022-01-10,6691.12,6697.005388686076,Latih,6711.331030439155,6970.260353049683
4,2022-01-11,6647.97,6692.276215505614,Latih,6697.761079041973,6970.260353049683
4,2022-01-12,6647.06,6655.908575112234,Latih,6662.170582936566,6970.260353049683
4,2022-01-13,6658.36,6646.686260788003,Latih,6652.94588986964,6970.260353049683
4,2022-01-14,6693.4,6655.504867571453,Latih,6661.7494420559815,6970.260353049683
4,2022-01-17,6645.05,6685.631417562677,Latih,6699.887429380134,6970.260353049683
4,2022-01-18,6614.06,6654.032484019111,Latih,6660.387715286772,6970.260353049683
4,2022-01-19,6591.98,6619.834402402868,Latih,6627.1270037317345,6970.260353049683
4,2022-01-20,6626.87,6596.149836683947,Latih,6604.112771582608,6970.260353049683
4,2022-01-21,6726.37,6629.987984796174,Latih,6644.431671655485,6970.260353049683
4,2022-01-24,6655.17,6737.55218265148,Latih,6751.49500196608,6970.260353049683
4,2022-01-25,6568.17,6668.583621530097,Latih,6674.645065146995,6970.260353049683
4,2022-01-26,6600.82,6585.844515716212,Latih,6594.025894176367,6970.260353049683
4,2022-01-27,6611.16,6605.443484201138,Latih,6618.876056743717,6970.260353049683
4,2022-01-28,6645.51,6608.814825157156,Latih,6622.584762236035,6970.260353049683
4,2022-01-31,6631.15,6645.310280954549,Latih,6659.616582495282,6970.260353049683
4,2022-02-02,6707.65,6633.533190512068,Latih,6640.290086704501,6970.260353049683
4,2022-02-03,6683.85,6713.173806206601,Latih,6727.269007261116,6970.260353049683
4,2022-02-04,6731.39,6687.733954617991,Latih,6693.2302723175435,6970.260353049683
4,2022-02-07,6804.94,6721.891730119902,Latih,6736.29475857826,6970.260353049683
4,2022-02-08,6789.52,6793.097104443337,Latih,6807.4561003059425,6970.260353049683
4,2022-02-09,6834.61,6791.035199933078,Latih,6795.129222958114,6970.260353049683
4,2022-02-10,6823.64,6823.902132612497,Latih,6827.769451116354,6970.260353049683
4,2022-02-11,6815.61,6824.046873934299,Latih,6827.699485054046,6970.260353049683
4,2022-02-14,6734.49,6815.492449797421,Latih,6819.274986808925,6970.260353049683
4,2022-02-15,6807.5,6749.317922354361,Latih,6753.741853720865,6970.260353049683
4,2022-02-16,6850.2,6795.023524043586,Latih,6809.393482807306,6970.260353049683
4,2022-02-17,6835.12,6839.856825273068,Latih,6843.493586726817,6970.260353049683
4,2022-02-18,6892.82,6836.258201270134,Latih,6839.725735865863,6970.260353049683
4,2022-02-21,6902.96,6879.2330580574635,Latih,6882.38005707506,6970.260353049683
4,2022-02-22,6861.99,6898.670281735101,Latih,6901.367026129999,6970.260353049683
4,2022-02-23,6920.06,6868.044150530134,Latih,6870.972201796209,6970.260353049683
4,2022-02-24,6817.82,6906.214955453912,Latih,6908.988802139203,6970.260353049683
4,2022-02-25,6888.17,6836.2406192589115,Latih,6839.377741323145,6970.260353049683
4,2022-03-01,6921.44,6872.123409836923,Latih,6875.802419829404,6970.260353049683
4,2022-03-02,6868.4,6912.469549099247,Latih,6915.062482060234,6970.260353049683
4,2022-03-04,6928.33,6876.787581287658,Latih,6879.548422455824,6970.260353049683
4,2022-03-07,6869.07,6914.062427604238,Latih,6916.734376192133,6970.260353049683
4,2022-03-08,6814.18,6878.6779577648995,Latih,6881.3889746159675,6970.260353049683
4,2022-03-09,6864.44,6823.300543413788,Latih,6826.796933192641,6970.260353049683
4,2022-03-10,6924.01,6852.511193435821,Latih,6856.000912392768,6970.260353049683
4,2022-03-11,6922.6,6909.842693198959,Latih,6912.571886746923,6970.260353049683
4,2022-03-14,6952.2,6920.451342644136,Latih,6922.801876553338,6970.260353049683
4,2022-03-15,6918.19,6943.7431895792915,Latih,6945.888013957187,6970.260353049683
4,2022-03-16,6992.4,6922.491398919862,Latih,6924.68997771148,6970.260353049683
4,2022-03-17,6964.38,6974.884602992582,Latih,6976.766369455504,6970.260353049683
4,2022-03-18,6954.96,6967.187741453098,Latih,6968.788506007241,6970.260353049683
4,2022-03-21,6955.18,6954.168779260561,Latih,6956.020863151595,6970.260353049683
4,2022-03-22,7000.82,6952.488843944117,Latih,6954.400810096905,6970.260353049683
4,2022-03-23,6996.12,6988.873781933833,Latih,6990.452905100633,6970.260353049683
4,2022-03-24,7049.69,6994.119400838067,Latih,6995.434793836524,6970.260353049683
4,2022-03-25,7002.53,7035.849813213403,Latih,7036.806895165498,6970.260353049683
4,2022-03-28,7049.6,7008.847670648149,Latih,7009.797461236766,6970.260353049683
4,2022-03-29,7011.69,7037.040529067571,Latih,7037.95634500509,6970.260353049683
4,2022-03-30,7053.19,7016.123727433734,Latih,7017.007637192063,6970.260353049683
4,2022-03-31,7071.44,7041.70301988488,Latih,7042.533045949991,6970.260353049683
4,2022-04-01,7078.76,7064.407705212889,Latih,7064.834275832234,6970.260353049683
4,2022-04-04,7116.22,7073.830422145187,Latih,7074.084740766346,6970.260353049683
4,2022-04-05,7148.3,7105.100080816808,Latih,7105.034665392699,6970.260353049683
4,2022-04-06,7104.22,7138.021517731017,Latih,7137.478647278614,6970.260353049683
4,2022-04-07,7127.37,7109.239765359226,Latih,7108.807506442133,6970.260353049683
4,2022-04-08,7210.83,7118.992455272739,Latih,7118.679857455556,6970.260353049683
4,2022-04-11,7203.79,7190.007905091119,Latih,7188.938246555401,6970.260353049683
4,2022-04-12,7214.78,7200.838268868996,Latih,7199.2749695122975,6970.260353049683
4,2022-04-13,7262.78,7208.202856252267,Latih,7206.605633956268,6970.260353049683
4,2022-04-14,7235.53,7248.587960354169,Latih,7246.570527989943,6970.260353049683
4,2022-04-18,7275.29,7236.342554943639,Latih,7234.209650135118,6970.260353049683
4,2022-04-19,7199.23,7262.635677050433,Latih,7260.391902147612,6970.260353049683
4,2022-04-20,7227.36,7209.901692230776,Latih,7207.950657814816,6970.260353049683
4,2022-04-21,7276.19,7217.321921508387,Latih,7215.66311046131,6970.260353049683
4,2022-04-22,7225.61,7261.743338269076,Latih,7259.546465966781,6970.260353049683
4,2022-04-25,7215.98,7231.084447640257,Latih,7228.936029292422,6970.260353049683
4,2022-04-26,7232.15,7213.4554821050915,Latih,7211.707157936171,6970.260353049683
4,2022-04-27,7196.76,7224.434724148588,Latih,7222.631792321281,6970.260353049683
4,2022-04-28,7228.91,7199.439206181838,Latih,7197.787686498238,6970.260353049683
4,2022-05-09,6909.75,7218.069674103335,Latih,7216.415827388839,6970.260353049683
4,2022-05-10,6819.79,6970.264593417095,Latih,6970.7181834507455,6970.260353049683
4,2022-05-11,6816.2,6835.77891047302,Latih,6838.968985418112,6970.260353049683
4,2022-05-12,6599.84,6815.204078957467,Latih,6819.007481679349,6970.260353049683
4,2022-05-13,6597.99,6643.234110452095,Latih,6650.078031136105,6970.260353049683
4,2022-05-17,6644.47,6598.134997654412,Latih,6607.341223145579,6970.260353049683
4,2022-05-18,6793.41,6649.076089199492,Latih,6663.275295607161,6970.260353049683
4,2022-05-19,6823.33,6812.281664277343,Latih,6825.243795204193,6970.260353049683
4,2022-05-20,6918.14,6815.686317327051,Latih,6819.61015682581,6970.260353049683
4,2022-05-23,6840.77,6897.07264574472,Latih,6909.9730327850975,6970.260353049683
4,2022-05-24,6914.14,6854.136831364664,Latih,6857.1198522717095,6970.260353049683
4,2022-05-25,6883.5,6897.322103456893,Latih,6900.277432696262,6970.260353049683
4,2022-05-27,7026.26,6887.373580965436,Latih,6890.072445544041,6970.260353049683
4,2022-05-30,7037.56,7003.903091974309,Latih,7018.207816305213,6970.260353049683
4,2022-05-31,7148.97,7032.1267189133705,Latih,7032.975154378468,6970.260353049683
4,2022-06-02,7148.72,7123.06419051296,Latih,7123.029853879278,6970.260353049683
4,2022-06-03,7182.96,7144.805536761351,Latih,7144.045838741131,6970.260353049683
4,2022-06-06,7096.58,7172.020525085996,Latih,7171.013748096298,6970.260353049683
4,2022-06-07,7141.04,7109.981984791819,Latih,7109.378973518673,6970.260353049683
4,2022-06-08,7193.31,7128.372820242708,Latih,7128.010837658709,6970.260353049683
4,2022-06-09,7182.83,7178.749419339966,Latih,7177.717717263769,6970.260353049683
4,2022-06-10,7086.65,7180.698281860423,Latih,7179.401453397345,6970.260353049683
4,2022-06-13,6995.44,7102.049446734252,Latih,7101.519400807681,6970.260353049683
4,2022-06-14,7049.88,7010.4808326435605,Latih,7011.240892646364,6970.260353049683
4,2022-06-15,7007.05,7035.867240089232,Latih,7036.827321325595,6970.260353049683
4,2022-06-16,7050.33,7012.484251110605,Latih,7013.399963624529,6970.260353049683
4,2022-06-17,6936.97,7038.511936559732,Latih,7039.392950457389,6970.260353049683
4,2022-06-20,6976.38,6956.770425659463,Latih,6958.192112258122,6970.260353049683
4,2022-06-21,7044.07,6965.826867928551,Latih,6967.702299696253,6970.260353049683
4,2022-06-22,6984.31,7027.4873432696395,Latih,7028.614091630036,6970.260353049683
4,2022-06-23,6998.27,6993.23295720165,Latih,6994.351716089298,6970.260353049683
4,2022-06-24,7042.94,6992.579992331912,Latih,6993.9875098979965,6970.260353049683
4,2022-06-27,7016.06,7030.898460294062,Latih,7031.890499421412,6970.260353049683
4,2022-06-28,6996.46,7018.2918479764985,Latih,7019.187496312909,6970.260353049683
4,2022-06-29,6942.35,6997.391438982537,Latih,6998.604856315901,6970.260353049683
4,2022-06-30,6911.58,6950.445529825136,Latih,6952.179736673281,6970.260353049683
4,2022-07-01,6794.33,6915.288281624953,Latih,6917.599126729409,6970.260353049683
4,2022-07-04,6639.17,6815.866300238996,Latih,6819.229325291543,6970.260353049683
4,2022-07-05,6703.27,6669.310476094794,Latih,6675.838974204672,6970.260353049683
4,2022-07-06,6646.41,6704.789617307798,Latih,6718.980976450162,6970.260353049683
4,2022-07-07,6652.59,6657.0591432194515,Latih,6663.378790306311,6970.260353049683
4,2022-07-08,6740.22,6650.78239753277,Latih,6656.905442828695,6970.260353049683
4,2022-07-11,6722.15,6744.557347184738,Latih,6758.636427086316,6970.260353049683
4,2022-07-12,6718.29,6724.645111861247,Latih,6729.650749240238,6970.260353049683
4,2022-07-13,6640.99,6718.012918669003,Latih,6723.164538452941,6970.260353049683
4,2022-07-14,6690.09,6655.701333618919,Latih,6662.201732830714,6970.260353049683
4,2022-07-15,6651.9,6688.08147082658,Latih,6702.369854229406,6970.260353049683
4,2022-07-18,6659.25,6658.835055632453,Latih,6664.973058565866,6970.260353049683
4,2022-07-19,6736.09,6657.166690830748,Latih,6663.2055557839685,6970.260353049683
4,2022-07-20,6874.74,6736.996293754001,Latih,6751.158241811416,6970.260353049683
4,2022-07-21,6864.13,6876.106071505582,Latih,6890.074927710332,6970.260353049683
4,2022-07-22,6886.96,6864.190690788065,Latih,6867.287400082384,6970.260353049683
4,2022-07-25,6858.41,6880.2799634021885,Latih,6883.280152626074,6970.260353049683
4,2022-07-26,6871.54,6862.042582711016,Latih,6865.101051130925,6970.260353049683
4,2022-07-27,6898.22,6866.87507606331,Latih,6870.024557247197,6970.260353049683
4,2022-07-28,6956.82,6890.705242812671,Latih,6893.575299297609,6970.260353049683
4,2022-07-29,6951.12,6942.62065573041,Latih,6944.891088064953,6970.260353049683
4,2022-08-01,6968.78,6949.6223038614235,Latih,6951.551593466445,6970.260353049683
4,2022-08-02,6988.16,6962.561862588571,Latih,6964.400113573716,6970.260353049683
4,2022-08-03,7046.63,6981.471367370534,Latih,6983.053670812893,6970.260353049683
4,2022-08-04,7057.35,7031.8456652927935,Latih,7032.876953674609,6970.260353049683
4,2022-08-05,7084.65,7051.896397738513,Latih,7052.468071662243,6970.260353049683
4,2022-08-08,7086.85,7075.745620285332,Latih,7076.049116826116,6970.260353049683
4,2022-08-09,7102.88,7082.873729617655,Latih,7082.983100069821,6970.260353049683
4,2022-08-10,7086.24,7096.071097512307,Latih,7096.04974053985,6970.260353049683
4,2022-08-11,7160.38,7085.9781439698345,Latih,7085.972921078265,6970.260353049683
4,2022-08-12,7129.28,7141.736338143415,Latih,7141.3013902128405,6970.260353049683
4,2022-08-15,7093.28,7131.573159979647,Latih,7130.880118466681,6970.260353049683
4,2022-08-16,7133.45,7096.782858696045,Latih,7096.554240838351,6970.260353049683
4,2022-08-18,7186.56,7121.679245146577,Latih,7121.393951158588,6970.260353049683
4,2022-08-19,7172.43,7171.879868996213,Latih,7170.946677894663,6970.260353049683
4,2022-08-22,7107.98,7171.087799390624,Latih,7169.910528603862,6970.260353049683
4,2022-08-23,7163.27,7116.98572725064,Latih,7116.368702080314,6970.260353049683
4,2022-08-24,7194.71,7148.318888009854,Latih,7147.721099628277,6970.260353049683
4,2022-08-25,7174.21,7184.241987934184,Latih,7183.055047041249,6970.260353049683
4,2022-08-26,7135.25,7174.110147119831,Latih,7172.8667886555895,6970.260353049683
4,2022-08-29,7132.04,7139.050427370137,Latih,7138.223814283676,6970.260353049683
4,2022-08-30,7159.47,7128.821937205857,Latih,7128.272861337727,6970.260353049683
4,2022-08-31,7178.59,7150.031324191161,Latih,7149.304049468108,6970.260353049683
4,2022-09-01,7153.1,7170.657867504428,Latih,7169.612720360826,6970.260353049683
4,2022-09-02,7177.18,7154.126381452152,Latih,7153.141530264684,6970.260353049683
4,2022-09-05,7231.88,7168.280624451707,Latih,7167.287292529414,6970.260353049683
4,2022-09-06,7233.15,7216.578616128043,Latih,7215.030933734253,6970.260353049683
4,2022-09-07,7186.76,7228.362183473187,Latih,7226.448226416187,6970.260353049683
4,2022-09-08,7232.02,7191.673490383698,Latih,7190.088058377576,6970.260353049683
4,2022-09-09,7242.66,7218.576759991722,Latih,7216.965523798541,6970.260353049683
4,2022-09-12,7254.46,7235.962266383249,Latih,7233.9783432639415,6970.260353049683
4,2022-09-13,7318.02,7247.453610359509,Latih,7245.314551847059,6970.260353049683
4,2022-09-14,7278.08,7300.388133530701,Latih,7297.710600068654,6970.260353049683
4,2022-09-15,7305.6,7281.102321996772,Latih,7278.299904543243,6970.260353049683
4,2022-09-16,7168.87,7295.1500904048335,Latih,7292.408537737215,6970.260353049683
4,2022-09-19,7195.49,7191.696140151096,Latih,7189.767703790737,6970.260353049683
4,2022-09-20,7196.95,7185.965852422786,Latih,7184.736714702916,6970.260353049683
4,2022-09-21,7188.31,7192.370875687671,Latih,7190.9573336971525,6970.260353049683
4,2022-09-22,7218.91,7185.778604003262,Latih,7184.41832516439,6970.260353049683
4,2022-09-23,7178.58,7208.442902417257,Latih,7206.916732131317,6970.260353049683
4,2022-09-26,7127.5,7182.355644977164,Latih,7180.922607638907,6970.260353049683
4,2022-09-27,7112.45,7133.739987727469,Latih,7132.941040452784,6970.260353049683
4,2022-09-28,7077.03,7111.696748004023,Latih,7111.340505429569,6970.260353049683
4,2022-09-29,7036.2,7080.529116709292,Latih,7080.528341032326,6970.260353049683
4,2022-09-30,7040.8,7041.042194821889,Latih,7041.568982905204,6970.260353049683
4,2022-10-03,7009.72,7036.664118892008,Latih,7037.424127183015,6970.260353049683
4,2022-10-04,7072.26,7012.822084285072,Latih,7013.777718306832,6970.260353049683
4,2022-10-05,7075.38,7056.499833682832,Latih,7057.204251791296,6970.260353049683
4,2022-10-06,7076.62,7071.300525865613,Latih,7071.574029563724,6970.260353049683
4,2022-10-07,7026.78,7072.902298799811,Latih,7073.146481908619,6970.260353049683
4,2022-10-10,6994.4,7033.460573023612,Latih,7034.058516540581,6970.260353049683
4,2022-10-11,6939.15,6997.862249044826,Latih,6999.020619169523,6970.260353049683
4,2022-10-12,6909.21,6947.491751939699,Latih,6949.26267416422,6970.260353049683
4,2022-10-13,6880.63,6912.770899600427,Latih,6915.119882155697,6970.260353049683
4,2022-10-14,6814.53,6884.117418342866,Latih,6886.869287514128,6970.260353049683
4,2022-10-17,6831.12,6825.855778474242,Latih,6829.274161006242,6970.260353049683
4,2022-10-18,6834.49,6826.048482488423,Latih,6829.777859771878,6970.260353049683
4,2022-10-19,6860.42,6831.999062474996,Latih,6835.595695573718,6970.260353049683
4,2022-10-20,6980.65,6853.309908007416,Latih,6856.696280936632,6970.260353049683
4,2022-10-21,7017.77,6957.30282447283,Latih,6971.689951553391,6970.260353049683
4,2022-10-24,7053.04,7007.386450380138,Latih,7008.676246038726,6970.260353049683
4,2022-10-25,7048.38,7042.780952308233,Latih,7043.572401372249,6970.260353049683
4,2022-10-26,7043.94,7046.0161975086285,Latih,7046.611245164927,6970.260353049683
4,2022-10-27,7091.76,7041.563087760265,Latih,7042.220758403595,6970.260353049683
4,2022-10-28,7056.04,7078.766158101618,Latih,7079.105646053612,6970.260353049683
4,2022-10-31,7098.89,7059.7409223163695,Latih,7060.0275608111,6970.260353049683
4,2022-11-01,7052.3,7086.826476011336,Latih,7087.035184826911,6970.260353049683
4,2022-11-02,7015.69,7058.167022041139,Latih,7058.434268611726,6970.260353049683
4,2022-11-03,7034.57,7019.840564606242,Latih,7020.677778611235,6970.260353049683
4,2022-11-04,7045.53,7027.664301041418,Latih,7028.603387287909,6970.260353049683
4,2022-11-07,7102.4,7040.109520838316,Latih,7040.845793414171,6970.260353049683
4,2022-11-08,7050.13,7087.551578838886,Latih,7087.8034152937535,6970.260353049683
4,2022-11-09,7070.08,7057.130355632362,Latih,7057.390465974864,6970.260353049683
4,2022-11-10,6966.84,7062.722159166394,Latih,7063.178619204817,6970.260353049683
4,2022-11-11,7089.21,6984.44440790062,Latih,6985.520271852065,6970.260353049683
4,2022-11-14,7019.39,7061.552076319514,Latih,7063.19325364357,6970.260353049683
4,2022-11-15,7035.5,7030.05555799132,Latih,7030.625008307749,6970.260353049683
4,2022-11-16,7014.38,7029.13343321448,Latih,7030.041647517734,6970.260353049683
4,2022-11-17,7044.99,7015.488913404994,Latih,7016.445323103719,6970.260353049683
4,2022-11-18,7082.18,7035.703417114074,Latih,7036.575329735333,6970.260353049683
4,2022-11-21,7063.25,7071.344739452659,Latih,7071.746902103482,6970.260353049683
4,2022-11-22,7030.59,7063.595364582596,Latih,7063.892242013273,6970.260353049683
4,2022-11-23,7054.12,7033.861287744099,Latih,7034.518854963833,6970.260353049683
4,2022-11-24,7080.52,7046.165644604023,Latih,7046.865512074288,6970.260353049683
4,2022-11-25,7053.15,7071.820901686012,Latih,7072.175541194736,6970.260353049683
4,2022-11-28,7017.36,7055.226223816928,Latih,7055.607184630689,6970.260353049683
4,2022-11-29,7012.07,7021.337672861867,Latih,7022.15725314384,6970.260353049683
4,2022-11-30,7081.31,7010.0771703506025,Latih,7011.168754688552,6970.260353049683
4,2022-12-01,7020.8,7064.168900131044,Latih,7064.792234140692,6970.260353049683
4,2022-12-02,7019.64,7029.622523397261,Latih,7030.233291440064,6970.260353049683
4,2022-12-05,6987.33,7016.782328889422,Latih,7017.796500666193,6970.260353049683
4,2022-12-06,6892.57,6990.826522839118,Latih,6992.082860964586,6970.260353049683
4,2022-12-07,6818.75,6909.009305866996,Latih,6911.164601883928,6970.260353049683
4,2022-12-08,6804.23,6831.567449955374,Latih,6834.877237712176,6970.260353049683
4,2022-12-09,6715.12,6805.467962675122,Latih,6809.365041318563,6970.260353049683
4,2022-12-12,6734.45,6731.653146399279,Latih,6736.291991997083,6970.260353049683
4,2022-12-13,6810.32,6729.496156820972,Latih,6734.576310900469,6970.260353049683
4,2022-12-14,6801.75,6798.4649700373675,Latih,6812.8171916544725,6970.260353049683
4,2022-12-15,6751.86,6801.833062846092,Latih,6805.803158547906,6970.260353049683
4,2022-12-16,6812.19,6760.419566223048,Latih,6764.807842305027,6970.260353049683
4,2022-12-19,6779.7,6798.633317794826,Latih,6808.579202984599,6970.260353049683
4,2022-12-20,6768.32,6784.643621735598,Latih,6788.761639034774,6970.260353049683
4,2022-12-21,6820.66,6769.183733411454,Latih,6773.596417461956,6970.260353049683
4,2022-12-22,6824.43,6808.6192279160305,Latih,6812.726204746394,6970.260353049683
4,2022-12-23,6800.67,6821.928681132227,Latih,6825.666642574101,6970.260353049683
4,2022-12-26,6835.81,6803.751829100278,Latih,6807.637686283616,6970.260353049683
4,2022-12-27,6923.03,6827.053475421101,Latih,6830.83929613176,6970.260353049683
4,2022-12-28,6850.52,6903.424147298971,Latih,6911.225725228826,6970.260353049683
4,2022-12-29,6860.08,6862.863455787931,Latih,6865.743751208816,6970.260353049683
4,2022-12-30,6850.62,6856.196046861443,Latih,6859.480237278376,6970.260353049683
4,2023-01-02,6850.98,6850.5460416990845,Latih,6853.836540955338,6970.260353049683
4,2023-01-03,6888.76,6848.969710969362,Latih,6852.319316810403,6970.260353049683
4,2023-01-04,6813.24,6879.123584181702,Latih,6882.196531904972,6970.260353049683
4,2023-01-05,6653.84,6826.429650149375,Latih,6829.8043620682065,6970.260353049683
4,2023-01-06,6684.56,6684.632268063141,Latih,6690.79764592947,6970.260353049683
4,2023-01-09,6688.27,6677.702266627861,Latih,6690.888891396537,6970.260353049683
4,2023-01-10,6622.5,6686.706234350218,Latih,6692.321191841676,6970.260353049683
4,2023-01-11,6584.45,6635.0663936024985,Latih,6642.125234981784,6970.260353049683
4,2023-01-12,6629.93,6591.827174793299,Latih,6600.021237187836,6970.260353049683
4,2023-01-13,6641.83,6635.910685659804,Latih,6648.93430837811,6970.260353049683
4,2023-01-16,6688.06,6638.969082975992,Latih,6648.264168727556,6970.260353049683
4,2023-01-17,6767.34,6685.294347137226,Latih,6699.602497374729,6970.260353049683
4,2023-01-18,6765.79,6763.961630447231,Latih,6778.17914283129,6970.260353049683
4,2023-01-19,6819.91,6764.735057949744,Latih,6769.246795948767,6970.260353049683
4,2023-01-20,6874.93,6807.523765193251,Latih,6812.711492739944,6970.260353049683
4,2023-01-24,6860.85,6861.99247397903,Latih,6865.368633828198,6970.260353049683
4,2023-01-25,6829.93,6861.616348218356,Latih,6864.7356038564785,6970.260353049683
4,2023-01-26,6864.82,6834.222928335697,Latih,6837.658608464034,6970.260353049683
4,2023-01-27,6898.98,6855.915458647046,Latih,6859.299659680758,6970.260353049683
4,2023-01-30,6872.48,6889.986991798319,Latih,6892.8954184371605,6970.260353049683
4,2023-01-31,6839.34,6875.613180505669,Latih,6878.491019616163,6970.260353049683
4,2023-02-01,6862.26,6844.00615406576,Latih,6847.297584134372,6970.260353049683
4,2023-02-02,6890.57,6855.730201131735,Latih,6859.07155894104,6970.260353049683
4,2023-02-03,6911.73,6882.7862273902065,Latih,6885.772428572811,6970.260353049683
4,2023-02-06,6873.79,6905.210453783313,Latih,6907.858175393978,6970.260353049683
4,2023-02-07,6935.3,6879.1672289389735,Latih,6881.952322940267,6970.260353049683
4,2023-02-08,6940.12,6920.673884365599,Latih,6923.260068936985,6970.260353049683
4,2023-02-09,6897.37,6936.625345038814,Latih,6938.775004469795,6970.260353049683
4,2023-02-10,6880.33,6903.534138292709,Latih,6905.962731160561,6970.260353049683
4,2023-02-13,6900.14,6881.546824878491,Latih,6884.378200938738,6970.260353049683
4,2023-02-14,6941.85,6893.965102828779,Latih,6896.763874600568,6970.260353049683
4,2023-02-15,6914.54,6931.078685904187,Latih,6933.445250470681,6970.260353049683
4,2023-02-16,6895.66,6917.546742678325,Latih,6919.839385229986,6970.260353049683
4,2023-02-17,6895.71,6897.134958460965,Latih,6899.742939555087,6970.260353049683
4,2023-02-20,6894.72,6893.456646577753,Latih,6896.187520759144,6970.260353049683
4,2023-02-21,6873.4,6892.678177174963,Latih,6895.415903169551,6970.260353049683
4,2023-02-22,6809.97,6875.50680933777,Latih,6878.405772717631,6970.260353049683
4,2023-02-23,6839.45,6820.800976103574,Latih,6824.299641201525,6970.260353049683
4,2023-02-24,6856.58,6831.783398422629,Latih,6835.4820847541405,6970.260353049683
4,2023-02-27,6854.78,6851.229051123294,Latih,6854.610925126109,6970.260353049683
4,2023-02-28,6843.24,6853.169251917634,Latih,6856.452382242713,6970.260353049683
4,2023-03-01,6844.94,6843.62586550537,Latih,6847.004533376726,6970.260353049683
4,2023-03-02,6857.42,6842.70689514819,Latih,6846.148547989163,6970.260353049683
4,2023-03-03,6813.64,6852.979081781539,Latih,6856.319017516408,6970.260353049683
4,2023-03-06,6807.0,6820.576288342505,Latih,6824.152624560624,6970.260353049683
4,2023-03-07,6766.76,6806.667288543609,Latih,6810.577605407266,6970.260353049683
4,2023-03-08,6776.37,6773.3178589356185,Latih,6777.563681942845,6970.260353049683
4,2023-03-09,6799.79,6773.045350689614,Latih,6777.4840587023145,6970.260353049683
4,2023-03-10,6765.3,6793.5864531851075,Latih,6797.792406396296,6970.260353049683
4,2023-03-13,6786.96,6770.735410541617,Latih,6775.038905131245,6970.260353049683
4,2023-03-14,6641.81,6781.190282028342,Latih,6785.561661280419,6970.260353049683
4,2023-03-15,6628.14,6669.877748051745,Latih,6676.401624419702,6970.260353049683
4,2023-03-16,6565.73,6630.407768242068,Latih,6637.25642055557,6970.260353049683
4,2023-03-17,6678.24,6578.443915105817,Latih,6586.8170320239315,6970.260353049683
4,2023-03-20,6612.49,6694.424504573955,Latih,6705.967831834869,6970.260353049683
4,2023-03-21,6691.61,6625.120508412725,Latih,6632.486130031951,6970.260353049683
4,2023-03-24,6762.25,6700.811790692225,Latih,6714.6817351558975,6970.260353049683
4,2023-03-27,6708.93,6756.421856421254,Latih,6770.701332466924,6970.260353049683
4,2023-03-28,6760.33,6718.456942020076,Latih,6723.414758914131,6970.260353049683
4,2023-03-29,6839.44,6748.88449992182,Latih,6761.9156143868195,6970.260353049683
4,2023-03-30,6808.95,6823.961420188576,Latih,6838.35707971576,6970.260353049683
4,2023-03-31,6805.28,6813.300903810291,Latih,6817.028678028017,6970.260353049683
4,2023-04-03,6827.17,6804.374077162174,Latih,6808.327495809225,6970.260353049683
4,2023-04-04,6833.18,6821.081616029769,Latih,6824.900066884786,6970.260353049683
4,2023-04-05,6819.67,6830.178057374388,Latih,6833.809983775051,6970.260353049683
4,2023-04-06,6792.77,6820.604057577878,Latih,6824.294857860237,6970.260353049683
4,2023-04-10,6771.23,6796.523915998366,Latih,6800.498200355795,6970.260353049683
4,2023-04-11,6811.31,6774.074790374661,Latih,6778.381051545465,6970.260353049683
4,2023-04-12,6798.96,6801.747195405987,Latih,6805.903065741089,6970.260353049683
4,2023-04-13,6785.6,6799.806425781873,Latih,6803.790354389575,6970.260353049683
4,2023-04-14,6818.57,6786.736165486003,Latih,6790.897698262956,6970.260353049683
4,2023-04-17,6787.58,6810.358037114172,Latih,6814.367407926349,6970.260353049683
4,2023-04-18,6821.81,6792.174669395711,Latih,6796.193813737657,6970.260353049683
4,2023-04-26,6910.15,6813.327897368697,Latih,6817.300785507588,6970.260353049683
4,2023-04-27,6945.48,6890.411131963171,Latih,6900.88220217053,6970.260353049683
4,2023-04-28,6915.72,6935.940448133988,Latih,6938.215327683134,6970.260353049683
4,2023-05-02,6863.3,6919.201209934395,Latih,6921.461584324282,6970.260353049683
4,2023-05-03,6812.72,6871.600164011752,Latih,6874.43539260093,6970.260353049683
4,2023-05-04,6844.03,6821.001669590502,Latih,6824.546332332521,6970.260353049683
4,2023-05-05,6787.63,6835.971847190292,Latih,6839.619338842066,6970.260353049683
4,2023-05-08,6769.63,6797.228411674526,Latih,6801.0810181719335,6970.260353049683
4,2023-05-09,6779.98,6771.788521302068,Latih,6776.1399527281765,6970.260353049683
4,2023-05-10,6811.9,6776.485077266121,Latih,6780.878847726608,6970.260353049683
4,2023-05-11,6755.94,6803.940163467554,Latih,6808.03465189877,6970.260353049683
4,2023-05-12,6707.76,6765.6672406712405,Latih,6769.959630152309,6970.260353049683
4,2023-05-15,6711.74,6716.282654845434,Latih,6721.290140921194,6970.260353049683
4,2023-05-16,6676.56,6709.963499020652,Latih,6715.256602283137,6970.260353049683
4,2023-05-17,6663.11,6682.734626078321,Latih,6688.257187515213,6970.260353049683
4,2023-05-19,6700.56,6665.096688546251,Latih,6670.946546878827,6970.260353049683
4,2023-05-22,6729.65,6692.354882077887,Latih,6706.76933884354,6970.260353049683
4,2023-05-23,6736.68,6722.806718668658,Latih,6728.0167727840135,6970.260353049683
4,2023-05-24,6745.8,6734.133283001502,Latih,6739.102411851307,6970.260353049683
4,2023-05-25,6704.23,6742.779689498564,Latih,6747.636707170925,6970.260353049683
4,2023-05-26,6687.0,6711.474905588346,Latih,6716.574231816845,6970.260353049683
4,2023-05-29,6681.1,6689.568676272943,Latih,6695.064450998619,6970.260353049683
4,2023-05-30,6636.42,6681.477525203837,Latih,6687.128616313948,6970.260353049683
4,2023-05-31,6633.26,6644.738413111576,Latih,6651.355506458888,6970.260353049683
4,2023-06-05,6633.44,6633.423180126406,Latih,6640.107375995227,6970.260353049683
4,2023-06-06,6618.92,6632.944199600078,Latih,6639.6204900278235,6970.260353049683
4,2023-06-07,6619.75,6621.41785320074,Latih,6628.549692246474,6970.260353049683
4,2023-06-08,6666.33,6619.219267945146,Latih,6626.314676029391,6970.260353049683
4,2023-06-09,6694.02,6667.325286036443,Latih,6681.577186765981,6970.260353049683
4,2023-06-12,6722.37,6687.694666579678,Latih,6697.661986309603,6970.260353049683
4,2023-06-13,6719.01,6715.721930894869,Latih,6721.595460302848,6970.260353049683
4,2023-06-14,6699.72,6718.629568928795,Latih,6723.774517890829,6970.260353049683
4,2023-06-15,6713.79,6702.607883634285,Latih,6707.914819802658,6970.260353049683
4,2023-06-16,6698.55,6710.012483021037,Latih,6715.34319368841,6970.260353049683
4,2023-06-19,6686.06,6700.648239204005,Latih,6705.997760037796,6970.260353049683
4,2023-06-20,6660.46,6687.70160888852,Latih,6693.241286930456,6970.260353049683
4,2023-06-21,6702.63,6664.857463306051,Latih,6670.724089189034,6970.260353049683
4,2023-06-22,6652.26,6695.881820601239,Latih,6710.260660866217,6970.260353049683
4,2023-06-23,6639.73,6661.591275058698,Latih,6667.726963889163,6970.260353049683
4,2023-06-26,6664.67,6641.69446924285,Latih,6648.187085829089,6970.260353049683
4,2023-06-27,6661.88,6659.0857738196955,Latih,6672.112874156398,6970.260353049683
4,2023-07-03,6696.72,6661.775731041144,Latih,6667.712135531168,6970.260353049683
4,2023-07-04,6681.75,6688.968224733784,Latih,6702.58670765312,6970.260353049683
4,2023-07-05,6718.98,6683.909298347248,Latih,6689.492207452073,6970.260353049683
4,2023-07-06,6757.33,6710.606199098544,Latih,6722.077582320887,6970.260353049683
4,2023-07-07,6716.46,6748.474903700075,Latih,6754.538008558474,6970.260353049683
4,2023-07-10,6731.04,6723.483897587675,Latih,6728.419168137926,6970.260353049683
4,2023-07-11,6796.92,6727.044759050328,Latih,6732.140943787117,6970.260353049683
4,2023-07-12,6808.21,6783.486802964831,Latih,6797.892287733582,6970.260353049683
4,2023-07-13,6810.21,6804.338008183268,Latih,6808.348697646288,6970.260353049683
4,2023-07-14,6869.57,6808.153925160197,Latih,6812.076420152215,6970.260353049683
4,2023-07-17,6867.14,6855.814181091223,Latih,6859.2926268762685,6970.260353049683
4,2023-07-18,6830.2,6865.569301459228,Latih,6868.677904467021,6970.260353049683
4,2023-07-20,6864.19,6835.67665039304,Latih,6839.069306305678,6970.260353049683
4,2023-07-21,6880.8,6855.466988081369,Latih,6858.8540074080565,6970.260353049683
4,2023-07-24,6899.4,6875.386812111175,Latih,6878.431318345702,6970.260353049683
4,2023-07-25,6917.71,6893.468462723531,Latih,6896.269483958521,6970.260353049683
4,2023-07-26,6948.28,6911.711066306273,Latih,6914.257743064205,6970.260353049683
4,2023-07-27,6896.66,6939.658810804529,Latih,6941.864008706255,6970.260353049683
4,2023-07-28,6900.23,6904.575820745865,Latih,6906.956295785943,6970.260353049683
4,2023-07-31,6931.36,6897.252732080259,Latih,6899.944201871791,6970.260353049683
4,2023-08-01,6886.5,6922.743545645517,Latih,6925.185712860268,6970.260353049683
4,2023-08-02,6854.51,6893.153589587249,Latih,6895.718262050786,6970.260353049683
4,2023-08-03,6898.08,6858.846535053287,Latih,6861.936314966712,6970.260353049683
4,2023-08-04,6852.84,6887.239983536042,Latih,6890.222202910222,6970.260353049683
4,2023-08-07,6886.37,6859.797282310162,Latih,6862.823611847793,6970.260353049683
4,2023-08-08,6868.81,6877.586812977231,Latih,6880.66495773617,6970.260353049683
4,2023-08-09,6875.11,6870.2075911552065,Latih,6873.194361167585,6970.260353049683
4,2023-08-10,6893.28,6871.765874467527,Latih,6874.8215504503605,6970.260353049683
4,2023-08-11,6879.98,6887.474703385867,Latih,6890.357377549447,6970.260353049683
4,2023-08-14,6910.17,6880.462661183513,Latih,6883.323254409469,6970.260353049683
4,2023-08-15,6915.1,6901.882773744503,Latih,6904.610958912412,6970.260353049683
4,2023-08-16,6900.54,6911.753754395287,Latih,6914.249107193987,6970.260353049683
4,2023-08-18,6859.91,6901.131013485232,Latih,6903.699874604383,6970.260353049683
4,2023-08-21,6866.03,6865.911349145208,Latih,6868.870220642721,6970.260353049683
4,2023-08-22,6916.45,6862.7830697983845,Latih,6865.962776528036,6970.260353049683
4,2023-08-23,6921.41,6904.136037762204,Latih,6906.909729312101,6970.260353049683
4,2023-08-24,6899.39,6918.014967150729,Latih,6920.423521696966,6970.260353049683
4,2023-08-25,6895.44,6901.45796132628,Latih,6903.99403716568,6970.260353049683
4,2023-08-28,6921.73,6893.976220865287,Latih,6896.684677982368,6970.260353049683
4,2023-08-29,6957.83,6914.132186819355,Latih,6916.675554022233,6970.260353049683
4,2023-08-30,6966.66,6948.05481584911,Latih,6950.16445034866,6970.260353049683
4,2023-08-31,6953.26,6962.195174230979,Latih,6964.00503543918,6970.260353049683
4,2023-09-01,6977.65,6953.264133071348,Latih,6955.113683084294,6970.260353049683
4,2023-09-04,6996.75,6970.046188639449,Latih,6971.806070395159,6970.260353049683
4,2023-09-05,6991.71,6990.058085525085,Latih,6991.52010732596,6970.260353049683
4,2023-09-06,6995.95,6989.806352493812,Latih,6991.180283247281,6970.260353049683
4,2023-09-07,6954.81,6992.189981953551,Latih,6993.566032890727,6970.260353049683
4,2023-09-08,6924.78,6960.266556879327,Latih,6961.913655204223,6970.260353049683
4,2023-09-11,6963.39,6928.252791294497,Latih,6930.386471779984,6970.260353049683
4,2023-09-12,6933.97,6953.082728084966,Latih,6955.1320407724825,6970.260353049683
4,2023-09-13,6935.48,6937.260184923453,Latih,6939.271127457066,6970.260353049683
4,2023-09-14,6959.33,6932.668720260304,Latih,6934.860731653614,6970.260353049683
4,2023-09-15,6982.79,6951.957065672323,Latih,6953.966069013521,6970.260353049683
4,2023-09-18,6936.08,6975.334366353201,Latih,6977.01735266571,6970.260353049683
4,2023-09-19,6980.32,6942.760794702215,Latih,6944.629814207002,6970.260353049683
4,2023-09-20,7011.68,6968.788867989825,Latih,6970.641546566533,6970.260353049683
4,2023-09-21,6991.47,7002.47212310796,Latih,7003.808355960897,6970.260353049683
4,2023-09-22,7016.84,6992.555480939795,Latih,6993.833719011594,6970.260353049683
4,2023-09-25,6998.38,7008.776722061685,Latih,7010.002653650096,6970.260353049683
4,2023-09-26,6923.8,6999.07385646527,Latih,7000.268218001177,6970.260353049683
4,2023-09-27,6937.83,6936.05284372632,Latih,6937.909245552463,6970.260353049683
4,2023-09-29,6939.89,6932.537139591021,Latih,6934.778484039349,6970.260353049683
4,2023-10-02,6961.46,6936.940450878186,Latih,6939.0752431673245,6970.260353049683
4,2023-10-03,6940.89,6954.521583000466,Latih,6956.48634689872,6970.260353049683
4,2023-10-04,6886.58,6942.390253815694,Latih,6944.36355016057,6970.260353049683
4,2023-10-05,6874.83,6895.094074796476,Latih,6897.595994993487,6970.260353049683
4,2023-10-06,6888.52,6875.042463250195,Latih,6877.984166430867,6970.260353049683
4,2023-10-09,6891.46,6883.629362396038,Latih,6886.548389953412,6970.260353049683
4,2023-10-10,6922.19,6888.66642762009,Latih,6891.474714362659,6970.260353049683
4,2023-10-11,6931.75,6913.714691620509,Latih,6916.280708590786,6970.260353049683
4,2023-10-12,6935.15,6927.378758489531,Latih,6929.674788163942,6970.260353049683
4,2023-10-13,6926.78,6931.9687752223435,Latih,6934.177670517606,6970.260353049683
4,2023-10-16,6896.29,6925.973567954344,Latih,6928.221066106599,6970.260353049683
4,2023-10-17,6939.62,6900.047056637445,Latih,6902.5705923659,6970.260353049683
4,2023-10-18,6927.91,6928.5447819602905,Latih,6930.952715964955,6970.260353049683
4,2023-10-19,6846.43,6927.753669022959,Latih,6929.963779545468,6970.260353049683
4,2023-10-20,6849.17,6860.567736384306,Latih,6863.445885765586,6970.260353049683
4,2023-10-23,6741.96,6846.70331215504,Latih,6850.0934083336915,6970.260353049683
4,2023-10-24,6806.76,6761.875149905108,Latih,6766.025784420692,6970.260353049683
4,2023-10-25,6834.39,6792.359926911023,Latih,6805.71074956539,6970.260353049683
4,2023-10-26,6714.52,6827.122122832567,Latih,6830.878493674428,6970.260353049683
4,2023-10-27,6758.79,6737.114907690008,Latih,6741.561243192871,6970.260353049683
4,2023-10-30,6735.89,6748.759124668261,Latih,6757.96757376673,6970.260353049683
4,2023-10-31,6752.21,6739.242886949797,Latih,6744.027559817156,6970.260353049683
4,2023-11-01,6642.42,6747.728172413132,Latih,6752.543807719371,6970.260353049683
4,2023-11-02,6751.39,6663.520002297919,Latih,6669.999858998072,6970.260353049683
4,2023-11-03,6788.85,6762.012121529304,Latih,6775.9346181074025,6970.260353049683
4,2023-11-06,6878.84,6779.955869705105,Latih,6784.404299535777,6970.260353049683
4,2023-11-07,6843.79,6860.939414930377,Latih,6875.337789326942,6970.260353049683
4,2023-11-08,6804.11,6848.802035465273,Latih,6852.019672798548,6970.260353049683
4,2023-11-09,6838.23,6810.303636302976,Latih,6814.038158910303,6970.260353049683
4,2023-11-10,6809.26,6829.65791425708,Latih,6833.403658324511,6970.260353049683
4,2023-11-13,6838.31,6813.309436256914,Latih,6817.042872916489,6970.260353049683
4,2023-11-14,6862.06,6830.735794968636,Latih,6834.447409249575,6970.260353049683
4,2023-11-15,6958.21,6855.3680892682405,Latih,6858.717617541585,6970.260353049683
4,2023-11-16,6958.01,6936.606340953154,Latih,6943.952674071832,6970.260353049683
4,2023-11-17,6977.67,6955.3823517293185,Latih,6957.252560605451,6970.260353049683
4,2023-11-20,6994.89,6970.9975564378965,Latih,6972.726307691382,6970.260353049683
4,2023-11-21,6961.79,6988.5809897351755,Latih,6990.056404891659,6970.260353049683
4,2023-11-22,6906.95,6965.615780370282,Latih,6967.219078802513,6970.260353049683
4,2023-11-23,7004.34,6915.429971950691,Latih,6917.647554827969,6970.260353049683
4,2023-11-24,7009.63,6982.178500348377,Latih,6984.0469251674895,6970.260353049683
4,2023-11-27,7013.41,7005.570176909021,Latih,7006.7645125890285,6970.260353049683
4,2023-11-28,7041.07,7009.621847971729,Latih,7010.754181206277,6970.260353049683
4,2023-11-29,7036.09,7032.391017911488,Latih,7033.2977842844075,6970.260353049683
4,2023-11-30,7080.74,7033.872819474989,Latih,7034.63520650869,6970.260353049683
4,2023-12-01,7059.91,7068.445414090214,Latih,7068.916043161212,6970.260353049683
4,2023-12-04,7093.6,7060.652291039286,Latih,7060.982781138478,6970.260353049683
4,2023-12-05,7100.85,7083.376368291438,Latih,7083.598160191834,6970.260353049683
4,2023-12-06,7087.4,7095.783993611397,Latih,7095.7332643378395,6970.260353049683
4,2023-12-07,7134.62,7086.501984480679,Latih,7086.5016224980955,6970.260353049683
4,2023-12-08,7159.6,7121.45295431978,Latih,7121.197549750869,6970.260353049683
4,2023-12-11,7088.79,7150.642971334525,Latih,7149.8979077530585,6970.260353049683
4,2023-12-12,7125.31,7099.178717995944,Latih,7098.784777520957,6970.260353049683
4,2023-12-13,7075.34,7114.313416680161,Latih,7114.116498154465,6970.260353049683
4,2023-12-14,7176.02,7081.716005890429,Latih,7081.643557661831,6970.260353049683
4,2023-12-15,7190.99,7152.043378528424,Latih,7151.566078635522,6970.260353049683
4,2023-12-18,7119.52,7183.790854210925,Latih,7182.547650882077,6970.260353049683
4,2023-12-19,7187.85,7129.829748431509,Latih,7129.007789406842,6970.260353049683
4,2023-12-20,7219.67,7170.163761277268,Latih,7169.31217139251,6970.260353049683
4,2023-12-21,7209.62,7208.9574348045135,Latih,7207.428885775878,6970.260353049683
4,2023-12-22,7237.52,7207.221469755247,Latih,7205.558056358173,6970.260353049683
4,2023-12-26,7237.52,7227.458054401951,Latih,7225.65770816453,6970.260353049683
4,2023-12-27,7245.92,7232.952536332685,Latih,7230.970061143714,6970.260353049683
4,2023-12-28,7303.89,7239.641198808033,Latih,7237.597755409557,6970.260353049683
4,2023-12-29,7272.8,7287.455064634169,Latih,7284.935820984923,6970.260353049683
4,2024-01-02,7323.59,7274.115385872207,Latih,7271.4434372843125,6970.260353049683
4,2024-01-03,7279.09,7308.43510979661,Latih,7305.597373185244,6970.260353049683
4,2024-01-04,7359.76,7283.0035062397355,Latih,7280.157340605341,6970.260353049683
4,2024-01-05,7350.62,7338.474803359598,Latih,7335.333363360256,6970.260353049683
4,2024-01-08,7283.58,7347.083576595874,Latih,7343.481953308672,6970.260353049683
4,2024-01-09,7200.2,7291.901865543211,Latih,7288.8467325342535,6970.260353049683
4,2024-01-10,7227.3,7212.306601095274,Latih,7210.294495046213,6970.260353049683
4,2024-01-11,7219.96,7217.465163188056,Latih,7215.800508707837,6970.260353049683
4,2024-01-12,7241.14,7216.957456758098,Latih,7215.169159369544,6970.260353049683
4,2024-01-15,7224.0,7232.376932312327,Latih,7230.482729162055,6970.260353049683
4,2024-01-16,7242.79,7222.899866280632,Latih,7220.992011215762,6970.260353049683
4,2024-01-17,7200.63,7234.486308252889,Latih,7232.553838372308,6970.260353049683
4,2024-01-18,7252.97,7204.616177674606,Latih,7202.86707782872,6970.260353049683
4,2024-01-19,7227.4,7237.9900411070175,Latih,7236.136173158961,6970.260353049683
4,2024-01-22,7247.93,7227.9370090723805,Latih,7225.927074918824,6970.260353049683
4,2024-01-23,7256.23,7239.248706263382,Latih,7237.256716103631,6970.260353049683
4,2024-01-24,7227.82,7249.90076776274,Latih,7247.714496378978,6970.260353049683
4,2024-01-25,7178.04,7228.913379525023,Latih,7226.8791925383375,6970.260353049683
4,2024-01-26,7137.09,7183.68034609921,Latih,7182.193011373352,6970.260353049683
4,2024-01-29,7157.17,7141.269794304438,Latih,7140.404759352274,6970.260353049683
4,2024-01-30,7192.22,7149.194420456954,Latih,7148.450908229418,6970.260353049683
4,2024-01-31,7207.94,7181.057937413525,Latih,7179.928862022232,6970.260353049683
4,2024-02-01,7201.7,7200.477889350726,Latih,7199.005861316992,6970.260353049683
4,2024-02-02,7238.79,7198.604939749314,Latih,7197.075666755511,6970.260353049683
4,2024-02-05,7198.62,7226.909650787192,Latih,7225.151811647492,6970.260353049683
4,2024-02-06,7247.41,7202.227868297174,Latih,7200.519620771482,6970.260353049683
4,2024-02-07,7235.15,7233.1669334460075,Latih,7231.366587208587,6970.260353049683
4,2024-02-12,7297.67,7233.0131425596055,Latih,7230.983299363928,6970.260353049683
4,2024-02-13,7209.74,7280.381252689444,Latih,7277.977533196294,6970.260353049683
4,2024-02-15,7303.28,7222.677867533044,Latih,7220.504420675115,6970.260353049683
4,2024-02-16,7335.54,7279.844225670182,Latih,7277.565648727499,6970.260353049683
4,2024-02-19,7296.7,7323.953096325486,Latih,7320.829600319949,6970.260353049683
4,2024-02-20,7352.6,7299.379132933702,Latih,7296.327102632607,6970.260353049683
4,2024-02-21,7349.02,7336.241474239915,Latih,7333.037152694553,6970.260353049683
4,2024-02-22,7339.64,7344.399527447314,Latih,7340.856235067934,6970.260353049683
4,2024-02-23,7295.1,7336.225495294421,Latih,7332.773732796996,6970.260353049683
4,2024-02-26,7283.82,7298.912485671128,Latih,7295.845355525102,6970.260353049683
4,2024-02-27,7285.32,7281.15915326246,Latih,7278.464710042559,6970.260353049683
4,2024-02-28,7328.64,7280.132105248057,Latih,7277.500388438784,6970.260353049683
4,2024-02-29,7316.11,7314.921837701884,Latih,7311.965784497347,6970.260353049683
4,2024-03-01,7311.91,7313.475820702401,Latih,7310.3279167283445,6970.260353049683
4,2024-03-04,7276.75,7307.663931757297,Latih,7304.628345807876,6970.260353049683
4,2024-03-05,7247.46,7278.840085982167,Latih,7276.087156719052,6970.260353049683
4,2024-03-06,7329.8,7248.593234957536,Latih,7246.282493276674,6970.260353049683
4,2024-03-07,7373.96,7308.389603414622,Latih,7305.672200156536,6970.260353049683
4,2024-03-08,7381.91,7359.768273727986,Latih,7356.192816610428,6970.260353049683
4,2024-03-13,7421.21,7374.795308449362,Latih,7370.873795981501,6968.221072450922
4,2024-03-14,7433.31,7407.654174088337,Latih,7403.395448987581,6962.300821433709
4,2024-03-15,7328.05,7425.0285107315585,Latih,7420.425385058025,6955.517500512645
4,2024-03-18,7302.45,7343.596391517014,Latih,7339.67855058679,6966.879228867934
4,2024-03-19,7336.75,7302.482616473521,Latih,7299.43777411231,6970.260353049683
4,2024-03-20,7331.13,7324.753077836124,Latih,7321.6262722755355,6970.260353049683
4,2024-03-21,7338.35,7327.03294757375,Latih,7323.723030537454,6970.260353049683
4,2024-03-22,7350.15,7331.675219078153,Latih,7328.349529943554,6970.260353049683
4,2024-03-25,7377.76,7342.493016889185,Latih,7339.034531858057,6970.260353049683
4,2024-03-26,7365.66,7366.801750470493,Latih,7363.065831644627,6970.260353049683
4,2024-03-27,7310.09,7362.60425213823,Latih,7358.7759760416475,6969.715026286887
4,2024-03-28,7288.81,7315.972828278628,Latih,7312.626919831124,6970.260353049683
4,2024-04-01,7205.06,7288.084552347744,Latih,7285.256072148168,6970.260353049683
4,2024-04-02,7236.98,7217.206552487687,Latih,7215.124945782498,6970.260353049683
4,2024-04-03,7166.84,7226.130147148448,Latih,7224.36341357954,6970.260353049683
4,2024-04-04,7254.4,7176.566043816875,Latih,7175.100324622463,6970.260353049683
4,2024-04-05,7286.88,7232.474305627423,Latih,7230.83054271348,6970.260353049683
4,2024-04-16,7164.81,7275.580536236845,Latih,7273.129448736988,6970.260353049683
4,2024-04-17,7130.84,7184.776687922549,Latih,7182.999973976684,6970.260353049683
4,2024-04-18,7166.81,7133.68770709998,Latih,7132.954382096595,6970.260353049683
4,2024-04-19,7087.32,7155.639623788664,Latih,7154.866842683622,6970.260353049683
4,2024-04-22,7073.82,7099.4280722845215,Latih,7098.997726703944,6970.260353049683
4,2024-04-23,7110.81,7073.024131795227,Latih,7073.210656249582,6970.260353049683
4,2024-04-24,7174.53,7099.819478881421,Latih,7099.825529161753,6970.260353049683
4,2024-04-25,7155.29,7157.8421326769085,Latih,7157.144126831361,6970.260353049683
4,2024-04-26,7036.08,7155.070587166616,Latih,7154.096388609478,6970.260353049683
4,2024-04-29,7155.78,7056.358608763275,Latih,7056.375518521127,6970.260353049683
4,2024-04-30,7234.2,7128.195293641155,Latih,7128.121190635031,6970.260353049683
4,2024-05-01,7234.2,7214.211508587674,Latih,7212.786693425253,6970.260353049683
4,2024-05-02,7117.42,7229.655081839638,Latih,7227.718371591644,6970.260353049683
4,2024-05-03,7134.72,7136.667082325286,Latih,7135.578290424412,6970.260353049683
4,2024-05-06,7135.89,7127.44454176194,Latih,7126.992373802726,6970.260353049683
4,2024-05-07,7123.61,7131.783161590165,Latih,7131.209574329919,6970.260353049683
4,2024-05-08,7088.79,7122.235405530993,Latih,7121.743367775743,6970.260353049683
4,2024-05-13,7099.26,7092.091047289432,Latih,7091.931981799663,6970.260353049683
4,2024-05-14,7083.76,7093.570728669228,Latih,7093.562920187773,6970.260353049683
4,2024-05-15,7179.83,7083.290423283637,Latih,7083.326931812823,6970.260353049683
4,2024-05-16,7246.7,7156.73534507043,Latih,7156.1753580129825,6970.260353049683
4,2024-05-17,7317.24,7228.901123828965,Latih,7227.228609155493,6970.260353049683
4,2024-05-20,7266.69,7298.238784370507,Latih,7295.61756505617,6970.260353049683
4,2024-05-21,7186.04,7271.879264315448,Latih,7269.1646017826415,6970.260353049683
4,2024-05-22,7222.38,7197.705309604479,Latih,7195.906152738406,6970.260353049683
4,2024-05-27,7176.42,7210.758918701485,Latih,7209.222406056002,6970.260353049683
4,2024-05-28,7253.63,7181.31913370378,Latih,7179.879063561034,6970.260353049683
4,2024-05-29,7140.23,7233.747760357934,Latih,7232.047062754708,6970.260353049683
4,2024-05-30,7034.14,7158.656438355514,Latih,7157.275164526769,6970.260353049683
4,2024-05-31,6970.74,7051.8481506312455,Latih,7051.977378413733,6970.260353049683
4,2024-06-03,7036.19,6980.472036879706,Latih,6981.754179192233,6970.260353049683
4,2024-06-04,7099.31,7020.102071167283,Latih,7021.322831575923,6970.260353049683
4,2024-06-05,6947.67,7083.251794570744,Latih,7083.586990443528,6970.260353049683
4,2024-06-06,6974.9,6974.936366502094,Latih,6975.960570367622,6970.260353049683
4,2024-06-07,6897.95,6966.755560103701,Latih,6968.571936998414,6970.260353049683
4,2024-06-10,6921.55,6910.845359100739,Latih,6913.042696809212,6970.260353049683
4,2024-06-11,6855.69,6914.483180646341,Latih,6917.011422148387,6970.260353049683
4,2024-06-12,6850.1,6866.688680888449,Latih,6869.5411036503665,6970.260353049683
4,2024-06-13,6831.56,6849.2674675006,Latih,6852.590390054021,6970.260353049683
4,2024-06-14,6734.83,6833.403813459904,Latih,6836.897824496062,6970.260353049683
4,2024-06-19,6726.92,6752.729750416002,Latih,6757.047090839467,6970.260353049683
4,2024-06-20,6819.32,6727.381829475778,Latih,6732.388009828646,6970.260353049683
4,2024-06-21,6879.98,6812.275122734933,Latih,6826.506907575161,6970.260353049683
4,2024-06-24,6889.17,6865.897412815724,Latih,6869.240787385141,6970.260353049683
4,2024-06-25,6882.7,6885.1611434120305,Latih,6888.041826671399,6970.260353049683
4,2024-06-26,6905.64,6881.819113349355,Latih,6884.686791091598,6970.260353049683
4,2024-06-27,6967.95,6898.811325663366,Latih,6901.554662388005,6970.260353049683
4,2024-06-28,7063.58,6952.944373170182,Latih,6955.0855518663375,6970.260353049683
4,2024-07-01,7139.63,7041.362342561538,Latih,7042.402421948965,6970.260353049683
4,2024-07-02,7125.14,7120.751276936595,Latih,7120.614964637821,6970.260353049683
4,2024-07-03,7196.75,7124.190214908187,Latih,7123.662651147907,6970.260353049683
4,2024-07-04,7220.89,7178.357288777899,Latih,7177.404343769621,6970.260353049683
4,2024-07-05,7253.37,7211.6816123081,Latih,7210.08599307783,6970.260353049683
4,2024-07-08,7250.98,7242.298409533579,Latih,7240.309366946299,6970.260353049683
4,2024-07-09,7269.8,7246.791699348767,Latih,7244.608065266688,6970.260353049683
4,2024-07-10,7287.04,7261.306735560975,Latih,7259.0020441604465,6970.260353049683
4,2024-07-11,7300.41,7278.740747618758,Latih,7276.188046436392,6970.260353049683
4,2024-07-12,7327.58,7292.782000340308,Latih,7290.019607818211,6970.260353049683
4,2024-07-15,7278.86,7317.0495713306345,Latih,7314.002660497514,6970.260353049683
4,2024-07-16,7224.29,7283.606155530298,Latih,7280.73563363918,6970.260353049683
4,2024-07-17,7224.22,7230.559210910874,Latih,7228.402932369786,6970.260353049683
4,2024-07-18,7321.07,7219.756771503762,Latih,7217.957200943307,6970.260353049683
4,2024-07-19,7294.5,7296.861440638389,Latih,7294.359158458794,6970.260353049683
4,2024-07-22,7321.98,7294.777765461291,Latih,7291.8361915601145,6970.260353049683
4,2024-07-23,7313.86,7311.426533870783,Latih,7308.458948935357,6970.260353049683
4,2024-07-24,7262.76,7310.372647433367,Latih,7307.284522297468,6970.260353049683
4,2024-07-25,7240.28,7268.0842906165935,Latih,7265.420253933749,6970.260353049683
4,2024-07-26,7288.17,7240.120825731832,Latih,7237.953636001426,6970.260353049683
4,2024-07-29,7288.9,7273.827040888153,Latih,7271.458743976436,6970.260353049683
4,2024-07-30,7241.86,7283.839530873382,Latih,7281.153309829318,6970.260353049683
4,2024-07-31,7255.76,7246.526883232672,Latih,7244.177461127121,6970.260353049683
4,2024-08-01,7325.98,7248.331211278517,Latih,7246.187964110453,6970.260353049683
4,2024-08-02,7308.12,7306.982421975222,Latih,7304.238593988504,6970.260353049683
4,2024-08-05,7059.65,7306.589826006975,Latih,7303.517266122188,6970.260353049683
4,2024-08-06,7129.21,7105.224137419525,Latih,7104.072308837238,6970.260353049683
4,2024-08-07,7212.13,7111.680200228754,Latih,7111.645191341701,6970.260353049683
4,2024-08-08,7195.12,7191.405364712549,Latih,7190.314297492576,6970.260353049683
4,2024-08-13,7356.64,7284.65244033345,Uji,7282.106306549394,6970.260353049683
4,2024-08-14,7436.04,7339.6416283632225,Uji,7336.401832524627,6970.260353049683
4,2024-08-15,7409.5,7414.486285090545,Uji,7410.28475323806,6956.008038625762
4,2024-08-16,7432.09,7408.989889823296,Uji,7404.462883915999,6956.459767034695
4,2024-08-19,7466.83,7421.750913568834,Uji,7417.2331123615295,6957.244312573716
4,2024-08-20,7533.98,7453.862026612862,Uji,7448.944544921023,6945.198566414161
4,2024-08-21,7554.59,7514.172875745407,Uji,7508.541047279944,6915.321997717063
4,2024-08-22,7488.68,7543.807976203078,Uji,7537.588184597605,6908.8946349555645
4,2024-08-23,7544.3,7495.384945399869,Uji,7489.509140672791,6930.730381090683
4,2024-08-26,7606.19,7526.693232784382,Uji,7520.843904497734,6911.532065918485
4,2024-08-27,7597.88,7586.927755303501,Uji,7580.265931251167,6885.141596352495
4,2024-08-28,7658.88,7592.499080965637,Uji,7585.493580305694,6892.052360999026
4,2024-08-29,7627.6,7639.43477704299,Uji,7632.040610511426,6862.976523633633
4,2024-08-30,7670.73,7626.54054370654,Uji,7618.975314548137,6880.640860038436
4,2024-09-02,7694.53,7654.723473460801,Uji,7647.049339256412,6858.84940505806
4,2024-09-03,7616.52,7682.168372438084,Uji,7674.039794955383,6849.756428403887
4,2024-09-04,7672.9,7624.7385944033895,Uji,7617.021125712517,6887.579678335227
4,2024-09-05,7681.04,7654.269340453274,Uji,7646.65167553199,6857.291535440121
4,2024-09-06,7721.85,7671.854040689596,Uji,7663.809339742787,6856.202588403854
4,2024-09-09,7702.74,7705.952800102366,Uji,7697.558630826605,6837.415459591181
4,2024-09-10,7761.39,7698.773030684126,Uji,7690.251236691605,6848.3792139512625
4,2024-09-11,7760.96,7741.710680832999,Uji,7732.887717330591,6819.88366052392
4,2024-09-12,7798.15,7752.918385598798,Uji,7743.715754077572,6822.933234514623
4,2024-09-13,7812.13,7782.446856329582,Uji,7772.9770816613645,6805.431609281329
4,2024-09-17,7831.78,7800.902796933794,Uji,7791.088621692799,6800.665927571681
4,2024-09-18,7829.13,7819.302371678497,Uji,7809.254459111835,6792.1084265828395
4,2024-09-19,7905.39,7821.062124154713,Uji,7810.904996271278,6794.307987898615
4,2024-09-20,7743.0,7881.263551123295,Uji,7870.570068473968,6758.334158700726
4,2024-09-23,7775.73,7766.975927536627,Uji,7756.963799533982,6838.366232703956
4,2024-09-24,7778.49,7761.057719135423,Uji,7751.867808716434,6815.097862924962
4,2024-09-25,7740.9,7769.701035852571,Uji,7760.27749153151,6815.389620887666
4,2024-09-26,7744.52,7740.312910940784,Uji,7731.144202358858,6833.19236391905
4,2024-09-27,7696.92,7735.792575855391,Uji,7726.843021872179,6829.6658778739275
4,2024-09-30,7527.93,7698.603209140432,Uji,7689.9757162333835,6852.21553123239
4,2024-10-01,7642.13,7554.667970841046,Uji,7547.578179950828,6906.7279364872375
4,2024-10-02,7563.26,7612.321764383438,Uji,7605.505839173914,6867.453653512036
4,2024-10-03,7543.83,7572.010142746089,Uji,7565.021396708604,6909.742863573471
4,2024-10-04,7496.09,7541.006437850111,Uji,7534.673604254835,6915.3737353706765
4,2024-10-07,7504.13,7499.166215472329,Uji,7493.306855096925,6931.264253690285
4,2024-10-08,7557.14,7496.166620934117,Uji,7490.560441520322,6930.773250170988
4,2024-10-09,7501.29,7539.9599979115665,Uji,7533.916543536298,6906.246809921304
4,2024-10-10,7480.08,7505.928050141443,Uji,7499.943960909952,6928.830903337043
4,2024-10-11,7520.6,7478.040394752132,Uji,7472.574974851714,6938.966234697742
4,2024-10-14,7559.65,7506.128174798598,Uji,7500.50710238706,6922.254429606836
4,2024-10-15,7626.95,7545.202126269454,Uji,7539.033012225741,6905.86659892861
4,2024-10-16,7648.94,7606.481123678805,Uji,7599.568393983961,6876.128824696577
4,2024-10-17,7735.04,7637.244782409793,Uji,7629.733126673822,6869.060028796231
4,2024-10-18,7760.06,7710.133905794753,Uji,7701.853502473963,6829.657293715507
4,2024-10-21,7772.6,7747.012588029045,Uji,7737.988465633528,6822.076964712172
4,2024-10-22,7788.98,7761.925132830282,Uji,7752.646588390011,6817.397331433921
4,2024-10-23,7787.56,7777.437534485003,Uji,7767.958244846006,6810.306945858029
4,2024-10-24,7716.55,7779.5324828340035,Uji,7769.956698980471,6811.769639912276
4,2024-10-25,7694.66,7722.7100081516655,Uji,7713.658995621337,6845.078191344174
4,2024-10-28,7634.63,7691.295401311051,Uji,7682.8668954016075,6851.91984317306
4,2024-10-29,7606.6,7639.184698789244,Uji,7631.3348478962225,6879.073578873313
4,2024-10-30,7569.85,7605.043328855158,Uji,7597.788887601018,6889.334363055266
4,2024-10-31,7574.02,7570.260525782225,Uji,7563.455873744603,6905.247427718678
4,2024-11-01,7505.26,7566.343563952561,Uji,7559.748448119279,6901.50320914928
4,2024-11-04,7479.5,7512.413536963572,Uji,7506.290446419825,6926.068821085733
4,2024-11-05,7491.93,7478.360387356387,Uji,7472.873248500929,6938.503439964099
4,2024-11-06,7383.87,7483.184891235935,Uji,7477.77573377143,6935.702315305514
4,2024-11-07,7243.86,7399.588271304466,Uji,7394.88249771247,6952.099712666318
4,2024-11-08,7287.19,7266.822264193377,Uji,7263.83839004167,6970.260353049683
4,2024-11-11,7266.46,7273.751696798883,Uji,7271.367214094482,6970.260353049683
4,2024-11-12,7321.99,7265.778254709325,Uji,7263.261389802775,6970.260353049683
4,2024-11-13,7308.67,7305.912556592311,Uji,7303.127772861804,6970.260353049683
4,2024-11-14,7214.56,7306.241960743751,Uji,7303.191533508386,6970.260353049683
4,2024-11-15,7161.26,7228.682176077443,Uji,7226.401944357233,6970.260353049683
4,2024-11-18,7134.28,7167.707657733034,Uji,7166.428721551964,6970.260353049683
4,2024-11-19,7195.71,7135.727789231604,Uji,7134.992706027097,6970.260353049683
4,2024-11-20,7180.33,7179.329160304141,Uji,7178.324141515564,6970.260353049683
4,2024-11-21,7140.91,7179.180230326723,Uji,7177.885935741734,6970.260353049683
4,2024-11-22,7195.56,7144.76256425745,Uji,7143.854815360374,6970.260353049683
4,2024-11-25,7314.11,7180.515325520109,Uji,7179.468213328194,6970.260353049683
4,2024-11-26,7245.89,7285.67524798044,Uji,7283.410581511342,6970.260353049683
4,2024-11-28,7200.16,7254.70055340298,Uji,7252.157315479596,6970.260353049683
4,2024-11-29,7114.27,7204.852345454767,Uji,7203.086542698218,6970.260353049683
4,2024-12-02,7046.99,7127.455194392269,Uji,7126.6114647007635,6970.260353049683
4,2024-12-03,7196.02,7056.96772202855,Uji,7057.173121289072,6970.260353049683
4,2024-12-04,7326.76,7162.385634647677,Uji,7162.386772307226,6970.260353049683
4,2024-12-05,7313.31,7295.838632991398,Uji,7293.479075373495,6970.260353049683
4,2024-12-06,7382.79,7310.876061784115,Uji,7307.760787954417,6970.260353049683
4,2024-12-09,7437.73,7363.551870831343,Uji,7360.019903335663,6970.260353049683
4,2024-12-10,7453.29,7420.981804001431,Uji,7416.597419232228,6956.483218334958
4,2024-12-11,7464.75,7444.191299898726,Uji,7439.335251822573,6950.828041992828
4,2024-12-12,7394.24,7456.380804855927,Uji,7451.340042238338,6947.205449571654
4,2024-12-13,7324.79,7402.492871270277,Uji,7397.889228478766,6954.47850707297
4,2024-12-16,7258.63,7333.306364313453,Uji,7329.667198261111,6970.260353049683
4,2024-12-17,7157.73,7266.948234132609,Uji,7264.242776299796,6970.260353049683
4,2024-12-18,7107.88,7173.575705690454,Uji,7172.0347975421655,6970.260353049683
4,2024-12-19,6977.24,7114.011161222521,Uji,7113.490837113921,6970.260353049683
4,2024-12-20,6983.87,7000.169655314734,Uji,7000.923251342823,6970.260353049683
4,2024-12-23,7096.44,6979.721414279986,Uji,6981.279645880509,6970.260353049683
4,2024-12-24,7065.75,7070.662867687999,Uji,7071.360459839164,6970.260353049683
4,2024-12-27,7036.57,7068.394322834073,Uji,7068.579916476069,6970.260353049683
4,2024-12-30,7079.9,7039.115361527259,Uji,7039.7131499088355,6970.260353049683
4,2025-01-02,7163.21,7067.870999441205,Uji,7068.344679508267,6970.260353049683
4,2025-01-03,7164.43,7142.741201796598,Uji,7142.3271454323,6970.260353049683
4,2025-01-06,7080.47,7160.119261689255,Uji,7159.152509630987,6970.260353049683
4,2025-01-07,7083.28,7093.504951262535,Uji,7093.139865970672,6970.260353049683
4,2025-01-08,7080.35,7079.207828565895,Uji,7079.370410457908,6970.260353049683
4,2025-01-09,7064.59,7077.428167047559,Uji,7077.593696512043,6970.260353049683
4,2025-01-10,7088.87,7064.301954586564,Uji,7064.601003912745,6970.260353049683
4,2025-01-13,7016.88,7080.53165058738,Uji,7080.757320872604,6970.260353049683
4,2025-01-14,6956.67,7027.989981943422,Uji,7028.579858419948,6970.260353049683
4,2025-01-15,7079.56,6965.869452593969,Uji,6967.3664057142005,6970.260353049683
4,2025-01-16,7107.52,7051.865215524491,Uji,7055.324476232585,6970.260353049683
4,2025-01-17,7154.66,7098.330127395453,Uji,7098.322629184784,6970.260353049683
4,2025-01-20,7170.74,7141.3724422229,Uji,7140.840172689028,6970.260353049683
4,2025-01-21,7181.82,7163.459895533392,Uji,7162.503123852083,6970.260353049683
4,2025-01-22,7257.13,7175.449224121641,Uji,7174.307117357324,6970.260353049683
4,2025-01-23,7232.64,7237.598169103939,Uji,7235.836813561994,6970.260353049683
4,2025-01-24,7166.06,7232.92864548214,Uji,7230.853606175261,6970.260353049683
4,2025-01-30,7073.48,7175.090344245504,Uji,7173.658547990392,6970.260353049683
4,2025-01-31,7109.2,7088.260030467571,Uji,7087.935073530734,6970.260353049683
4,2025-02-03,7030.06,7098.470524926247,Uji,7098.490485680165,6970.260353049683
4,2025-02-04,7073.46,7042.488470380361,Uji,7042.849935846384,6970.260353049683
4,2025-02-05,7024.23,7061.461063555536,Uji,7062.023998185454,6970.260353049683
4,2025-02-06,6875.54,7030.807809512668,Uji,7031.444898860508,6970.260353049683
4,2025-02-07,6742.58,6902.715799093881,Uji,6904.753838609496,6970.260353049683
4,2025-02-10,6648.14,6767.561999723338,Uji,6771.53599966588,6970.260353049683
4,2025-02-11,6531.99,6666.178176155698,Uji,6672.471728176635,6970.260353049683
4,2025-02-12,6645.78,6566.962779866622,Uji,6573.383925395441,6970.260353049683
4,2025-02-13,6613.57,6670.436222539109,Uji,6681.2015522673855,6970.260353049683
4,2025-02-14,6638.46,6619.5879924547735,Uji,6626.896485465473,6970.260353049683
4,2025-02-17,6830.88,6635.824514412888,Uji,6650.25982396097,6970.260353049683
4,2025-02-18,6873.55,6856.377632839117,Uji,6868.364892955457,6970.260353049683
4,2025-02-19,6794.87,6863.053987906609,Uji,6866.368610716497,6970.260353049683
4,2025-02-20,6788.04,6808.806890029935,Uji,6812.414227470784,6970.260353049683
4,2025-02-21,6803.0,6787.873592332627,Uji,6792.044097106483,6970.260353049683
4,2025-02-24,6749.6,6798.440691348341,Uji,6802.547176916626,6970.260353049683
4,2025-02-25,6587.09,6758.866169675611,Uji,6763.262706717275,6970.260353049683
4,2025-02-26,6606.18,6619.768893251127,Uji,6627.161986762888,6970.260353049683
4,2025-02-27,6485.45,6606.717960239653,Uji,6621.710451480157,6970.260353049683
4,2025-02-28,6270.6,6567.607772332546,Uji,6574.201790300124,6970.260353049683
4,2025-03-03,6519.66,6599.794270875681,Uji,6607.220088259433,6970.260353049683
4,2025-03-04,6380.4,6740.310179670771,Uji,6738.853277337869,6970.260353049683
4,2025-03-05,6531.4,6585.97210488111,Uji,6592.960120489451,6970.260353049683
4,2025-03-06,6617.85,6673.6093747984,Uji,6677.399248421205,6970.260353049683
4,2025-03-07,6636.0,6639.407049582758,Uji,6650.56692093567,6970.260353049683
4,2025-03-10,6598.21,6631.947881321467,Uji,6645.778970833132,6970.260353049683
4,2025-03-11,6545.85,6605.4313157687375,Uji,6613.2145715622655,6970.260353049683
4,2025-03-12,6665.04,6566.3473386226,Uji,6572.6881439651925,6970.260353049683
4,2025-03-13,6647.42,6685.844108186676,Uji,6696.8406219706085,6970.260353049683
4,2025-03-14,6515.63,6650.33457982854,Uji,6656.59515911446,6970.260353049683
4,2025-03-17,6471.95,6567.2846589414985,Uji,6573.7730590972305,6970.260353049683
4,2025-03-18,6223.39,6579.305820686222,Uji,6584.1062850438075,6970.260353049683
4,2025-03-19,6311.66,6605.417427919064,Uji,6613.032041844283,6970.260353049683
4,2025-03-20,6381.67,6705.965181605236,Uji,6705.945207923369,6970.260353049683
4,2025-03-21,6258.18,6671.175028993052,Uji,6674.248952776504,6970.260353049683
4,2025-03-24,6161.22,6611.368654303109,Uji,6615.003476564442,6970.260353049683
4,2025-03-25,6235.62,6638.108598662026,Uji,6641.406525025227,6970.260353049683
4,2025-03-26,6472.36,6722.338894962686,Uji,6720.454930748361,6970.260353049683
4,2025-03-27,6510.62,6747.441895900985,Uji,6745.696945926866,6970.260353049683
