Fold,Date,Actual_Close,Predicted_GANN,Data,Predicted_GADAM,Predicted_ADAM
1,2022-01-05,6662.3,6707.565619646926,Latih,6708.37238152804,6694.1384593010125
1,2022-01-06,6653.35,6675.061961226478,Latih,6676.229649559871,6678.181036774532
1,2022-01-07,6701.32,6666.670057224943,Latih,6667.925946234776,6667.030150201931
1,2022-01-10,6691.12,6713.47807180973,Latih,6714.218398324868,6695.923235859889
1,2022-01-11,6647.97,6703.072565355618,Latih,6703.933133869488,6697.417878614682
1,2022-01-12,6647.06,6661.916378375007,Latih,6662.4672211402785,6668.401860626354
1,2022-01-13,6658.36,6660.684744551195,Latih,6662.0046423533695,6660.670986933721
1,2022-01-14,6693.4,6671.699257685556,Latih,6672.897995611146,6667.675829795017
1,2022-01-17,6645.05,6705.715230647047,Latih,6706.541478969474,6691.73857797684
1,2022-01-18,6614.06,6659.472006350768,Latih,6659.632666625989,6666.930808387413
1,2022-01-19,6591.98,6629.425728499302,Latih,6630.245773233482,6639.28953404055
1,2022-01-20,6626.87,6608.213787599957,Latih,6609.274767357788,6620.168956728436
1,2022-01-21,6726.37,6641.133002030413,Latih,6642.839890850793,6638.6020435287155
1,2022-01-24,6655.17,6738.135520437681,Latih,6738.601601930881,6704.738091645856
1,2022-01-25,6568.17,6670.255720681563,Latih,6670.020490743533,6678.805995538846
1,2022-01-26,6600.82,6589.555856333042,Latih,6590.209219196778,6615.609335192151
1,2022-01-27,6611.16,6611.667495564899,Latih,6613.5995836064285,6618.157965480096
1,2022-01-28,6645.51,6626.183398836114,Latih,6627.876719944784,6630.119412049064
1,2022-01-31,6631.15,6659.53677476616,Latih,6660.864785764528,6653.586046041858
1,2022-02-02,6707.65,6645.213470226835,Latih,6646.703112129878,6650.18806750552
1,2022-02-03,6683.85,6719.861237056277,Latih,6720.5287030604695,6696.250781099218
1,2022-02-04,6731.39,6695.929798159022,Latih,6696.869662879128,6693.863707863707
1,2022-02-07,6804.94,6742.464928713168,Latih,6742.890391473795,6720.022256042383
1,2022-02-08,6789.52,6813.6314275038585,Latih,6813.280544956361,6774.480392169386
1,2022-02-09,6834.61,6797.890603050026,Latih,6797.72177682701,6776.910827220708
1,2022-02-10,6823.64,6841.957222447434,Latih,6841.302174170056,6802.907364683184
1,2022-02-11,6815.61,6830.830074095167,Latih,6830.302853496708,6803.436906352076
1,2022-02-14,6734.49,6823.117051544225,Latih,6822.6732628775,6796.53294565204
1,2022-02-15,6807.5,6745.207811495687,Latih,6744.612330325866,6743.832197452808
1,2022-02-16,6850.2,6816.094294239318,Latih,6815.716719381844,6776.615502659111
1,2022-02-17,6835.12,6856.964356537502,Latih,6856.146559021514,6815.760967424547
1,2022-02-18,6892.82,6841.857775129714,Latih,6841.211230410376,6813.291580591236
1,2022-02-21,6902.96,6898.202498405026,Latih,6896.934856338547,6847.329761976639
1,2022-02-22,6861.99,6907.511383482266,Latih,6906.148493125486,6863.318033639234
1,2022-02-23,6920.06,6867.509274922056,Latih,6866.587303544921,6839.055040380993
1,2022-02-24,6817.82,6924.468744251778,Latih,6922.915652723363,6869.034787913603
1,2022-02-25,6888.17,6824.554300557411,Latih,6823.876970003879,6812.770690184866
1,2022-03-01,6921.44,6893.843612535045,Latih,6892.621779958651,6841.516683279315
1,2022-03-02,6868.4,6925.555553830913,Latih,6923.993768838694,6874.249515754028
1,2022-03-04,6928.33,6873.570708155675,Latih,6872.584337624355,6846.178321136275
1,2022-03-07,6869.07,6932.4602319527185,Latih,6930.820121383718,6875.334595080657
1,2022-03-08,6814.18,6874.155596804066,Latih,6873.163655703707,6847.745022577683
1,2022-03-09,6864.44,6821.278004138505,Latih,6820.8599160516615,6803.160065951381
1,2022-03-10,6924.01,6870.767677997989,Latih,6869.798989803237,6825.886046369112
1,2022-03-11,6922.6,6928.291758260778,Latih,6926.696971867135,6871.94237174396
1,2022-03-14,6952.2,6926.333239029696,Latih,6924.76731831198,6880.926644570872
1,2022-03-15,6918.19,6955.1758308554245,Latih,6953.292683111484,6899.4370968688
1,2022-03-16,6992.4,6921.761194491436,Latih,6920.248932701995,6882.808146464869
1,2022-03-17,6964.38,6994.3716628492475,Latih,6992.057260218919,6924.16257396107
1,2022-03-18,6954.96,6966.35262901431,Latih,6964.355326806362,6918.723504113008
1,2022-03-21,6955.18,6957.453433969075,Latih,6955.550451623256,6908.112371919203
1,2022-03-22,7000.82,6957.760237278993,Latih,6955.8526971948695,6906.689745649743
1,2022-03-23,6996.12,7002.208904869618,Latih,6999.812800560058,6935.627817872814
1,2022-03-24,7049.69,6997.182943357289,Latih,6994.847777696908,6940.219021792464
1,2022-03-25,7002.53,7049.403229976961,Latih,7046.493536082574,6973.362936941442
1,2022-03-28,7049.6,7002.945823631348,Latih,7000.553264229358,6952.381177651936
1,2022-03-29,7011.69,7049.252655807802,Latih,7046.345367386409,6974.368846665678
1,2022-03-30,7053.19,7011.8680183745055,Latih,7009.377383196416,6958.166846617515
1,2022-03-31,7071.44,7052.659100976059,Latih,7049.715519453355,6978.161011538563
1,2022-04-01,7078.76,7070.025856368612,Latih,7066.896462607454,6996.59883543259
1,2022-04-04,7116.22,7076.975858665776,Latih,7073.772275053334,7004.260224716725
1,2022-04-05,7148.3,7113.387840983944,Latih,7109.785033257083,7029.195526576107
1,2022-04-06,7104.22,7144.263943716369,Latih,7140.326311029276,7055.721394701072
1,2022-04-07,7127.37,7101.0172952009,Latih,7097.558942457512,7033.1268290711105
1,2022-04-08,7210.83,7123.997200723965,Latih,7120.280829351026,7040.477785735196
1,2022-04-11,7203.79,7205.055141619534,Latih,7200.450770900338,7097.167356774881
1,2022-04-12,7214.78,7197.378517673104,Latih,7192.868762225001,7106.547604217605
1,2022-04-13,7262.78,7208.151407375426,Latih,7203.522348907083,7112.339772180396
1,2022-04-14,7235.53,7254.792600298025,Latih,7249.652399919129,7144.558044440828
1,2022-04-18,7275.29,7227.781122037265,Latih,7222.943547041508,7135.260722514471
1,2022-04-19,7199.23,7266.772910839418,Latih,7261.503447938063,7155.920528234326
1,2022-04-20,7227.36,7192.3041090906545,Latih,7187.857993173687,7110.891635236816
1,2022-04-21,7276.19,7220.448269722554,Latih,7215.683618539663,7119.549987573701
1,2022-04-22,7225.61,7267.729656071761,Latih,7262.448714422086,7155.135795421683
1,2022-04-25,7215.98,7217.9878928626495,Latih,7213.25957698235,7129.793166802008
1,2022-04-26,7232.15,7209.105662732214,Latih,7204.468881429523,7116.717606425363
1,2022-04-27,7196.76,7224.94903629789,Latih,7220.136866473052,7125.36051309355
1,2022-04-28,7228.91,7190.322252551405,Latih,7185.89267953643,7105.630908000545
1,2022-05-09,6909.75,7221.98224407086,Latih,7217.200332564207,7120.121983730871
1,2022-05-10,6819.79,6923.042594175388,Latih,6919.139545437743,6901.122489411878
1,2022-05-11,6816.2,6826.342178910411,Latih,6825.873470387495,6813.429114564692
1,2022-05-12,6599.84,6823.729518729484,Latih,6823.278513643778,6796.268217018875
1,2022-05-13,6597.99,6626.575622813114,Latih,6626.4152157455765,6654.1789423832415
1,2022-05-17,6644.47,6613.366194699264,Latih,6615.200262353874,6621.617003994294
1,2022-05-18,6793.41,6658.653269856287,Latih,6659.98938350053,6650.74377396838
1,2022-05-19,6823.33,6803.2557995564075,Latih,6803.008331247005,6742.705423260952
1,2022-05-20,6918.14,6830.932918615974,Latih,6830.399473328627,6796.4092958999
1,2022-05-23,6840.77,6922.9786170340085,Latih,6921.437194159676,6860.7643708485775
1,2022-05-24,6914.14,6846.693071256319,Latih,6846.001687676349,6828.134425095953
1,2022-05-25,6883.5,6918.911468616773,Latih,6917.416889163901,6861.767495288294
1,2022-05-27,7026.26,6888.348963600442,Latih,6887.199337415144,6854.529996767084
1,2022-05-30,7037.56,7027.690249098604,Latih,7025.0053192246605,6932.312358665517
1,2022-05-31,7148.97,7037.293192699021,Latih,7034.52027315504,6970.679062099513
1,2022-06-02,7148.72,7145.689249767146,Latih,7141.726380714259,7041.350930230684
1,2022-06-03,7182.96,7144.351173763356,Latih,7140.416748373589,7061.417554750512
1,2022-06-06,7096.58,7177.701453174439,Latih,7173.400340857591,7083.0586246467365
1,2022-06-07,7141.04,7093.235885474755,Latih,7089.86725265391,7030.895014346903
1,2022-06-08,7193.31,7137.38606340774,Latih,7133.521692143759,7047.867567577429
1,2022-06-09,7182.83,7187.857275751916,Latih,7183.443654821006,7088.33939749129
1,2022-06-10,7086.65,7177.136884442653,Latih,7172.8473774779695,7090.369743301942
1,2022-06-13,6995.44,7083.565884039474,Latih,7080.303598445726,7023.795197503631
1,2022-06-14,7049.88,6995.677370470822,Latih,6993.369255831301,6951.687852813059
1,2022-06-15,7007.05,7049.595034797259,Latih,7046.683104235001,6973.370533171949
1,2022-06-16,7050.33,7007.346108957591,Latih,7004.905229089321,6955.274961663539
1,2022-06-17,6936.97,7049.919182833501,Latih,7047.005184408494,6975.58057203537
1,2022-06-20,6976.38,6939.087732063585,Latih,6937.3971065617125,6907.302276136923
1,2022-06-21,7044.07,6978.584585791884,Latih,6976.445909293948,6917.131777312208
1,2022-06-22,6984.31,7044.123680969544,Latih,7041.269523960418,6966.531056028661
1,2022-06-23,6998.27,6985.2557642281645,Latih,6983.056908704101,6939.911501060777
1,2022-06-24,7042.94,6999.43915042168,Latih,6997.07706034428,6938.84296463614
1,2022-06-27,7016.06,7042.808013845749,Latih,7039.971074959106,6969.445012252388
1,2022-06-28,6996.46,7016.189598312441,Latih,7013.650642668072,6959.829872481878
1,2022-06-29,6942.35,6997.364366662563,Latih,6995.028989995778,6942.961176602893
1,2022-06-30,6911.58,6944.85685812717,Latih,6943.096178499513,6905.446179413843
1,2022-07-01,6794.33,6915.420198874523,Latih,6913.976429763485,6876.989159588261
1,2022-07-04,6639.17,6803.373076915178,Latih,6801.457687392864,6795.3825598436915
1,2022-07-05,6703.27,6659.999543458833,Latih,6659.633584503842,6677.311183978931
1,2022-07-06,6646.41,6715.516594118497,Latih,6716.232770950815,6694.80692758562
1,2022-07-07,6652.59,6661.228877312852,Latih,6661.140929844095,6669.428554481282
1,2022-07-08,6740.22,6666.085980951204,Latih,6667.346332746461,6663.914197548642
1,2022-07-11,6722.15,6751.371962646272,Latih,6751.695730870988,6719.7489183479765
1,2022-07-12,6718.29,6732.9118670264115,Latih,6733.449237032854,6723.517619308851
1,2022-07-13,6640.99,6729.329959483765,Latih,6729.90448771777,6718.077093516609
1,2022-07-14,6690.09,6657.301984851671,Latih,6657.198760519338,6668.486769602909
1,2022-07-15,6651.9,6702.662115700562,Latih,6703.519793426712,6686.7624350762535
1,2022-07-18,6659.25,6665.321578605487,Latih,6666.262614411129,6670.719744862333
1,2022-07-19,6736.09,6672.518521696046,Latih,6673.708840466156,6669.041927449121
1,2022-07-20,6874.74,6747.284135601546,Latih,6747.653650014426,6718.919642083666
1,2022-07-21,6864.13,6881.566500387236,Latih,6880.4695836014,6811.570422462855
1,2022-07-22,6886.96,6869.870753080887,Latih,6868.919367411179,6835.731098716296
1,2022-07-25,6858.41,6892.210148667738,Latih,6891.011927707837,6848.428999832908
1,2022-07-26,6871.54,6864.179762688321,Latih,6863.292438562554,6834.1350884855165
1,2022-07-27,6898.22,6877.248127746626,Latih,6876.213647755428,6837.715824942627
1,2022-07-28,6956.82,6903.103945038962,Latih,6901.786885272908,6856.788018486541
1,2022-07-29,6951.12,6959.9149502635555,Latih,6957.976729848439,6898.320324380445
1,2022-08-01,6968.78,6953.787704132849,Latih,6951.924095581824,6904.427145091343
1,2022-08-02,6988.16,6971.043596761283,Latih,6968.989576032218,6914.665260165979
1,2022-08-03,7046.63,6989.745136457741,Latih,6987.487705556214,6929.8658238256485
1,2022-08-04,7057.35,7046.501216715642,Latih,7043.62241415865,6970.105420092401
1,2022-08-05,7084.65,7056.367454105684,Latih,7053.387326273986,6986.588607273161
1,2022-08-08,7086.85,7082.850825541092,Latih,7079.580943716836,7005.653837605776
1,2022-08-09,7102.88,7084.72527982123,Latih,7081.438137673212,7011.573537838522
1,2022-08-10,7086.24,7100.315994319991,Latih,7096.857852583006,7022.089337339465
1,2022-08-11,7160.38,7083.952067958189,Latih,7080.675644935442,7014.209936239782
1,2022-08-12,7129.28,7156.32371926912,Latih,7152.249945250832,7058.400120986769
1,2022-08-15,7093.28,7125.305651428778,Latih,7121.581852630455,7050.999029201337
1,2022-08-16,7133.45,7090.549183147027,Latih,7087.203634426667,7023.045365150039
1,2022-08-18,7186.56,7130.026244474729,Latih,7126.24235105284,7042.513997523852
1,2022-08-19,7172.43,7181.357729923811,Latih,7177.014627332773,7082.806514196468
1,2022-08-22,7107.98,7167.074157890165,Latih,7162.894458657587,7082.664717893673
1,2022-08-23,7163.27,7104.442308932618,Latih,7100.949266736582,7038.270827565259
1,2022-08-24,7194.71,7158.924837399804,Latih,7154.825151795231,7063.83492850549
1,2022-08-25,7174.21,7189.002449702111,Latih,7184.5788270677,7092.911864042356
1,2022-08-26,7135.25,7168.727730667675,Latih,7164.530855513895,7085.143199102951
1,2022-08-29,7132.04,7130.984171342929,Latih,7127.199644901832,7057.072679705689
1,2022-08-30,7159.47,7128.24062389024,Latih,7124.48150262006,7048.580051797696
1,2022-09-02,7177.18,7148.326070181213,Uji,7144.35146917232,7069.102450147938
1,2022-09-05,7231.88,7172.029094647254,Uji,7167.790946641053,7080.124707217288
1,2022-09-06,7233.15,7225.067242084834,Uji,7220.2490374768695,7118.756181485731
1,2022-09-07,7186.76,7225.766770511958,Uji,7220.947595274541,7128.630099508841
1,2022-09-08,7232.02,7180.572954909888,Uji,7176.250741952743,7098.929260239676
1,2022-09-09,7242.66,7225.109485566709,Uji,7220.291998380514,7120.4332603765315
1,2022-09-12,7254.46,7235.027588330601,Uji,7230.10658140311,7134.675517356475
1,2022-09-13,7318.02,7246.415561697579,Uji,7241.370778414106,7143.912111640057
1,2022-09-14,7278.08,7308.203385043248,Uji,7302.48097579728,7186.118118777362
1,2022-09-15,7305.6,7268.679775703052,Uji,7263.399551475146,7170.294411008443
1,2022-09-16,7168.87,7295.875040540797,Uji,7290.291051495176,7182.169513757315
1,2022-09-19,7195.49,7162.437376587474,Uji,7158.323173742378,7091.413169964626
1,2022-09-20,7196.95,7189.707042282907,Uji,7185.276498638478,7094.334300406053
1,2022-09-21,7188.31,7190.867493096677,Uji,7186.427411962834,7099.6726779986175
1,2022-09-22,7218.91,7182.438293713418,Uji,7178.091013195601,7094.44351732023
1,2022-09-23,7178.58,7212.325873649211,Uji,7207.649001129956,7112.388345854359
1,2022-09-26,7127.5,7172.7460100019825,Uji,7168.507988599624,7091.923045836761
1,2022-09-27,7112.45,7123.393258197386,Uji,7119.692627902108,7052.6551340556825
1,2022-09-28,7077.03,7109.237218433695,Uji,7105.685938470439,7034.889660964078
1,2022-09-29,7036.2,7074.888034710955,Uji,7071.712430547546,7009.964487412038
1,2022-09-30,7040.8,7035.469886370963,Uji,7032.723216023511,6978.235961012898
1,2022-10-03,7009.72,7040.351139692135,Uji,7037.545809564656,6974.3789327717395
1,2022-10-04,7072.26,7010.035765374962,Uji,7007.5642051757,6955.4602252853465
1,2022-10-05,7075.38,7071.251550362181,Uji,7068.103377031158,6989.910438873827
1,2022-10-06,7076.62,7073.675929529738,Uji,7070.508765622448,7002.255832693638
1,2022-10-07,7026.78,7074.85288104422,Uji,7071.673183356595,7003.558375219168
1,2022-10-10,6994.4,7026.29933709151,Uji,7023.653401200835,6972.202697134075
1,2022-10-11,6939.15,6995.252698984206,Uji,6992.941841261447,6943.434168555789
1,2022-10-12,6909.21,6941.760423566156,Uji,6940.033504962974,6903.07818115716
1,2022-10-13,6880.63,6913.1433764845615,Uji,6911.724210720111,6874.957758745594
1,2022-10-14,6814.53,6885.602208850429,Uji,6884.4821024609055,6851.895159813205
1,2022-10-17,6831.12,6821.505300235784,Uji,6821.086157116925,6805.298447040353
1,2022-10-18,6834.49,6838.3124244463825,Uji,6837.700505877771,6804.8441713554
1,2022-10-19,6860.42,6841.431626598277,Uji,6840.787445150652,6809.728990684782
1,2022-10-20,6980.65,6866.652905435604,Uji,6865.731925788564,6826.707958509958
1,2022-10-21,7017.77,6983.495380009471,Uji,6981.293401590644,6902.877345262813
1,2022-10-24,7053.04,7018.466948218409,Uji,7015.895370984141,6950.584542533213
1,2022-10-25,7048.38,7052.453285330602,Uji,7049.5127000988205,6979.074078445492
1,2022-10-26,7043.94,7047.568191692897,Uji,7044.685633221932,6981.971196358262
1,2022-10-27,7091.76,7043.289699262447,Uji,7040.453562200136,6978.386914993583
1,2022-10-28,7056.04,7089.907259467914,Uji,7086.558250242545,7007.932748959126
1,2022-10-31,7098.89,7054.648216135571,Uji,7051.692565046616,6993.242018970311
1,2022-11-01,7052.3,7096.7326413834835,Uji,7093.31007532604,7014.45419725186
1,2022-11-02,7015.69,7050.935558475324,Uji,7048.021644452878,6992.055867576659
1,2022-11-03,7034.57,7015.737242785755,Uji,7013.204448528352,6961.147523065861
1,2022-11-04,7045.53,7034.484992884463,Uji,7031.741614236897,6967.0330402613245
1,2022-11-07,7102.4,7044.973867968388,Uji,7042.117600895233,6977.103953862248
1,2022-11-08,7050.13,7100.254422651604,Uji,7096.791891981437,7014.9341946173345
1,2022-11-09,7070.08,7048.787682098218,Uji,7045.8977806044295,6991.2636651373505
1,2022-11-10,6966.84,7068.731332086395,Uji,7065.615864747832,6995.23024790293
1,2022-11-11,7089.21,6967.985438761767,Uji,6965.97956969386,6930.063832234195
1,2022-11-14,7019.39,7088.181142689063,Uji,7084.841628751828,6989.646891876519
1,2022-11-15,7035.5,7018.978174531523,Uji,7016.414320131604,6968.97480558401
1,2022-11-16,7014.38,7035.354423667258,Uji,7032.601929543083,6968.2355235505665
1,2022-11-17,7044.99,7014.626462879244,Uji,7012.103754727903,6957.5323503637865
1,2022-11-18,7082.18,7044.646343829699,Uji,7041.791089587278,6973.4142958999255
1,2022-11-21,7063.25,7080.566554625107,Uji,7077.320347719264,7002.040352954926
1,2022-11-22,7030.59,7061.764449276993,Uji,7058.729459780524,6996.219319316209
1,2022-11-23,7054.12,7030.141383878057,Uji,7027.451600856845,6972.398553277311
1,2022-11-24,7080.52,7053.379181426832,Uji,7050.429987133809,6981.88362870103
1,2022-11-25,7053.15,7078.860145844293,Uji,7075.6337735403295,7002.502963392795
1,2022-11-28,7017.36,7051.9438314712725,Uji,7049.01662404544,6989.54818308121
1,2022-11-29,7012.07,7017.355366487566,Uji,7014.804889893595,6962.345997233447
1,2022-11-30,7081.31,7012.554844216171,Uji,7010.05273028976,6953.061799905355
1,2022-12-01,7020.8,7080.042667927814,Uji,7076.798191274476,6996.03105940348
1,2022-12-02,7019.64,7020.429054558341,Uji,7017.848277444903,6969.193534821328
1,2022-12-05,6987.33,7019.893773515288,Uji,7017.311477155748,6958.425920279081
1,2022-12-06,6892.57,6988.437065564453,Uji,6986.200271089136,6937.773246575646
1,2022-12-07,6818.75,6896.463615738796,Uji,6895.233680516528,6871.0268993640375
1,2022-12-08,6804.23,6825.498047795332,Uji,6825.036492389477,6809.950505206619
1,2022-12-09,6715.12,6812.081627675329,Uji,6811.758513570462,6788.515757371219
1,2022-12-12,6734.45,6727.493486356162,Uji,6726.541404365324,6729.6792172819605
1,2022-12-13,6810.32,6745.137978926624,Uji,6745.537888811852,6727.144798275254
1,2022-12-14,6801.75,6818.841175593173,Uji,6818.433405719435,6778.394624246388
1,2022-12-15,6751.86,6809.749078494345,Uji,6809.450546635423,6785.547551401288
1,2022-12-16,6812.19,6761.243243089346,Uji,6761.476763875512,6752.53367949846
1,2022-12-19,6779.7,6820.491393368876,Uji,6820.067650310432,6782.465549678237
1,2022-12-20,6768.32,6788.255269966752,Uji,6788.193191882999,6771.894403197794
1,2022-12-21,6820.66,6777.490968225032,Uji,6777.543234511048,6759.300908049372
1,2022-12-22,6824.43,6828.579015587009,Uji,6828.068380091823,6790.558383754523
1,2022-12-23,6800.67,6831.736536501683,Uji,6831.197605047859,6801.624129243526
1,2022-12-26,6835.81,6808.558601469432,Uji,6808.274903360639,6787.203170940907
1,2022-12-27,6923.03,6843.016390187779,Uji,6842.351086999217,6805.516015742454
1,2022-12-28,6850.52,6927.618563432744,Uji,6926.027701758197,6866.574706462664
1,2022-12-29,6860.08,6856.140988452475,Uji,6855.346422741453,6835.119433355369
1,2022-12-30,6850.62,6866.164256807608,Uji,6865.25062018339,6829.150568630732
1,2023-01-02,6850.98,6856.856848775189,Uji,6856.046689690988,6824.7451347482565
1,2023-01-03,6888.76,6857.300405334871,Uji,6856.484190366905,6823.404568868911
1,2023-01-04,6813.24,6894.092452386068,Uji,6892.871949150012,6847.3884850585855
1,2023-01-05,6653.84,6820.1690599877,Uji,6819.765594644582,6805.829571257267
1,2023-01-06,6684.56,6673.997771533743,Uji,6673.456919921651,6688.931369892376
1,2023-01-09,6688.27,6697.149974335152,Uji,6698.069814547616,6685.391188865917
1,2023-01-10,6622.5,6700.461498273034,Uji,6701.348695794959,6692.834186522979
1,2023-01-11,6584.45,6639.308730348061,Uji,6639.448416586826,6651.80039908157
1,2023-01-12,6629.93,6602.055127891009,Uji,6602.7091053108925,6616.799991572506
1,2023-01-13,6641.83,6642.502707894008,Uji,6644.164736753117,6639.291259017895
1,2023-01-16,6688.06,6655.768263711047,Uji,6657.139984685791,6654.367898617101
1,2023-01-17,6767.34,6700.676767005343,Uji,6701.556378847082,6685.616216644364
1,2023-01-18,6765.79,6777.43680288139,Uji,6777.478455545336,6743.485682737852
1,2023-01-19,6819.91,6775.148354038625,Uji,6775.224822759062,6755.649400044706
1,2023-01-20,6874.93,6827.873389074839,Uji,6827.370223206318,6789.663948712976
1,2023-01-24,6860.85,6880.9280583137715,Uji,6879.848401851698,6833.478942974843
1,2023-01-25,6829.93,6866.674385887426,Uji,6865.7581116831725,6833.685539343991
1,2023-01-26,6864.82,6836.6983520675085,Uji,6836.109855209626,6811.770857445036
1,2023-01-27,6898.98,6870.9830522335005,Uji,6870.013920925302,6828.738177716768
1,2023-01-30,6872.48,6903.910158303427,Uji,6902.583434444117,6856.1550836801935
1,2023-01-31,6839.34,6877.76507233326,Uji,6876.729874920293,6845.037937031428
1,2023-02-01,6862.26,6845.748923106233,Uji,6845.062329371611,6819.658086882269
1,2023-02-02,6890.57,6868.397316469593,Uji,6867.457768259091,6828.677302369512
1,2023-02-03,6911.73,6895.744463716195,Uji,6894.507143269823,6850.404969293515
1,2023-02-06,6873.79,6916.074972843577,Uji,6914.617699322749,6868.498578442377
1,2023-02-07,6935.3,6878.915711349293,Uji,6877.869393898888,6847.981539654771
1,2023-02-08,6940.12,6939.195682939343,Uji,6937.482226544671,6880.642060235186
1,2023-02-09,6897.37,6943.285831054502,Uji,6941.534899922662,6893.893199039743
1,2023-02-10,6880.33,6901.602339072871,Uji,6900.3101780623665,6867.620897309226
1,2023-02-13,6900.14,6885.426356114193,Uji,6884.306735039398,6849.742008276025
1,2023-02-14,6941.85,6904.887624364543,Uji,6903.551974934387,6859.461343008321
1,2023-02-15,6914.54,6945.316176865154,Uji,6943.53865892654,6889.15891167824
1,2023-02-16,6895.66,6918.307990304281,Uji,6916.832401427676,6878.7806672513925
1,2023-02-17,6895.71,6900.18821636145,Uji,6898.908441426801,6862.296678246301
1,2023-02-20,6894.72,6900.422391267466,Uji,6899.137784286188,6859.197880413573
1,2023-02-21,6873.4,6899.45773329501,Uji,6898.183676633881,6858.579251841347
1,2023-02-22,6809.97,6878.702953593179,Uji,6877.656910451098,6844.914181776086
1,2023-02-23,6839.45,6817.135167724526,Uji,6816.7631634360905,6801.212054839167
1,2023-02-24,6856.58,6846.470185192863,Uji,6845.768082487622,6809.3630633807525
1,2023-02-27,6854.78,6862.8642432690085,Uji,6861.985486003202,6825.098697077072
1,2023-02-28,6843.24,6860.942818963569,Uji,6860.087293502729,6826.799113276042
1,2023-03-01,6844.94,6849.721224145333,Uji,6848.988799819986,6819.1929443675635
1,2023-03-02,6857.42,6851.490280727188,Uji,6850.737030069868,6818.356071872747
1,2023-03-03,6813.64,6863.628402957362,Uji,6862.741943957847,6826.5409047407275
1,2023-03-06,6807.0,6820.866520552075,Uji,6820.451555359995,6800.886471959386
1,2023-03-07,6766.76,6814.829669564401,Uji,6814.47570632342,6789.4226206899
1,2023-03-08,6776.37,6775.703406381636,Uji,6775.778651264935,6762.839612031011
1,2023-03-09,6799.79,6785.458337894112,Uji,6785.421453974874,6762.253035331396
1,2023-03-10,6765.3,6808.173683589134,Uji,6807.888318529759,6778.6771829206045
1,2023-03-13,6786.96,6774.352311282783,Uji,6774.441524789959,6760.719588499096
1,2023-03-14,6641.81,6795.7867637092195,Uji,6795.6361895400605,6768.717089882522
1,2023-03-15,6628.14,6661.909235808266,Uji,6661.550894184424,6678.211527199761
1,2023-03-16,6565.73,6642.318256646852,Uji,6643.839264651697,6647.668492799264
1,2023-03-17,6678.24,6585.876445369164,Uji,6586.645566345568,6609.982285014844
1,2023-03-20,6612.49,6684.412498967664,Uji,6685.5448648291995,6661.738753184987
1,2023-03-21,6691.61,6629.919636461893,Uji,6630.168228380391,6643.798503489803
1,2023-03-24,6762.25,6704.422531570215,Uji,6705.257357302923,6682.999452388899
1,2023-03-27,6708.93,6772.444581292896,Uji,6772.54151763442,6740.851035689736
1,2023-03-28,6760.33,6719.819890351615,Uji,6720.5038465062,6718.798777616045
1,2023-03-29,6839.44,6770.4044658857865,Uji,6770.525942271976,6742.50701394024
1,2023-03-30,6808.95,6846.948156896869,Uji,6846.234659845868,6801.126048629317
1,2023-03-31,6805.28,6816.475392903721,Uji,6816.106511510049,6794.935289571317
1,2023-04-03,6827.17,6813.200573529635,Uji,6812.863933914338,6787.555762640269
1,2023-04-04,6833.18,6834.556236165204,Uji,6833.984472115078,6800.809117012057
1,2023-04-05,6819.67,6840.194601560869,Uji,6839.563523610868,6808.244476237331
1,2023-04-06,6792.77,6826.977561391032,Uji,6826.492499871886,6800.685783769521
1,2023-04-10,6771.23,6800.911223010454,Uji,6800.710977934035,6781.4112561858
1,2023-04-11,6811.31,6780.196766632229,Uji,6780.220863563448,6763.310789328841
2,2022-01-05,6662.3,6713.338533726205,Latih,6706.87896493407,6832.20885637257
2,2022-01-06,6653.35,6663.6348975907395,Latih,6671.298363748057,6820.138292956088
2,2022-01-07,6701.32,6670.050142064406,Latih,6665.487472500814,6818.033235338662
2,2022-01-10,6691.12,6725.667319367251,Latih,6718.708659197559,6834.565309327876
2,2022-01-11,6647.97,6691.189075415747,Latih,6696.29640498476,6829.751311686372
2,2022-01-12,6647.06,6649.698912610423,Latih,6658.6800575776515,6815.394895860288
2,2022-01-13,6658.36,6670.516791717721,Latih,6665.979815461648,6816.302569119367
2,2022-01-14,6693.4,6683.018446684793,Latih,6677.939366302058,6820.163134304021
2,2022-01-17,6645.05,6714.716847396661,Latih,6708.219512132872,6831.736220582163
2,2022-01-18,6614.06,6646.988907636862,Latih,6655.886409229723,6814.339654232893
2,2022-01-19,6591.98,6634.076204589465,Latih,6633.7414068921,6805.185550259682
2,2022-01-20,6626.87,6626.6779556933125,Latih,6626.163058223434,6798.565846695335
2,2022-01-21,6726.37,6674.389620636418,Latih,6668.182982951416,6811.029096221062
2,2022-01-24,6655.17,6765.624515417245,Latih,6757.008917162444,6843.813151275553
2,2022-01-25,6568.17,6658.066276745808,Latih,6666.237622916414,6816.844594776067
2,2022-01-26,6600.82,6573.8058314120035,Latih,6580.724414449913,6789.326367403596
2,2022-01-27,6611.16,6618.049163274921,Latih,6609.804952139711,6802.859655749531
2,2022-01-28,6645.51,6655.844164365244,Latih,6652.09836710484,6805.448312532039
2,2022-01-31,6631.15,6687.28747044103,Latih,6682.137610152677,6816.814282950792
2,2022-02-02,6707.65,6653.974270013582,Latih,6650.944029125582,6810.972485748562
2,2022-02-03,6683.85,6743.526208311939,Latih,6735.860287165813,6837.339424260294
2,2022-02-04,6731.39,6684.835160822287,Latih,6691.091268213258,6827.105596031582
2,2022-02-07,6804.94,6742.4580976107945,Latih,6734.669427024297,6843.910409188307
2,2022-02-08,6789.52,6797.071823461087,Latih,6795.94589160803,6867.531100814084
2,2022-02-09,6834.61,6789.244781063228,Latih,6793.356853685707,6860.224403943458
2,2022-02-10,6823.64,6825.174427849684,Latih,6828.991229215597,6875.961487538856
2,2022-02-11,6815.61,6822.349441961978,Latih,6826.132433984314,6870.9673677048495
2,2022-02-14,6734.49,6813.987727663848,Latih,6817.858359423612,6868.551456938426
2,2022-02-15,6807.5,6737.914821337782,Latih,6744.600282730185,6841.247856121696
2,2022-02-16,6850.2,6798.249366129072,Latih,6798.527844813795,6868.312504694502
2,2022-02-17,6835.12,6840.933595134355,Latih,6844.588703538812,6880.7454199749645
2,2022-02-18,6892.82,6834.290350581443,Latih,6837.94826148454,6874.423857425791
2,2022-02-21,6902.96,6880.9340393433395,Latih,6884.202201155765,6894.430872786983
2,2022-02-22,6861.99,6897.768402045711,Latih,6900.813821266338,6896.245434605523
2,2022-02-23,6920.06,6863.951480512957,Latih,6867.8913227791,6882.055419938606
2,2022-02-24,6817.82,6907.818969283448,Latih,6910.816230367468,6902.9178924042435
2,2022-02-25,6888.17,6822.241153414581,Latih,6827.099699574445,6866.583183674555
2,2022-03-01,6921.44,6874.525173356574,Latih,6877.8720293307715,6893.340521456643
2,2022-03-02,6868.4,6912.733049756334,Latih,6915.6531860778205,6902.648135095284
2,2022-03-04,6928.33,6870.868831852715,Latih,6875.8629068467435,6883.709790934962
2,2022-03-07,6869.07,6915.731073119985,Latih,6918.6505368417975,6905.543811208651
2,2022-03-08,6814.18,6871.796279542189,Latih,6876.92263247196,6883.742927678865
2,2022-03-09,6864.44,6816.6434202137925,Latih,6822.73591773424,6866.7853895563285
2,2022-03-10,6924.01,6853.93364645932,Latih,6857.465960583428,6885.38978797887
2,2022-03-11,6922.6,6911.51046533023,Latih,6914.472168311523,6904.189329986617
2,2022-03-14,6952.2,6918.843595368015,Latih,6921.663536758172,6902.031406034872
2,2022-03-15,6918.19,6943.677118724635,Latih,6946.280886579802,6912.11663457577
2,2022-03-16,6992.4,6919.148283020007,Latih,6921.928854909289,6899.740038307949
2,2022-03-17,6964.38,6977.046671794707,Latih,6979.363284429367,6925.883785828102
2,2022-03-18,6954.96,6963.968643747621,Latih,6966.30364077335,6914.2823606837255
2,2022-03-21,6955.18,6951.991078445963,Latih,6954.467590442948,6911.875417912946
2,2022-03-22,7000.82,6950.828960730485,Latih,6953.327937556557,6912.215641247676
2,2022-03-23,6996.12,6989.4622340036,Latih,6991.62181703454,6927.6984821665765
2,2022-03-24,7049.69,6992.019009561595,Latih,6994.0968941522215,6924.816706446457
2,2022-03-25,7002.53,7036.655234918657,Latih,7038.347495696607,6943.129488070657
2,2022-03-28,7049.6,7004.434840810357,Latih,7006.340270844757,6925.61434239899
2,2022-03-29,7011.69,7037.496522589985,Latih,7039.173089375559,6942.918246933272
2,2022-03-30,7053.19,7012.169378333151,Latih,7014.007010320484,6928.725541867662
2,2022-03-31,7071.44,7041.843892998163,Latih,7043.470373528067,6943.878360546878
2,2022-04-01,7078.76,7063.219020934767,Latih,7064.603993341989,6948.901917826584
2,2022-04-04,7116.22,7072.022139978476,Latih,7073.306087914773,6950.871648389748
2,2022-04-05,7148.3,7104.753037238789,Latih,7105.74018935926,6963.378190914445
2,2022-04-06,7104.22,7137.24717941411,Latih,7137.900497896748,6973.209221618826
2,2022-04-07,7127.37,7104.556144894434,Latih,7105.454648377968,6957.345240885072
2,2022-04-08,7210.83,7117.827343567684,Latih,7118.6667479599255,6966.444438304954
2,2022-04-11,7203.79,7191.730129467928,Latih,7191.890791109884,6994.115906302986
2,2022-04-12,7214.78,7197.72061603793,Latih,7197.720257318104,6989.373809566554
2,2022-04-13,7262.78,7206.008254692044,Latih,7205.944268043127,6993.3020158583495
2,2022-04-14,7235.53,7248.1789986867625,Latih,7247.730554064603,7009.282132135689
2,2022-04-18,7275.29,7232.001003585547,Latih,7231.6322844446595,6998.680929965434
2,2022-04-19,7199.23,7261.729505584333,Latih,7261.135286192987,7012.9426885975
2,2022-04-20,7227.36,7203.089396309938,Latih,7202.696956820573,6986.009017601069
2,2022-04-21,7276.19,7215.99564240047,Latih,7215.84995731124,6997.699876082001
2,2022-04-22,7225.61,7261.32141694257,Latih,7260.741322144363,7013.47843665725
2,2022-04-25,7215.98,7225.530056648939,Latih,7225.200707008927,6994.936298544464
2,2022-04-26,7232.15,7210.146087882009,Latih,7210.017441984501,6993.0940928793525
2,2022-04-27,7196.76,7222.444214187948,Latih,7222.220103976814,6998.853250001726
2,2022-04-28,7228.91,7194.82601608404,Latih,7194.823325685346,6986.386928937491
2,2022-05-09,6909.75,7216.953065615383,Latih,7216.80217908868,6998.2955303526505
2,2022-05-10,6819.79,6923.253472705829,Latih,6921.283069542992,6847.569284150935
2,2022-05-11,6816.2,6823.707801842128,Latih,6828.8408583486425,6867.542400488595
2,2022-05-12,6599.84,6813.935735709104,Latih,6817.811815526221,6868.860225028436
2,2022-05-13,6597.99,6608.637991706585,Latih,6614.065047135285,6792.545070720047
2,2022-05-17,6644.47,6642.294935407052,Latih,6639.142998818169,6801.006397029789
2,2022-05-18,6793.41,6692.770245147662,Latih,6687.423671874867,6816.832622501884
2,2022-05-19,6823.33,6828.2830041796315,Latih,6816.879143979285,6866.068577664534
2,2022-05-20,6918.14,6816.190693373714,Latih,6820.081256503794,6872.023685491722
2,2022-05-23,6840.77,6900.662015520081,Latih,6903.772318189189,6903.356203191325
2,2022-05-24,6914.14,6844.200322067476,Latih,6849.318603801169,6874.425942484778
2,2022-05-25,6883.5,6899.774878971025,Latih,6902.870317187354,6901.50704732959
2,2022-05-27,7026.26,6884.360710478765,Latih,6887.4961011156865,6889.040143345637
2,2022-05-30,7037.56,7000.720162494837,Latih,7002.874140528499,6938.352954230954
2,2022-05-31,7148.97,7030.709498646917,Latih,7032.4148078585295,6938.163169023146
2,2022-06-02,7148.72,7126.556028247551,Latih,7127.405342274979,6975.654211111123
2,2022-06-03,7182.96,7142.289569484668,Latih,7142.856122609453,6972.428467918093
2,2022-06-06,7096.58,7171.213597434244,Latih,7171.526625322184,6984.055698469933
2,2022-06-07,7141.04,7100.767256414962,Latih,7101.664952778888,6953.77526117926
2,2022-06-08,7193.31,7128.295909082369,Latih,7129.05330115445,6971.299083386713
2,2022-06-09,7182.83,7178.868364635788,Latih,7179.124131871544,6987.784725578484
2,2022-06-10,7086.65,7177.485365187607,Latih,7177.685396330438,6982.7544423020445
2,2022-06-13,6995.44,7091.22638520963,Latih,7092.035567456554,6950.408944654516
2,2022-06-14,7049.88,6999.67400096303,Latih,7002.031776697694,6922.166192913997
2,2022-06-15,7007.05,7036.718593807879,Latih,7038.411168465677,6943.213114630034
2,2022-06-16,7050.33,7008.284980700075,Latih,7010.156332351028,6927.142959676433
2,2022-06-17,6936.97,7038.760830615822,Latih,7040.420358209673,6943.038552594831
2,2022-06-20,6976.38,6942.029159845164,Latih,6944.749780683568,6903.346966155812
2,2022-06-21,7044.07,6966.184949351006,Latih,6968.572543671185,6919.917557686316
2,2022-06-22,6984.31,7029.076740520062,Latih,7030.861102613273,6941.7787285668155
2,2022-06-23,6998.27,6987.230503447708,Latih,6990.27527248865,6919.589396305727
2,2022-06-24,7042.94,6991.474562546072,Latih,6993.578723363933,6926.011826385904
2,2022-06-27,7016.06,7031.253900822463,Latih,7032.990732538762,6940.778079612901
2,2022-06-28,6996.46,7014.91228464073,Latih,7016.734536515534,6930.396369136024
2,2022-06-29,6942.35,6994.487764242349,Latih,6996.524171853122,6924.502445459116
2,2022-06-30,6911.58,6944.974339294484,Latih,6948.405135707906,6906.691490451143
2,2022-07-01,6794.33,6912.147843200611,Latih,6915.00269251381,6897.77447786276
2,2022-07-04,6639.17,6799.334628121884,Latih,6804.187031204732,6858.850350070933
2,2022-07-05,6703.27,6645.503925263221,Latih,6651.837964536336,6808.547763926419
2,2022-07-06,6646.41,6734.843024999968,Latih,6727.529904802463,6835.626850972211
2,2022-07-07,6652.59,6648.70183964477,Latih,6657.366520860729,6814.522937643859
2,2022-07-08,6740.22,6677.1927358247485,Latih,6672.369714137628,6818.22326716635
2,2022-07-11,6722.15,6767.516538298157,Latih,6758.735816823568,6847.788372284509
2,2022-07-12,6718.29,6722.956630584023,Latih,6727.778845151535,6839.185396483576
2,2022-07-13,6640.99,6717.150346644541,Latih,6722.002749727389,6838.38484593246
2,2022-07-14,6690.09,6644.1164250022275,Latih,6652.357654278886,6812.2600881430835
2,2022-07-15,6651.9,6719.88178512769,Latih,6713.215066846182,6831.102609269952
2,2022-07-18,6659.25,6653.43033305281,Latih,6661.837184394014,6816.757672478292
2,2022-07-19,6736.09,6681.544848060623,Latih,6676.514463894233,6820.32872834358
2,2022-07-20,6874.74,6759.780521056082,Latih,6751.315686018044,6846.198996836581
2,2022-07-21,6864.13,6869.1288837579295,Latih,6855.649919045606,6891.086864151402
2,2022-07-22,6886.96,6862.338855536322,Latih,6865.718691314499,6883.57724395935
2,2022-07-25,6858.41,6880.1296549740855,Latih,6883.367168661398,6891.624271290346
2,2022-07-26,6871.54,6859.249851856866,Latih,6862.640942469577,6881.291526069683
2,2022-07-27,6898.22,6866.268967527191,Latih,6869.6355530918045,6886.552398934109
2,2022-07-28,6956.82,6890.713750692649,Latih,6893.848737769767,6895.236759295507
2,2022-07-29,6951.12,6944.095386041453,Latih,6946.727223722985,6914.3718612802495
2,2022-08-01,6968.78,6947.6612853092465,Latih,6950.18564156299,6910.785380462454
2,2022-08-02,6988.16,6961.782156729751,Latih,6964.189973880106,6916.939398433016
2,2022-08-03,7046.63,6980.700950659569,Latih,6982.919812141712,6923.018578479933
2,2022-08-04,7057.35,7032.9278668893,Latih,7034.663174046341,6942.315418266108
2,2022-08-05,7084.65,7050.362995619838,Latih,7051.8692601681405,6944.305102619579
2,2022-08-08,7086.85,7074.987273218104,Latih,7076.263553518125,6953.267762305788
2,2022-08-09,7102.88,7080.755218976208,Latih,7081.945316838095,6953.244759396962
2,2022-08-10,7086.24,7094.627990797233,Latih,7095.6935231996285,6958.6228663844395
2,2022-08-11,7160.38,7082.848304319451,Latih,7083.996476801703,6952.523777387194
2,2022-08-12,7129.28,7143.173499975282,Latih,7143.813814864236,6978.154039896782
2,2022-08-15,7093.28,7127.4804940784725,Latih,7128.162151427344,6965.509390239173
2,2022-08-16,7133.45,7092.5810906315555,Latih,7093.609450692009,6954.168687148146
2,2022-08-18,7186.56,7121.404049270227,Latih,7122.226235110834,6968.8162489528
2,2022-08-19,7172.43,7172.0729556167935,Latih,7172.398224818788,6985.707917147334
2,2022-08-22,7107.98,7167.7231638497915,Latih,7168.01762798675,6979.4152988041
2,2022-08-23,7163.27,7111.189816111995,Latih,7111.998774159028,6957.940984835677
2,2022-08-24,7194.71,7148.729307796437,Latih,7149.292542762834,6978.521996758039
2,2022-08-25,7174.21,7183.234029755079,Latih,7183.422581863486,6987.633121612128
2,2022-08-26,7135.25,7170.395088471851,Latih,7170.655474225363,6979.789622942264
2,2022-08-29,7132.04,7134.509250344114,Latih,7135.11127189167,6967.145511364394
2,2022-08-30,7159.47,7126.218248691634,Latih,7126.943669859245,6967.154524200016
2,2022-08-31,7178.59,7148.958798804957,Latih,7149.488852187473,6976.5540597940035
2,2022-09-01,7153.1,7169.056077042303,Latih,7169.374037327847,6982.269542777593
2,2022-09-02,7177.18,7150.233420025785,Latih,7150.691729443151,6973.079858281667
2,2022-09-05,7231.88,7166.951826544484,Latih,7167.296511457047,6981.970594642814
2,2022-09-06,7233.15,7216.662726756421,Latih,7216.539865216104,6999.855513194857
2,2022-09-07,7186.76,7225.565614751666,Latih,7225.293436083882,6998.744378534613
2,2022-09-08,7232.02,7186.511294083082,Latih,7186.58030280956,6982.965010839756
2,2022-09-09,7242.66,7218.152265992848,Latih,7218.003890504924,6999.6329275429825
2,2022-09-12,7254.46,7233.629098354667,Latih,7233.286072521299,7001.967834888755
2,2022-09-13,7318.02,7245.132167006822,Latih,7244.674350829215,7005.6725138891325
2,2022-09-14,7278.08,7300.579311112264,Latih,7299.619466538527,7026.91043149239
2,2022-09-15,7305.6,7275.895261823034,Latih,7275.069488784169,7011.5639489472505
2,2022-09-16,7168.87,7293.455135372974,Latih,7292.527127183773,7022.029510183395
2,2022-09-19,7195.49,7175.242110757313,Latih,7173.7586697579245,6963.709558353477
2,2022-09-20,7196.95,7184.695230125271,Latih,7184.863649083459,6987.739975280222
2,2022-09-21,7188.31,7189.739907034719,Latih,7189.829497311199,6987.484970324095
2,2022-09-22,7218.91,7182.641290083014,Latih,7182.791324650131,6984.511631368455
2,2022-09-23,7178.58,7207.285835351434,Latih,7207.23081669816,6995.140051405487
2,2022-09-26,7127.5,7177.554687793932,Latih,7177.720819913231,6980.590375273283
2,2022-09-27,7112.45,7128.579746144489,Latih,7129.228087389544,6964.392202181869
2,2022-09-28,7077.03,7108.540087279153,Latih,7109.4306989265215,6960.724650683455
2,2022-09-29,7036.2,7076.428340438077,Latih,7077.620321579047,6949.128359716586
2,2022-09-30,7040.8,7036.825447475973,Latih,7038.411078785721,6936.270294182648
2,2022-10-03,7009.72,7034.872487064663,Latih,7036.528248100343,6938.982507525136
2,2022-10-04,7072.26,7009.243704274356,Latih,7011.118508603632,6928.305077391911
2,2022-10-05,7075.38,7057.691103580064,Latih,7059.181046376294,6950.405716176084
2,2022-10-06,7076.62,7069.280713390179,Latih,7070.58770907528,6949.701414638213
2,2022-10-07,7026.78,7070.775992143817,Latih,7072.065814117261,6950.034261796525
2,2022-10-10,6994.4,7028.799450094762,Latih,7030.456018250051,6933.084929390003
2,2022-10-11,6939.15,6994.279706743417,Latih,6996.304007560072,6923.5011239055275
2,2022-10-12,6909.21,6941.816573508432,Latih,6945.432828071764,6905.663578790472
2,2022-10-13,6880.63,6909.685343696819,Latih,6912.565975997494,6897.060356369659
2,2022-10-14,6814.53,6881.227696360689,Latih,6884.396963601154,6888.20513327126
2,2022-10-17,6831.12,6817.456144818995,Latih,6823.264513817464,6866.5782736969395
2,2022-10-18,6834.49,6825.802097864782,Latih,6829.580852509176,6874.071975696724
2,2022-10-19,6860.42,6831.026762446796,Latih,6834.738100183939,6874.747960788351
2,2022-10-20,6980.65,6853.440339438954,Latih,6856.950614713767,6883.452902699752
2,2022-10-21,7017.77,6958.840564478688,Latih,6961.392048919253,6923.524821834016
2,2022-10-24,7053.04,7007.443648188769,Latih,7009.412347432434,6932.732801041056
2,2022-10-25,7048.38,7042.5871604771055,Latih,7044.199202534024,6943.656043934872
2,2022-10-26,7043.94,7043.693676619593,Latih,7045.2501619435,6941.080188966145
2,2022-10-27,7091.76,7039.271378607813,Latih,7040.872793589893,6939.704745054295
2,2022-10-28,7056.04,7079.081521949241,Latih,7080.3393281782355,6956.058781909995
2,2022-10-31,7098.89,7055.71406410045,Latih,7057.114730500049,6942.588179853608
2,2022-11-01,7052.3,7086.843770578573,Latih,7088.017636368344,6958.137383940272
2,2022-11-02,7015.69,7053.571251221364,Latih,7054.981513376301,6941.117921807816
2,2022-11-03,7034.57,7015.938940782011,Latih,7017.740028187097,6930.0069339252
2,2022-11-04,7045.53,7026.667802370252,Latih,7028.422256197991,6937.446424391319
2,2022-11-07,7102.4,7038.639762674633,Latih,7040.264584125343,6940.6336948830385
2,2022-11-08,7050.13,7088.308333947132,Latih,7089.483006856512,6959.624905377679
2,2022-11-09,7070.08,7052.238203508919,Latih,7053.655595220393,6940.282530593624
2,2022-11-10,6966.84,7061.630788906283,Latih,7063.0336973047915,6948.526652048877
2,2022-11-11,7089.21,6971.526960156018,Latih,6974.0324387789315,6912.927251701997
2,2022-11-14,7019.39,7065.890228117175,Latih,7067.3638940013125,6957.367033114486
2,2022-11-15,7035.5,7022.778158459724,Latih,7025.293501877846,6930.222031300713
2,2022-11-16,7014.38,7027.983900570931,Latih,7029.721987806621,6937.657710368683
2,2022-11-17,7044.99,7012.426535608232,Latih,7014.280265147746,6930.035990231086
2,2022-11-18,7082.18,7035.293399940196,Latih,7036.973867803875,6941.019632575561
2,2022-11-21,7063.25,7071.129196652241,Latih,7072.45538384802,6952.777975223712
2,2022-11-22,7030.59,7060.441049764222,Latih,7061.812704697913,6945.305168653777
2,2022-11-23,7054.12,7030.1083738989255,Latih,7031.770816091361,6934.754904698779
2,2022-11-24,7080.52,7045.335447582071,Latih,7046.906730098788,6943.661110852411
2,2022-11-25,7053.15,7071.031893899508,Latih,7072.347050460645,6951.957224262408
2,2022-11-28,7017.36,7051.661023309295,Latih,7053.11186564452,6941.924279136112
2,2022-11-29,7012.07,7017.473095796764,Latih,7019.259565368951,6930.54972186153
2,2022-11-30,7081.31,7007.876578178465,Latih,7009.7937562871575,6929.763452843476
2,2022-12-01,7020.8,7065.681811898417,Latih,7067.098531010218,6953.410801836304
2,2022-12-02,7019.64,7023.8064736802,Latih,7026.101877005161,6930.923261300076
2,2022-12-05,6987.33,7014.7715319491035,Latih,7016.623781769335,6932.235503262628
2,2022-12-06,6892.57,6987.278123504576,Latih,6989.3730921269025,6921.303045753288
2,2022-12-07,6818.75,6896.795374518379,Latih,6900.672014835223,6890.054872052712
2,2022-12-08,6804.23,6822.000766291354,Latih,6827.551305415069,6867.6738040447635
2,2022-12-09,6715.12,6803.662807019385,Latih,6807.630427652033,6864.827250127534
2,2022-12-12,6734.45,6718.845062411298,Latih,6725.634530133179,6834.99501083914
2,2022-12-13,6810.32,6730.069854158632,Latih,6734.562550936214,6844.067326692081
2,2022-12-14,6801.75,6801.275593839021,Latih,6800.886405248077,6869.270645349066
2,2022-12-15,6751.86,6800.358773224385,Latih,6804.366301437648,6864.223278040926
2,2022-12-16,6812.19,6754.02331447276,Latih,6761.213830959823,6847.533524268307
2,2022-12-19,6779.7,6800.821947779388,Latih,6804.901399317713,6869.414447159212
2,2022-12-20,6768.32,6781.187866517036,Latih,6786.143222189873,6856.687359201649
2,2022-12-21,6820.66,6767.701704988208,Latih,6772.03564582291,6853.741260532775
2,2022-12-22,6824.43,6810.341542415055,Latih,6814.31604598436,6871.824909868281
2,2022-12-23,6800.67,6821.021080027256,Latih,6824.8338457951295,6871.628757383566
2,2022-12-26,6835.81,6801.464728867145,Latih,6805.444232094022,6863.458958192209
2,2022-12-27,6923.03,6827.785190741454,Latih,6831.564550725555,6876.054395973723
2,2022-12-28,6850.52,6906.584053863332,Latih,6909.62617734556,6904.663893896089
2,2022-12-29,6860.08,6853.764644581415,Latih,6858.851358970443,6877.596980904382
2,2022-12-30,6850.62,6855.44699572418,Latih,6858.918843137661,6882.885609715325
2,2023-01-02,6850.98,6848.8140867862485,Latih,6852.3316933975,6879.405623845798
2,2023-01-03,6888.76,6847.764629516043,Latih,6851.30375931684,6879.794498556894
2,2023-01-04,6813.24,6879.770060768765,Latih,6883.027797286255,6892.605885673507
2,2023-01-05,6653.84,6816.552574417922,Latih,6822.146922200356,6865.911256600956
2,2023-01-06,6684.56,6660.370849846316,Latih,6666.370293201966,6812.852200055453
2,2023-01-09,6688.27,6707.555297535528,Latih,6701.384688773024,6828.863592217599
2,2023-01-10,6622.5,6696.135250103043,Latih,6691.551203079836,6829.2565922066915
2,2023-01-11,6584.45,6625.123179893576,Latih,6633.939913475671,6806.831379240187
2,2023-01-12,6629.93,6612.704520923688,Latih,6614.418672018504,6795.772428152293
2,2023-01-13,6641.83,6664.2734300905595,Latih,6656.340072104346,6812.279862573478
2,2023-01-16,6688.06,6673.970254740133,Latih,6669.340683929039,6815.036220874521
2,2023-01-17,6767.34,6717.29730967315,Latih,6710.740572648217,6830.3899899161215
2,2023-01-18,6765.79,6778.675056557683,Latih,6769.293905354765,6855.992227439323
2,2023-01-19,6819.91,6763.792891986992,Latih,6768.177210537222,6853.231093680599
2,2023-01-20,6874.93,6809.3450859991035,Latih,6813.331629102561,6871.641693717282
2,2023-01-24,6860.85,6863.626054371039,Latih,6867.065863620082,6888.788277187987
2,2023-01-25,6829.93,6859.591846370736,Latih,6862.995559437314,6882.458755542678
2,2023-01-26,6864.82,6831.424941453373,Latih,6835.094174450969,6872.362272167246
2,2023-01-27,6898.98,6856.509209968188,Latih,6859.998432873228,6885.074719871921
2,2023-01-30,6872.48,6890.394781507594,Latih,6893.541314879103,6895.684127758189
2,2023-01-31,6839.34,6872.870421220403,Latih,6876.126341718775,6885.7276347947545
2,2023-02-01,6862.26,6840.9445360890395,Latih,6844.617939204611,6875.227905495208
2,2023-02-02,6890.57,6855.690768265763,Latih,6859.1749466732535,6883.940627142829
2,2023-02-03,6911.73,6882.915338620884,Latih,6886.130813458903,6892.902165829582
2,2023-02-06,6873.79,6904.8639698788975,Latih,6907.849998548374,6899.2851815689055
2,2023-02-07,6935.3,6875.644356792908,Latih,6879.016816394669,6885.812785913391
2,2023-02-08,6940.12,6922.39761204158,Latih,6925.251586975205,6907.757291893408
2,2023-02-09,6897.37,6935.277671584834,Latih,6937.938677672198,6907.658957821176
2,2023-02-10,6880.33,6899.45819662486,Latih,6902.776085973129,6893.014826274855
2,2023-02-13,6900.14,6879.279421727103,Latih,6882.481175531787,6888.437135318561
2,2023-02-14,6941.85,6893.595705772682,Latih,6896.693968907639,6895.640520879372
2,2023-02-15,6914.54,6931.7087680385,Latih,6934.446764368464,6909.237325054452
2,2023-02-16,6895.66,6914.579829099224,Latih,6917.414007182466,6898.79310764794
2,2023-02-17,6895.71,6894.702737574919,Latih,6897.746834016189,6893.155668646439
2,2023-02-20,6894.72,6892.042919746978,Latih,6895.134882864996,6893.7048911196425
2,2023-02-21,6873.4,6891.21272997026,Latih,6894.311912324771,6893.36751512353
2,2023-02-22,6809.97,6873.03884017859,Latih,6876.29884111498,6886.159981864734
2,2023-02-23,6839.45,6812.779178150925,Latih,6818.725161042545,6865.234554069678
2,2023-02-24,6856.58,6832.194866299366,Latih,6835.923445008135,6877.027513181012
2,2023-02-27,6854.78,6850.90239667181,Latih,6854.428478038945,6882.009884940726
2,2023-02-28,6843.24,6851.831637960412,Latih,6855.327295402327,6880.916080932063
2,2023-03-01,6844.94,6841.813646966852,Latih,6845.399589704908,6877.050448829871
2,2023-03-02,6857.42,6841.599872370697,Latih,6845.2026973605525,6877.952741291564
2,2023-03-03,6813.64,6852.3986170649905,Latih,6855.904408341983,6882.140189917428
2,2023-03-06,6807.0,6815.644497599039,Latih,6820.95505315933,6866.9305589858095
2,2023-03-07,6766.76,6805.274310996564,Latih,6809.234376092883,6865.911368700902
2,2023-03-08,6776.37,6768.54790263715,Latih,6774.565248354105,6852.442179103829
2,2023-03-09,6799.79,6772.658316180436,Latih,6776.965577228098,6856.8380215284615
2,2023-03-10,6765.3,6793.842067090005,Latih,6797.950911234052,6864.515231139104
2,2023-03-13,6786.96,6766.848646822598,Latih,6772.327755861012,6852.149979385772
2,2023-03-14,6641.81,6781.406259630947,Latih,6785.638637914984,6860.4731537226235
2,2023-03-15,6628.14,6647.735179394345,Latih,6654.276822161612,6809.9848852283085
2,2023-03-16,6565.73,6652.64969705702,Latih,6649.6581250452355,6810.055283994111
2,2023-03-17,6678.24,6587.207671361792,Latih,6589.643681648451,6789.26034053567
2,2023-03-20,6612.49,6666.869429419501,Latih,6650.744210972648,6829.202761812841
2,2023-03-21,6691.61,6615.097269038863,Latih,6624.070886494748,6803.71701855305
2,2023-03-24,6762.25,6735.766112001561,Latih,6728.498459541968,6832.421913529074
2,2023-03-27,6708.93,6771.472209076611,Latih,6762.393638046708,6854.164706867077
2,2023-03-28,6760.33,6711.170094799568,Latih,6718.945997202268,6834.07780908469
2,2023-03-29,6839.44,6760.7569115817805,Latih,6755.389341989185,6853.024829780796
2,2023-03-30,6808.95,6825.081900554632,Latih,6828.937398821747,6878.423605902833
2,2023-03-31,6805.28,6810.399498086902,Latih,6814.495787037048,6865.845812652747
2,2023-04-03,6827.17,6803.14831310931,Latih,6807.133152293595,6865.459874960224
2,2023-04-04,6833.18,6821.137350090776,Latih,6824.9691055894245,6872.992251441221
2,2023-04-05,6819.67,6829.353446559643,Latih,6833.084625987148,6874.414754910212
2,2023-04-06,6792.77,6818.787017792497,Latih,6822.603101718758,6869.660372019748
2,2023-04-10,6771.23,6794.047120310396,Latih,6798.152085796327,6860.9120922694
2,2023-04-11,6811.31,6772.033538343933,Latih,6776.312482945351,6854.360366112032
2,2023-04-14,6818.57,6785.073429989546,Uji,6789.22989419046,6859.062644947806
2,2023-04-17,6787.58,6811.046964952382,Uji,6814.992838195595,6870.6284447294875
2,2023-04-18,6821.81,6789.017913193435,Uji,6793.646318165094,6859.181762349943
2,2023-04-26,6910.15,6814.070704043541,Uji,6817.987431300912,6871.67218490247
2,2023-04-27,6945.48,6893.686618828519,Uji,6896.860123446926,6900.687462207719
2,2023-04-28,6915.72,6936.211598651161,Uji,6938.897064946642,6910.187035793112
2,2023-05-02,6863.3,6916.0973933220375,Uji,6918.913523314046,6899.091248663112
2,2023-05-03,6812.72,6865.735573566298,Uji,6870.783209914308,6882.140257177395
2,2023-05-04,6844.03,6815.003487690422,Uji,6821.010273592506,6866.452564818005
2,2023-05-05,6787.63,6836.462152506447,Uji,6840.149702635146,6878.5043402836145
2,2023-05-08,6769.63,6790.11566312018,Uji,6796.585444217355,6858.480935910383
2,2023-05-09,6779.98,6769.944645538655,Uji,6774.248610847918,6853.962276785412
2,2023-05-10,6811.9,6776.122361437706,Uji,6780.395499261944,6857.9822480926305
2,2023-05-11,6755.94,6804.601218083532,Uji,6808.610943455728,6868.523275012116
2,2023-05-12,6707.76,6758.3597663462415,Uji,6765.335589017596,6848.632014054693
2,2023-05-15,6711.74,6709.78638912173,Uji,6717.70836896347,6833.8586312711595
2,2023-05-16,6676.56,6709.550923186112,Uji,6714.488724007477,6836.567638555205
2,2023-05-17,6663.11,6678.003375370964,Uji,6685.554494962857,6824.5162666494
2,2023-05-19,6700.56,6672.999951241477,Uji,6669.333408642574,6820.94348444495
2,2023-05-22,6729.65,6719.9723506736955,Uji,6713.230615108629,6834.032229246831
2,2023-05-23,6736.68,6732.239997004442,Uji,6728.491767175219,6842.848800284005
2,2023-05-24,6745.8,6733.777784057431,Uji,6738.474502735906,6844.414500223435
2,2023-05-25,6704.23,6742.497511951648,Uji,6747.108575061732,6847.311387016214
2,2023-05-26,6687.0,6705.978533331472,Uji,6713.539697078486,6832.946496434247
2,2023-05-29,6681.1,6687.719021601395,Uji,6693.251389323937,6828.271054325436
2,2023-05-30,6636.42,6687.270554559247,Uji,6685.883104743228,6826.754499002133
2,2023-05-31,6633.26,6638.756943420703,Uji,6647.318156386922,6811.757611347171
2,2023-06-05,6633.44,6661.586136565966,Uji,6657.475622132731,6811.944818256232
2,2023-06-06,6618.92,6663.359568914486,Uji,6659.181889798877,6812.095009763273
2,2023-06-07,6619.75,6646.807171205143,Uji,6644.291132767359,6807.16220859948
2,2023-06-08,6666.33,6655.942560092446,Uji,6652.134311952379,6807.853259923788
2,2023-06-09,6694.02,6705.18316179784,Uji,6699.225498091894,6823.637873896097
2,2023-06-12,6722.37,6711.3888914732825,Uji,6705.0110211214605,6831.7219390491
2,2023-06-13,6719.01,6727.752456824353,Uji,6721.469187616577,6840.5625443146
2,2023-06-14,6699.72,6717.790796053429,Uji,6722.637291469147,6838.622991056776
2,2023-06-15,6713.79,6700.543132061827,Uji,6705.99292696448,6832.171213210857
2,2023-06-16,6698.55,6715.753065663298,Uji,6715.077237511595,6837.4900193271405
2,2023-06-19,6686.06,6699.204367252159,Uji,6704.278302247393,6831.921297592258
2,2023-06-20,6660.46,6686.777449318783,Uji,6691.6649172645975,6828.112163862621
2,2023-06-21,6702.63,6664.148954311026,Uji,6668.44711284311,6819.776322231923
2,2023-06-22,6652.26,6723.505337397477,Uji,6716.618084893097,6834.809440589284
2,2023-06-23,6639.73,6654.293054233726,Uji,6663.027685815705,6816.526320610676
2,2023-06-26,6664.67,6660.037105888438,Uji,6656.439151641217,6813.69400338653
2,2023-06-27,6661.88,6693.413732465076,Uji,6687.90498420106,6822.511247023378
2,2023-07-03,6696.72,6677.957279873356,Uji,6673.042246550932,6820.861270344887
2,2023-07-04,6681.75,6716.494360183199,Uji,6709.908208132554,6832.763706263041
2,2023-07-05,6718.98,6682.8609686812915,Uji,6687.794330344812,6826.701049748098
2,2023-07-06,6757.33,6730.279604366741,Uji,6723.028621169051,6839.757980585433
2,2023-07-07,6716.46,6752.528865258719,Uji,6754.286906284715,6851.723371833004
2,2023-07-10,6731.04,6718.198099995573,Uji,6725.413614770493,6836.771996755934
2,2023-07-11,6796.92,6727.119787151686,Uji,6731.8920836134475,6842.872274012602
2,2023-07-12,6808.21,6788.697352189153,Uji,6789.172992258102,6864.819178931455
2,2023-07-13,6810.21,6803.90474112186,Uji,6807.898570721777,6866.79341591243
2,2023-07-14,6869.57,6807.212137915226,Uji,6811.16227095637,6867.153862077335
2,2023-07-17,6867.14,6857.704374747613,Uji,6861.208753565291,6887.242710398777
2,2023-07-18,6830.2,6864.144740819076,Uji,6867.515451661687,6884.744518272323
2,2023-07-20,6864.19,6831.947439299559,Uji,6836.204681351519,6872.276560548883
2,2023-07-21,6880.8,6856.015006148257,Uji,6859.508242231348,6884.85330005948
2,2023-07-24,6899.4,6874.928195080798,Uji,6878.211266185981,6889.53203790669
2,2023-07-25,6917.71,6893.037089324041,Uji,6896.139634676918,6895.376121947809
2,2023-07-26,6948.28,6911.185532428072,Uji,6914.104615010069,6901.065687423989
2,2023-07-27,6896.66,6939.661788355162,Uji,6942.307167710116,6910.924160195039
2,2023-07-28,6900.23,6899.112861532613,Uji,6903.327841905102,6892.543827143653
2,2023-07-31,6931.36,6896.008993400379,Uji,6899.064837915942,6895.2106848481735
2,2023-08-01,6886.5,6922.84930756216,Uji,6925.664944314409,6905.674743945047
2,2023-08-02,6854.51,6888.658801750882,Uji,6892.431704778119,6889.57279744689
2,2023-08-03,6898.08,6855.885441031196,Uji,6859.30664168928,6879.980943186325
2,2023-08-04,6852.84,6888.1580288741425,Uji,6891.337564469619,6895.669330565377
2,2023-08-07,6886.37,6854.963777698913,Uji,6859.53436151866,6879.087730820221
2,2023-08-08,6868.81,6878.014822241407,Uji,6881.285539932591,6891.742334952994
2,2023-08-09,6875.11,6867.961609444957,Uji,6871.277032594423,6884.837650907082
2,2023-08-10,6893.28,6870.776887477379,Uji,6874.090382507782,6887.4707441080045
2,2023-08-11,6879.98,6887.0465354940725,Uji,6890.209031897826,6893.459571598812
2,2023-08-14,6910.17,6878.3980695352375,Uji,6881.612871773583,6888.43363780026
2,2023-08-15,6915.1,6902.028850156114,Uji,6905.053598146782,6899.05430052106
2,2023-08-16,6900.54,6910.519412131654,Uji,6913.430378677594,6899.8762845817655
2,2023-08-18,6859.91,6898.910341770991,Uji,6901.916750210568,6894.796027149602
2,2023-08-21,6866.03,6861.854337151686,Uji,6865.8073623714245,6881.417750608367
2,2023-08-22,6916.45,6861.8233527267375,Uji,6865.226998533348,6884.64017564301
2,2023-08-23,6921.41,6905.343892165765,Uji,6908.357609521792,6901.578858554706
2,2023-08-24,6899.39,6916.75510612254,Uji,6919.603184599029,6901.840701607511
2,2023-08-25,6895.44,6898.840772544786,Uji,6901.839603028044,6894.2278597856
2,2023-08-28,6921.73,6892.348392098589,Uji,6895.432822100266,6893.508110875233
2,2023-08-29,6957.83,6914.018813711749,Uji,6916.918189123319,6902.541595307037
2,2023-08-30,6966.66,6948.314424431971,Uji,6950.878598586372,6914.051838355706
2,2023-08-31,6953.26,6960.949343814306,Uji,6963.355770925336,6916.030761114405
2,2023-09-01,6977.65,6950.879585065893,Uji,6953.362912739567,6911.234206224428
2,2023-09-04,6996.75,6969.5905008566915,Uji,6971.92702244168,6919.889330920028
2,2023-09-05,6991.71,6989.235792113599,Uji,6991.368202117738,6925.683732265282
2,2023-09-06,6995.95,6987.706659176406,Uji,6989.827679826078,6923.434827997732
2,2023-09-07,6954.81,6990.571440544781,Uji,6992.673852603492,6925.015863209713
2,2023-09-08,6924.78,6956.382526552729,Uji,6958.779492428355,6910.934473390029
2,2023-09-11,6963.39,6925.095543851006,Uji,6927.820559007276,6901.902939497277
2,2023-09-12,6933.97,6953.453489495568,Uji,6955.968653553777,6915.852746400879
2,2023-09-13,6935.48,6934.096295098711,Uji,6936.731181898763,6904.779872499749
2,2023-09-14,6959.33,6931.162818883706,Uji,6933.8616923326745,6906.121753687904
2,2023-09-15,6982.79,6951.550974059753,Uji,6954.068963036589,6914.173220176743
2,2023-09-18,6936.08,6974.806645842845,Uji,6977.089449133928,6921.462563975799
2,2023-09-19,6980.32,6938.3897902730605,Uji,6941.227084734788,6904.9490313175775
2,2023-09-20,7011.68,6969.3899764741,Uji,6971.750532287413,6921.279773804593
2,2023-09-21,6991.47,7002.245528873859,Uji,7004.260323615133,6930.675318640519
2,2023-09-22,7016.84,6989.640428077038,Uji,6991.725038664397,6922.932463301766
2,2023-09-25,6998.38,7008.205613938629,Uji,7010.153641952335,6932.11214848255
2,2023-09-26,6923.8,6996.223340439257,Uji,6998.2434262979605,6925.132066013265
2,2023-09-27,6937.83,6927.24041936909,Uji,6931.130803139258,6900.342015015527
2,2023-09-29,6939.89,6931.694912485231,Uji,6934.402283110072,6907.205984361217
2,2023-10-02,6961.46,6935.445216163446,Uji,6938.1014692131175,6907.509573433743
2,2023-10-03,6940.89,6953.983677398018,Uji,6956.474538188033,6914.771789045976
2,2023-10-04,6886.58,6939.672931089749,Uji,6942.261386092356,6907.1827572525
2,2023-10-05,6874.83,6889.128590202672,Uji,6893.838357314809,6889.331289324207
2,2023-10-06,6888.52,6873.083299016993,Uji,6876.3535010484275,6886.874753537519
2,2023-10-09,6891.46,6882.980491109234,Uji,6886.179061275465,6891.852035959704
2,2023-10-10,6922.19,6887.426419789535,Uji,6890.568200123354,6892.463855042501
2,2023-10-11,6931.75,6913.838265539454,Uji,6916.744434207724,6902.809917736694
2,2023-10-12,6935.15,6926.322119035172,Uji,6929.078746376086,6905.18800598149
2,2023-10-13,6926.78,6930.5659987736235,Uji,6933.27296583866,6906.0723400319075
2,2023-10-16,6896.29,6923.97337855612,Uji,6926.7337724552035,6903.135949218318
2,2023-10-17,6939.62,6896.987379305108,Uji,6899.995514083847,6893.024399610205
2,2023-10-18,6927.91,6929.271625542391,Uji,6932.036010199536,6908.589051069364
2,2023-10-19,6846.43,6925.568852241087,Uji,6928.309449289787,6903.393420373246
2,2023-10-20,6849.17,6850.038307871559,Uji,6854.965952437857,6876.07134548549
2,2023-10-23,6741.96,6845.634102790988,Uji,6849.1973789200565,6879.298344197911
2,2023-10-24,6806.76,6746.471802531058,Uji,6752.391957595224,6842.8368504298105
2,2023-10-25,6834.39,6794.812426638633,Uji,6798.957456645102,6867.850742598812
2,2023-10-26,6714.52,6827.455773841475,Uji,6831.230134168004,6875.400808451217
2,2023-10-27,6758.79,6719.5124158071185,Uji,6725.546542885921,6833.941091991102
2,2023-10-30,6735.89,6756.317484698321,Uji,6754.884017854656,6852.344584891238
2,2023-10-31,6752.21,6736.916470432751,Uji,6741.908269797885,6843.324866332747
2,2023-11-01,6642.42,6747.805948822969,Uji,6752.371454515183,6849.509039188661
2,2023-11-02,6751.39,6646.888174625795,Uji,6654.299343040671,6811.789089011881
2,2023-11-03,6788.85,6784.514140941232,Uji,6775.025037490753,6851.865895703771
2,2023-11-06,6878.84,6781.013999501495,Uji,6785.267900975077,6861.5067376405395
2,2023-11-07,6843.79,6862.487724264005,Uji,6865.977911228578,6890.9909065980155
2,2023-11-08,6804.11,6845.479965365864,Uji,6849.242667298056,6876.558800888699
2,2023-11-09,6838.23,6805.9310821575245,Uji,6811.04954325113,6864.080597230236
2,2023-11-10,6809.26,6830.324321768021,Uji,6834.076934705115,6876.778696141881
2,2023-11-13,6838.31,6810.647283806536,Uji,6814.585601513419,6865.985108045082
2,2023-11-14,6862.06,6831.12908727709,Uji,6834.867911920881,6876.660654899221
2,2023-11-15,6958.21,6855.374175599554,Uji,6858.86250170503,6883.901795721692
2,2023-11-16,6958.01,6940.095816924324,Uji,6942.809644506027,6915.8630147558915
2,2023-11-17,6977.67,6953.687688701801,Uji,6956.157340182118,6913.08446066563
2,2023-11-20,6994.89,6970.287269278222,Uji,6972.6114598692,6919.76218716179
2,2023-11-21,6961.79,6987.665451236423,Uji,6989.811627113875,6925.051936972189
2,2023-11-22,6906.95,6962.13446443861,Uji,6964.482330538088,6913.333188024805
2,2023-11-23,7004.34,6909.551092802034,Uji,6913.853668071972,6895.655116292282
2,2023-11-24,7009.63,6985.536718110498,Uji,6987.793469374236,6930.25279152577
2,2023-11-27,7013.41,7003.949403206168,Uji,7005.918057609855,6929.302408187437
2,2023-11-28,7041.07,7007.90361668533,Uji,7009.830614749252,6930.436142196704
2,2023-11-29,7036.09,7031.839107378188,Uji,7033.551142586532,6939.716627648522
2,2023-11-30,7080.74,7031.585806341233,Uji,7033.26407704598,6937.246751968314
2,2023-12-01,7059.91,7068.637528742619,Uji,7069.997076882191,6952.540188819222
2,2023-12-04,7093.6,7057.410046596593,Uji,7058.81021975643,6944.21223902469
2,2023-12-05,7100.85,7082.923456122944,Uji,7084.126692098448,6956.2329852253715
2,2023-12-06,7087.4,7093.877145361971,Uji,7094.9404806054345,6957.743644091539
3,2022-01-05,6662.3,6692.628505976515,Latih,6698.515344936865,6695.145575733798
3,2022-01-06,6653.35,6667.379966201497,Latih,6673.294381748452,6681.217179919794
3,2022-01-07,6701.32,6655.595229621169,Latih,6662.071843210024,6669.386431916817
3,2022-01-10,6691.12,6696.383966252225,Latih,6702.354039422143,6696.369886499065
3,2022-01-11,6647.97,6693.2466587062345,Latih,6698.704278185087,6699.6445949483095
3,2022-01-12,6647.06,6654.36322319464,Latih,6660.522162352812,6671.801961543425
3,2022-01-13,6658.36,6648.383845729242,Latih,6655.135603029442,6662.815233998907
3,2022-01-14,6693.4,6658.136199086842,Latih,6664.752489207847,6669.405993357314
3,2022-01-17,6645.05,6690.074073307382,Latih,6696.080242659765,6692.605884207504
3,2022-01-18,6614.06,6652.088877844449,Latih,6658.255282858995,6670.498900566413
3,2022-01-19,6591.98,6619.2333086296985,Latih,6626.455711946272,6647.435855724748
3,2022-01-20,6626.87,6596.239734926786,Latih,6604.167955932994,6640.470564843276
3,2022-01-21,6726.37,6634.156714770355,Latih,6641.687241602252,6642.389620626057
3,2022-01-24,6655.17,6748.0168872905015,Latih,6752.815639339412,6701.805590438563
3,2022-01-25,6568.17,6664.882670874608,Latih,6670.472949429019,6683.010924778447
3,2022-01-26,6600.82,6580.4004119773035,Latih,6588.08640321743,6642.49172125646
3,2022-01-27,6611.16,6614.270223665616,Latih,6620.381369012005,6635.80295852066
3,2022-01-28,6645.51,6611.387436243487,Latih,6619.243195844895,6641.384577354277
3,2022-01-31,6631.15,6646.734199745591,Latih,6653.930567849811,6654.685476908099
3,2022-02-02,6707.65,6634.203309112721,Latih,6641.196142950813,6652.803767222177
3,2022-02-03,6683.85,6719.08824082317,Latih,6724.553270108423,6695.8185229169
3,2022-02-04,6731.39,6687.662668958769,Latih,6693.130085972863,6696.528171622174
3,2022-02-07,6804.94,6726.291660013965,Latih,6731.458088674269,6720.348894390782
3,2022-02-08,6789.52,6796.192735688121,Latih,6799.757760576339,6773.706338571337
3,2022-02-09,6834.61,6791.573702271909,Latih,6794.350171303183,6778.858564168541
3,2022-02-10,6823.64,6829.071560036575,Latih,6831.466149393355,6802.851113733681
3,2022-02-11,6815.61,6824.916171995138,Latih,6826.847183237111,6805.1011614206745
3,2022-02-14,6734.49,6816.590015799735,Latih,6818.773655478988,6798.145023499758
3,2022-02-15,6807.5,6744.83027818846,Latih,6748.182358020121,6747.982584707165
3,2022-02-16,6850.2,6798.799395721883,Latih,6802.289246386619,6775.846259271828
3,2022-02-17,6835.12,6844.837812037803,Latih,6846.78657991115,6815.707161468598
3,2022-02-18,6892.82,6836.80833955828,Latih,6838.3794651350745,6815.02770127866
3,2022-02-21,6902.96,6885.352010297222,Latih,6886.371873181803,6846.640244642235
3,2022-02-22,6861.99,6901.135010030314,Latih,6901.245518156633,6864.0023066282665
3,2022-02-23,6920.06,6866.598272327225,Latih,6867.107856259684,6841.444681206084
3,2022-02-24,6817.82,6912.353658700631,Latih,6912.655790473865,6868.21392400239
3,2022-02-25,6888.17,6830.105211214458,Latih,6830.961946258282,6818.331869593594
3,2022-03-01,6921.44,6879.214986678404,Latih,6880.528551420313,6840.470398159361
3,2022-03-02,6868.4,6916.70403338735,Latih,6916.635630000578,6874.162260992866
3,2022-03-04,6928.33,6874.413095831018,Latih,6874.590079225045,6848.8996638846775
3,2022-03-07,6869.07,6920.341340320456,Latih,6920.449045948135,6874.421727526825
3,2022-03-08,6814.18,6875.82575692479,Latih,6875.901200188142,6850.648893854954
3,2022-03-09,6864.44,6820.801252034043,Latih,6822.391950261329,6806.176110218497
3,2022-03-10,6924.01,6858.068026970962,Latih,6859.740759938399,6825.543842010235
3,2022-03-11,6922.6,6916.095353103028,Latih,6916.312782157408,6871.059289660197
3,2022-03-14,6952.2,6922.023153383481,Latih,6921.457071078467,6881.868639009339
3,2022-03-15,6918.19,6947.68612665718,Latih,6946.752199590853,6899.323385230347
3,2022-03-16,6992.4,6921.561996627497,Latih,6920.674052958833,6884.741939973575
3,2022-03-17,6964.38,6982.2394103122315,Latih,6980.839416512306,6922.54078609203
3,2022-03-18,6954.96,6966.70347885912,Latih,6964.670658446604,6920.274618432867
3,2022-03-21,6955.18,6955.1154384482425,Latih,6953.582942512683,6909.150245816753
3,2022-03-22,7000.82,6954.175457984857,Latih,6952.766854909114,6907.43917466794
3,2022-03-23,6996.12,6994.032728143391,Latih,6992.024659398851,6934.8209315667045
3,2022-03-24,7049.69,6995.415324031768,Latih,6992.854243835864,6940.934324517002
3,2022-03-25,7002.53,7041.601981315676,Latih,7038.403904389206,6972.10364711588
3,2022-03-28,7049.6,7006.882027461587,Latih,7003.579249185978,6954.334595067553
3,2022-03-29,7011.69,7042.293727659647,Latih,7039.010544454519,6973.30374429291
3,2022-03-30,7053.19,7014.8652923435575,Latih,7011.443957165539,6959.803906570725
3,2022-03-31,7071.44,7046.527563242977,Latih,7043.074122640554,6977.246209697778
3,2022-04-01,7078.76,7067.441512003608,Latih,7063.190861428447,6996.296878003535
3,2022-04-04,7116.22,7076.0228525150505,Latih,7071.430880025693,7004.251983379184
3,2022-04-05,7148.3,7109.594454526974,Latih,7104.414226363373,7028.12281482345
3,2022-04-06,7104.22,7142.092721980291,Latih,7135.988879945355,7054.6674990088395
3,2022-04-07,7127.37,7107.478231754972,Latih,7101.518684769941,7034.53914666659
3,2022-04-08,7210.83,7122.384744433835,Latih,7116.716029547526,7039.782599199478
3,2022-04-11,7203.79,7198.003511460508,Latih,7190.932202055537,7094.304739394258
3,2022-04-12,7214.78,7201.888805893148,Latih,7193.785907949293,7106.41534491129
3,2022-04-13,7262.78,7210.633902005044,Latih,7202.482218164887,7111.621221542431
3,2022-04-14,7235.53,7253.845023174377,Latih,7244.91783191094,7142.523499651032
3,2022-04-18,7275.29,7235.831458724827,Latih,7226.614377002208,7135.591014818625
3,2022-04-19,7199.23,7267.25607773969,Latih,7257.886271051261,7154.0765648789
3,2022-04-20,7227.36,7205.655139863577,Latih,7196.744135832275,7116.29444407232
3,2022-04-21,7276.19,7221.064757098047,Latih,7212.809941307989,7118.264623035266
3,2022-04-22,7225.61,7267.059857995007,Latih,7257.788116338941,7153.017310073454
3,2022-04-25,7215.98,7228.78548390755,Latih,7219.5175984896105,7132.272318350748
3,2022-04-26,7232.15,7214.303291942564,Latih,7205.842167412724,7116.60872747965
3,2022-04-27,7196.76,7227.257830689638,Latih,7218.715007719485,7124.410704329684
3,2022-04-28,7228.91,7198.315508028949,Latih,7190.017511339867,7106.375213130785
3,2022-05-09,6909.75,7222.120604065149,Latih,7213.878926388708,7118.709839178993
3,2022-05-10,6819.79,6947.447667653016,Latih,6942.944837040355,6933.820327452768
3,2022-05-11,6816.2,6830.585537061131,Latih,6831.555336110031,6817.494953820143
3,2022-05-12,6599.84,6816.642299214337,Latih,6818.870039012168,6797.745230253966
3,2022-05-13,6597.99,6627.3898407925,Latih,6632.4940035380505,6667.441688431514
3,2022-05-17,6644.47,6599.775992166478,Latih,6607.817089410355,6639.468845334882
3,2022-05-18,6793.41,6654.4085956476,Latih,6661.453656850321,6651.48599873231
3,2022-05-19,6823.33,6828.821958297824,Latih,6831.6971873811235,6731.8946507022
3,2022-05-20,6918.14,6819.694758311543,Latih,6822.184430842136,6796.855336046249
3,2022-05-23,6840.77,6906.032432451293,Latih,6906.880087399528,6859.500574595073
3,2022-05-24,6914.14,6849.903339537122,Latih,6850.48592295412,6831.703487398064
3,2022-05-25,6883.5,6904.637281369016,Latih,6905.302415185914,6860.516424301604
3,2022-05-27,7026.26,6886.713912535651,Latih,6886.791777157826,6856.516518884638
3,2022-05-30,7037.56,7007.6210351426,Latih,7006.245389450847,6936.036543376197
3,2022-05-31,7148.97,7034.637794618669,Latih,7031.192604572239,6970.734099661166
3,2022-06-02,7148.72,7133.225123047904,Latih,7128.171478142814,7039.6802295292055
3,2022-06-03,7182.96,7146.394669490534,Latih,7139.844400632458,7061.326011574334
3,2022-06-06,7096.58,7176.24648142942,Latih,7169.252027747116,7081.78716623492
3,2022-06-07,7141.04,7104.97571257062,Latih,7098.649464243721,7036.743435155812
3,2022-06-08,7193.31,7133.396680804567,Latih,7127.652141515091,7046.47640082783
3,2022-06-09,7182.83,7184.356239889943,Latih,7177.329949823104,7086.484422993133
3,2022-06-10,7086.65,7181.491279161654,Latih,7173.898256610117,7090.432627915214
3,2022-06-13,6995.44,7096.2940201879255,Latih,7090.099332357119,7030.769853257599
3,2022-06-14,7049.88,7005.135824189841,Latih,7001.428140910922,6957.318292058162
3,2022-06-15,7007.05,7041.686101114813,Latih,7038.494750185076,6972.084410765225
3,2022-06-16,7050.33,7010.849468734324,Latih,7007.485035488664,6957.07929497426
3,2022-06-17,6936.97,7043.473960726325,Latih,7040.120468435351,6974.625312970931
3,2022-06-20,6976.38,6949.743564217738,Latih,6947.289158330014,6915.188890523361
3,2022-06-21,7044.07,6970.515235727483,Latih,6969.071791988665,6916.618658068823
3,2022-06-22,6984.31,7034.3252151305105,Latih,7031.466397479238,6964.875397787147
3,2022-06-23,6998.27,6990.305718833861,Latih,6987.3167755658,6942.321202623298
3,2022-06-24,7042.94,6995.307752924023,Latih,6992.940829833803,6938.992260220399
3,2022-06-27,7016.06,7035.969541971746,Latih,7032.8308331764365,6968.480980435664
3,2022-06-28,6996.46,7017.8787182397255,Latih,7014.49002656585,6961.11861473208
3,2022-06-29,6942.35,6997.543474237977,Latih,6994.772722303925,6944.119420269778
3,2022-06-30,6911.58,6947.9653900415215,Latih,6946.165872035674,6907.872732417331
3,2022-07-01,6794.33,6914.609670104729,Latih,6913.94076972966,6878.855504573029
3,2022-07-04,6639.17,6808.586079687806,Latih,6809.863974227043,6802.602207014592
3,2022-07-05,6703.27,6659.08574728058,Latih,6663.970244577838,6686.7221167856615
3,2022-07-06,6646.41,6707.461021481324,Latih,6713.180551272948,6694.763852999227
3,2022-07-07,6652.59,6654.461815096747,Latih,6660.47758020447,6673.244474852695
3,2022-07-08,6740.22,6653.022513450917,Latih,6659.722979421032,6665.822561658038
3,2022-07-11,6722.15,6749.423001747454,Latih,6754.134584878708,6719.522583272179
3,2022-07-12,6718.29,6725.001580210647,Latih,6729.52989114093,6725.84197108241
3,2022-07-13,6640.99,6719.461455171873,Latih,6724.283490379474,6719.994703402837
3,2022-07-14,6690.09,6651.536606252726,Latih,6657.421012644258,6672.936267262413
3,2022-07-15,6651.9,6687.919635663942,Latih,6694.091499945836,6687.224997141377
3,2022-07-18,6659.25,6657.669224343685,Latih,6663.790660465074,6673.954560747757
3,2022-07-19,6736.09,6659.494530942005,Latih,6666.034038205309,6670.885981678381
3,2022-07-20,6874.74,6739.084046189808,Latih,6744.022911960655,6718.351620870998
3,2022-07-21,6864.13,6878.2078359276475,Latih,6879.736453205091,6816.436528554294
3,2022-07-22,6886.96,6865.074789227287,Latih,6865.936277308801,6837.205778705215
3,2022-07-25,6858.41,6883.723937948091,Latih,6884.429853725178,6848.805410250463
3,2022-07-26,6871.54,6861.551286158899,Latih,6862.32302702401,6836.170109728313
3,2022-07-27,6898.22,6869.579256499152,Latih,6870.563763060908,6838.449706960952
3,2022-07-28,6956.82,6894.441185981973,Latih,6894.900167999013,6856.999893849828
3,2022-07-29,6951.12,6948.788427841714,Latih,6948.122329965285,6897.321257782921
3,2022-08-01,6968.78,6950.855775037459,Latih,6949.475241788081,6905.371087612555
3,2022-08-02,6988.16,6965.582972643429,Latih,6964.048324388915,6914.8344529155365
3,2022-08-03,7046.63,6984.618305676635,Latih,6982.592614820655,6929.898084878076
3,2022-08-04,7057.35,7037.974965157572,Latih,7034.924008199635,6968.713430882746
3,2022-08-05,7084.65,7054.356668279832,Latih,7050.378510252302,6986.573552926835
3,2022-08-08,7086.85,7079.470015520522,Latih,7074.990681056448,7005.023634564339
3,2022-08-09,7102.88,7084.670556194255,Latih,7079.795015682646,7011.682281649768
3,2022-08-10,7086.24,7098.9245575100895,Latih,7093.809840554665,7021.714733536304
3,2022-08-11,7160.38,7086.328828268716,Latih,7081.215815232465,7014.8832731748225
3,2022-08-12,7129.28,7149.032470889169,Latih,7143.174351934867,7056.038301982945
3,2022-08-15,7093.28,7130.8002218658485,Latih,7124.350439398959,7051.91356206662
3,2022-08-16,7133.45,7095.6452305430885,Latih,7090.08471452422,7024.265052137436
3,2022-08-18,7186.56,7126.376175094918,Latih,7120.7753479356315,7041.284334909979
3,2022-08-19,7172.43,7177.553342594586,Latih,7170.717443075261,7080.95623659856
3,2022-08-22,7107.98,7171.603884604654,Latih,7164.237662662944,7082.882427542874
3,2022-08-23,7163.27,7113.659333072378,Latih,7107.32577582903,7041.512077159349
3,2022-08-24,7194.71,7154.1671416349,Latih,7147.9785520411315,7062.022555795974
3,2022-08-25,7174.21,7188.249291638815,Latih,7180.905444846236,7091.671960073183
3,2022-08-26,7135.25,7174.136715614281,Latih,7166.637498297176,7085.543097330401
3,2022-08-29,7132.04,7137.67221756764,Latih,7130.958282789067,7058.19523945517
3,2022-08-30,7159.47,7130.189052962736,Latih,7124.041536789015,7048.6505568516895
3,2022-08-31,7178.59,7153.741968961436,Latih,7147.279138060886,7064.453331015176
3,2022-09-01,7153.1,7173.724456854544,Latih,7166.642430694779,7081.272582644889
3,2022-09-02,7177.18,7153.776495744664,Latih,7146.770338828045,7069.744403604932
3,2022-09-05,7231.88,7171.7285397441,Latih,7164.750632013758,7079.181784140536
3,2022-09-06,7233.15,7222.359735668985,Latih,7214.342706283417,7116.658365335538
3,2022-09-07,7186.76,7230.041227497547,Latih,7221.2712003577635,7128.120315727667
3,2022-09-08,7232.02,7189.7085190499665,Latih,7181.527823743902,7100.58081178553
3,2022-09-09,7242.66,7223.633191050379,Latih,7215.485318608371,7118.616392664387
3,2022-09-12,7254.46,7238.357608577699,Latih,7229.461446579187,7133.84427346714
3,2022-09-13,7318.02,7249.934259634109,Latih,7240.740539540143,7142.994095222431
3,2022-09-14,7278.08,7306.822112239698,Latih,7296.638773826458,7183.375499886357
3,2022-09-15,7305.6,7279.603572861648,Latih,7269.086669850443,7171.885614187799
3,2022-09-16,7168.87,7298.821314926246,Latih,7288.4822921086325,7180.556679495655
3,2022-09-19,7195.49,7182.801637845122,Latih,7173.8795134992215,7104.038287985993
3,2022-09-20,7196.95,7189.603010581219,Latih,7182.173564270221,7093.234767834018
3,2022-09-21,7188.31,7194.075977768386,Latih,7186.269113360726,7099.317041839432
3,2022-09-22,7218.91,7186.711145866,Latih,7178.997593453012,7094.427287054728
3,2022-09-23,7178.58,7212.37808747777,Latih,7204.380787682619,7111.066685531809
3,2022-09-26,7127.5,7180.858497389041,Latih,7172.976391497931,7092.895104999016
3,2022-09-27,7112.45,7131.433765918092,Latih,7124.76233943887,7054.407875534957
3,2022-09-28,7077.03,7112.161229400112,Latih,7106.374181811286,7035.399805208507
3,2022-09-29,7036.2,7079.44113857455,Latih,7074.319650782414,7011.238679745256
3,2022-09-30,7040.8,7039.551807831589,Latih,7035.440833788577,6979.851815992053
3,2022-10-03,7009.72,7038.6598509848745,Latih,7035.038439824048,6974.619528613741
3,2022-10-04,7072.26,7012.088531852424,Latih,7008.811491724312,6956.902266740255
3,2022-10-05,7075.38,7062.9334799534745,Latih,7059.257408859199,6988.283884216007
3,2022-10-06,7076.62,7073.171612820097,Latih,7068.612732234664,7002.387716444789
3,2022-10-07,7026.78,7074.628732752271,Latih,7070.0116050351335,7003.740897307454
3,2022-10-10,6994.4,7031.2814774090675,Latih,7027.299194103541,6974.128934412057
3,2022-10-11,6939.15,6997.033867885528,Latih,6994.145724888501,6944.9826795304325
3,2022-10-12,6909.21,6944.925194678357,Latih,6943.195178638747,6905.552913724229
3,2022-10-13,6880.63,6912.156833616244,Latih,6911.561941625224,6876.809837506753
3,2022-10-14,6814.53,6883.616770400149,Latih,6883.798529251856,6853.8328910282635
3,2022-10-17,6831.12,6822.495799650882,Latih,6823.926329475973,6808.647286258074
3,2022-10-18,6834.49,6829.031159216201,Latih,6831.134714694356,6805.65338817242
3,2022-10-19,6860.42,6833.965753979122,Latih,6835.801928667164,6810.917624035212
3,2022-10-20,6980.65,6857.000252569655,Latih,6858.452148644367,6827.1091608098495
3,2022-10-21,7017.77,6965.042964785748,Latih,6964.574207653456,6904.200629661128
3,2022-10-24,7053.04,7011.8858103109,Latih,7009.313340760528,6949.956867994121
3,2022-10-25,7048.38,7047.127163431709,Latih,7043.593997348014,6978.345775643642
3,2022-10-26,7043.94,7047.2986315084145,Latih,7043.351413065855,6982.454462847765
3,2022-10-27,7091.76,7042.863778302733,Latih,7039.037358761493,6978.883182782586
3,2022-10-28,7056.04,7084.063602249095,Latih,7079.671795422503,7006.659083089888
3,2022-10-31,7098.89,7058.636554520792,Latih,7054.067943660086,6994.617800179181
3,2022-11-01,7052.3,7091.740027160118,Latih,7087.092318577836,7013.297193465292
3,2022-11-02,7015.69,7056.2293651301325,Latih,7051.613672292297,6993.7723872298575
3,2022-11-03,7034.57,7018.680591570199,Latih,7015.170652595222,6962.728145750218
3,2022-11-04,7045.53,7030.758150023284,Latih,7027.494337688746,6966.875215975696
3,2022-11-07,7102.4,7042.591913514797,Latih,7038.930639613334,6977.13393039232
3,2022-11-08,7050.13,7093.540352285575,Latih,7088.988152856897,7013.343647682726
3,2022-11-09,7070.08,7054.757358325189,Latih,7050.122787856524,6993.159245367703
3,2022-11-10,6966.84,7065.886865118809,Latih,7061.695268794961,6994.883611570058
3,2022-11-11,7089.21,6978.184979481752,Latih,6975.074161152894,6936.945046174874
3,2022-11-14,7019.39,7072.573312990733,Latih,7069.252867763706,6990.048292518911
3,2022-11-15,7035.5,7026.345044207038,Latih,7022.289851096929,6972.165346925909
3,2022-11-16,7014.38,7032.014386853042,Latih,7028.688605668606,6968.1561147934735
3,2022-11-17,7044.99,7015.518565986216,Latih,7012.251883893073,6958.656765407972
3,2022-11-18,7082.18,7039.694488642279,Latih,7036.312029725375,6972.86059078818
3,2022-11-21,7063.25,7075.829143809148,Latih,7071.548495288559,7001.126053977667
3,2022-11-22,7030.59,7063.777637383409,Latih,7059.243732665843,6997.062475791631
3,2022-11-23,7054.12,7032.999969574275,Latih,7029.14776704556,6973.795549174006
3,2022-11-24,7080.52,7049.610266905492,Latih,7045.890297472541,6981.500806191023
3,2022-11-25,7053.15,7075.477508699962,Latih,7071.095701188512,7001.917838313042
3,2022-11-28,7017.36,7054.763725602096,Latih,7050.384249769514,6990.6877106083
3,2022-11-29,7012.07,7020.240215692581,Latih,7016.697050293744,6963.894792303496
3,2022-11-30,7081.31,7011.322754704415,Latih,7008.3304932779665,6953.724278124027
3,2022-12-01,7020.8,7071.113951059648,Latih,7067.287935078211,6994.16460251933
3,2022-12-02,7019.64,7026.626235710444,Latih,7022.658928957642,6971.464408386404
3,2022-12-05,6987.33,7018.342587814392,Latih,7015.205134538472,6958.931724154406
3,2022-12-06,6892.57,6990.005694539604,Latih,6987.3061036509835,6939.350890366187
3,2022-12-07,6818.75,6903.424472058162,Latih,6902.398466096565,6876.267991209966
3,2022-12-08,6804.23,6827.613453624879,Latih,6828.82810137484,6813.510966595444
3,2022-12-09,6715.12,6806.070870789619,Latih,6808.469137024614,6790.371676975817
3,2022-12-12,6734.45,6726.55825610446,Latih,6730.316731868706,6734.153509444915
3,2022-12-13,6810.32,6732.719795981369,Latih,6737.425247245603,6728.299336408696
3,2022-12-14,6801.75,6801.255640048714,Latih,6804.7091703310925,6777.527646355061
3,2022-12-15,6751.86,6802.893532353075,Latih,6805.437685457202,6787.23693651858
3,2022-12-16,6812.19,6758.323849523689,Latih,6761.635483694997,6755.675869449999
3,2022-12-19,6779.7,6804.9797347596605,Latih,6808.174426267775,6782.053771336406
3,2022-12-20,6768.32,6783.874834951787,Latih,6786.6820193681415,6774.394654656974
3,2022-12-21,6820.66,6770.039100952771,Latih,6773.432411144403,6761.221790055956
3,2022-12-22,6824.43,6814.349586288068,Latih,6817.212013557587,6790.347530647546
3,2022-12-23,6800.67,6823.929266494547,Latih,6826.037754370307,6802.845262116523
3,2022-12-26,6835.81,6803.646574947269,Latih,6806.014843236836,6789.350401631921
3,2022-12-27,6923.03,6831.458638697004,Latih,6833.68749949429,6805.751251424881
3,2022-12-28,6850.52,6911.799750449703,Latih,6912.4154033506375,6864.871238146166
3,2022-12-29,6860.08,6858.999936238268,Latih,6859.389236929158,6838.500465816295
3,2022-12-30,6850.62,6858.629827058056,Latih,6859.870325055459,6830.041538445388
3,2023-01-02,6850.98,6851.5227129304785,Latih,6852.7581664303325,6826.245161689554
3,2023-01-03,6888.76,6850.700123530068,Latih,6852.058214370349,6824.6101391438
3,2023-01-04,6813.24,6883.71463365261,Latih,6884.574059095127,6847.311050716378
3,2023-01-05,6653.84,6822.346953343187,Latih,6823.684911033248,6809.465077780816
3,2023-01-06,6684.56,6674.160858277543,Latih,6678.599040851608,6699.20899697991
3,2023-01-09,6688.27,6681.816118718848,Latih,6687.998677335547,6686.426374709324
3,2023-01-10,6622.5,6688.7454199128015,Latih,6694.465913763957,6694.658591150361
3,2023-01-11,6584.45,6631.792650228747,Latih,6638.322881221557,6655.9876859255255
3,2023-01-12,6629.93,6590.682385731379,Latih,6598.595405984972,6640.526385011161
3,2023-01-13,6641.83,6643.6137744514,Latih,6650.93944423781,6641.842522446821
3,2023-01-16,6688.06,6641.651728339503,Latih,6648.714703113522,6656.153184680131
3,2023-01-17,6767.34,6684.522401974216,Latih,6690.771783368455,6686.173342712239
3,2023-01-18,6765.79,6762.486030821826,Latih,6766.817684817639,6742.7068249699705
3,2023-01-19,6819.91,6766.345856146839,Latih,6769.938636981574,6757.288247806753
3,2023-01-20,6874.93,6813.3910420737,Latih,6816.297255581949,6789.40329038623
3,2023-01-24,6860.85,6867.911388669352,Latih,6869.369876220862,6832.948402133321
3,2023-01-25,6829.93,6862.235073406736,Latih,6863.136917468647,6835.278197721576
3,2023-01-26,6864.82,6833.558741496837,Latih,6835.054266870356,6814.002367916736
3,2023-01-27,6898.98,6860.292269250492,Latih,6861.747999143342,6828.852718522881
3,2023-01-30,6872.48,6894.296890932067,Latih,6894.836427969976,6856.140490827301
3,2023-01-31,6839.34,6875.274808112424,Latih,6875.700832745474,6846.94964049194
3,2023-02-01,6862.26,6843.168576588668,Latih,6844.3844798580185,6821.914247553383
3,2023-02-02,6890.57,6859.188914326468,Latih,6860.551421904603,6829.160163833534
3,2023-02-03,6911.73,6886.64974652682,Latih,6887.333623454613,6850.601991237738
3,2023-02-06,6873.79,6908.518383263693,Latih,6908.544524970995,6868.815407470207
3,2023-02-07,6935.3,6877.950185412806,Latih,6878.187456157547,6850.228698419072
3,2023-02-08,6940.12,6927.071888310958,Latih,6927.015883178163,6879.651257246476
3,2023-02-09,6897.37,6938.66986077701,Latih,6937.722728337099,6894.571961778446
3,2023-02-10,6880.33,6901.940380879089,Latih,6901.487228059217,6869.907350619774
3,2023-02-13,6900.14,6881.932154838485,Latih,6882.277265730841,6851.336873640754
3,2023-02-14,6941.85,6897.173061654909,Latih,6897.488645421608,6859.869630035797
3,2023-02-15,6914.54,6935.954575896014,Latih,6935.458264597108,6888.729738596423
3,2023-02-16,6895.66,6917.13283809905,Latih,6916.431966819512,6880.5307485792455
3,2023-02-17,6895.71,6897.374213797196,Latih,6897.287739899202,6863.878727648298
3,2023-02-20,6894.72,6895.149052298113,Latih,6895.3161484769425,6860.215077227989
3,2023-02-21,6873.4,6894.291061734899,Latih,6894.470421647771,6859.631843631307
3,2023-02-22,6809.97,6875.565774731082,Latih,6876.037177422088,6846.667327989079
3,2023-02-23,6839.45,6817.647409746084,Latih,6819.23485707495,6804.50138187203
3,2023-02-24,6856.58,6835.752918570972,Latih,6837.808988512194,6809.751022321912
3,2023-02-27,6854.78,6854.245037688055,Latih,6855.680320550838,6825.779319155847
3,2023-02-28,6843.24,6854.732650031187,Latih,6855.96083945457,6828.052324911689
3,2023-03-01,6844.94,6844.445193188525,Latih,6845.848482726849,6820.787665520642
3,2023-03-02,6857.42,6844.5420923814545,Latih,6846.0784893951195,6819.548333362673
3,2023-03-03,6813.64,6855.637879511454,Latih,6856.988257875481,6827.356542969679
3,2023-03-06,6807.0,6818.929990063045,Latih,6820.684645670686,6803.573508202763
3,2023-03-07,6766.76,6807.874267453583,Latih,6810.305065092774,6791.031228215426
3,2023-03-08,6776.37,6771.958184760538,Latih,6775.004388680783,6765.62814745548
3,2023-03-09,6799.79,6775.509488615421,Latih,6778.97182995352,6763.512283403304
3,2023-03-10,6765.3,6797.103345965774,Latih,6800.130134175451,6779.421081695287
3,2023-03-13,6786.96,6769.817658720342,Latih,6772.979975764183,6763.343079745498
3,2023-03-14,6641.81,6784.576154631107,Latih,6787.919670026928,6769.570142040578
3,2023-03-15,6628.14,6660.504103051585,Latih,6665.453293227417,6686.861681217865
3,2023-03-16,6565.73,6631.131815444761,Latih,6638.213802369544,6650.276911139648
3,2023-03-17,6678.24,6575.022868292053,Latih,6583.104648007417,6638.702866406971
3,2023-03-20,6612.49,6721.4586053817175,Latih,6725.064804579934,6645.099648019607
3,2023-03-21,6691.61,6621.851481327869,Latih,6628.647585366525,6651.467440586324
3,2023-03-24,6762.25,6709.757108615954,Latih,6715.479452116211,6682.401672784404
3,2023-03-27,6708.93,6754.15617532822,Latih,6758.814757605221,6740.352367393695
3,2023-03-28,6760.33,6716.111516449173,Latih,6720.516080249568,6722.232913335582
3,2023-03-29,6839.44,6754.561865031148,Latih,6759.012344969238,6742.590667006397
3,2023-03-30,6808.95,6829.779090052878,Latih,6832.503567129409,6800.033750642271
3,2023-03-31,6805.28,6812.67638250086,Latih,6814.7343357211685,6797.2466545361585
3,2023-04-03,6827.17,6805.809610656532,Latih,6808.3260302341305,6789.083401981622
3,2023-04-04,6833.18,6824.472368310724,Latih,6826.752100063299,6801.477710040839
3,2023-04-05,6819.67,6832.347860305046,Latih,6834.254321658945,6809.360152231785
3,2023-04-06,6792.77,6821.279649761651,Latih,6823.2817772090775,6802.443338971765
3,2023-04-10,6771.23,6796.1801132342525,Latih,6798.715746742518,6783.68702270302
3,2023-04-11,6811.31,6774.149312716154,Latih,6777.328601691751,6765.521854287114
3,2023-04-12,6798.96,6806.539381302031,Latih,6809.484784951243,6785.316081531673
3,2023-04-13,6785.6,6800.577614738078,Latih,6803.1448828509765,6785.759369556337
3,2023-04-14,6818.57,6787.434097902804,Latih,6790.342217110127,6775.340553997485
3,2023-04-17,6787.58,6814.602080205414,Latih,6817.259162794683,6792.476151673526
3,2023-04-18,6821.81,6791.5185490987005,Latih,6794.136800266832,6780.362990277736
3,2023-04-26,6910.15,6817.667632576261,Latih,6820.255706439052,6794.804288182587
3,2023-04-27,6945.48,6898.876779047295,Latih,6899.8493133348675,6854.417178364434
3,2023-04-28,6915.72,6940.325397612801,Latih,6939.6468566424155,6892.862415188893
3,2023-05-02,6863.3,6918.598836346911,Latih,6917.833686958598,6881.9477367309155
3,2023-05-03,6812.72,6869.274860307019,Latih,6869.595510991256,6844.725689672268
3,2023-05-04,6844.03,6818.833696209822,Latih,6820.521181530092,6804.17272725168
3,2023-05-05,6787.63,6840.08040244881,Latih,6842.039573197104,6813.032479187879
3,2023-05-08,6769.63,6794.621632531315,Latih,6796.896454306276,6785.37376816365
3,2023-05-09,6779.98,6772.135302674499,Latih,6775.404697586326,6763.5578632411625
3,2023-05-10,6811.9,6779.004877017466,Latih,6782.381372217266,6766.2361775601175
3,2023-05-11,6755.94,6808.1057762611235,Latih,6810.925650391313,6787.381298828453
3,2023-05-12,6707.76,6763.1042620215085,Latih,6766.225864365128,6760.105498798217
3,2023-05-15,6711.74,6714.332210063507,Latih,6718.836980005225,6720.297642295679
3,2023-05-16,6676.56,6712.015967358668,Latih,6717.117355630567,6713.256016956289
3,2023-05-17,6663.11,6681.792050860539,Latih,6687.299689335094,6692.961554914729
3,2023-05-19,6700.56,6665.82652999611,Latih,6671.983597085192,6678.02248841168
3,2023-05-22,6729.65,6696.893527764695,Latih,6702.742151853609,6697.824035782683
3,2023-05-23,6736.68,6726.781122006199,Latih,6731.745344784728,6722.575670129081
3,2023-05-24,6745.8,6736.411987047814,Latih,6740.8926555012395,6732.47770493897
3,2023-05-25,6704.23,6745.215946841115,Latih,6749.482762228424,6739.315958557152
3,2023-05-26,6687.0,6710.03300900193,Latih,6714.720445804914,6716.199402806481
3,2023-05-29,6681.1,6690.00077115299,Latih,6695.473042094724,6697.745980590599
3,2023-05-30,6636.42,6682.781243200019,Latih,6688.5626185316005,6690.8410499248075
3,2023-05-31,6633.26,6643.079270701046,Latih,6649.524087140348,6662.923163826478
3,2023-06-05,6633.44,6634.952433813819,Latih,6642.040048155869,6652.289362992059
3,2023-06-06,6618.92,6634.729786506975,Latih,6641.857594284499,6651.7789719399925
3,2023-06-07,6619.75,6622.079559877075,Latih,6629.394742713579,6646.611618455137
3,2023-06-08,6666.33,6621.059097257785,Latih,6628.558897494608,6644.867337697457
3,2023-06-09,6694.02,6669.6664239508045,Latih,6676.309298573896,6668.837310333563
3,2023-06-12,6722.37,6691.572905629294,Latih,6697.463679297733,6694.536469469684
3,2023-06-13,6719.01,6719.6418464042445,Latih,6724.789274123779,6716.93545104893
3,2023-06-14,6699.72,6720.116242163797,Latih,6724.925912747404,6720.469020692429
3,2023-06-15,6713.79,6702.877792787719,Latih,6707.984842106867,6708.256830204744
3,2023-06-16,6698.55,6712.83890426891,Latih,6718.021733151248,6712.911085423846
3,2023-06-19,6686.06,6701.229430348444,Latih,6706.422045556027,6706.534773261267
3,2023-06-20,6660.46,6688.497869603054,Latih,6694.0588900716775,6696.071711853909
3,2023-06-21,6702.63,6664.655410655005,Latih,6670.719221799387,6678.293646969959
3,2023-06-22,6652.26,6698.38160970183,Latih,6704.238865486551,6698.5455446621945
3,2023-06-23,6639.73,6659.490304774058,Latih,6665.438215784741,6676.623458671286
3,2023-06-26,6664.67,6642.502348331297,Latih,6649.292152353014,6659.2637844140945
3,2023-06-27,6661.88,6662.762221934659,Latih,6669.394704892798,6671.751729557826
3,2023-07-03,6696.72,6663.324302271617,Latih,6669.65750079514,6674.959626439526
3,2023-07-04,6681.75,6693.394484904426,Latih,6699.309864510911,6695.283212046938
3,2023-07-05,6718.98,6684.516539147065,Latih,6690.158551826345,6693.131980461942
3,2023-07-06,6757.33,6715.2088988976375,Latih,6720.565785365423,6712.504375611414
3,2023-07-07,6716.46,6753.151401096309,Latih,6757.505811381067,6742.759780984246
3,2023-07-10,6731.04,6722.091857974103,Latih,6726.464215460142,6725.780921452067
3,2023-07-11,6796.92,6729.904843038789,Latih,6734.636839570127,6726.518875393591
3,2023-07-12,6808.21,6789.151491488546,Latih,6792.8260380235615,6768.833824758259
3,2023-07-13,6810.21,6806.921059196623,Latih,6809.561147434148,6788.485012472302
3,2023-07-14,6869.57,6810.023156149718,Latih,6812.48511757377,6791.8917522374095
3,2023-07-17,6867.14,6862.068022067884,Latih,6863.727123681942,6827.840097294783
3,2023-07-18,6830.2,6867.080391773025,Latih,6867.9721468398375,6837.997361260688
3,2023-07-20,6864.19,6834.550198255217,Latih,6835.95754581157,6815.394626820418
3,2023-07-21,6880.8,6859.774905581811,Latih,6861.235231572429,6828.5281667605395
3,2023-07-24,6899.4,6878.355202516061,Latih,6879.140821354431,6845.12727651719
3,2023-07-25,6917.71,6896.583707401201,Latih,6896.902586906298,6859.518308806459
3,2023-07-26,6948.28,6914.798289473103,Latih,6914.627449156093,6874.12490929101
3,2023-07-27,6896.66,6943.677432604482,Latih,6942.860582721283,6896.018633995696
3,2023-07-28,6900.23,6902.301365123734,Latih,6901.747591392741,6871.078436330896
3,2023-07-31,6931.36,6899.213908423528,Latih,6899.3084535176,6863.11821919773
3,2023-08-01,6886.5,6926.810560917902,Latih,6926.4501820129635,6882.46375520025
3,2023-08-02,6854.51,6891.401304498656,Latih,6891.208178712471,6861.682398255209
3,2023-08-03,6898.08,6858.092397499123,Latih,6858.921331756452,6833.743953026867
3,2023-08-04,6852.84,6892.272522855445,Latih,6892.962610120221,6853.584387868979
3,2023-08-07,6886.37,6858.0265051511315,Latih,6858.7213454535995,6835.009068172311
3,2023-08-08,6868.81,6881.852317257268,Latih,6882.717975456757,6846.243298735059
3,2023-08-09,6875.11,6870.556655924361,Latih,6871.200401071648,6842.2843546381955
3,2023-08-10,6893.28,6873.944607738596,Latih,6874.74244547103,6842.622761953808
3,2023-08-11,6879.98,6890.558940667851,Latih,6891.034446216865,6854.739219087996
3,2023-08-14,6910.17,6881.135236325604,Latih,6881.539984388989,6850.327077331282
3,2023-08-15,6915.1,6905.884370843217,Latih,6906.073483451352,6865.809178390543
3,2023-08-16,6900.54,6913.814657290922,Latih,6913.532950127767,6874.668481926959
3,2023-08-18,6859.91,6901.700330055699,Latih,6901.542583012328,6866.9114347351
3,2023-08-21,6866.03,6864.492205810288,Latih,6865.061539013724,6839.72533708129
3,2023-08-22,6916.45,6864.950851527492,Latih,6865.9871706840795,6835.4426259217025
3,2023-08-23,6921.41,6909.688661855207,Latih,6909.983551971958,6866.841865508894
3,2023-08-24,6899.39,6920.076179109263,Latih,6919.627443027245,6879.676816034061
3,2023-08-25,6895.44,6901.454988114879,Latih,6901.227245865509,6867.4570027500795
3,2023-08-28,6921.73,6895.361661054834,Latih,6895.482056396349,6860.783087652067
3,2023-08-29,6957.83,6917.830727520036,Latih,6917.660649482655,6875.758205497604
3,2023-08-30,6966.66,6952.495034961155,Latih,6951.499139044932,6902.5256098548025
3,2023-08-31,6953.26,6964.539097950512,Latih,6962.941853086405,6914.877230254756
3,2023-09-01,6977.65,6953.905790355853,Latih,6952.364819664411,6908.5779980147345
3,2023-09-04,6996.75,6973.581169238145,Latih,6971.901777533943,6920.5663024911755
3,2023-09-05,6991.71,6993.180858237204,Latih,6990.923479213771,6936.778846795608
3,2023-09-06,6995.95,6991.077549378929,Latih,6988.628972688373,6937.496488227
3,2023-09-07,6954.81,6994.172225315628,Latih,6991.736024459061,6939.050283152213
3,2023-09-08,6924.78,6958.778192068987,Latih,6956.822630938939,6915.236577840196
3,2023-09-11,6963.39,6927.626827881384,Latih,6926.617659331609,6889.199997867985
3,2023-09-12,6933.97,6957.713780666046,Latih,6956.604260245018,6906.452784827099
3,2023-09-13,6935.48,6936.67815862452,Latih,6935.43328872924,6896.383429638489
3,2023-09-14,6959.33,6934.460597501744,Latih,6933.592114383628,6891.532371754987
3,2023-09-15,6982.79,6955.456356802634,Latih,6954.255811225824,6906.1140636316395
3,2023-09-18,6936.08,6978.796282904799,Latih,6976.968022472913,6924.832691898691
3,2023-09-19,6980.32,6940.850787637582,Latih,6939.317193122556,6901.442634700879
3,2023-09-20,7011.68,6973.84675642913,Latih,6972.363808669502,6918.804651846933
3,2023-09-21,6991.47,7006.531378831922,Latih,7004.042894560753,6946.244341997555
3,2023-09-22,7016.84,6992.662239049134,Latih,6990.015693854746,6940.273517758002
3,2023-09-25,6998.38,7012.374476393521,Latih,7009.668428548038,6951.516536956481
3,2023-09-26,6923.8,6999.312725258527,Latih,6996.506460061727,6945.42211131697
3,2023-09-27,6937.83,6932.007245353509,Latih,6930.424304442454,6897.136786112531
3,2023-09-29,6939.89,6935.289397239138,Latih,6934.527095189442,6890.950438517673
3,2023-10-02,6961.46,6938.773172086825,Latih,6937.795077641954,6894.929134624942
3,2023-10-03,6940.89,6957.845206642203,Latih,6956.55740246778,6908.252706392751
3,2023-10-04,6886.58,6942.485406623533,Latih,6941.176124099543,6900.150974288329
3,2023-10-05,6874.83,6892.6163333884315,Latih,6892.293821845098,6863.594688806275
3,2023-10-06,6888.52,6875.8356441399865,Latih,6876.397870206874,6845.931459106542
3,2023-10-09,6891.46,6886.3711781621405,Latih,6886.912643319113,6851.8331625196715
3,2023-10-10,6922.19,6890.582033256634,Latih,6890.900823081775,6856.272499723175
3,2023-10-11,6931.75,6917.753939057337,Latih,6917.631436236846,6875.255145781975
3,2023-10-12,6935.15,6929.789841170657,Latih,6929.128653271842,6886.99348979984
3,2023-10-13,6926.78,6933.905882131208,Latih,6933.071522236515,6890.900397101982
3,2023-10-16,6896.29,6927.0097625211365,Latih,6926.239075395513,6886.55186085437
3,2023-10-17,6939.62,6899.394837735637,Latih,6899.135393621667,6866.650645421783
3,2023-10-18,6927.91,6933.545772266139,Latih,6933.130464387883,6886.640733691199
3,2023-10-19,6846.43,6928.533111101139,Latih,6927.687451531935,6888.103189580781
3,2023-10-20,6849.17,6856.016934267321,Latih,6856.394016064146,6837.005209482646
3,2023-10-23,6741.96,6848.617037501968,Latih,6850.0551901233575,6822.706188828681
3,2023-10-24,6806.76,6755.382279692615,Latih,6758.18491285118,6759.022680584218
3,2023-10-25,6834.39,6799.051239459545,Latih,6802.450177068444,6776.8643733972585
3,2023-10-26,6714.52,6830.951251923477,Latih,6833.116664151585,6806.092057679327
3,2023-10-27,6758.79,6729.658873338274,Latih,6733.019147675954,6739.694430393301
3,2023-10-30,6735.89,6753.889624077702,Latih,6758.285018102552,6742.761798783266
3,2023-10-31,6752.21,6739.224204751723,Latih,6743.3229374806815,6737.70526169958
3,2023-11-01,6642.42,6750.715099349792,Latih,6754.90881436261,6743.001042487049
3,2023-11-02,6751.39,6656.860647436467,Latih,6662.269699613911,6680.42876979278
3,2023-11-03,6788.85,6771.956682621268,Latih,6776.163703897623,6719.5352954060045
3,2023-11-06,6878.84,6784.554048521845,Latih,6788.060176098674,6767.980990792539
3,2023-11-07,6843.79,6867.591276064853,Latih,6869.416801258068,6829.21412874732
3,2023-11-08,6804.11,6847.816419690885,Latih,6848.888565990068,6825.824047034119
3,2023-11-09,6838.23,6808.975133758816,Latih,6811.037795176837,6795.198454011113
3,2023-11-10,6809.26,6833.984003850257,Latih,6836.134932765401,6807.873796633812
3,2023-11-13,6838.31,6812.801530880067,Latih,6814.8717254144285,6797.195626640946
3,2023-11-14,6862.06,6834.672701075709,Latih,6836.75323122505,6808.929262461098
3,2023-11-15,6958.21,6858.890571531394,Latih,6860.269580221513,6828.838862969612
3,2023-11-16,6958.01,6945.656265683225,Latih,6945.458745579174,6891.0797121748765
3,2023-11-17,6977.67,6957.03575535541,Latih,6955.546485158853,6909.770180935608
3,2023-11-20,6994.89,6974.169335232431,Latih,6972.425822359378,6921.507538473951
3,2023-11-21,6961.79,6991.559982704577,Latih,6989.326682749447,6935.668586514939
3,2023-11-22,6906.95,6964.742357571774,Latih,6962.709851039105,6919.210296709883
3,2023-11-23,7004.34,6912.905078332768,Latih,6912.03486887549,6879.885232252818
3,2023-11-24,7009.63,6991.30901334649,Latih,6989.904221668896,6927.493989445913
3,2023-11-27,7013.41,7007.628702778875,Latih,7004.8436917317495,6949.715539231352
3,2023-11-28,7041.07,7011.563321187556,Latih,7008.657600919068,6953.0146854687255
3,2023-11-29,7036.09,7036.156883400741,Latih,7032.838725012603,6970.3227377009935
3,2023-11-30,7080.74,7035.134531897369,Latih,7031.509129978481,6972.750912201459
3,2023-12-01,7059.91,7073.50293541915,Latih,7069.3609769511895,6998.522330962477
3,2023-12-04,7093.6,7060.6896874434415,Latih,7056.218827735251,6994.780076060352
3,2023-12-05,7100.85,7087.588428096841,Latih,7082.957713866303,7010.885609756768
3,2023-12-06,7087.4,7097.964085176658,Latih,7092.7849780125125,7021.819300365509
3,2023-12-11,7088.79,7154.165437715728,Uji,7147.666241592842,7065.035892012186
3,2023-12-12,7125.31,7095.370182116698,Uji,7089.46013846762,7027.507117082538
3,2023-12-13,7075.34,7118.732707567885,Uji,7113.298729967548,7035.530020505253
3,2023-12-14,7176.02,7079.511492500374,Uji,7074.239028501578,7012.742164214909
3,2023-12-15,7190.99,7161.371984495004,Uji,7155.456201328714,7063.274398307866
3,2023-12-18,7119.52,7186.534879911625,Uji,7179.068081898771,7091.93804050393
3,2023-12-19,7187.85,7125.960822376684,Uji,7119.226530248001,7052.055615117615
3,2023-12-20,7219.67,7177.00517386087,Uji,7170.339980138621,7079.003814266988
3,2023-12-21,7209.62,7212.986072742429,Uji,7204.985006389107,7111.431862314416
3,2023-12-22,7237.52,7208.038922785607,Uji,7199.740881256545,7111.636960374786
3,2023-12-26,7237.52,7231.18007326433,Uji,7222.652675246684,7126.383125291542
3,2023-12-27,7245.92,7234.532758435696,Uji,7225.629646240561,7131.841316480116
3,2023-12-28,7303.89,7241.863601634593,Uji,7232.850766012758,7136.87298979588
3,2023-12-29,7272.8,7293.464327568509,Uji,7283.580834089614,7173.240768009506
3,2024-01-02,7323.59,7273.29768188486,Uji,7263.0399987877345,7165.958576186976
3,2024-01-03,7279.09,7313.88709920774,Uji,7303.384051749805,7190.299868682706
3,2024-01-04,7359.76,7281.154318668342,Uji,7270.549260259961,7173.580341164551
3,2024-01-05,7350.62,7346.209011026725,Uji,7335.148512959583,7213.196506760207
3,2024-01-08,7283.58,7347.926292512521,Uji,7335.899223874911,7223.503424153416
3,2024-01-09,7200.2,7288.320957867004,Uji,7277.293282663917,7181.557866529309
3,2024-01-10,7227.3,7207.497838768449,Uji,7198.462538317526,7118.49729768224
3,2024-01-11,7219.96,7221.128878266899,Uji,7212.861866002765,7118.418379320576
3,2024-01-12,7241.14,7217.979721756665,Uji,7209.443804143157,7119.323384600952
3,2024-01-15,7224.0,7235.581834566086,Uji,7226.867947079031,7130.574452575521
3,2024-01-16,7242.79,7223.168559196083,Uji,7214.393509978739,7124.450970630124
3,2024-01-17,7200.63,7237.50730807075,Uji,7228.717461660593,7132.353119991497
3,2024-01-18,7252.97,7202.971467167225,Uji,7194.479716932261,7110.7749566335215
3,2024-01-19,7227.4,7243.583259639235,Uji,7234.974880620926,7133.879069290237
3,2024-01-22,7247.93,7227.557406584113,Uji,7218.578694185701,7128.801928236559
3,2024-01-23,7256.23,7242.401636533232,Uji,7233.498748537987,7136.097168492751
3,2024-01-24,7227.82,7252.11218221614,Uji,7242.824567207785,7145.085297286588
3,2024-01-25,7178.04,7228.315695455759,Uji,7219.287569401351,7129.691284364537
3,2024-01-26,7137.09,7181.457963057838,Uji,7173.462905261597,7094.314738709401
3,2024-01-29,7157.17,7139.7382195640375,Uji,7132.948774262146,7060.046726995773
3,2024-01-30,7192.22,7152.341526761729,Uji,7145.840806079585,7064.063537084527
3,2024-01-31,7207.94,7185.343257490479,Uji,7178.114021682225,7088.987076697419
3,2024-02-01,7201.7,7203.274226700152,Uji,7195.367593340958,7105.260446432305
3,2024-02-02,7238.79,7199.7174299479375,Uji,7191.680850331867,7104.598025434089
3,2024-02-05,7198.62,7231.336699308245,Uji,7222.899295126884,7125.594434914664
3,2024-02-06,7247.41,7200.736642652835,Uji,7192.324976618969,7108.788411078525
3,2024-02-07,7235.15,7238.489393273681,Uji,7229.980828046888,7130.155378139094
3,2024-02-12,7297.67,7233.6528187031445,Uji,7224.647650717585,7132.356527829842
3,2024-02-13,7209.74,7286.741873194075,Uji,7277.084552565312,7167.407938802919
3,2024-02-15,7303.28,7217.516748981563,Uji,7208.167030603376,7126.9682870072875
3,2024-02-16,7335.54,7288.584347899056,Uji,7279.195753259754,7165.797331625303
3,2024-02-19,7296.7,7327.978690122468,Uji,7316.909044699769,7203.420898268904
3,2024-02-20,7352.6,7297.9587731052425,Uji,7286.962620406843,7186.466678304755
3,2024-02-21,7349.02,7342.076558634147,Uji,7330.8725726367065,7212.352708050099
3,2024-02-22,7339.64,7345.669496408806,Uji,7333.759729154212,7221.144213539449
3,2024-02-23,7295.1,7337.053135874375,Uji,7325.3142986167495,7214.825229289022
3,2024-02-26,7283.82,7297.055247544148,Uji,7286.024702582456,7186.310366140687
3,2024-02-27,7285.32,7281.858754726148,Uji,7271.575288641547,7170.840035575709
3,2024-02-28,7328.64,7281.812300508714,Uji,7271.661246879791,7169.5317395312395
3,2024-02-29,7316.11,7319.798712256055,Uji,7309.061062032084,7195.774202263439
3,2024-03-01,7311.91,7314.069149519305,Uji,7302.912110979059,7196.74350807258
3,2024-03-04,7276.75,7308.898068711261,Uji,7297.964691982367,7191.776359485471
3,2024-03-05,7247.46,7277.708635382151,Uji,7267.291366802548,7169.893642995438
3,2024-03-06,7329.8,7247.921751731725,Uji,7238.360523176283,7145.470158819633
3,2024-03-07,7373.96,7316.261465734344,Uji,7306.018490150073,7189.062330123866
3,2024-03-08,7381.91,7364.695278526651,Uji,7352.766499121294,7231.623047409146
3,2024-03-13,7421.21,7376.9398210586205,Uji,7364.312703832495,7245.024326859208
3,2024-03-14,7433.31,7412.192922253722,Uji,7398.945130049102,7270.120590068196
3,2024-03-15,7328.05,7427.475552669879,Uji,7413.540363599175,7285.05705585251
3,2024-03-18,7302.45,7337.067215627535,Uji,7324.345127327543,7224.372781651108
3,2024-03-19,7336.75,7302.076921544769,Uji,7291.106462153889,7188.445645903432
3,2024-03-20,7331.13,7328.934857817991,Uji,7317.860773237448,7203.9833709556715
3,2024-03-21,7338.35,7328.151951798302,Uji,7316.689508166413,7207.327222651329
3,2024-03-22,7350.15,7333.7776651455,Uji,7322.296388722759,7210.552607124534
3,2024-03-25,7377.76,7344.943268121585,Uji,7333.210708460911,7219.033371564833
3,2024-03-26,7365.66,7370.457036367762,Uji,7358.20451231967,7237.880421529502
3,2024-03-27,7310.09,7363.214841805803,Uji,7350.74896914135,7236.033911226481
3,2024-03-28,7288.81,7313.263958030443,Uji,7301.687306974032,7200.379895786132
3,2024-04-01,7205.06,7288.014880175687,Uji,7277.464481700754,7176.761603099189
3,2024-04-02,7236.98,7212.367684602824,Uji,7203.198447136964,7122.431647051051
3,2024-04-03,7166.84,7230.160860559433,Uji,7221.701798668591,7125.167603162005
3,2024-04-04,7254.4,7172.784162511311,Uji,7164.812331823787,7089.397855737875
3,2024-04-05,7286.88,7240.77080652544,Uji,7232.598630815237,7128.125158445314
3,2024-04-16,7164.81,7279.638458364701,Uji,7269.862984393333,7164.710679593166
3,2024-04-17,7130.84,7177.00894041904,Uji,7168.39181760498,7097.9439968664165
3,2024-04-18,7166.81,7132.693903825955,Uji,7126.164171677902,7053.714694311684
3,2024-04-19,7087.32,7160.00342351981,Uji,7153.460867137987,7068.615243273444
3,2024-04-22,7073.82,7094.95366355903,Uji,7088.965822547744,7028.0371256250755
3,2024-04-23,7110.81,7073.619878082343,Uji,7068.8786781454755,7004.399596587478
3,2024-04-24,7174.53,7104.279482228828,Uji,7099.236464398575,7023.915793547096
3,2024-04-25,7155.29,7164.3338892562,Uji,7157.960065712412,7069.321024530597
3,2024-04-26,7036.08,7155.199851173241,Uji,7148.219746283967,7070.261901793547
3,2024-04-29,7155.78,7048.851305434172,Uji,7043.6883406621855,6995.090279029665
3,2024-04-30,7234.2,7138.990378407317,Uji,7133.867679935769,7043.469880288307
3,2024-05-01,7234.2,7221.812822454659,Uji,7214.053712623802,7113.861471694185
3,2024-05-02,7117.42,7231.236347436994,Uji,7222.421390639035,7129.203156361655
3,2024-05-03,7134.72,7129.320502584652,Uji,7122.032033165171,7059.251041582293
3,2024-05-06,7135.89,7130.385362387375,Uji,7124.442899434045,7046.767681326334
3,2024-05-07,7123.61,7133.485374281482,Uji,7127.294722048715,7050.853006901805
3,2024-05-08,7088.79,7122.908968619183,Uji,7116.863059836103,7043.726051083867
3,2024-05-13,7099.26,7091.045411057542,Uji,7085.619908213089,7020.466254022778
3,2024-05-14,7083.76,7095.9984350515115,Uji,7090.904972245763,7019.925887445272
3,2024-05-15,7179.83,7083.729409891436,Uji,7078.697557215759,7012.68956692046
3,2024-05-16,7246.7,7165.708817508301,Uji,7159.629906501254,7067.2038601190525
3,2024-05-17,7317.24,7235.611832511515,Uji,7227.365446637361,7126.054089531377
3,2024-05-20,7266.69,7305.20881466339,Uji,7295.14022175441,7181.390120170795
3,2024-05-21,7186.04,7269.569551575874,Uji,7259.212054687235,7164.910352016172
3,2024-05-22,7222.38,7193.110528197372,Uji,7184.487710706078,7106.7110645676385
3,2024-05-27,7176.42,7215.133593819228,Uji,7207.121541671242,7112.701102737858
3,2024-05-28,7253.63,7179.390391662203,Uji,7171.489811700068,7092.280079857777
3,2024-05-29,7140.23,7241.250056212634,Uji,7232.95892004022,7129.538110998944
3,2024-05-30,7034.14,7151.561983740408,Uji,7143.713732032853,7076.715585338541
3,2024-05-31,6970.74,7045.348451175753,Uji,7040.413632212941,6990.981950545368
3,2024-06-03,7036.19,6977.269795526321,Uji,6974.591862347181,6932.250076255549
3,2024-06-04,7099.31,7026.770485920371,Uji,7024.090669462146,6959.051850456051
3,2024-06-05,6947.67,7089.721286500762,Uji,7085.335264031361,7009.665469109475
3,2024-06-06,6974.9,6964.967454262429,Uji,6961.71373092299,6931.180440995146
3,2024-06-07,6897.95,6970.509451370293,Uji,6968.941262812072,6917.825413982617
3,2024-06-10,6921.55,6906.626001662955,Uji,6905.696984574244,6877.058923585754
3,2024-06-11,6855.69,6917.975269189822,Uji,6917.773735907721,6876.141452791434
3,2024-06-12,6850.1,6863.334101272861,Uji,6863.675714646915,6841.307784752585
3,2024-06-13,6831.56,6850.541367587187,Uji,6851.842713435032,6825.074860678052
3,2024-06-14,6734.83,6833.689494873321,Uji,6835.308419866896,6812.875651364061
3,2024-06-19,6726.92,6747.043680403256,Uji,6750.176582421387,6751.306639552439
3,2024-06-20,6819.32,6728.516731833092,Uji,6733.055266278408,6727.644762406669
3,2024-06-21,6879.98,6808.2052537528,Uji,6811.642507123086,6781.445584291844
3,2024-06-24,6889.17,6872.24768360291,Uji,6873.6481033826285,6835.857978639937
3,2024-06-25,6882.7,6887.557285265965,Uji,6888.020908220751,6853.230017521121
3,2024-06-26,6905.64,6883.015129992408,Uji,6883.439652486188,6851.152334710398
3,2024-06-27,6967.95,6902.257780664906,Uji,6902.469515042052,6863.627825550178
3,2024-06-28,7063.58,6959.393441410117,Uji,6958.481889492921,6905.439804879174
3,2024-07-01,7139.63,7050.3389165515355,Uji,7047.338583929007,6974.912826911265
3,2024-07-02,7125.14,7128.200624128655,Uji,7122.918878254369,7039.175869454209
3,2024-07-03,7196.75,7124.69364459224,Uji,7118.577381883338,7045.374279003207
3,2024-07-04,7220.89,7185.447734639727,Uji,7178.590536130749,7085.434450063179
3,2024-07-05,7253.37,7215.120231505719,Uji,7206.983479378309,7113.903845473601
3,2024-07-08,7250.98,7246.366880647035,Uji,7237.480538603753,7138.0821894884875
3,2024-07-09,7269.8,7248.184110444279,Uji,7238.891876918167,7143.0048119772255
3,2024-07-10,7287.04,7264.321480525229,Uji,7254.815360303017,7153.810529288132
3,2024-07-11,7300.41,7281.628635957933,Uji,7271.643759288286,7167.819255923113
3,2024-07-12,7327.58,7295.368546923496,Uji,7284.976881971455,7179.200718554341
3,2024-07-15,7278.86,7320.686902544599,Uji,7309.760027612547,7198.091352977837
3,2024-07-16,7224.29,7281.433043972946,Uji,7270.777316389178,7174.223122252307
3,2024-07-17,7224.22,7227.954330071299,Uji,7218.667701542465,7132.003995921092
3,2024-07-18,7321.07,7221.335814766375,Uji,7212.7847860802085,7121.286299487427
3,2024-07-19,7294.5,7305.84998151193,Uji,7296.033927360275,7179.286452592693
3,2024-07-22,7321.98,7294.3001896024725,Uji,7283.52756419549,7182.317993840062
3,2024-07-23,7313.86,7315.089528063636,Uji,7304.315422937372,7193.580720208967
3,2024-07-24,7262.76,7311.305347781877,Uji,7300.267404223779,7194.092882440174
3,2024-07-25,7240.28,7265.733715639208,Uji,7255.472983423563,7161.89499800094
3,2024-07-26,7288.17,7239.9744485122865,Uji,7230.695532459706,7138.43238971837
3,2024-07-29,7288.9,7279.067466082072,Uji,7269.465253786539,7162.720995239695
3,2024-07-30,7241.86,7285.459494657017,Uji,7275.202887719368,7172.527184596142
3,2024-07-31,7255.76,7244.494497676582,Uji,7234.843006244987,7144.4927369744355
3,2024-08-01,7325.98,7250.972619009705,Uji,7241.772800678701,7143.616294760185
3,2024-08-02,7308.12,7313.925123509269,Uji,7303.620268755058,7188.397846486651
3,2024-08-05,7059.65,7306.7765548218285,Uji,7295.7598205734275,7191.4371002102735
3,2024-08-06,7129.21,7087.786306920717,Uji,7080.257764257857,7039.107712687317
3,2024-08-07,7212.13,7118.6346873755,Uji,7113.541942009403,7032.165363059702
3,2024-08-08,7195.12,7199.359158521976,Uji,7192.2461030972845,7095.443405801128
4,2022-01-05,6662.3,6691.5741890677955,Latih,6700.5884345099485,6784.513799267436
4,2022-01-06,6653.35,6664.904798992883,Latih,6674.784014747453,6784.513799267436
4,2022-01-07,6701.32,6654.032587442706,Latih,6663.726707281332,6784.513799267436
4,2022-01-10,6691.12,6695.515416658535,Latih,6704.583507010058,6784.513799267436
4,2022-01-11,6647.97,6691.8073834195875,Latih,6700.450260586455,6784.513799267436
4,2022-01-12,6647.06,6650.828537384281,Latih,6661.894448400747,6784.513799267436
4,2022-01-13,6658.36,6646.872604251066,Latih,6656.836717849533,6784.513799267436
4,2022-01-14,6693.4,6656.777443201403,Latih,6666.579556665581,6784.513799267436
4,2022-01-17,6645.05,6689.058487676694,Latih,6698.18713254334,6784.513799267436
4,2022-01-18,6614.06,6648.094638062725,Latih,6659.578981554369,6784.513799267436
4,2022-01-19,6591.98,6615.980474022633,Latih,6627.832746955014,6784.513799267436
4,2022-01-20,6626.87,6593.24728579812,Latih,6605.555879793469,6784.513799267436
4,2022-01-21,6726.37,6622.781047292209,Latih,6633.7329079388155,6784.513799267436
4,2022-01-24,6655.17,6714.757673930841,Latih,6723.763167151231,6784.513799267436
4,2022-01-25,6568.17,6659.315710328232,Latih,6671.644475156677,6784.513799267436
4,2022-01-26,6600.82,6577.465855131783,Latih,6592.171850085,6784.513799267436
4,2022-01-27,6611.16,6597.072016404572,Latih,6608.71133692198,6784.513799267436
4,2022-01-28,6645.51,6609.851355822463,Latih,6620.936629675186,6784.513799267436
4,2022-01-31,6631.15,6641.414876480558,Latih,6651.8488693289555,6784.513799267436
4,2022-02-02,6707.65,6632.511720907844,Latih,6642.7492671007,6784.513799267436
4,2022-02-03,6683.85,6698.656649810687,Latih,6707.896875808851,6784.513799267436
4,2022-02-04,6731.39,6686.07250626923,Latih,6694.749991556719,6784.513799267436
4,2022-02-07,6804.94,6725.526500669438,Latih,6733.764513244052,6784.513799267436
4,2022-02-08,6789.52,6795.92904933336,Latih,6802.464696599272,6797.173364465859
4,2022-02-09,6834.61,6790.437773534085,Latih,6796.318077187564,6822.306487526327
4,2022-02-10,6823.64,6828.652404206426,Latih,6834.0291642296625,6829.79841521147
4,2022-02-11,6815.61,6823.942933220893,Latih,6828.941214596659,6846.538196384939
4,2022-02-14,6734.49,6815.6151101815985,Latih,6820.869287388354,6839.044924193056
4,2022-02-15,6807.5,6740.038615165075,Latih,6749.488041240892,6818.452226251393
4,2022-02-16,6850.2,6798.539900432255,Latih,6804.998781534461,6798.626646972922
4,2022-02-17,6835.12,6844.452349312338,Latih,6849.372520017657,6842.856523234876
4,2022-02-18,6892.82,6835.838353184493,Latih,6840.471885395082,6857.209055122767
4,2022-02-21,6902.96,6885.256474111117,Latih,6889.189311462678,6868.885320487653
4,2022-02-22,6861.99,6900.638872306386,Latih,6903.717068777123,6898.036682933607
4,2022-02-23,6920.06,6865.486407447492,Latih,6869.069052504932,6889.491075658239
4,2022-02-24,6817.82,6912.358834140341,Latih,6915.548883229534,6889.66004395727
4,2022-02-25,6888.17,6825.299462954432,Latih,6832.324588241608,6883.047656383551
4,2022-03-01,6921.44,6879.219070016182,Latih,6883.432779997028,6859.630279059444
4,2022-03-02,6868.4,6916.4862888426,Latih,6919.337884215754,6901.85704712514
4,2022-03-04,6928.33,6873.213210117852,Latih,6876.47374238733,6899.838683948556
4,2022-03-07,6869.07,6920.3930893040115,Latih,6923.3788250804355,6895.18245025877
4,2022-03-08,6814.18,6874.571161925828,Latih,6877.737888994253,6903.146765216032
4,2022-03-09,6864.44,6819.390795379906,Latih,6824.116271166831,6858.987501413856
4,2022-03-10,6924.01,6857.802809984121,Latih,6862.424008930956,6850.408876155648
4,2022-03-11,6922.6,6916.1283656347205,Latih,6919.228229348701,6892.02306626562
4,2022-03-14,6952.2,6921.4910083371815,Latih,6923.890513318818,6918.3214112639835
4,2022-03-15,6918.19,6947.544549685164,Latih,6949.507865653082,6927.151924688857
4,2022-03-16,6992.4,6920.714710829895,Latih,6922.839988148254,6929.569813214583
4,2022-03-17,6964.38,6982.651068611789,Latih,6984.052329050351,6938.024356014175
4,2022-03-18,6954.96,6966.076092937635,Latih,6967.006957008289,6962.388886625216
4,2022-03-21,6955.18,6954.625265154883,Latih,6956.039918949053,6946.795116456791
4,2022-03-22,7000.82,6953.774606082484,Latih,6955.300078259155,6942.635522872253
4,2022-03-23,6996.12,6994.211964955975,Latih,6995.035940740754,6957.326275773094
4,2022-03-24,7049.69,6995.11544762974,Latih,6995.458270992686,6976.317640330839
4,2022-03-25,7002.53,7042.028597363288,Latih,7041.608128736074,6991.3344619721665
4,2022-03-28,7049.6,7006.214971314719,Latih,7005.867364610484,7000.311500775864
4,2022-03-29,7011.69,7042.660256972368,Latih,7042.163461731727,6994.183988873412
4,2022-03-30,7053.19,7014.3159864092395,Latih,7013.829171545557,7003.1997081018
4,2022-03-31,7071.44,7046.855738544519,Latih,7046.193000145014,6999.444992037465
4,2022-04-01,7078.76,7067.62133488184,Latih,7066.176145271121,7023.914937148147
4,2022-04-04,7116.22,7076.12844272381,Latih,7074.349970576822,7034.450181696469
4,2022-04-05,7148.3,7110.110592032734,Latih,7107.669795180622,7049.7137461805905
4,2022-04-06,7104.22,7142.673924747773,Latih,7139.287939657039,7076.791181123315
4,2022-04-07,7127.37,7107.2025790882735,Latih,7104.102715374293,7077.103158398926
4,2022-04-08,7210.83,7122.809251350229,Latih,7119.8891378451035,7064.711098330078
4,2022-04-11,7203.79,7199.2799855566755,Latih,7194.801381892039,7101.789956933322
4,2022-04-12,7214.78,7202.3087455487985,Latih,7196.926478219105,7137.015774977273
4,2022-04-13,7262.78,7211.258816649988,Latih,7205.793500173166,7137.3682425904935
4,2022-04-14,7235.53,7254.981141617378,Latih,7248.647739192326,7157.041685760089
4,2022-04-18,7275.29,7236.179145662862,Latih,7229.681196297484,7165.908294019769
4,2022-04-19,7199.23,7268.361362428746,Latih,7261.584841609081,7166.426239385674
4,2022-04-20,7227.36,7205.424898479059,Latih,7199.331180236413,7161.545731629202
4,2022-04-21,7276.19,7221.891951631384,Latih,7216.289392043427,7139.342702450818
4,2022-04-22,7225.61,7268.251526570401,Latih,7261.56022679337,7164.062699959347
4,2022-04-25,7215.98,7228.883490105944,Latih,7222.374991533832,7167.8580356407865
4,2022-04-26,7232.15,7214.742950732783,Latih,7208.994925857856,7147.549881866045
4,2022-04-27,7196.76,7227.992340695934,Latih,7222.113329837398,7148.395473182269
4,2022-04-28,7228.91,7198.45006291516,Latih,7192.917003983332,7144.341630224057
4,2022-05-09,6909.75,7222.9903619266315,Latih,7217.3939043308055,7138.729193682737
4,2022-05-10,6819.79,6927.631112062377,Latih,6931.642370355172,7051.1244440222345
4,2022-05-11,6816.2,6826.769189813167,Latih,6833.019543091089,6879.047955677545
4,2022-05-12,6599.84,6815.710259889393,Latih,6821.002083284884,6837.504765865834
4,2022-05-13,6597.99,6612.360460727369,Latih,6625.619611292339,6812.54327426198
4,2022-05-17,6644.47,6598.080923273939,Latih,6609.37973129936,6784.513799267436
4,2022-05-18,6793.41,6639.032352360495,Latih,6649.641893834183,6784.513799267436
4,2022-05-19,6823.33,6776.073037661934,Latih,6783.838675892378,6788.548302013303
4,2022-05-20,6918.14,6819.095986421137,Latih,6824.598328545123,6827.93875554207
4,2022-05-23,6840.77,6906.368177510539,Latih,6910.0561594999235,6871.6864192903395
4,2022-05-24,6914.14,6847.470301538739,Latih,6852.104971408877,6889.523059405125
4,2022-05-25,6883.5,6904.761828082243,Latih,6908.299664866963,6878.238769466913
4,2022-05-27,7026.26,6885.773695511854,Latih,6888.8914773637425,6901.388460670152
4,2022-05-30,7037.56,7008.783237748197,Latih,7010.086426762394,6933.2729209047975
4,2022-05-31,7148.97,7034.632827765996,Latih,7034.0327640653195,7000.990269832661
4,2022-06-02,7148.72,7134.537331936425,Latih,7132.094466612404,7041.684145078714
4,2022-06-03,7182.96,7146.680503122874,Latih,7142.891166009969,7091.631432831348
4,2022-06-06,7096.58,7176.971309175562,Latih,7172.6606654299,7102.466398959222
4,2022-06-07,7141.04,7104.284223784271,Latih,7100.881277223887,7090.224147968353
4,2022-06-08,7193.31,7134.065720341271,Latih,7131.028893308705,7065.651011965332
4,2022-06-09,7182.83,7185.28367038734,Latih,7180.907662929368,7102.326777105393
4,2022-06-10,7086.65,7181.80486261971,Latih,7176.955795636248,7122.447320478027
4,2022-06-13,6995.44,7095.477032380165,Latih,7092.227721570791,7086.990919528068
4,2022-06-14,7049.88,7004.038887155107,Latih,7003.351895922473,7014.6410467696705
4,2022-06-15,7007.05,7042.121368328388,Latih,7041.706226016338,6991.089865168979
4,2022-06-16,7050.33,7010.238407735876,Latih,7009.819283615402,7001.841963141015
4,2022-06-17,6936.97,7043.80836230522,Latih,7043.245582810696,6996.447052276781
4,2022-06-20,6976.38,6946.395280836864,Latih,6948.882928577706,6979.638132429766
4,2022-06-21,7044.07,6970.550094252276,Latih,6971.968988413858,6941.335384854122
4,2022-06-22,6984.31,7034.861497335488,Latih,7034.766295915896,6980.673635323095
4,2022-06-23,6998.27,6989.458021824409,Latih,6989.457478850532,6991.9626310349
4,2022-06-24,7042.94,6995.186913334181,Latih,6995.696869227339,6969.591409234451
4,2022-06-27,7016.06,7036.290294306333,Latih,7035.947083104903,6990.141806925584
4,2022-06-28,6996.46,7017.446360083871,Latih,7016.973352270178,7001.606260767034
4,2022-06-29,6942.35,6997.10787733977,Latih,6997.260789125611,6983.2696709919455
4,2022-06-30,6911.58,6947.019726650163,Latih,6948.238703001782,6957.168606501863
4,2022-07-01,6794.33,6913.768549457828,Latih,6916.1144810170335,6923.033467839401
4,2022-07-04,6639.17,6802.160734652308,Latih,6811.046191862253,6871.729650353229
4,2022-07-05,6703.27,6646.705012778649,Latih,6661.207327888618,6804.926540153054
4,2022-07-06,6646.41,6695.6683543002755,Latih,6704.878445248321,6784.513799267436
4,2022-07-07,6652.59,6649.834972758898,Latih,6661.738162420104,6784.513799267436
4,2022-07-08,6740.22,6651.596127917627,Latih,6661.494477037351,6784.513799267436
4,2022-07-11,6722.15,6729.875915335436,Latih,6738.3576068288285,6784.513799267436
4,2022-07-12,6718.29,6723.600779178459,Latih,6731.297071888168,6788.405499883916
4,2022-07-13,6640.99,6718.177426825481,Latih,6726.151812655348,6784.595064357544
4,2022-07-14,6690.09,6645.221272022733,Latih,6658.506802068512,6784.513799267436
4,2022-07-15,6651.9,6684.199815226807,Latih,6693.589656383708,6784.513799267436
4,2022-07-18,6659.25,6654.59514716209,Latih,6665.212348445814,6784.513799267436
4,2022-07-19,6736.09,6658.1026679054,Latih,6667.832494740349,6784.513799267436
4,2022-07-20,6874.74,6726.958077149409,Latih,6735.422277127225,6784.513799267436
4,2022-07-21,6864.13,6858.2566327208615,Latih,6863.666540006433,6818.861887112885
4,2022-07-22,6886.96,6864.249409534369,Latih,6868.141291142141,6877.503453559315
4,2022-07-25,6858.41,6883.287185430563,Latih,6886.958128382601,6880.038340027369
4,2022-07-26,6871.54,6860.540691114102,Latih,6864.372069918548,6881.161908112204
4,2022-07-27,6898.22,6868.998388333355,Latih,6872.974767018592,6872.539793232118
4,2022-07-28,6956.82,6894.0800064433,Latih,6897.488744725027,6886.965704160965
4,2022-07-29,6951.12,6948.92967604284,Latih,6951.117705627724,6917.681503623168
4,2022-08-01,6968.78,6950.386009545967,Latih,6951.951118815586,6942.172702282711
4,2022-08-02,6988.16,6965.390859906123,Latih,6966.7546551472415,6945.259431200071
4,2022-08-03,7046.63,6984.511245399166,Latih,6985.36428321426,6959.385517125771
4,2022-08-04,7057.35,7038.4356616581035,Latih,7038.158486422355,6986.7818070132025
4,2022-08-05,7084.65,7054.417037606296,Latih,7053.267018936929,7016.464353045277
4,2022-08-08,7086.85,7079.780071319401,Latih,7078.08221786505,7030.006328359896
4,2022-08-09,7102.88,7084.757952390969,Latih,7082.695530762732,7042.968459286745
4,2022-08-10,7086.24,7099.196196583571,Latih,7096.861667475761,7049.081414318141
4,2022-08-11,7160.38,7086.240995037616,Latih,7083.9669687331325,7050.959379963931
4,2022-08-12,7129.28,7150.043217904635,Latih,7146.835586804219,7067.191299572049
4,2022-08-15,7093.28,7130.733205249375,Latih,7127.103243897026,7090.539641646207
4,2022-08-16,7133.45,7095.404687575163,Latih,7092.70284956819,7065.064703602849
4,2022-08-18,7186.56,7126.978773599928,Latih,7124.098116196458,7061.742479158697
4,2022-08-19,7172.43,7178.464332199168,Latih,7174.283640201162,7096.760519199433
4,2022-08-22,7107.98,7171.846773445676,Latih,7167.238786863158,7116.091268285576
4,2022-08-23,7163.27,7113.209938628736,Latih,7109.760089467827,7089.140578959049
4,2022-08-24,7194.71,7155.014996984073,Latih,7151.499628975459,7077.877335722505
4,2022-08-25,7174.21,7188.990372047497,Latih,7184.32353743918,7112.756529586379
4,2022-08-26,7135.25,7174.327491805624,Latih,7169.5934318602785,7120.320000543658
4,2022-08-29,7132.04,7137.554301638669,Latih,7133.6653676033675,7098.658549022736
4,2022-08-30,7159.47,7130.388184135026,Latih,7127.020505020683,7080.13776182419
4,2022-08-31,7178.59,7154.320352405378,Latih,7150.571609053679,7087.466254372657
4,2022-09-01,7153.1,7174.294861661266,Latih,7169.920870963405,7105.896339078012
4,2022-09-02,7177.18,7153.84610350854,Latih,7149.630764606067,7106.33232124454
4,2022-09-05,7231.88,7172.339380030702,Latih,7168.064210578273,7102.585129246774
4,2022-09-06,7233.15,7223.447132235841,Latih,7218.042577121333,7130.886530729597
4,2022-09-07,7186.76,7230.642415193396,Latih,7224.5554194844535,7155.647018575736
4,2022-09-08,7232.02,7189.70632188685,Latih,7184.314229315591,7141.593510158129
4,2022-09-09,7242.66,7224.634331687765,Latih,7219.1115116918845,7135.233062462872
4,2022-09-12,7254.46,7239.0787812960925,Latih,7232.844406963664,7157.864627308914
4,2022-09-13,7318.02,7250.7081440604525,Latih,7244.164274618704,7163.907564566204
4,2022-09-14,7278.08,7308.298383803453,Latih,7300.638263496246,7182.145384807658
4,2022-09-15,7305.6,7279.9865882492895,Latih,7272.167609299503,7193.004862327648
4,2022-09-16,7168.87,7299.922210233297,Latih,7292.166009405935,7186.734600007606
4,2022-09-19,7195.49,7181.905855760646,Latih,7175.9096142566905,7164.138406031201
4,2022-09-20,7196.95,7190.302507202698,Latih,7185.555881290507,7115.5205251742045
4,2022-09-21,7188.31,7194.549752284361,Latih,7189.458001834226,7127.940664749211
4,2022-09-22,7218.91,7187.061211721969,Latih,7182.084209750962,7125.833926110332
4,2022-09-23,7178.58,7213.197750505284,Latih,7207.856904325559,7131.737551784581
4,2022-09-26,7127.5,7180.88273784287,Latih,7175.788505226445,7132.583867065972
4,2022-09-27,7112.45,7131.176892473763,Latih,7127.3535807097605,7098.142982399525
4,2022-09-28,7077.03,7112.181597819392,Latih,7109.207807468239,7070.394431746065
4,2022-09-29,7036.2,7079.147946304142,Latih,7076.898896797955,7052.3120571685395
4,2022-09-30,7040.8,7039.06308089977,Latih,7037.868590084368,7023.353036754184
4,2022-10-03,7009.72,7038.604862660224,Latih,7037.834770568664,7006.48961267238
4,2022-10-04,7072.26,7011.594963325313,Latih,7011.244926166586,6998.618301383307
4,2022-10-05,7075.38,7063.523019777594,Latih,7062.59215570694,7004.657360255769
4,2022-10-06,7076.62,7073.226583483278,Latih,7071.489894468843,7033.737696547562
4,2022-10-07,7026.78,7074.670790569841,Latih,7072.877373713313,7035.535146924311
4,2022-10-10,6994.4,7030.6764615464745,Latih,7029.631107555681,7020.157195943646
4,2022-10-11,6939.15,6996.47352871721,Latih,6996.528032952001,6987.424713938285
4,2022-10-12,6909.21,6943.957612548514,Latih,6945.2505367708645,6955.220467946574
4,2022-10-13,6880.63,6911.314824656288,Latih,6913.735815889875,6920.838819144409
4,2022-10-14,6814.53,6882.68523424927,Latih,6885.906749967374,6898.257130327263
4,2022-10-17,6831.12,6820.424927910595,Latih,6825.563632673055,6864.290261854564
4,2022-10-18,6834.49,6828.337737917334,Latih,6833.4648333812065,6839.913035997184
4,2022-10-19,6860.42,6833.16296576205,Latih,6838.037397382291,6848.440001169475
4,2022-10-20,6980.65,6856.497293939028,Latih,6860.933830056224,6858.2435496360395
4,2022-10-21,7017.77,6965.835348663376,Latih,6968.116666331338,6908.326761848966
4,2022-10-24,7053.04,7012.047441555313,Latih,7012.303208106808,6974.182486059117
4,2022-10-25,7048.38,7047.397678184565,Latih,7046.663525792415,7002.127205417207
4,2022-10-26,7043.94,7047.185711525734,Latih,7046.095419982727,7016.474850540213
4,2022-10-27,7091.76,7042.737048991974,Latih,7041.771227746065,7012.962792086653
4,2022-10-28,7056.04,7084.587562017501,Latih,7082.943333697379,7026.257946990781
4,2022-10-31,7098.89,7058.2656881511775,Latih,7056.588777974901,7036.310565331037
4,2022-11-01,7052.3,7092.243907363476,Latih,7090.343809068264,7033.970916755254
4,2022-11-02,7015.69,7055.745306842384,Latih,7054.039282923994,7038.316465964372
4,2022-11-03,7034.57,7018.157500726037,Latih,7017.576725525908,7005.690975668481
4,2022-11-04,7045.53,7030.812205015474,Latih,7030.386048090511,6995.287984042813
4,2022-11-07,7102.4,7042.612320135887,Latih,7041.789482010658,7007.269943699887
4,2022-11-08,7050.13,7094.185478520454,Latih,7092.359069536985,7030.373740682656
4,2022-11-09,7070.08,7054.2133448351,Latih,7052.49801279312,7039.198772656972
4,2022-11-10,6966.84,7066.07753087288,Latih,7064.690206763802,7022.106006752305
4,2022-11-11,7089.21,6976.201650768566,Latih,6976.827156673718,6998.056607836535
4,2022-11-14,7019.39,7073.772866914331,Latih,7073.102164897978,6990.821894633223
4,2022-11-15,7035.5,7025.530103437954,Latih,7024.445293345504,7023.447876191192
4,2022-11-16,7014.38,7032.046255356127,Latih,7031.560991846377,6997.246749372532
4,2022-11-17,7044.99,7015.133032813124,Latih,7014.775911138109,6997.728315488746
4,2022-11-18,7082.18,7039.89336552387,Latih,7039.323553224856,6998.0311914879585
4,2022-11-21,7063.25,7076.221265400707,Latih,7074.711022348462,7023.6665136719275
4,2022-11-22,7030.59,7063.58667700058,Latih,7061.9155585456465,7034.31397282129
4,2022-11-23,7054.12,7032.566320905739,Latih,7031.624649069363,7015.371734471373
4,2022-11-24,7080.52,7049.7767828620035,Latih,7048.870688742455,7008.229145835689
4,2022-11-25,7053.15,7075.76465022689,Latih,7074.169134420215,7027.23555852657
4,2022-11-28,7017.36,7054.459182721433,Latih,7052.962798430975,7030.339404048973
4,2022-11-29,7012.07,7019.730573612504,Latih,7019.113910424761,7006.60658475881
4,2022-11-30,7081.31,7011.074380657724,Latih,7010.972508416227,6988.844228641439
4,2022-12-01,7020.8,7071.797424529849,Latih,7070.699427928983,7008.606073129228
4,2022-12-02,7019.64,7025.901859551721,Latih,7024.891204177195,7020.351270320468
4,2022-12-05,6987.33,7018.159155503564,Latih,7017.899665702634,6992.809179019381
4,2022-12-06,6892.57,6989.420815185953,Latih,6989.670143618632,6981.958182234216
4,2022-12-07,6818.75,6900.652601788678,Latih,6904.019505226055,6937.1533224934765
4,2022-12-08,6804.23,6825.026838356882,Latih,6830.416138491065,6871.000979411637
4,2022-12-09,6715.12,6804.995730538396,Latih,6810.483438223629,6833.210773319037
4,2022-12-12,6734.45,6720.770838120598,Latih,6731.507978455145,6812.665598519473
4,2022-12-13,6810.32,6731.706448334772,Latih,6739.5186013272605,6784.513799267436
4,2022-12-14,6801.75,6801.032512505677,Latih,6807.448679662971,6799.451243299272
4,2022-12-15,6751.86,6801.864193348316,Latih,6807.492014149455,6828.632469308406
4,2022-12-16,6812.19,6756.288853677533,Latih,6763.23249409946,6813.279339990644
4,2022-12-19,6779.7,6804.62053559008,Latih,6810.797070276765,6805.719618138698
4,2022-12-20,6768.32,6782.547070320869,Latih,6788.489867681887,6822.422373665005
4,2022-12-21,6820.66,6768.864594051861,Latih,6775.3754325828195,6804.538339687613
4,2022-12-22,6824.43,6813.947249569921,Latih,6819.794561096459,6815.818777096896
4,2022-12-23,6800.67,6823.094265052706,Latih,6828.249491734535,6840.526725756557
4,2022-12-26,6835.81,6802.473849587467,Latih,6807.947207248834,6834.623074226411
4,2022-12-27,6923.03,6830.95241568926,Latih,6836.175643385083,6835.188853005202
4,2022-12-28,6850.52,6912.083210258524,Latih,6915.545082412403,6878.853829588926
4,2022-12-29,6860.08,6857.133038780126,Latih,6861.0724693858965,6894.83608463768
4,2022-12-30,6850.62,6857.9752429736,Latih,6862.222720758353,6865.332926831876
4,2023-01-02,6850.98,6850.659678374562,Latih,6854.936114766035,6866.601184526717
4,2023-01-03,6888.76,6849.928551122579,Latih,6854.314151119027,6862.468377653395
4,2023-01-04,6813.24,6883.42163610462,Latih,6887.22441828493,6874.708973866736
4,2023-01-05,6653.84,6819.5214193809325,Latih,6825.244881151944,6867.528480483328
4,2023-01-06,6684.56,6661.737231607746,Latih,6675.745673193646,6813.740350667266
4,2023-01-09,6688.27,6680.7292684188615,Latih,6690.048057565703,6784.513799267436
4,2023-01-10,6622.5,6687.423735543503,Latih,6696.313381409063,6784.513799267436
4,2023-01-11,6584.45,6626.010468451387,Latih,6639.449705351897,6784.513799267436
4,2023-01-12,6629.93,6586.3065832527,Latih,6599.83796734475,6784.513799267436
4,2023-01-13,6641.83,6624.654901850081,Latih,6635.651170002975,6784.513799267436
4,2023-01-16,6688.06,6640.239473782488,Latih,6650.502313508401,6784.513799267436
4,2023-01-17,6767.34,6682.49552365364,Latih,6691.906282232716,6784.513799267436
4,2023-01-18,6765.79,6757.826452270768,Latih,6765.462979070269,6784.513799267436
4,2023-01-19,6819.91,6765.252615477168,Latih,6771.951995222592,6799.100508031276
4,2023-01-20,6874.93,6813.002371602087,Latih,6818.891828243762,6814.4429330069115
4,2023-01-24,6860.85,6867.727364057337,Latih,6872.1184713602415,6856.335694571171
4,2023-01-25,6829.93,6861.3661665410145,Latih,6865.305984985267,6876.540088623798
4,2023-01-26,6864.82,6832.424702281983,Latih,6837.0086428785635,6860.331956442628
4,2023-01-27,6898.98,6859.887260838184,Latih,6864.311722250615,6857.602711182866
4,2023-01-30,6872.48,6894.00717037622,Latih,6897.485693728962,6884.191159366406
4,2023-01-31,6839.34,6874.333261800444,Latih,6877.803562977349,6891.057762137689
4,2023-02-01,6862.26,6842.047724862727,Latih,6846.346604174408,6868.562794005309
4,2023-02-02,6890.57,6858.6648197961185,Latih,6863.014402525459,6861.009665407572
4,2023-02-03,6911.73,6886.276230762041,Latih,6889.9145177138225,6880.352799469269
4,2023-02-06,6873.79,6908.154716697971,Latih,6911.125921459237,6899.830280781427
4,2023-02-07,6935.3,6876.908276623523,Latih,6880.20392120365,6897.2017959595105
4,2023-02-08,6940.12,6927.163042725366,Latih,6929.976681638998,6899.831185737887
4,2023-02-09,6897.37,6938.25749865417,Latih,6940.251867556615,6928.9925285608
4,2023-02-10,6880.33,6900.938490462342,Latih,6903.529018824735,6917.488928888481
4,2023-02-13,6900.14,6881.1055681085945,Latih,6884.4751347035535,6892.8445857400075
4,2023-02-14,6941.85,6896.755652424731,Latih,6900.028466246166,6891.526633007564
4,2023-02-15,6914.54,6935.8872366941405,Latih,6938.28123436932,6913.757483133118
4,2023-02-16,6895.66,6916.334049310129,Latih,6918.640731614869,6923.755312823694
4,2023-02-17,6895.71,6896.585417186656,Latih,6899.512175657787,6905.455826263466
4,2023-02-20,6894.72,6894.534346298017,Latih,6897.689153797069,6896.994017956295
4,2023-02-21,6873.4,6893.66328692142,Latih,6896.832625435629,6896.699932962694
4,2023-02-22,6809.97,6874.675128495132,Latih,6878.182972437179,6889.439001877941
4,2023-02-23,6839.45,6815.694591214686,Latih,6820.880948398739,6859.585806913409
4,2023-02-24,6856.58,6835.20767609957,Latih,6840.262504326137,6840.528664948972
4,2023-02-27,6854.78,6853.647534334693,Latih,6858.082777656947,6859.24306111816
4,2023-02-28,6843.24,6853.954805836711,Latih,6858.209988679323,6866.359587007795
4,2023-03-01,6844.94,6843.536688510211,Latih,6847.9903670883505,6861.8617465544085
4,2023-03-02,6857.42,6843.761246991786,Latih,6848.328794948491,6857.223379290734
4,2023-03-03,6813.64,6855.000599377785,Latih,6859.356439234648,6861.976805304323
4,2023-03-06,6807.0,6817.619692164092,Latih,6822.4946409023105,6853.58356684092
4,2023-03-07,6766.76,6806.881401242045,Latih,6812.388604275016,6831.801781966717
4,2023-03-08,6776.37,6770.513075667345,Latih,6776.716914183224,6816.221896415977
4,2023-03-09,6799.79,6774.556550410116,Latih,6781.100949897791,6800.957969949272
4,2023-03-10,6765.3,6796.360842844274,Latih,6802.430153118399,6812.761006786255
4,2023-03-13,6786.96,6768.4200923666585,Latih,6774.733663317287,6813.050566997556
4,2023-03-14,6641.81,6783.771657402541,Latih,6790.17161291125,6803.688171877292
4,2023-03-15,6628.14,6648.949970588842,Latih,6663.536899127822,6801.873966878084
4,2023-03-16,6565.73,6629.435819148131,Latih,6639.764287609317,6784.513799267436
4,2023-03-17,6678.24,6573.059916238897,Latih,6586.360163139107,6784.513799267436
4,2023-03-20,6612.49,6665.354478321831,Latih,6675.837939968717,6784.513799267436
4,2023-03-21,6691.61,6615.876054975098,Latih,6629.747815815665,6784.513799267436
4,2023-03-24,6762.25,6682.382753150774,Latih,6692.094745879485,6784.513799267436
4,2023-03-27,6708.93,6753.713373448274,Latih,6761.384831567131,6784.513799267436
4,2023-03-28,6760.33,6712.975491462366,Latih,6721.971469711977,6794.3063072651885
4,2023-03-29,6839.44,6753.935488547406,Latih,6761.426407852493,6784.513799267436
4,2023-03-30,6808.95,6829.689665300876,Latih,6835.346289573343,6818.235269404083
4,2023-03-31,6805.28,6811.471392118959,Latih,6816.636056203871,6844.010394433173
4,2023-04-03,6827.17,6804.837854419974,Latih,6810.4282617354675,6829.145889892012
4,2023-04-04,6833.18,6823.813550303012,Latih,6829.113233891756,6834.496561313303
4,2023-04-05,6819.67,6831.564657518298,Latih,6836.507012584837,6846.2474726581895
4,2023-04-06,6792.77,6820.268887560993,Latih,6825.345279607207,6844.626799061926
4,2023-04-10,6771.23,6794.950325993922,Latih,6800.602347916391,6829.959885299832
4,2023-04-11,6811.31,6772.891857146048,Latih,6779.199713943029,6810.994066370157
4,2023-04-12,6798.96,6805.9910275090015,Latih,6811.946261557368,6814.136101055174
4,2023-04-13,6785.6,6799.503601494458,Latih,6805.162164959339,6828.1850071227855
4,2023-04-14,6818.57,6786.303053324248,Latih,6792.31586845937,6818.3679618770175
4,2023-04-17,6787.58,6814.014371483355,Latih,6819.6842598319345,6822.909938349753
4,2023-04-18,6821.81,6790.232658688452,Latih,6795.977477431919,6827.80663189891
4,2023-04-26,6910.15,6817.103039593129,Latih,6822.699316197663,6824.834910019666
4,2023-04-27,6945.48,6899.124544022122,Latih,6902.953311380783,6868.449338321125
4,2023-04-28,6915.72,6940.212463166757,Latih,6942.429554781957,6919.412918034237
4,2023-05-02,6863.3,6917.781746943037,Latih,6920.026349234622,6925.762583819669
4,2023-05-03,6812.72,6868.062508218323,Latih,6871.470444967186,6895.639634262361
4,2023-05-04,6844.03,6817.457653245955,Latih,6822.275382880001,6855.929782815013
4,2023-05-05,6787.63,6839.568299297722,Latih,6844.519678072961,6843.227839798363
4,2023-05-08,6769.63,6792.7785080576205,Latih,6798.53798709574,6839.255080938967
4,2023-05-09,6779.98,6770.904650327587,Latih,6777.29931830498,6808.174480599789
4,2023-05-10,6811.9,6778.071608147943,Latih,6784.525977395798,6803.40088698509
4,2023-05-11,6755.94,6807.484567650584,Latih,6813.32469123724,6818.253833939462
4,2023-05-12,6707.76,6760.6785389060005,Latih,6767.7862091502775,6817.836519731908
4,2023-05-15,6711.74,6711.571438586729,Latih,6720.329555494803,6791.535770134951
4,2023-05-16,6676.56,6710.780558352487,Latih,6719.029650179761,6784.513799267436
4,2023-05-17,6663.11,6679.4309790974985,Latih,6688.810878661288,6784.513799267436
4,2023-05-19,6700.56,6664.2573931414,Latih,6673.629245056671,6784.513799267436
4,2023-05-22,6729.65,6695.925620493904,Latih,6704.88708111854,6784.513799267436
4,2023-05-23,6736.68,6725.8402749300185,Latih,6733.902402752657,6784.513799267436
4,2023-05-24,6745.8,6735.293605246563,Latih,6742.895536853393,6786.539996781375
4,2023-05-25,6704.23,6744.149315244874,Latih,6751.526378099344,6788.1873019534605
4,2023-05-26,6687.0,6707.715509606318,Latih,6716.255441511887,6789.168455747392
4,2023-05-29,6681.1,6688.482198475017,Latih,6697.152883661106,6784.513799267436
4,2023-05-30,6636.42,6681.345698903514,Latih,6690.31554976733,6784.513799267436
4,2023-05-31,6633.26,6639.201320659527,Latih,6650.8535077186025,6784.513799267436
4,2023-06-05,6633.44,6633.371242089577,Latih,6643.686646857866,6784.513799267436
4,2023-06-06,6618.92,6633.179927829959,Latih,6643.530871531227,6784.513799267436
4,2023-06-07,6619.75,6620.1968600890095,Latih,6630.913942710019,6784.513799267436
4,2023-06-08,6666.33,6619.466327522701,Latih,6630.200701276071,6784.513799267436
4,2023-06-09,6694.02,6660.803749627333,Latih,6670.814836930048,6784.513799267436
4,2023-06-12,6722.37,6690.49200334908,Latih,6699.514561462715,6784.513799267436
4,2023-06-13,6719.01,6718.668223497587,Latih,6726.921077358145,6784.513799267436
4,2023-06-14,6699.72,6718.839376620072,Latih,6726.8000588235445,6784.656032567049
4,2023-06-15,6713.79,6701.385701151207,Latih,6709.682510039823,6784.513799267436
4,2023-06-16,6698.55,6711.703484662192,Latih,6720.018625383096,6784.513799267436
4,2023-06-19,6686.06,6699.770392653957,Latih,6708.148363209085,6784.513799267436
4,2023-06-20,6660.46,6687.019478564872,Latih,6695.773406817331,6784.513799267436
4,2023-06-21,6702.63,6662.72296835975,Latih,6672.262508707058,6784.513799267436
4,2023-06-22,6652.26,6697.464460170284,Latih,6706.426321561353,6784.513799267436
4,2023-06-23,6639.73,6655.479929557006,Latih,6666.765337762844,6784.513799267436
4,2023-06-26,6664.67,6640.858205442139,Latih,6650.882563284943,6784.513799267436
4,2023-06-27,6661.88,6661.551275983165,Latih,6671.3456262137115,6784.513799267436
4,2023-07-03,6696.72,6661.8486963877185,Latih,6671.383485713613,6784.513799267436
4,2023-07-04,6681.75,6692.388908440783,Latih,6701.4240583771625,6784.513799267436
4,2023-07-05,6718.98,6682.9999851682915,Latih,6691.842094963803,6784.513799267436
4,2023-07-06,6757.33,6714.304730294662,Latih,6722.758200074452,6784.513799267436
4,2023-07-07,6716.46,6752.394451119623,Latih,6759.809483361564,6784.786320441391
4,2023-07-10,6731.04,6720.0665622195775,Latih,6728.037379935402,6792.532489179995
4,2023-07-11,6796.92,6728.835706668515,Latih,6736.683838144262,6784.513799267436
4,2023-07-12,6808.21,6788.788736016776,Latih,6795.451387457874,6794.724061023023
4,2023-07-13,6810.21,6806.097191829709,Latih,6811.78854057434,6824.68075715068
4,2023-07-14,6869.57,6809.121142624645,Latih,6814.644996856479,6830.389817186028
4,2023-07-17,6867.14,6861.90471905831,Latih,6866.495433900391,6850.2663584411475
4,2023-07-18,6830.2,6866.340893192922,Latih,6870.24937428776,6876.144286524093
4,2023-07-20,6864.19,6833.361875191958,Latih,6837.8654297989915,6863.242735968266
4,2023-07-21,6880.8,6859.359412663017,Latih,6863.7902346265655,6857.522506184611
4,2023-07-24,6899.4,6877.839373397267,Latih,6881.6038888472685,6878.095812202132
4,2023-07-25,6917.71,6896.152563583889,Latih,6899.4309881353765,6891.501087379493
4,2023-07-26,6948.28,6914.429814071099,Latih,6917.202471385042,6905.707197312156
4,2023-07-27,6896.66,6943.5307575142815,Latih,6945.613372599526,6923.702851204914
4,2023-07-28,6900.23,6901.215458850899,Latih,6903.717947877684,6920.926082803052
4,2023-07-31,6931.36,6898.647657823601,Latih,6901.721122664848,6898.88816939477
4,2023-08-01,6886.5,6926.608588830274,Latih,6929.162169113201,6910.444049694578
4,2023-08-02,6854.51,6890.341191756763,Latih,6893.204318860807,6910.0800244945685
4,2023-08-03,6898.08,6857.036311862502,Latih,6860.933002667461,6879.708444613851
4,2023-08-04,6852.84,6892.065987057724,Latih,6895.683253163733,6879.27385866586
4,2023-08-07,6886.37,6856.842728747759,Latih,6860.624645217691,6884.374348409809
4,2023-08-08,6868.81,6881.511815991438,Latih,6885.328612068928,6874.7800775885935
4,2023-08-09,6875.11,6869.684138482844,Latih,6873.363432890212,6884.222031309641
4,2023-08-10,6893.28,6873.313763708507,Latih,6877.109409660733,6878.3511650592445
4,2023-08-11,6879.98,6890.101972980537,Latih,6893.543082847633,6886.989388164318
4,2023-08-14,6910.17,6880.341733144558,Latih,6883.7662435245875,6890.896136913933
4,2023-08-15,6915.1,6905.598085418978,Latih,6908.721529712717,6894.576232854166
4,2023-08-16,6900.54,6913.31400275592,Latih,6915.99603514437,6909.708863066475
4,2023-08-18,6859.91,6900.968664296308,Latih,6903.813924974242,6907.267549096385
4,2023-08-21,6866.03,6863.376048982774,Latih,6867.01986909691,6887.739390222468
4,2023-08-22,6916.45,6864.285918063556,Latih,6868.328487849866,6871.451699440515
4,2023-08-23,6921.41,6909.610610650818,Latih,6912.80702029113,6890.3199899197
4,2023-08-24,6899.39,6919.598278973143,Latih,6922.107645669024,6914.546217327754
4,2023-08-25,6895.44,6900.650688452163,Latih,6903.437049392501,6909.733271034996
4,2023-08-28,6921.73,6894.709235597887,Latih,6897.822958073654,6898.582604382076
4,2023-08-29,6957.83,6917.549897097986,Latih,6920.30895420913,6905.214280456344
4,2023-08-30,6966.66,6952.433202049777,Latih,6954.320889513538,6928.561278023762
4,2023-08-31,6953.26,6964.258345680283,Latih,6965.57327327256,6947.59463256125
4,2023-09-01,6977.65,6953.372986405537,Latih,6954.786062989876,6947.275415633961
4,2023-09-04,6996.75,6973.482489309358,Latih,6974.684555903124,6949.0562406677445
4,2023-09-05,6991.71,6993.101841938545,Latih,6993.715867824604,6966.11487678592
4,2023-09-06,6995.95,6990.758806240012,Latih,6991.218498265793,6973.080093955445
4,2023-09-07,6954.81,6993.953897229482,Latih,6994.409736726333,6972.1725260496605
4,2023-09-08,6924.78,6957.996150400684,Latih,6959.030489778564,6960.9232708544
4,2023-09-11,6963.39,6926.839585430664,Latih,6928.832377123278,6932.848754884047
4,2023-09-12,6933.97,6957.694877467201,Latih,6959.460473376558,6931.708509744448
4,2023-09-13,6935.48,6935.92933009748,Latih,6937.677395707412,6939.639703295274
4,2023-09-14,6959.33,6934.001307431502,Latih,6936.082810713096,6926.911800956172
4,2023-09-15,6982.79,6955.2873830128165,Latih,6956.985443314359,6935.215138459248
4,2023-09-18,6936.08,6978.707475206304,Latih,6979.757250555802,6953.425241177127
4,2023-09-19,6980.32,6939.950698046728,Latih,6941.43133609478,6949.025627283498
4,2023-09-20,7011.68,6973.940035295534,Latih,6975.309415410804,6942.1954296178055
4,2023-09-21,6991.47,7006.618271625093,Latih,7006.971308068088,6972.087201583432
4,2023-09-22,7016.84,6992.2032718855635,Latih,6992.48569586878,6979.707477950502
4,2023-09-25,6998.38,7012.424782543234,Latih,7012.563680431895,6978.743699320602
4,2023-09-26,6923.8,6998.894597518494,Latih,6999.008622032454,6984.2337598926315
4,2023-09-27,6937.83,6930.807302389783,Latih,6932.287061337275,6952.099971225306
4,2023-09-29,6939.89,6934.953476762814,Latih,6937.1222695589495,6923.096426953119
4,2023-10-02,6961.46,6938.334600944562,Latih,6940.301821153207,6930.055025012535
4,2023-10-03,6940.89,6957.662867864416,Latih,6959.274879734561,6937.876382705016
4,2023-10-04,6886.58,6941.842574166103,Latih,6943.508107746883,6940.985502830787
4,2023-10-05,6874.83,6891.46972417418,Latih,6894.216111894883,6914.384902374784
4,2023-10-06,6888.52,6875.037964323795,Latih,6878.622574429548,6886.241040883697
4,2023-10-09,6891.46,6885.856072405613,Latih,6889.37340546254,6885.341798577346
4,2023-10-10,6922.19,6889.978666198887,Latih,6893.285092688837,6892.429081445374
4,2023-10-11,6931.75,6917.515534608405,Latih,6920.315780166428,6903.574189080039
4,2023-10-12,6935.15,6929.391148953479,Latih,6931.672544189138,6920.4295978331975
4,2023-10-13,6926.78,6933.4627290583085,Latih,6935.5762419426865,6925.809434708398
4,2023-10-16,6896.29,6926.428657630127,Latih,6928.629072190565,6924.660140004199
4,2023-10-17,6939.62,6898.501675418654,Latih,6901.270402635971,6911.153457991521
4,2023-10-18,6927.91,6933.485352969808,Latih,6935.960176184816,6911.315703756849
4,2023-10-19,6846.43,6927.925326335472,Latih,6930.054275191468,6927.028592051309
4,2023-10-20,6849.17,6853.375737125906,Latih,6857.995927692686,6895.71976169292
4,2023-10-23,6741.96,6847.860829035076,Latih,6852.324927540454,6860.008214733039
4,2023-10-24,6806.76,6748.715402343294,Latih,6759.305939731322,6833.244541122944
4,2023-10-25,6834.39,6798.713703784373,Latih,6805.093336556582,6800.086419310596
4,2023-10-26,6714.52,6830.370916523963,Latih,6835.542096295388,6837.469498419793
4,2023-10-27,6758.79,6721.477505692261,Latih,6733.967546689828,6825.624575026661
4,2023-10-30,6735.89,6753.192260734759,Latih,6760.638992308698,6784.513799267436
4,2023-10-31,6752.21,6737.828090948184,Latih,6745.088931537291,6794.050463145997
4,2023-11-01,6642.42,6749.737511881015,Latih,6757.026018281899,6788.163126688029
4,2023-11-02,6751.39,6648.056894914368,Latih,6663.104517395209,6789.152580225493
4,2023-11-03,6788.85,6738.637962340136,Latih,6747.071872132441,6784.513799267436
4,2023-11-06,6878.84,6783.901428158904,Latih,6790.4410313773415,6798.046337178972
4,2023-11-07,6843.79,6867.74246390227,Latih,6872.450124974882,6843.638715887101
4,2023-11-08,6804.11,6846.693926463756,Latih,6850.8475473356575,6872.841454004085
4,2023-11-09,6838.23,6807.668480659155,Latih,6812.854527572422,6844.416280333432
4,2023-11-10,6809.26,6833.477037365467,Latih,6838.62155970517,6837.507273888023
4,2023-11-13,6838.31,6811.611582802562,Latih,6816.7861755526355,6843.566164234909
4,2023-11-14,6862.06,6834.119427172573,Latih,6839.200292289288,6839.845371109875
4,2023-11-15,6958.21,6858.3733979601,Latih,6862.738520084654,6860.4832134509425
4,2023-11-16,6958.01,6946.147400334521,Latih,6948.752459712073,6901.888746457139
4,2023-11-17,6977.67,6956.641197876976,Latih,6958.083957033203,6944.999708696051
4,2023-11-20,6994.89,6974.027376521873,Latih,6975.171551758098,6951.195583595082
4,2023-11-21,6961.79,6991.457122356344,Latih,6992.099357028057,6965.529188965009
4,2023-11-22,6906.95,6964.0590742677905,Latih,6964.999453309224,6962.678938098596
4,2023-11-23,7004.34,6911.826306047479,Latih,6914.007483819167,6930.282453498882
4,2023-11-24,7009.63,6991.976179525901,Latih,6993.3308217788235,6936.794623608632
4,2023-11-27,7013.41,7007.468878985695,Latih,7007.562167068771,6982.217646179247
4,2023-11-28,7041.07,7011.403009132198,Latih,7011.374309084466,6985.80158403163
4,2023-11-29,7036.09,7036.3147022748535,Latih,7035.816665951068,6996.342361742308
4,2023-11-30,7080.74,7034.974849596078,Latih,7034.217788877541,7007.170553624681
4,2023-12-01,7059.91,7073.958460556328,Latih,7072.578117539942,7019.209732385926
4,2023-12-04,7093.6,7060.469438122568,Latih,7058.866889511403,7032.599519879872
4,2023-12-05,7100.85,7087.989215782941,Latih,7086.123298986018,7034.017353949601
4,2023-12-06,7087.4,7098.14784330851,Latih,7095.7625849271435,7051.463363144454
4,2023-12-07,7134.62,7087.04288988477,Latih,7084.775637825787,7050.418681407031
4,2023-12-08,7159.6,7127.362216579979,Latih,7124.534977463549,7059.476209623871
4,2023-12-11,7088.79,7154.721842802831,Latih,7150.939848765202,7088.666330062211
4,2023-12-12,7125.31,7094.79391953236,Latih,7091.793342469991,7077.244073047697
4,2023-12-13,7075.34,7119.2727332163495,Latih,7116.5712054801625,7057.12383994585
4,2023-12-14,7176.02,7079.078704207002,Latih,7076.699702953159,7057.546325333175
4,2023-12-15,7190.99,7162.682305231163,Latih,7159.367320438692,7067.297205333767
4,2023-12-18,7119.52,7187.11142387755,Latih,7182.347060818744,7117.292378211085
4,2023-12-19,7187.85,7125.488181030815,Latih,7121.636634625261,7101.164192469182
4,2023-12-20,7219.67,7178.060618194412,Latih,7174.029011309217,7090.917913446487
4,2023-12-21,7209.62,7213.819688296393,Latih,7208.472740124538,7131.774008601969
4,2023-12-22,7237.52,7208.452210540846,Latih,7202.873438379838,7142.849176030226
4,2023-12-26,7237.52,7232.041426168757,Latih,7226.1573475540445,7147.256469125815
4,2023-12-27,7245.92,7235.137825192291,Latih,7228.915551420527,7158.419494898388
4,2023-12-28,7303.89,7242.5757916165185,Latih,7236.224962315637,7160.339347100326
4,2023-12-29,7272.8,7294.838888806189,Latih,7287.498605967843,7176.230330826114
4,2024-01-02,7323.59,7273.743216064058,Latih,7266.176280416331,7187.3545727504015
4,2024-01-03,7279.09,7315.265876292077,Latih,7307.298122500267,7189.185946066452
4,2024-01-04,7359.76,7281.499106620633,Latih,7273.597233659111,7194.987285804821
4,2024-01-05,7350.62,7347.99153234014,Latih,7339.393670293182,7199.430880582406
4,2024-01-08,7283.58,7348.851189265341,Latih,7339.415596095413,7222.710497677403
4,2024-01-09,7200.2,7288.474717861498,Latih,7280.176422258698,7204.513736603334
4,2024-01-10,7227.3,7207.203784320429,Latih,7200.99474876888,7164.374418675969
4,2024-01-11,7219.96,7221.946507577972,Latih,7216.333036800698,7139.7590858460135
4,2024-01-12,7241.14,7218.454720149116,Latih,7212.62524919279,7149.581224703857
4,2024-01-15,7224.0,7236.3944218767465,Latih,7230.329610529023,7153.056929763623
4,2024-01-16,7242.79,7223.568034418898,Latih,7217.508859657124,7156.467788229057
4,2024-01-17,7200.63,7238.303776583749,Latih,7232.164707094508,7155.372325506279
4,2024-01-18,7252.97,7203.057635803296,Latih,7197.336345927788,7150.356694822379
4,2024-01-19,7227.4,7244.724313387949,Latih,7238.7125583446805,7148.159357113906
4,2024-01-22,7247.93,7227.8915026903915,Latih,7221.637012468653,7160.965059852669
4,2024-01-23,7256.23,7243.232479735691,Latih,7236.973438875752,7157.61630725629
4,2024-01-24,7227.82,7252.860337369521,Latih,7246.225455163796,7165.969417364667
4,2024-01-25,7178.04,7228.625241388159,Latih,7222.324727666454,7162.086275050709
4,2024-01-26,7137.09,7181.393391845298,Latih,7176.199510594677,7136.412143162555
4,2024-01-29,7157.17,7139.608656226463,Latih,7135.645050355261,7100.966653401913
4,2024-01-30,7192.22,7152.844239139625,Latih,7149.069433041878,7088.99847493893
4,2024-01-31,7207.94,7186.108576984478,Latih,7181.553698418212,7109.221304247442
4,2024-02-01,7201.7,7203.918068405464,Latih,7198.697814138009,7129.985969772404
4,2024-02-02,7238.79,7200.137367162778,Latih,7194.822066611125,7135.04984756357
4,2024-02-05,7198.62,7232.287005496102,Latih,7226.479460342007,7144.106186409063
4,2024-02-06,7247.41,7200.833925077988,Latih,7195.191909388376,7147.91786301858
4,2024-02-07,7235.15,7239.578006991226,Latih,7233.675725823718,7145.479134638376
4,2024-02-12,7297.67,7234.136891635733,Latih,7227.830999887066,7160.987916467258
4,2024-02-13,7209.74,7288.136057298267,Latih,7281.021444745146,7171.421805892061
4,2024-02-15,7303.28,7217.214981510715,Latih,7210.689004350976,7170.985772013734
4,2024-02-16,7335.54,7290.283441410149,Latih,7283.390931028211,7164.7132343745925
4,2024-02-19,7296.7,7329.230026723235,Latih,7320.709887508241,7201.502351775243
4,2024-02-20,7352.6,7298.418534579362,Latih,7290.102088135564,7202.770118208005
4,2024-02-21,7349.02,7343.605854775996,Latih,7334.9043105746205,7203.332225449159
4,2024-02-22,7339.64,7346.63978594789,Latih,7337.315476566642,7220.093053324298
4,2024-02-23,7295.1,7337.936742104382,Latih,7328.799474295466,7216.823419778422
4,2024-02-26,7283.82,7297.456798565472,Latih,7289.115168476188,7203.693794338777
4,2024-02-27,7285.32,7282.525534093463,Latih,7274.8964408648835,7187.108993423057
4,2024-02-28,7328.64,7282.601860706889,Latih,7275.086533433281,7183.904568454099
4,2024-02-29,7316.11,7321.127046580402,Latih,7312.930209524718,7194.2773862458
4,2024-03-01,7311.91,7314.839771078911,Latih,7306.309806622352,7205.036542878225
4,2024-03-04,7276.75,7309.730180058566,Latih,7301.416370916451,7200.136229503228
4,2024-03-05,7247.46,7278.130858676516,Latih,7270.406305469356,7190.779393401218
4,2024-03-06,7329.8,7248.293254818996,Latih,7241.443354958374,7173.028181176256
4,2024-03-07,7373.96,7317.952407606927,Latih,7310.196672185745,7182.636543462348
4,2024-03-08,7381.91,7366.193102611396,Latih,7356.763301162811,7218.6233006096645
4,2024-03-13,7421.21,7378.133563550805,Latih,7368.046815424058,7234.327553033906
4,2024-03-14,7433.31,7413.814910820821,Latih,7403.030001713134,7245.809847445566
4,2024-03-15,7328.05,7428.890709767442,Latih,7417.444199919799,7260.934203770241
4,2024-03-18,7302.45,7337.028786360114,Latih,7327.047323453515,7240.68148504265
4,2024-03-19,7336.75,7302.678707610454,Latih,7294.365053603733,7201.728952872827
4,2024-03-20,7331.13,7330.209293036549,Latih,7321.680724798529,7201.517865314558
4,2024-03-21,7338.35,7329.039675595848,Latih,7320.181392935601,7211.019804720953
4,2024-03-22,7350.15,7334.809057443231,Latih,7325.908371108859,7210.902677499131
4,2024-03-25,7377.76,7346.058803900571,Latih,7336.88999189505,7215.870164499358
4,2024-03-26,7365.66,7371.816398630235,Latih,7362.081704422328,7225.8913937784
4,2024-03-27,7310.09,7364.166362123582,Latih,7354.282324243875,7231.808464520054
4,2024-03-28,7288.81,7313.6177695871265,Latih,7304.731303997125,7215.302472384051
4,2024-04-01,7205.06,7288.607720605219,Latih,7280.720533794247,7192.963492889477
4,2024-04-02,7236.98,7212.08770505555,Latih,7205.740805851295,7167.129830105374
4,2024-04-03,7166.84,7231.057298946457,Latih,7225.236618995743,7145.036274802752
4,2024-04-04,7254.4,7172.4927572227225,Latih,7167.359171928237,7136.944516120023
4,2024-04-05,7286.88,7242.240388896544,Latih,7236.61626548894,7133.443575702971
4,2024-04-16,7164.81,7280.718103339755,Latih,7273.53548977264,7175.009363570283
4,2024-04-17,7130.84,7176.233226686787,Latih,7170.526002420257,7157.323515057632
4,2024-04-18,7166.81,7132.606154850787,Latih,7128.898625801867,7093.027651369633
4,2024-04-19,7087.32,7160.68654011018,Latih,7156.839958037206,7089.274098820747
4,2024-04-22,7073.82,7094.292418518127,Latih,7091.226994861425,7080.011585037768
4,2024-04-23,7110.81,7073.516531533061,Latih,7071.621242435037,7040.001443181092
4,2024-04-24,7174.53,7104.771969460311,Latih,7102.473897169891,7045.765808984097
4,2024-04-25,7155.29,7165.299439313481,Latih,7161.577379249403,7082.7481733728055
4,2024-04-26,7036.08,7155.334679317542,Latih,7151.135009089776,7105.209399557176
4,2024-04-29,7155.78,7046.9785540640905,Latih,7045.5010445798,7058.45634954935
4,2024-04-30,7234.2,7140.403207998343,Latih,7137.873983972138,7043.196922009046
4,2024-05-01,7234.2,7223.126415666417,Latih,7217.945669212417,7122.018888233964
4,2024-05-02,7117.42,7231.829562933522,Latih,7225.698405349331,7156.616614782879
4,2024-05-03,7134.72,7128.424170057839,Latih,7124.081051303213,7119.895756955211
4,2024-05-06,7135.89,7130.782383169001,Latih,7127.5897484899215,7072.988295519411
4,2024-05-07,7123.61,7133.73838466174,Latih,7130.31816636092,7081.130731763899
4,2024-05-08,7088.79,7122.9946381450345,Latih,7119.748326619928,7077.72995709902
4,2024-05-13,7099.26,7090.799648565115,Latih,7088.235312228263,7061.083205449639
4,2024-05-14,7083.76,7096.206117016138,Latih,7093.903494087519,7048.795137805994
4,2024-05-15,7179.83,7083.643356303037,Latih,7081.4510863507385,7048.540922608431
4,2024-05-16,7246.7,7166.990363386939,Latih,7163.5150203097555,7072.296184818803
4,2024-05-17,7317.24,7236.864016711789,Latih,7231.2003854907325,7136.81471950776
4,2024-05-20,7266.69,7306.746512754049,Latih,7299.19229820856,7179.526802795004
4,2024-05-21,7186.04,7269.814515656314,Latih,7262.179372147402,7190.156266238761
4,2024-05-22,7222.38,7192.791085755897,Latih,7187.003553067518,7155.826561937401
4,2024-05-27,7176.42,7216.018473935203,Latih,7210.651978703811,7131.827737159794
4,2024-05-28,7253.63,7179.355223050188,Latih,7174.252044292759,7133.451487608021
4,2024-05-29,7140.23,7242.621815116484,Latih,7236.893440724689,7137.499176862306
4,2024-05-30,7034.14,7150.778197685548,Latih,7145.850373634167,7135.913279450006
4,2024-05-31,6970.74,7044.253083765562,Latih,7042.324078575428,7051.073611325081
4,2024-06-03,7036.19,6976.340109106945,Latih,6976.667677489567,6983.165109736968
4,2024-06-04,7099.31,7027.258001446777,Latih,7027.351858359629,6975.621728813099
4,2024-06-05,6947.67,7090.412792606414,Latih,7088.74689704305,7025.191804857307
4,2024-06-06,6974.9,6958.86271085088,Latih,6963.035930494116,7005.052955508283
4,2024-06-07,6897.95,6970.427071885513,Latih,6971.738974337624,6945.66689431016
4,2024-06-10,6921.55,6905.312015754023,Latih,6907.472120968143,6933.29187327866
4,2024-06-11,6855.69,6917.669092791717,Latih,6920.400535802882,6906.283809712569
4,2024-06-12,6850.1,6861.971065294777,Latih,6865.424870408212,6895.824452227392
4,2024-06-13,6831.56,6849.712033825549,Latih,6854.049645273719,6864.463651512299
4,2024-06-14,6734.83,6832.674987382919,Latih,6837.364213199647,6856.025966758762
4,2024-06-19,6726.92,6741.049671306034,Latih,6751.360732283315,6825.335609501034
4,2024-06-20,6819.32,6727.226293316204,Latih,6734.914855112154,6787.39706811669
4,2024-06-21,6879.98,6808.166051576762,Latih,6814.535678116112,6800.419598423269
4,2024-06-24,6889.17,6872.133519493376,Latih,6876.454428030884,6857.685346635613
4,2024-06-25,6882.7,6887.00314350251,Latih,6890.448157610334,6887.862154030241
4,2024-06-26,6905.64,6882.294060355462,Latih,6885.726767055429,6889.920206011571
4,2024-06-27,6967.95,6901.888772313037,Latih,6905.048595856467,6894.349269773998
4,2024-06-28,7063.58,6959.608446685717,Latih,6961.536159080909,6924.571816253703
4,2024-07-01,7139.63,7051.201442889032,Latih,7050.909684926328,6983.125989761997
4,2024-07-02,7125.14,7129.15485775954,Latih,7126.539533590143,7050.3819660306535
4,2024-07-03,7196.75,7124.764474421804,Latih,7121.44933449394,7079.898543047964
4,2024-07-04,7220.89,7186.564985311103,Latih,7182.329065113139,7096.286942555966
4,2024-07-05,7253.37,7215.887643086986,Latih,7210.414156146124,7136.160461843079
4,2024-07-08,7250.98,7247.327019878705,Latih,7241.063583515961,7156.812395649024
4,2024-07-09,7269.8,7248.815388840516,Latih,7242.194934226352,7166.480226502488
4,2024-07-10,7287.04,7265.214699537835,Latih,7258.334961969933,7170.030086280178
4,2024-07-11,7300.41,7282.568920291746,Latih,7275.197196680389,7179.888785379004
4,2024-07-12,7327.58,7296.321000640477,Latih,7288.535634359205,7188.36610722549
4,2024-07-15,7278.86,7321.863112309066,Latih,7313.499659841147,7198.780449590756
4,2024-07-16,7224.29,7281.738273685061,Latih,7273.791463171326,7196.189481678082
4,2024-07-17,7224.22,7228.011008654909,Latih,7221.490357810335,7168.396045184205
4,2024-07-18,7321.07,7221.892779020147,Latih,7216.034556304292,7149.591567063399
4,2024-07-19,7294.5,7307.642988479223,Latih,7300.30265392908,7173.332867088388
4,2024-07-22,7321.98,7294.864589569653,Latih,7286.757213924015,7197.71684133537
4,2024-07-23,7313.86,7316.248607295838,Latih,7308.042462116566,7195.642060587479
4,2024-07-24,7262.76,7312.108353923645,Latih,7303.693499928799,7202.4278895307325
4,2024-07-25,7240.28,7265.959556272111,Latih,7258.42550932773,7188.195148022247
4,2024-07-26,7288.17,7240.382952834446,Latih,7233.812451816874,7166.98762266166
4,2024-07-29,7288.9,7280.29334263333,Latih,7273.262141209922,7170.8637321711285
4,2024-07-30,7241.86,7286.25462696203,Latih,7278.6317908609735,7186.090788126064
4,2024-07-31,7255.76,7244.682995661576,Latih,7237.771610473472,7175.569092068743
4,2024-08-01,7325.98,7251.770562944492,Latih,7245.2163511432,7163.953174371789
4,2024-08-02,7308.12,7315.491029459325,Latih,7307.693252346601,7184.373542747569
4,2024-08-05,7059.65,7307.469650533285,Latih,7299.094200928296,7202.373850702121
4,2024-08-06,7129.21,7076.361559507905,Latih,7077.162368407308,7134.618416035241
4,2024-08-07,7212.13,7119.4920429504555,Latih,7117.083979666297,7045.285768365915
4,2024-08-08,7195.12,7200.635248351171,Latih,7196.114499571397,7103.031815755429
4,2024-08-13,7356.64,7290.525556047047,Uji,7283.146747919404,7178.28396144874
4,2024-08-14,7436.04,7347.2863902665085,Uji,7338.511725583166,7204.548073237016
4,2024-08-15,7409.5,7424.141963671545,Uji,7413.43622532616,7241.252590136606
4,2024-08-16,7432.09,7409.453434378006,Uji,7398.191794207192,7260.155837791046
4,2024-08-19,7466.83,7426.510829413037,Uji,7415.224988120893,7256.972873218139
4,2024-08-20,7533.98,7459.779200778111,Uji,7447.6876379657815,7272.016869409166
4,2024-08-21,7554.59,7523.094195087067,Uji,7509.553357431998,7298.289255085077
4,2024-08-22,7488.68,7548.796199634189,Uji,7534.125872893445,7324.116712453453
4,2024-08-23,7544.3,7492.7219946647765,Uji,7478.81121080886,7315.5337951160345
4,2024-08-26,7606.19,7534.657159903161,Uji,7520.693526589981,7307.519190435495
4,2024-08-27,7597.88,7595.631885094762,Uji,7580.046466381667,7339.155537464709
4,2024-08-28,7658.88,7595.142277794003,Uji,7578.933938765644,7356.719035863968
4,2024-08-29,7627.6,7648.233849694854,Uji,7631.192226758127,7368.047642812822
4,2024-08-30,7670.73,7627.306188583497,Uji,7610.00414503348,7380.081391835307
4,2024-09-02,7694.53,7662.025179298051,Uji,7644.441720144874,7380.102179977988
4,2024-09-03,7616.52,7687.8859390641555,Uji,7669.415519156584,7399.1051279784215
4,2024-09-04,7672.9,7621.451585693481,Uji,7603.887259905458,7388.759872574901
4,2024-09-05,7681.04,7662.716772880682,Uji,7645.234565427429,7377.113858611678
4,2024-09-06,7721.85,7676.181801040301,Uji,7657.891648459561,7396.704252634145
4,2024-09-09,7702.74,7713.221410389079,Uji,7694.2077063347215,7408.591450421907
4,2024-09-10,7761.39,7700.829091761244,Uji,7681.613401425015,7417.057499096492
4,2024-09-11,7760.96,7750.641204874653,Uji,7730.759052889482,7424.45269986401
4,2024-09-12,7798.15,7756.769466598172,Uji,7736.183103351728,7442.7982874919
4,2024-09-13,7812.13,7789.65248164668,Uji,7768.501839263578,7451.16308446656
4,2024-09-17,7831.78,7806.158784053469,Uji,7784.343334798954,7466.053600041971
4,2024-09-18,7829.13,7825.109813408997,Uji,7802.824200489665,7474.941099867926
4,2024-09-19,7905.39,7824.944128809121,Uji,7802.460769975329,7480.514804272758
4,2024-09-20,7743.0,7892.176188371335,Uji,7868.557238459738,7497.1111886311655
4,2024-09-23,7775.73,7756.847654836316,Uji,7734.791021757262,7483.9776330948935
4,2024-09-24,7778.49,7767.806936125895,Uji,7747.217366747993,7440.390896461111
4,2024-09-25,7740.9,7773.883279204509,Uji,7752.854573240418,7451.314496610267
4,2024-09-26,7744.52,7740.90480417742,Uji,7720.418348124162,7443.590925927264
4,2024-09-27,7696.92,7739.9383106781415,Uji,7719.852000515595,7432.597308004003
4,2024-09-30,7527.93,7698.191583230627,Uji,7678.790144117007,7422.856356668572
4,2024-10-01,7642.13,7543.272862520331,Uji,7527.035978579633,7369.26369744787
4,2024-10-02,7563.26,7625.63900022519,Uji,7609.701631016852,7342.221943645567
4,2024-10-03,7543.83,7568.475951643106,Uji,7552.362141780967,7360.108537356946
4,2024-10-04,7496.09,7542.518077120894,Uji,7527.6577612353485,7330.865205478756
4,2024-10-07,7504.13,7498.089265573133,Uji,7484.195339763271,7313.843750143138
4,2024-10-08,7557.14,7499.910141394246,Uji,7486.471796522247,7300.668308050717
4,2024-10-09,7501.29,7547.7413823844145,Uji,7533.393840685003,7315.312468621818
4,2024-10-10,7480.08,7504.170883255114,Uji,7490.0360838914985,7319.217847008792
4,2024-10-11,7520.6,7479.191706216441,Uji,7466.058564374551,7296.806781268205
4,2024-10-14,7559.65,7512.717085216155,Uji,7499.220616283525,7299.397852604474
4,2024-10-15,7626.95,7551.79176065218,Uji,7537.206241259688,7321.065509541122
4,2024-10-16,7648.94,7615.717781562927,Uji,7599.6285865165,7348.727494645209
4,2024-10-17,7735.04,7642.658593936091,Uji,7625.416846342209,7374.917658562754
4,2024-10-18,7760.06,7721.338094158306,Uji,7702.5115868116745,7401.511588196851
4,2024-10-21,7772.6,7753.048078787464,Uji,7732.794946365491,7434.306279494863
4,2024-10-22,7788.98,7766.928766377112,Uji,7746.180338356631,7445.040407617194
4,2024-10-23,7787.56,7782.824662723682,Uji,7761.673296375413,7452.727676618202
4,2024-10-24,7716.55,7783.385011763714,Uji,7762.057101338049,7457.554248969658
4,2024-10-25,7694.66,7720.3500885511785,Uji,7700.126535277498,7440.877918171984
4,2024-10-28,7634.63,7693.086284289491,Uji,7674.058411202559,7413.543992712595
4,2024-10-29,7606.6,7637.501996891623,Uji,7619.6587376667285,7392.939944031335
4,2024-10-30,7569.85,7606.019854443193,Uji,7589.333284709572,7367.655667386148
4,2024-10-31,7574.02,7570.36808632147,Uji,7554.583887457962,7350.441533892245
4,2024-11-01,7505.26,7569.981799192545,Uji,7554.579336819763,7339.837719500154
4,2024-11-04,7479.5,7509.559562847724,Uji,7495.159378538239,7325.433501670448
4,2024-11-05,7491.93,7479.118689158068,Uji,7465.946246349916,7297.922618439282
4,2024-11-06,7383.87,7487.266193158734,Uji,7474.21568676959,7292.662804646576
4,2024-11-07,7243.86,7392.961559562778,Uji,7381.414935674762,7271.8739380002835
4,2024-11-08,7287.19,7256.993919919809,Uji,7248.90081673034,7205.891752588823
4,2024-11-11,7266.46,7279.822868697725,Uji,7272.763277497374,7171.765585923265
4,2024-11-12,7321.99,7266.275877338729,Uji,7259.008508135161,7180.653809714388
4,2024-11-13,7308.67,7313.1455374504,Uji,7305.27913878211,7186.8264401603465
4,2024-11-14,7214.56,7307.513812408533,Uji,7299.1783360231775,7201.244827022626
4,2024-11-15,7161.26,7222.703775143699,Uji,7215.970692234115,7175.546649148535
4,2024-11-18,7134.28,7165.063633515904,Uji,7160.287325031826,7125.093102896278
4,2024-11-19,7195.71,7135.258297820157,Uji,7131.540995241469,7092.53339000708
4,2024-11-20,7180.33,7186.658531953168,Uji,7182.327668894601,7100.058697657647
4,2024-11-21,7140.91,7179.857551453185,Uji,7175.017689169716,7122.7257367969205
4,2024-11-22,7195.56,7143.245288400717,Uji,7139.195478962726,7103.216220026078
4,2024-11-25,7314.11,7187.261439802718,Uji,7182.8525436414,7102.987809015574
4,2024-11-26,7245.89,7298.299390597428,Uji,7291.412930495823,7162.729259543488
4,2024-11-28,7200.16,7251.049338501771,Uji,7243.770644414503,7184.418014893603
4,2024-11-29,7114.27,7202.985549557283,Uji,7197.2338531447185,7151.598398509093
4,2024-12-02,7046.99,7121.857082018916,Uji,7117.97481880552,7103.603334543767
4,2024-12-03,7196.02,7052.750314654168,Uji,7050.939160651024,7043.524929941947
4,2024-12-04,7326.76,7177.245433415245,Uji,7173.967784540723,7060.961320742426
4,2024-12-05,7313.31,7309.551670932856,Uji,7302.46591356286,7165.7651557636955
4,2024-12-06,7382.79,7312.151791833726,Uji,7303.687449648465,7203.805388398244
4,2024-12-09,7437.73,7372.181690769289,Uji,7362.816529067847,7215.455746152476
4,2024-12-10,7453.29,7428.5405174733205,Uji,7417.4920333326845,7249.862294185241
4,2024-12-11,7464.75,7448.415843501193,Uji,7436.463178577524,7270.695839824758
4,2024-12-12,7394.24,7460.290216763123,Uji,7447.973604207141,7278.208322949492
4,2024-12-13,7324.79,7399.127467475034,Uji,7387.751492519474,7265.696653492531
4,2024-12-16,7258.63,7329.8060444379735,Uji,7320.348111771433,7227.649905171471
4,2024-12-17,7157.73,7263.51555328854,Uji,7255.912315958818,7190.688380637241
4,2024-12-18,7107.88,7166.828867442678,Uji,7161.572518340418,7143.753511948652
4,2024-12-19,6977.24,7111.490004236761,Uji,7108.219801861111,7082.507713513434
4,2024-12-20,6983.87,6987.900540044952,Uji,6989.613803615023,7018.355298352294
4,2024-12-23,7096.44,6981.651479561973,Uji,6982.467672721195,6961.81281719868
4,2024-12-24,7065.75,7082.064905389607,Uji,7081.0770549178715,7000.78057849293
4,2024-12-27,7036.57,7067.382995206175,Uji,7065.500685769377,7041.516495430525
4,2024-12-30,7079.9,7038.138835939223,Uji,7037.075331107432,7018.406182761244
4,2025-01-02,7163.21,7073.267901209651,Uji,7071.8946427095525,7019.156727793269
4,2025-01-03,7164.43,7151.845477478571,Uji,7148.671407334872,7065.249211297093
4,2025-01-06,7080.47,7162.171651228735,Uji,7157.969085140297,7103.048570377889
4,2025-01-07,7083.28,7087.9627910543095,Uji,7085.031094106495,7076.752810969412
4,2025-01-08,7080.35,7081.132903659403,Uji,7079.175767251312,7039.950041654165
4,2025-01-09,7064.59,7078.850344908296,Uji,7076.9040162659285,7040.275102014596
4,2025-01-10,7088.87,7064.570131969509,Uji,7062.900616580306,7033.920652887875
4,2025-01-13,7016.88,7084.320367158711,Uji,7082.470067324698,7034.606558172757
4,2025-01-14,6956.67,7023.269832471662,Uji,7022.227581188731,7022.492707575612
4,2025-01-15,7079.56,6961.965987543509,Uji,6962.718161497161,6970.916317203688
4,2025-01-16,7107.52,7064.099399474917,Uji,7063.699718990383,6983.169918934155
4,2025-01-17,7154.66,7102.495719548526,Uji,7100.178513892951,7047.291410440263
4,2025-01-20,7170.74,7147.340035390921,Uji,7143.962065628833,7074.917972962915
4,2025-01-21,7181.82,7166.810044348309,Uji,7162.614562776158,7101.226660320821
4,2025-01-22,7257.13,7178.405742732357,Uji,7173.8456929863205,7111.989643626276
4,2025-01-23,7232.64,7246.320346312602,Uji,7240.472879650671,7141.042986359663
4,2025-01-24,7166.06,7232.993078382093,Uji,7226.607912447529,7163.470961858104
4,2025-01-30,7073.48,7171.320502480338,Uji,7166.2515052211975,7134.746351022786
4,2025-01-31,7109.2,7081.9542421424985,Uji,7079.109834709227,7075.249962704241
4,2025-02-03,7030.06,7103.308577296796,Uji,7101.039308477702,7045.098468234594
4,2025-02-04,7073.46,7037.1965952730725,Uji,7035.706157839352,7035.8355407572335
4,2025-02-05,7024.23,7066.843020614443,Uji,7065.647237004099,7014.174502930693
4,2025-02-06,6875.54,7028.06785991078,Uji,7027.09981505757,7017.922987723403
4,2025-02-07,6742.58,6885.716321272291,Uji,6892.848722683825,6948.278003968045
4,2025-02-10,6648.14,6750.443106432876,Uji,6762.3028194001545,6844.627471315297
4,2025-02-11,6531.99,6653.191760075847,Uji,6667.129796049159,6787.290257398511
4,2025-02-12,6645.78,6559.916860275789,Uji,6574.101735243518,6784.513799267436
4,2025-02-13,6613.57,6632.867523932017,Uji,6644.256924563059,6784.513799267436
4,2025-02-14,6638.46,6615.53654763118,Uji,6627.478534068621,6784.513799267436
4,2025-02-17,6830.88,6635.439765709944,Uji,6645.952496234337,6784.513799267436
4,2025-02-18,6873.55,6808.584658579258,Uji,6815.8494163370415,6798.702223765281
4,2025-02-19,6794.87,6867.722865130936,Uji,6872.002145671284,6860.820426083837
4,2025-02-20,6788.04,6801.059687055376,Uji,6807.7563648593705,6854.825425663028
4,2025-02-21,6803.0,6788.00969778421,Uji,6794.034716903593,6817.3115157056145
4,2025-02-24,6749.6,6800.498355491188,Uji,6806.377081934837,6819.0275717127615
4,2025-02-25,6587.09,6754.1509069687345,Uji,6761.389511484824,6813.714132785825
4,2025-02-26,6606.18,6598.104261454645,Uji,6612.238534004321,6787.4166151762265
4,2025-02-27,6485.45,6603.917924760807,Uji,6615.245856224304,6784.513799267436
4,2025-02-28,6270.6,6555.561314529775,Uji,6568.025971498638,6784.513799267436
4,2025-03-03,6519.66,6503.428026880316,Uji,6515.857115828314,6784.513799267436
4,2025-03-04,6380.4,6509.614283384972,Uji,6519.7298931588175,6784.513799267436
4,2025-03-05,6531.4,6527.0794065530545,Uji,6539.636196169515,6784.513799267436
4,2025-03-06,6617.85,6529.5686411996885,Uji,6537.028097107854,6784.513799267436
4,2025-03-07,6636.0,6607.065137089569,Uji,6618.889349907717,6784.513799267436
4,2025-03-10,6598.21,6633.736508372732,Uji,6644.235024616727,6784.513799267436
4,2025-03-11,6545.85,6600.225327493477,Uji,6613.146004950484,6784.513799267436
4,2025-03-12,6665.04,6562.208287600203,Uji,6573.347524329834,6784.513799267436
4,2025-03-13,6647.42,6651.459925506422,Uji,6662.3864344442,6784.513799267436
4,2025-03-14,6515.63,6649.085823945412,Uji,6658.8375442627175,6784.513799267436
4,2025-03-17,6471.95,6556.853878385535,Uji,6570.515631959606,6784.513799267436
4,2025-03-18,6223.39,6543.256986757738,Uji,6553.622131811453,6784.513799267436
4,2025-03-19,6311.66,6493.39036617755,Uji,6505.7597312311755,6784.513799267436
4,2025-03-20,6381.67,6480.373310857553,Uji,6486.266652348032,6784.513799267436
4,2025-03-21,6258.18,6502.819986634843,Uji,6508.713328125321,6784.513799267436
4,2025-03-24,6161.22,6489.879968965492,Uji,6502.69267218887,6784.513799267436
4,2025-03-25,6235.62,6458.843116807179,Uji,6471.914702217866,6784.513799267436
4,2025-03-26,6472.36,6461.79489732443,Uji,6467.85494472279,6784.513799267436
4,2025-03-27,6510.62,6498.182711782894,Uji,6504.076053273372,6784.513799267436
