Fold,Date,Actual_Close,Predicted_GANN,Data,Predicted_GADAM,Predicted_ADAM
1,2022-01-05,6662.3,6690.328496038037,Latih,6700.127032023687,6840.182806302943
1,2022-01-06,6653.35,6665.89739397855,Latih,6675.621740112916,6844.084821109214
1,2022-01-07,6701.32,6653.826461462241,Latih,6664.088805347099,6823.33556977514
1,2022-01-10,6691.12,6693.856217136401,Latih,6706.6922641450365,6836.013762893715
1,2022-01-11,6647.97,6691.447579046505,Latih,6700.801197481174,6857.695915736596
1,2022-01-12,6647.06,6653.022120879603,Latih,6662.948273537769,6836.633615303077
1,2022-01-13,6658.36,6646.523693385433,Latih,6657.043428155793,6813.468889271651
1,2022-01-14,6693.4,6656.112019517285,Latih,6666.530297133936,6817.089527039563
1,2022-01-17,6645.05,6687.7151500863,Latih,6697.627640079874,6835.789800697603
1,2022-01-18,6614.06,6650.815326239627,Latih,6660.740028228773,6836.780095948019
1,2022-01-19,6591.98,6617.783492416746,Latih,6628.675015193978,6799.943779753479
1,2022-01-20,6626.87,6594.7069327732215,Latih,6606.240460994547,6775.528671979338
1,2022-01-21,6726.37,6627.668013511607,Latih,6645.684019780617,6776.510273765951
1,2022-01-24,6655.17,6730.834445687257,Latih,6747.685659685756,6831.094739426411
1,2022-01-25,6568.17,6663.878263158215,Latih,6673.254543680563,6857.901203866046
1,2022-01-26,6600.82,6579.695856819788,Latih,6590.9123175884815,6788.639829136164
1,2022-01-27,6611.16,6606.866356099775,Latih,6625.352012507775,6754.453521255877
1,2022-01-28,6645.51,6609.432193959883,Latih,6623.347995021053,6775.485120257765
1,2022-01-31,6631.15,6641.646090475033,Latih,6659.3019984918965,6793.4268891990505
1,2022-02-02,6707.65,6632.528029038319,Latih,6643.241267230522,6806.391333603892
1,2022-02-03,6683.85,6706.837141141315,Latih,6723.785808447025,6826.56379893545
1,2022-02-04,6731.39,6686.039864749925,Latih,6695.380928303617,6858.406437597316
1,2022-02-07,6804.94,6723.73282473924,Latih,6732.917616950893,6859.93454596762
1,2022-02-08,6789.52,6793.224576259883,Latih,6801.025018763575,6882.218341367289
1,2022-02-09,6834.61,6789.719823208483,Latih,6796.679362995061,6906.787969130325
1,2022-02-10,6823.64,6826.417951309717,Latih,6833.132386058606,6893.32871471052
1,2022-02-11,6815.61,6822.966181966102,Latih,6829.180383835472,6912.173527754594
1,2022-02-14,6734.49,6814.613535705839,Latih,6821.057164837158,6910.808358528662
1,2022-02-15,6807.5,6743.852042605007,Latih,6751.221093068149,6901.342442486333
1,2022-02-16,6850.2,6795.834788766535,Latih,6803.567498214874,6882.516577817246
1,2022-02-17,6835.12,6842.194773455897,Latih,6848.50873915259,6894.835384830282
1,2022-02-18,6892.82,6834.895091347732,Latih,6840.782570902744,6914.093137404967
1,2022-02-21,6902.96,6882.472667384788,Latih,6887.9835005105,6891.5311933649045
1,2022-02-22,6861.99,6898.829039717363,Latih,6903.456346832561,6908.370390548754
1,2022-02-23,6920.06,6864.97128990714,Latih,6869.873686069888,6924.194900142004
1,2022-02-24,6817.82,6909.436838010001,Latih,6914.309524471212,6892.596649096058
1,2022-02-25,6888.17,6829.2862035465605,Latih,6834.401695075669,6943.38167016273
1,2022-03-01,6921.44,6876.185520601912,Latih,6881.977477558299,6886.966702855871
1,2022-03-02,6868.4,6914.090900737096,Latih,6918.595106716802,6901.206301155137
1,2022-03-04,6928.33,6872.926948720856,Latih,6877.514565531655,6928.636500521949
1,2022-03-07,6869.07,6917.391589496185,Latih,6922.094162595322,6892.317656430052
1,2022-03-08,6814.18,6874.415451189323,Latih,6878.902966562553,6930.809993076376
1,2022-03-09,6864.44,6819.403507657086,Latih,6825.246253854669,6926.899495812705
1,2022-03-10,6924.01,6855.314645177166,Latih,6861.394794678729,6892.852937473104
1,2022-03-11,6922.6,6913.155277245689,Latih,6917.954976592113,6892.252539854096
1,2022-03-14,6952.2,6919.835655561139,Latih,6923.84281485801,6913.21218567257
1,2022-03-15,6918.19,6945.080989128404,Latih,6948.8092612624705,6903.818602625179
1,2022-03-16,6992.4,6919.7812792110935,Latih,6923.451018168977,6924.257020427039
1,2022-03-17,6964.38,6979.03626609808,Latih,6982.419584964572,6890.201093403146
1,2022-03-18,6954.96,6964.793122891244,Latih,6967.453449418601,6924.21515675669
1,2022-03-21,6955.18,6952.987441248948,Latih,6956.12202576762,6917.390745470573
1,2022-03-22,7000.82,6951.928484515006,Latih,6955.188491239603,6914.077143119623
1,2022-03-23,6996.12,6991.171202131569,Latih,6993.968682820857,6900.418698655414
1,2022-03-24,7049.69,6993.179434471191,Latih,6995.406100639165,6917.566260596563
1,2022-03-25,7002.53,7038.5836656583015,Latih,7040.334723393984,6899.825390851544
1,2022-03-28,7049.6,7005.161179856123,Latih,7006.661477582516,6918.4405867279065
1,2022-03-29,7011.69,7039.355611482925,Latih,7041.020663008757,6902.062185326862
1,2022-03-30,7053.19,7013.019480315509,Latih,7014.428749879661,6917.452907956887
1,2022-03-31,7071.44,7043.653600905009,Latih,7045.158498570986,6904.139501162815
1,2022-04-01,7078.76,7064.831764954399,Latih,7065.590965992283,6910.59709891801
1,2022-04-04,7116.22,7073.5388597703695,Latih,7073.977162270618,6907.995263365555
1,2022-04-05,7148.3,7106.694000459986,Latih,7106.656019307451,6903.195585119772
1,2022-04-06,7104.22,7139.219582445702,Latih,7138.351333298763,6895.999633759307
1,2022-04-07,7127.37,7105.59647175558,Latih,7104.73738028653,6897.6217665827735
1,2022-04-08,7210.83,7119.6470083177865,Latih,7119.151902893859,6899.463852480697
1,2022-04-11,7203.79,7194.4221069611,Latih,7192.773260727016,6888.093392645165
1,2022-04-12,7214.78,7199.4302173317365,Latih,7196.721907948344,6880.602876346155
1,2022-04-13,7262.78,7207.9401477647725,Latih,7205.216477115244,6880.10363519673
1,2022-04-14,7235.53,7250.63733560691,Latih,7247.281616377926,6873.79416393642
1,2022-04-18,7275.29,7233.5834183073985,Latih,7229.851938876007,6872.010400208277
1,2022-04-19,7199.23,7264.134866588213,Latih,7260.372116007902,6870.380375745339
1,2022-04-20,7227.36,7204.052101582378,Latih,7200.516647099345,6874.722127895398
1,2022-04-21,7276.19,7218.144628418775,Latih,7215.356094400974,6879.186094954058
1,2022-04-22,7225.61,7263.825700006583,Latih,7260.164612311222,6871.090665499015
1,2022-04-25,7215.98,7226.836783981416,Latih,7223.023560669514,6871.763058502717
1,2022-04-26,7232.15,7211.861912770362,Latih,7208.830679187865,6877.814511133476
1,2022-04-27,7196.76,7224.4792516423195,Latih,7221.415691878888,6877.007960258766
1,2022-04-28,7228.91,7196.214648555606,Latih,7193.288327356665,6879.258554552837
1,2022-05-09,6909.75,7219.149187702033,Latih,7216.3784626246415,6879.261761850163
1,2022-05-10,6819.79,6949.188566372448,Latih,6949.195613986308,6910.805109030057
1,2022-05-11,6816.2,6829.612925860919,Latih,6834.848205724992,6939.234719123892
1,2022-05-12,6599.84,6814.610412811076,Latih,6821.100252344644,6909.303587466527
1,2022-05-13,6597.99,6628.239919991055,Latih,6636.956605048041,6880.094224311158
1,2022-05-17,6644.47,6597.986797837917,Latih,6609.652413429922,6770.185462340145
1,2022-05-18,6793.41,6645.98486743481,Latih,6663.796645881547,6786.079941656621
1,2022-05-19,6823.33,6802.843978359732,Latih,6818.97666280452,6855.724504014294
1,2022-05-20,6918.14,6817.241599354183,Latih,6824.016930550969,6898.064120405959
1,2022-05-23,6840.77,6902.665494834232,Latih,6908.081058569002,6879.8473468196835
1,2022-05-24,6914.14,6848.750299282709,Latih,6853.660734789411,6935.813545708708
1,2022-05-25,6883.5,6901.539205957102,Latih,6906.758850246715,6887.063090580747
1,2022-05-27,7026.26,6884.933677263901,Latih,6889.468099360512,6921.5760152721905
1,2022-05-30,7037.56,7003.532759041847,Latih,7007.044960619273,6868.053165026349
1,2022-05-31,7148.97,7032.15468037135,Latih,7033.619571223325,6913.865672502567
1,2022-06-02,7148.72,7129.374361293395,Latih,7129.564604666312,6884.234676352784
1,2022-06-03,7182.96,7143.919285857759,Latih,7142.6031545198775,6892.714010857389
1,2022-06-06,7096.58,7173.304881560887,Latih,7171.647468466844,6889.013464964673
1,2022-06-07,7141.04,7103.624026101903,Latih,7102.37242052205,6895.024151158379
1,2022-06-08,7193.31,7130.380017809947,Latih,7129.850771550019,6898.732335482882
1,2022-06-09,7182.83,7181.180062532511,Latih,7179.5224806333445,6888.647157849118
1,2022-06-10,7086.65,7179.100552229967,Latih,7176.840504849043,6884.616429137036
1,2022-06-13,6995.44,7095.074932880476,Latih,7093.925201191976,6896.117375332164
1,2022-06-14,7049.88,7003.966039589704,Latih,7005.037065889897,6915.555664985229
1,2022-06-15,7007.05,7038.656842678852,Latih,7040.415159034796,6899.533822203921
1,2022-06-16,7050.33,7009.069862464728,Latih,7010.522092932525,6917.930035635282
1,2022-06-17,6936.97,7040.581600885458,Latih,7042.178159732885,6903.400641142177
1,2022-06-20,6976.38,6948.91725433951,Latih,6951.06892883187,6925.510018649152
1,2022-06-21,7044.07,6967.759999520835,Latih,6971.050180161056,6901.495928543853
1,2022-06-22,6984.31,7031.139781774347,Latih,7033.214776539868,6894.711735078143
1,2022-06-23,6998.27,6988.762142028868,Latih,6990.521977630913,6920.978867151787
1,2022-06-24,7042.94,6992.839418753445,Latih,6995.268060250342,6911.227881459046
1,2022-06-27,7016.06,7033.068971115416,Latih,7034.858896230525,6902.597803980159
1,2022-06-28,6996.46,7015.89174167401,Latih,7017.347263841692,6917.636314722349
1,2022-06-29,6942.35,6995.490545401633,Latih,6997.507386802496,6922.427932523539
1,2022-06-30,6911.58,6946.402986444288,Latih,6949.230092432553,6930.2539490032705
1,2022-07-01,6794.33,6912.7970727760085,Latih,6916.666782501985,6922.850620549967
1,2022-07-04,6639.17,6807.980317321453,Latih,6813.447155612145,6940.667748009019
1,2022-07-05,6703.27,6659.1345965621,Latih,6667.751538892402,6879.562994591041
1,2022-07-06,6646.41,6698.253295165318,Latih,6715.1459824723215,6829.217795270718
1,2022-07-07,6652.59,6653.2914178013925,Latih,6663.068737093224,6842.496892423668
1,2022-07-08,6740.22,6651.068354567748,Latih,6661.553542314781,6814.6508838391655
1,2022-07-11,6722.15,6736.36881657722,Latih,6752.8237711012625,6849.733314812223
1,2022-07-12,6718.29,6723.261847897492,Latih,6731.77622001531,6875.968078503652
1,2022-07-13,6640.99,6717.551413264891,Latih,6726.3493885386215,6869.742524489803
1,2022-07-14,6690.09,6650.624460397821,Latih,6660.252919947518,6848.477657909433
1,2022-07-15,6651.9,6682.570022707896,Latih,6698.837297586817,6825.396216105259
1,2022-07-18,6659.25,6656.26228772716,Latih,6666.162850583805,6837.515242255964
1,2022-07-19,6736.09,6657.51789715351,Latih,6667.861684234753,6819.9738790649535
1,2022-07-20,6874.74,6728.656585300289,Latih,6745.068884879972,6851.758385462801
1,2022-07-21,6864.13,6860.47676912133,Latih,6874.949212986274,6862.83377394442
1,2022-07-22,6886.96,6863.0713671541625,Latih,6868.334415460868,6913.822796001483
1,2022-07-25,6858.41,6881.281093126579,Latih,6886.458029720232,6903.295095739411
1,2022-07-26,6871.54,6859.775700347464,Latih,6864.93083997969,6919.756633663227
1,2022-07-27,6898.22,6867.274572500032,Latih,6872.68420695488,6905.963567113924
1,2022-07-28,6956.82,6891.937296288059,Latih,6896.900483395503,6902.461071831035
1,2022-07-29,6951.12,6945.820566570812,Latih,6949.83251571303,6894.023938607023
1,2022-08-01,6968.78,6948.686582139784,Latih,6951.962245539481,6915.940118651439
1,2022-08-02,6988.16,6963.104734057244,Latih,6966.2798318052855,6908.660777560521
1,2022-08-03,7046.63,6982.095521330892,Latih,6984.836325700342,6908.916643924761
1,2022-08-04,7057.35,7034.900000277823,Latih,7036.789647018975,6898.002211127327
1,2022-08-05,7084.65,7051.856643625566,Latih,7052.846474661896,6912.779031728554
1,2022-08-08,7086.85,7076.732863692117,Latih,7077.3026653826955,6908.748387419033
1,2022-08-09,7102.88,7082.239835400654,Latih,7082.417755999638,6905.808308602619
1,2022-08-10,7086.24,7096.304171781614,Latih,7096.290836176947,6903.846582074213
1,2022-08-11,7160.38,7084.130874784066,Latih,7084.068037077261,6904.071219490814
1,2022-08-12,7129.28,7145.626834073148,Latih,7145.042979356132,6897.582350586699
1,2022-08-15,7093.28,7128.728175284941,Latih,7127.45323239692,6893.700296986149
1,2022-08-16,7133.45,7093.677015460804,Latih,7093.18575035341,6900.6935977972025
1,2022-08-18,7186.56,7123.4214908541035,Latih,7123.013362269479,6899.8845992482175
1,2022-08-19,7172.43,7174.374979432907,Latih,7172.888186116304,6890.132474120901
1,2022-08-22,7107.98,7169.270692343796,Latih,7167.206754313792,6886.415722936436
1,2022-08-23,7163.27,7112.023768991308,Latih,7110.8001006592085,6894.8255941331845
1,2022-08-24,7194.71,7150.990110421263,Latih,7150.082656284652,6895.186035270737
1,2022-08-25,7174.21,7185.327984200803,Latih,7183.355200936881,6886.295744695708
1,2022-08-26,7135.25,7171.8797443152325,Latih,7169.6875143922225,6885.415805794045
1,2022-08-29,7132.04,7135.689740732988,Latih,7134.167413938125,6891.682611559675
1,2022-08-30,7159.47,7127.770290618022,Latih,7126.807932615358,6895.885943509386
1,2022-09-02,7177.18,7151.606586728178,Uji,7149.845231880032,6889.307270280168
1,2022-09-05,7231.88,7168.918986871327,Uji,7167.260518745268,6889.209025698945
1,2022-09-06,7233.15,7219.107028622719,Uji,7216.571575684638,6880.875623222633
1,2022-09-07,7186.76,7227.444904434774,Uji,7224.155821027848,6875.326154824538
1,2022-09-08,7232.02,7187.75519085416,Uji,7184.916015299646,6880.247625966116
1,2022-09-09,7242.66,7220.496463584992,Uji,7217.829849066826,6879.912716603323
1,2022-09-12,7254.46,7235.63435834298,Uji,7232.247705575322,6874.277642907544
1,2022-09-13,7318.02,7247.182443368531,Uji,7243.532876622772,6871.941274510665
1,2022-09-14,7278.08,7303.355977149113,Uji,7298.90661173354,6863.845169835133
1,2022-09-15,7305.6,7277.460342948537,Uji,7272.5523762167495,6861.916275903028
1,2022-09-16,7168.87,7295.814017489059,Uji,7291.169935364825,6862.8733165443355
1,2022-09-19,7195.49,7181.982519883004,Uji,7178.342195217695,6875.026778940006
1,2022-09-20,7196.95,7186.740081250755,Uji,7184.683570646134,6885.656901710078
1,2022-09-21,7188.31,7191.521106530516,Uji,7189.089468742696,6882.864611778304
1,2022-09-22,7218.91,7184.291140937892,Uji,7181.926603186217,6883.660148118779
1,2022-09-23,7178.58,7209.437702407928,Uji,7206.882246062845,6881.185633829876
1,2022-09-26,7127.5,7178.840465737667,Uji,7176.276526935186,6882.546371921345
1,2022-09-27,7112.45,7129.609971042951,Uji,7128.1064238179515,6892.093441026256
1,2022-09-28,7077.03,7109.912016910391,Uji,7109.25182007678,6898.784074252891
1,2022-09-29,7036.2,7077.485523531509,Uji,7077.385801905465,6904.1265031683915
1,2022-09-30,7040.8,7037.712209214038,Uji,7038.50323001749,6912.072751096535
1,2022-10-03,7009.72,7036.255294404095,Uji,7037.552983782358,6915.611455078174
1,2022-10-04,7072.26,7010.161018775763,Uji,7011.709341559473,6918.537818478395
1,2022-10-05,7075.38,7059.777401980231,Uji,7061.116997230122,6897.72169921522
1,2022-10-06,7076.62,7070.74344694383,Uji,7071.204664739441,6908.281936664629
1,2022-10-07,7026.78,7072.222222017121,Uji,7072.62866255052,6907.838359004307
1,2022-10-10,6994.4,7029.564323567217,Uji,7030.455741217202,6913.138164626409
1,2022-10-11,6939.15,6995.140781188071,Uji,6997.033171012462,6921.591503142168
1,2022-10-12,6909.21,6943.380657331996,Uji,6946.267857943826,6930.805815149597
1,2022-10-13,6880.63,6910.336864721227,Uji,6914.273737785269,6922.4606807172795
1,2022-10-14,6814.53,6881.814643917128,Uji,6886.444736316845,6920.740176708748
1,2022-10-17,6831.12,6821.23571845535,Uji,6826.918352994359,6930.7792283428225
1,2022-10-18,6834.49,6826.732730661667,Uji,6833.143590498604,6903.000488599586
1,2022-10-19,6860.42,6831.826066518463,Uji,6837.978316907921,6907.705340567875
1,2022-10-20,6980.65,6854.5513928163455,Uji,6860.396924298447,6901.064040638255
1,2022-10-21,7017.77,6961.287335908468,Uji,6965.571314505394,6873.822269989295
1,2022-10-24,7053.04,7009.108772045436,Uji,7011.390637488427,6904.098101706552
1,2022-10-25,7048.38,7044.3302140367705,Uji,7045.75429625041,6906.2805831337455
1,2022-10-26,7043.94,7044.998935529061,Uji,7045.992269271679,6913.120819900085
1,2022-10-27,7091.76,7040.566788235969,Uji,7041.6679040492245,6914.064862546969
1,2022-10-28,7056.04,7081.065162755323,Uji,7081.74498318441,6903.650177314329
1,2022-10-31,7098.89,7056.710086302826,Uji,7057.101882991859,6908.456987576533
1,2022-11-01,7052.3,7088.79420069225,Uji,7089.238411371782,6905.675712178993
1,2022-11-02,7015.69,7054.441261055538,Uji,7054.774144756862,6908.158582321454
1,2022-11-03,7034.57,7016.8139240575465,Uji,7018.146429492299,6916.750636446525
1,2022-11-04,7045.53,7028.18531232125,Uji,7029.823523832624,6911.121703037072
1,2022-11-07,7102.4,7040.103291571207,Uji,7041.37553357727,6914.331954451848
1,2022-11-08,7050.13,7090.417599554135,Uji,7090.968790479972,6900.9964341867435
1,2022-11-09,7070.08,7053.041824389765,Uji,7053.349007511208,6908.047381947088
1,2022-11-10,6966.84,7063.257910395931,Uji,7064.072184104989,6911.047766393472
1,2022-11-11,7089.21,6977.197893912849,Uji,6978.781370363294,6920.306474148085
1,2022-11-14,7019.39,7068.65992751963,Uji,7070.409634814333,6877.8391566813425
1,2022-11-15,7035.5,7024.882851108377,Uji,7025.678134241169,6912.696697030116
1,2022-11-16,7014.38,7029.474561443394,Uji,7031.053311350411,6912.117315648843
1,2022-11-17,7044.99,7013.462720365587,Uji,7015.035857502285,6918.555121003439
1,2022-11-18,7082.18,7036.964529125757,Uji,7038.515552791423,6907.534383180189
1,2022-11-21,7063.25,7072.973193805289,Uji,7073.735264530253,6906.895033779192
1,2022-11-22,7030.59,7061.635693169902,Uji,7062.084630392859,6908.62022212987
1,2022-11-23,7054.12,7031.066520351236,Uji,7032.10070493347,6914.046336184789
1,2022-11-24,7080.52,7046.956526331969,Uji,7048.1960623455725,6910.3749513769635
1,2022-11-25,7053.15,7072.756490229439,Uji,7073.411580708098,6909.517210348893
1,2022-11-28,7017.36,7052.737890766927,Uji,7053.311026358673,6909.883348659325
1,2022-11-29,7012.07,7018.361360614364,Uji,7019.665548989837,6916.484810580064
1,2022-11-30,7081.31,7009.074757813278,Uji,7010.9168437112,6918.468228566696
1,2022-12-01,7020.8,7067.864433380436,Uji,7069.081138501238,6895.808419756935
1,2022-12-02,7019.64,7025.047731511657,Uji,7025.935773059195,6913.324778689194
1,2022-12-05,6987.33,7016.03459300882,Uji,7017.753873180214,6917.376101626207
1,2022-12-06,6892.57,6988.120387154877,Uji,6990.18069587475,6923.067070918133
1,2022-12-07,6818.75,6902.422858571457,Uji,6905.874691216994,6936.573084356836
1,2022-12-08,6804.23,6826.443335379994,Uji,6831.92180012349,6933.625324907354
1,2022-12-09,6715.12,6804.188110247288,Uji,6810.8125296646695,6912.547177892971
1,2022-12-12,6734.45,6725.701841538868,Uji,6733.420044297003,6894.725703702019
1,2022-12-13,6810.32,6730.504621578776,Uji,6739.2351064545155,6870.131641397519
1,2022-12-14,6801.75,6798.252415729197,Uji,6805.957251231704,6881.65419464831
1,2022-12-15,6751.86,6800.940489598545,Uji,6807.704067738686,6910.387442956019
1,2022-12-16,6812.19,6756.940020708468,Uji,6764.32191091123,6899.8032773805135
1,2022-12-19,6779.7,6802.165634975467,Uji,6809.615827950869,6887.09313789253
1,2022-12-20,6768.32,6782.243043426305,Uji,6789.203258433373,6907.476272016812
1,2022-12-21,6820.66,6768.161109111337,Uji,6775.6759333479695,6895.576101707266
1,2022-12-22,6824.43,6811.623617177044,Uji,6818.76563530091,6890.21843812947
1,2022-12-23,6800.67,6821.796826682126,Uji,6828.192029843963,6907.126887614775
1,2022-12-26,6835.81,6801.881852464113,Uji,6808.465210035477,6914.614745233108
1,2022-12-27,6923.03,6828.926121119894,Uji,6835.477511221208,6896.811248787688
1,2022-12-28,6850.52,6908.520310598064,Uji,6913.717630410243,6882.678039916798
1,2022-12-29,6860.08,6857.775275244754,Uji,6862.521336763542,6934.56518962746
1,2022-12-30,6850.62,6856.38290729348,Uji,6862.014794792574,6906.692298827219
1,2023-01-02,6850.98,6849.5215065849225,Uji,6855.119147744816,6912.834653016377
1,2023-01-03,6888.76,6848.577548340599,Uji,6854.299662177603,6909.4652183712005
1,2023-01-04,6813.24,6881.085532392308,Uji,6886.42241183941,6898.220265144157
1,2023-01-05,6653.84,6821.20442620579,Uji,6826.789955598152,6933.970024967245
1,2023-01-06,6684.56,6674.24417426081,Uji,6682.457292537109,6887.769962030694
1,2023-01-09,6688.27,6679.5210856881895,Uji,6689.583780589717,6830.188720133341
1,2023-01-10,6622.5,6686.7785137641595,Uji,6696.387808657307,6847.792140307466
1,2023-01-11,6584.45,6630.7609189905315,Uji,6640.982106076489,6825.879125359094
1,2023-01-12,6629.93,6589.355352773781,Uji,6600.850381558095,6777.261414359242
1,2023-01-13,6641.83,6634.48014950023,Uji,6652.556883412016,6773.636366557508
1,2023-01-16,6688.06,6639.640158105205,Uji,6650.456873837423,6802.02375427011
1,2023-01-17,6767.34,6680.937139108197,Uji,6696.082355788368,6825.103803432024
1,2023-01-18,6765.79,6755.17853925648,Uji,6769.3521558535385,6866.963781169099
1,2023-01-19,6819.91,6764.349890360264,Uji,6772.057595549851,6891.335337221668
1,2023-01-20,6874.93,6810.644062152539,Uji,6817.827880644833,6889.571998913333
1,2023-01-24,6860.85,6865.086689308923,Uji,6870.983621950788,6891.671512622879
1,2023-01-25,6829.93,6860.278380901259,Uji,6865.571877431911,6914.875338140775
1,2023-01-26,6864.82,6831.846829548515,Uji,6837.642310311832,6919.32626500373
1,2023-01-27,6898.98,6857.727714401524,Uji,6863.590717213791,6898.168019958781
1,2023-01-30,6872.48,6891.69999848728,Uji,6896.746554224537,6899.915785994576
1,2023-01-31,6839.34,6873.456975704475,Uji,6878.307654197855,6919.666196318914
1,2023-02-01,6862.26,6841.472582941094,Uji,6847.015826650301,6920.5036807322995
1,2023-02-02,6890.57,6856.774830586355,Uji,6862.536170513671,6902.182247970151
1,2023-02-03,6911.73,6884.135060229942,Uji,6889.300940088079,6901.564125813293
1,2023-02-06,6873.79,6906.066074024487,Uji,6910.635544284631,6904.9556317282195
1,2023-02-07,6935.3,6876.271632314963,Uji,6880.9364563686095,6923.6672153294585
1,2023-02-08,6940.12,6924.094250087788,Uji,6928.653676443151,6892.078290766523
1,2023-02-09,6897.37,6936.384444632582,Uji,6940.062328437619,6911.831823985625
1,2023-02-10,6880.33,6900.292537927078,Uji,6904.335462809252,6926.358053382685
1,2023-02-13,6900.14,6879.988320197507,Uji,6884.781815955684,6916.7489061940205
1,2023-02-14,6941.85,6894.751425382541,Uji,6899.576276692199,6904.913388246346
1,2023-02-15,6914.54,6933.212807389549,Uji,6937.349503517203,6899.190683591412
1,2023-02-16,6895.66,6915.274076940466,Uji,6919.120702565958,6921.787528090526
1,2023-02-17,6895.71,6895.434432008313,Uji,6899.841026426005,6918.054571614315
1,2023-02-20,6894.72,6892.976144111798,Uji,6897.637950773882,6911.531139861394
1,2023-02-21,6873.4,6892.132181801841,Uji,6896.803251645015,6911.846299024869
1,2023-02-22,6809.97,6873.683047964616,Uji,6878.58219462876,6917.920793554832
1,2023-02-23,6839.45,6816.359951300656,Uji,6822.186428904569,6929.659079752019
1,2023-02-24,6856.58,6833.285682210364,Uji,6839.67444967691,6898.92186143403
1,2023-02-27,6854.78,6851.909191739003,Uji,6857.726237356704,6903.9294231880185
1,2023-02-28,6843.24,6852.632057474296,Uji,6858.235184800666,6910.376217415381
1,2023-03-01,6844.94,6842.478492665329,Uji,6848.222192457358,6913.228433165599
1,2023-03-02,6857.42,6842.41029539589,Uji,6848.293196111957,6908.738723325778
1,2023-03-03,6813.64,6853.3582360101145,Uji,6859.09248271529,6905.569196146774
1,2023-03-06,6807.0,6817.396161544358,Uji,6823.402121194637,6923.045970277836
1,2023-03-07,6766.76,6805.891100724373,Uji,6812.556835195456,6909.9520523441315
1,2023-03-08,6776.37,6770.437530589133,Uji,6777.598307182222,6903.805056014108
1,2023-03-09,6799.79,6773.363324272065,Uji,6780.972320666343,6892.839179855631
1,2023-03-10,6765.3,6794.758740513953,Uji,6802.001851805481,6899.273862315463
1,2023-03-13,6786.96,6768.227892637877,Uji,6775.501051241189,6901.333833425092
1,2023-03-14,6641.81,6782.268722905546,Uji,6789.7909112656425,6894.0714150476915
1,2023-03-15,6628.14,6660.426493814601,Uji,6669.116644816413,6877.694659496589
1,2023-03-16,6565.73,6629.451682286867,Uji,6640.245329744081,6803.340645231042
1,2023-03-17,6678.24,6574.0184631523125,Uji,6585.625571943934,6773.450153406888
1,2023-03-20,6612.49,6699.655749222655,Uji,6717.567112141272,6781.267856234342
1,2023-03-21,6691.61,6620.831611786642,Uji,6631.289421452889,6816.9374969262235
1,2023-03-24,6762.25,6695.720585310477,Uji,6713.003296852728,6810.866230794226
1,2023-03-27,6708.93,6751.275553820755,Uji,6761.817518115667,6867.256003936572
1,2023-03-28,6760.33,6714.82187663736,Uji,6723.170956889413,6880.704708036228
1,2023-03-29,6839.44,6751.92047379079,Uji,6760.474251354364,6872.328640065236
1,2023-03-30,6808.95,6826.700720990337,Uji,6833.761881460585,6881.812702658221
1,2023-03-31,6805.28,6810.98452098373,Uji,6817.28122635666,6918.259163422634
1,2023-04-03,6827.17,6803.791945725712,Uji,6810.538537850414,6908.8529199910645
1,2023-04-04,6833.18,6822.113462890422,Uji,6828.689350835121,6901.0004433084005
1,2023-04-05,6819.67,6830.1772202843795,Uji,6836.396148697176,6906.737918411541
1,2023-04-06,6792.77,6819.365779712236,Uji,6825.63929548148,6912.875250648309
1,2023-04-10,6771.23,6794.4636480594,Uji,6801.190975299511,6911.879258225013
1,2023-04-11,6811.31,6772.3929058248095,Uji,6779.701386899978,6900.097800117778
2,2022-01-05,6662.3,6689.122781959491,Latih,6707.3663754973,6871.047474325936
2,2022-01-06,6653.35,6665.004758925302,Latih,6678.764545211211,6871.047474325936
2,2022-01-07,6701.32,6654.310519405242,Latih,6671.9572984379665,6871.047474325936
2,2022-01-10,6691.12,6683.418721960351,Latih,6705.765498594958,6871.047474325936
2,2022-01-11,6647.97,6692.032683555947,Latih,6708.575149210114,6871.047474325936
2,2022-01-12,6647.06,6649.53194534653,Latih,6663.517293537868,6871.047474325936
2,2022-01-13,6658.36,6646.6415435356,Latih,6665.672538300914,6871.047474325936
2,2022-01-14,6693.4,6655.698748315883,Latih,6674.779773286893,6871.047474325936
2,2022-01-17,6645.05,6684.585357303635,Latih,6704.855067677218,6871.047474325936
2,2022-01-18,6614.06,6646.223433158706,Latih,6660.129498663557,6871.047474325936
2,2022-01-19,6591.98,6614.699280602193,Latih,6630.6521229627815,6871.047474325936
2,2022-01-20,6626.87,6592.067579535994,Latih,6609.341032120069,6871.047474325936
2,2022-01-21,6726.37,6608.270808334952,Latih,6632.512673783981,6871.047474325936
2,2022-01-24,6655.17,6671.286066384031,Latih,6694.0794604116845,6871.047474325936
2,2022-01-25,6568.17,6655.667875990879,Latih,6668.2215453326835,6871.047474325936
2,2022-01-26,6600.82,6563.975596617236,Latih,6579.705987845884,6871.047474325936
2,2022-01-27,6611.16,6579.938980576453,Latih,6604.899307187726,6871.047474325936
2,2022-01-28,6645.51,6609.005133040739,Latih,6630.237369979256,6871.047474325936
2,2022-01-31,6631.15,6630.114284239047,Latih,6653.793923621189,6871.047474325936
2,2022-02-02,6707.65,6633.226778462091,Latih,6649.247514154698,6871.047474325936
2,2022-02-03,6683.85,6668.03996584089,Latih,6690.856407617347,6871.047474325936
2,2022-02-04,6731.39,6687.222934502379,Latih,6701.1681901481925,6871.047474325936
2,2022-02-07,6804.94,6718.306321283003,Latih,6739.1824026820295,6871.047474325936
2,2022-02-08,6789.52,6782.154661287396,Latih,6802.033523990841,6871.047474325936
2,2022-02-09,6834.61,6790.655850337774,Latih,6802.372985045941,6871.047474325936
2,2022-02-10,6823.64,6824.708831935857,Latih,6837.181654796935,6871.047474325936
2,2022-02-11,6815.61,6823.744637884234,Latih,6834.083862481749,6871.047474325936
2,2022-02-14,6734.49,6815.251228570077,Latih,6826.1028395986905,6871.047474325936
2,2022-02-15,6807.5,6738.0625466460215,Latih,6746.751391005242,6871.047474325936
2,2022-02-16,6850.2,6785.524475330441,Latih,6805.315384416612,6871.047474325936
2,2022-02-17,6835.12,6840.610971491075,Latih,6852.245578219333,6871.047474325936
2,2022-02-18,6892.82,6835.870668353772,Latih,6845.48182622496,6871.047474325936
2,2022-02-21,6902.96,6880.270856065494,Latih,6890.629653313501,6871.047474325936
2,2022-02-22,6861.99,6898.761002223536,Latih,6906.40469395046,6871.047474325936
2,2022-02-23,6920.06,6867.134020386974,Latih,6874.2736659187485,6871.047474325936
2,2022-02-24,6817.82,6907.25120547925,Latih,6916.3597744545805,6871.047474325936
2,2022-02-25,6888.17,6824.093358394835,Latih,6828.29611987326,6871.047474325936
2,2022-03-01,6921.44,6873.413859336417,Latih,6884.585650229496,6871.047474325936
2,2022-03-02,6868.4,6913.013187520252,Latih,6920.887894814956,6871.047474325936
2,2022-03-04,6928.33,6875.635837197047,Latih,6881.90787399028,6871.047474325936
2,2022-03-07,6869.07,6915.1329078105555,Latih,6923.944367090213,6871.047474325936
2,2022-03-08,6814.18,6877.40250991885,Latih,6883.350017369729,6871.047474325936
2,2022-03-09,6864.44,6822.129793328677,Latih,6828.879353469943,6871.047474325936
2,2022-03-10,6924.01,6853.410655373373,Latih,6864.739229250292,6871.047474325936
2,2022-03-11,6922.6,6910.907457303153,Latih,6919.902962273406,6871.047474325936
2,2022-03-14,6952.2,6920.306387557434,Latih,6926.491389952946,6871.047474325936
2,2022-03-15,6918.19,6944.203898788741,Latih,6950.47400746291,6871.047474325936
2,2022-03-16,6992.4,6921.700933300006,Latih,6926.553560582745,6871.047474325936
2,2022-03-17,6964.38,6976.21744607752,Latih,6982.720946838315,6871.047474325936
2,2022-03-18,6954.96,6966.501026357466,Latih,6969.486696307117,6871.047474325936
2,2022-03-21,6955.18,6953.85426922088,Latih,6958.15554413145,6871.047474325936
2,2022-03-22,7000.82,6952.365626784019,Latih,6957.1113107187075,6871.047474325936
2,2022-03-23,6996.12,6989.636930558738,Latih,6994.400998884496,6871.047474325936
2,2022-03-24,7049.69,6993.885070095119,Latih,6996.4936358279565,6871.047474325936
2,2022-03-25,7002.53,7036.754331270519,Latih,7039.61821583933,6871.047474325936
2,2022-03-28,7049.6,7007.768558670938,Latih,7008.076160921513,6871.047474325936
2,2022-03-29,7011.69,7037.816007434789,Latih,7040.377580870453,6871.047474325936
2,2022-03-30,7053.19,7015.225222848714,Latih,7015.54286925441,6871.047474325936
2,2022-03-31,7071.44,7042.366816824142,Latih,7044.498643908564,6871.047474325936
2,2022-04-01,7078.76,7064.604083021945,Latih,7064.7899447316595,6871.047474325936
2,2022-04-04,7116.22,7073.807578231164,Latih,7073.137265396782,6871.047474325936
2,2022-04-05,7148.3,7105.663109436703,Latih,7104.671204278541,6871.047474325936
2,2022-04-06,7104.22,7138.467185541468,Latih,7135.728718391732,6871.047474325936
2,2022-04-07,7127.37,7108.188452169968,Latih,7103.909104008746,6871.047474325936
2,2022-04-08,7210.83,7119.267693348005,Latih,7117.08205828972,6871.047474325936
2,2022-04-11,7203.79,7191.4526596827145,Latih,7188.227723609292,6871.047474325936
2,2022-04-12,7214.78,7200.489484692896,Latih,7193.323607773865,6871.047474325936
2,2022-04-13,7262.78,7208.208238543358,Latih,7201.381351859654,6871.047474325936
2,2022-04-14,7235.53,7249.3121049363335,Latih,7241.997000569791,6871.047474325936
2,2022-04-18,7275.29,7235.58223812589,Latih,7225.9861240673945,6871.047474325936
2,2022-04-19,7199.23,7263.1921408338285,Latih,7254.9063854588,6871.047474325936
2,2022-04-20,7227.36,7208.184697554793,Latih,7197.975665834035,6871.047474325936
2,2022-04-21,7276.19,7217.663196350423,Latih,7211.059343718376,6871.047474325936
2,2022-04-22,7225.61,7262.479588739965,Latih,7254.579591697547,6871.047474325936
2,2022-04-25,7215.98,7229.864468303412,Latih,7219.629519075243,6871.047474325936
2,2022-04-26,7232.15,7213.051270070759,Latih,7205.195978486623,6871.047474325936
2,2022-04-27,7196.76,7224.537120171277,Latih,7217.146236241547,6871.047474325936
2,2022-04-28,7228.91,7198.530112164701,Latih,7190.35412505635,6871.047474325936
2,2022-05-09,6909.75,7218.490224908677,Latih,7212.003808179584,6871.047474325936
2,2022-05-10,6819.79,6909.424083563731,Latih,6900.969326310798,6748.5416047156095
2,2022-05-11,6816.2,6826.759431399738,Latih,6831.364923142528,6871.047474325936
2,2022-05-12,6599.84,6815.050726607475,Latih,6826.084253427719,6871.047474325936
2,2022-05-13,6597.99,6590.669435385171,Latih,6599.864315713574,6822.092845186625
2,2022-05-17,6644.47,6598.087705331598,Latih,6617.164504134662,6871.047474325936
2,2022-05-18,6793.41,6619.288999882645,Latih,6643.278382624323,6871.047474325936
2,2022-05-19,6823.33,6709.053333947826,Latih,6731.006729453526,6871.047474325936
2,2022-05-20,6918.14,6816.195670611295,Latih,6828.477901144956,6871.047474325936
2,2022-05-23,6840.77,6895.326484091922,Latih,6909.769441075967,6871.047474325936
2,2022-05-24,6914.14,6849.305331167617,Latih,6853.49425951276,6871.047474325936
2,2022-05-25,6883.5,6898.663946090683,Latih,6908.769621661649,6871.047474325936
2,2022-05-27,7026.26,6886.661382501168,Latih,6893.287273982509,6871.047474325936
2,2022-05-30,7037.56,6981.471884405072,Latih,6996.414896826205,6871.047474325936
2,2022-05-31,7148.97,7032.196347484651,Latih,7033.631002587738,6871.047474325936
2,2022-06-02,7148.72,7125.083886922673,Latih,7126.055927970484,6871.047474325936
2,2022-06-03,7182.96,7144.609500277716,Latih,7140.326564918237,6871.047474325936
2,2022-06-06,7096.58,7172.497679890475,Latih,7168.248150314769,6871.047474325936
2,2022-06-07,7141.04,7108.093794975949,Latih,7102.174873011184,6871.047474325936
2,2022-06-08,7193.31,7129.066573788003,Latih,7127.24979239054,6871.047474325936
2,2022-06-09,7182.83,7179.581006409608,Latih,7175.700240814767,6871.047474325936
2,2022-06-10,7086.65,7180.28804318615,Latih,7173.935294432125,6871.047474325936
2,2022-06-13,6995.44,7099.970046442222,Latih,7094.050989957523,6871.047474325936
2,2022-06-14,7049.88,7008.529986341058,Latih,7007.089771080672,6871.047474325936
2,2022-06-15,7007.05,7036.788858053747,Latih,7039.685072246853,6871.047474325936
2,2022-06-16,7050.33,7011.489604263365,Latih,7011.791108276903,6871.047474325936
2,2022-06-17,6936.97,7039.211965636674,Latih,7041.56086305565,6871.047474325936
2,2022-06-20,6976.38,6948.0490166008985,Latih,6946.596918746283,6868.9366323513195
2,2022-06-21,7044.07,6966.474301730448,Latih,6972.081944566423,6871.047474325936
2,2022-06-22,6984.31,7028.673853315773,Latih,7032.465342513981,6871.047474325936
2,2022-06-23,6998.27,6991.909734534678,Latih,6992.470996542033,6871.047474325936
2,2022-06-24,7042.94,6992.715239903388,Latih,6996.1038867372845,6871.047474325936
2,2022-06-27,7016.06,7031.628449160518,Latih,7034.386780420604,6871.047474325936
2,2022-06-28,6996.46,7017.610799369872,Latih,7018.245285061658,6871.047474325936
2,2022-06-29,6942.35,6996.861233969388,Latih,6998.751194211302,6871.047474325936
2,2022-06-30,6911.58,6949.248306658319,Latih,6952.028609507732,6871.047474325936
2,2022-07-01,6794.33,6914.564269626783,Latih,6919.877291385877,6871.047474325936
2,2022-07-04,6639.17,6798.8048886192155,Latih,6803.43768790874,6869.566409845393
2,2022-07-05,6703.27,6634.794989440301,Latih,6644.7059418008575,6856.873848671058
2,2022-07-06,6646.41,6672.852786432965,Latih,6695.51315145524,6871.047474325936
2,2022-07-07,6652.59,6647.223566452872,Latih,6660.731318431211,6871.047474325936
2,2022-07-08,6740.22,6650.876556168359,Latih,6669.984630856229,6871.047474325936
2,2022-07-11,6722.15,6696.621797496694,Latih,6718.733601435443,6871.047474325936
2,2022-07-12,6718.29,6724.2352649829,Latih,6738.962529848837,6871.047474325936
2,2022-07-13,6640.99,6717.886327627023,Latih,6733.463467020117,6871.047474325936
2,2022-07-14,6690.09,6640.548709715316,Latih,6653.479830783766,6871.047474325936
2,2022-07-15,6651.9,6669.619880053415,Latih,6692.32390800448,6871.047474325936
2,2022-07-18,6659.25,6653.883967902449,Latih,6667.894886091365,6871.047474325936
2,2022-07-19,6736.09,6657.281919031826,Latih,6676.135218568458,6871.047474325936
2,2022-07-20,6874.74,6700.443598520177,Latih,6722.42899856033,6871.047474325936
2,2022-07-21,6864.13,6810.659726900491,Latih,6829.977462116515,6871.047474325936
2,2022-07-22,6886.96,6863.882314846555,Latih,6872.354313071113,6871.047474325936
2,2022-07-25,6858.41,6880.627759872121,Latih,6889.614521046622,6871.047474325936
2,2022-07-26,6871.54,6861.3800647020735,Latih,6869.272080228369,6871.047474325936
2,2022-07-27,6898.22,6867.035394854884,Latih,6876.282295163017,6871.047474325936
2,2022-07-28,6956.82,6891.125717992528,Latih,6899.770103513345,6871.047474325936
2,2022-07-29,6951.12,6943.655371335199,Latih,6951.078315849356,6871.047474325936
2,2022-08-01,6968.78,6949.382871432951,Latih,6954.038337331466,6871.047474325936
2,2022-08-02,6988.16,6962.780249804907,Latih,6967.7156516874375,6871.047474325936
2,2022-08-03,7046.63,6981.7175178057505,Latih,6985.832168726977,6871.047474325936
2,2022-08-04,7057.35,7032.848320767942,Latih,7036.085767195287,6871.047474325936
2,2022-08-05,7084.65,7051.947999169892,Latih,7052.434468093579,6871.047474325936
2,2022-08-08,7086.85,7076.117330349156,Latih,7076.115357390114,6871.047474325936
2,2022-08-09,7102.88,7082.746562408874,Latih,7081.458354674646,6871.047474325936
2,2022-08-10,7086.24,7096.21312886722,Latih,7094.831340098452,6871.047474325936
2,2022-08-11,7160.38,7085.477227402399,Latih,7083.328809526036,6871.047474325936
2,2022-08-12,7129.28,7143.012703813391,Latih,7141.695843333083,6871.047474325936
2,2022-08-15,7093.28,7130.771300079898,Latih,7125.937953987792,6871.047474325936
2,2022-08-16,7133.45,7095.8955721414795,Latih,7092.5063423878655,6871.047474325936
2,2022-08-18,7186.56,7122.290401119664,Latih,7120.624461408927,6871.047474325936
2,2022-08-19,7172.43,7172.730354537449,Latih,7169.203286690792,6871.047474325936
2,2022-08-22,7107.98,7170.608571608147,Latih,7164.567640062651,6871.047474325936
2,2022-08-23,7163.27,7115.528935964181,Latih,7110.113880834652,6871.047474325936
2,2022-08-24,7194.71,7149.220305557925,Latih,7146.879838054854,6871.047474325936
2,2022-08-25,7174.21,7184.659761702501,Latih,7179.731310016595,6871.047474325936
2,2022-08-26,7135.25,7173.503978681645,Latih,7167.079665322384,6871.047474325936
2,2022-08-29,7132.04,7138.090664244371,Latih,7132.608752707319,6871.047474325936
2,2022-08-30,7159.47,7128.5725717479745,Latih,7124.926229559258,6871.047474325936
2,2022-08-31,7178.59,7150.381033234078,Latih,7146.903468723374,6871.047474325936
2,2022-09-01,7153.1,7170.836403537473,Latih,7166.077088249406,6871.047474325936
2,2022-09-02,7177.18,7153.428044273932,Latih,7147.75085463174,6871.047474325936
2,2022-09-05,7231.88,7168.558084244212,Latih,7164.098300010642,6871.047474325936
2,2022-09-06,7233.15,7217.445722456066,Latih,7211.884668357458,6871.047474325936
2,2022-09-07,7186.76,7228.168575487225,Latih,7220.028370681493,6871.047474325936
2,2022-09-08,7232.02,7190.549313481533,Latih,7182.320011639082,6871.047474325936
2,2022-09-09,7242.66,7219.256495296446,Latih,7213.243633577314,6871.047474325936
2,2022-09-12,7254.46,7235.951540186495,Latih,7227.810617941111,6871.047474325936
2,2022-09-13,7318.02,7247.462052275034,Latih,7238.826724429817,6871.047474325936
2,2022-09-14,7278.08,7301.402842152217,Latih,7292.2511819578185,6871.047474325936
2,2022-09-15,7305.6,7280.076320752001,Latih,7267.901504386161,6871.047474325936
2,2022-09-16,7168.87,7295.453698042133,Latih,7285.180051912761,6871.047474325936
2,2022-09-19,7195.49,7188.784994858586,Latih,7176.689724614105,6846.510724365153
2,2022-09-20,7196.95,7186.287856471621,Latih,7181.095700873815,6871.047474325936
2,2022-09-21,7188.31,7192.192922883118,Latih,7185.7462792147035,6871.047474325936
2,2022-09-22,7218.91,7185.403074021422,Latih,7178.882175349079,6871.047474325936
2,2022-09-23,7178.58,7208.836043078389,Latih,7202.741931318726,6871.047474325936
2,2022-09-26,7127.5,7181.354427548133,Latih,7173.791582301937,6871.047474325936
2,2022-09-27,7112.45,7132.5421204996865,Latih,7126.8492817050965,6871.047474325936
2,2022-09-28,7077.03,7111.218917257858,Latih,7107.925779577566,6871.047474325936
2,2022-09-29,7036.2,7079.658612468907,Latih,7077.053140694567,6871.047474325936
2,2022-09-30,7040.8,7040.077735936109,Latih,7039.116994562808,6871.047474325936
2,2022-10-03,7009.72,7036.599767865601,Latih,7037.567638795439,6871.047474325936
2,2022-10-04,7072.26,7012.059834266364,Latih,7012.7912191510795,6871.047474325936
2,2022-10-05,7075.38,7057.575012876457,Latih,7059.811630989975,6871.047474325936
2,2022-10-06,7076.62,7071.195380460092,Latih,7070.4843977654655,6871.047474325936
2,2022-10-07,7026.78,7072.759443740316,Latih,7071.90201367683,6871.047474325936
2,2022-10-10,6994.4,7032.320374864402,Latih,7031.373085484567,6871.047474325936
2,2022-10-11,6939.15,6997.079201103506,Latih,6998.462155711709,6871.047474325936
2,2022-10-12,6909.21,6946.272949903658,Latih,6949.148358346871,6871.047474325936
2,2022-10-13,6880.63,6912.064171801256,Latih,6917.526622787761,6871.047474325936
2,2022-10-14,6814.53,6883.446983822626,Latih,6890.3036218318775,6871.047474325936
2,2022-10-17,6831.12,6822.443381716345,Latih,6828.228927165901,6871.047474325936
2,2022-10-18,6834.49,6826.290741527413,Latih,6837.581784342563,6871.047474325936
2,2022-10-19,6860.42,6831.977818384802,Latih,6842.488533479012,6871.047474325936
2,2022-10-20,6980.65,6853.727920639255,Latih,6864.095977342764,6871.047474325936
2,2022-10-21,7017.77,6946.959853529981,Latih,6962.72984966939,6871.047474325936
2,2022-10-24,7053.04,7007.974912250696,Latih,7011.548389474809,6871.047474325936
2,2022-10-25,7048.38,7043.321146080558,Latih,7045.166086984341,6871.047474325936
2,2022-10-26,7043.94,7045.76550781316,Latih,7045.943970926468,6871.047474325936
2,2022-10-27,7091.76,7041.318233933513,Latih,7041.713722541395,6871.047474325936
2,2022-10-28,7056.04,7079.542701125213,Latih,7080.1776800567595,6871.047474325936
2,2022-10-31,7098.89,7058.871336646742,Latih,7057.228355004853,6871.047474325936
2,2022-11-01,7052.3,7087.502021458815,Latih,7087.570895665358,6871.047474325936
2,2022-11-02,7015.69,7057.0830286354485,Latih,7055.101325798099,6871.047474325936
2,2022-11-03,7034.57,7018.966536111296,Latih,7019.159258337677,6871.047474325936
2,2022-11-04,7045.53,7027.885252618851,Latih,7029.816689840617,6871.047474325936
2,2022-11-07,7102.4,7040.169702731434,Latih,7041.217478502456,6871.047474325936
2,2022-11-08,7050.13,7088.504239811967,Latih,7089.070972296666,6871.047474325936
2,2022-11-09,7070.08,7055.9343629134355,Latih,7053.785810517138,6871.047474325936
2,2022-11-10,6966.84,7062.95271630413,Latih,7063.282155624098,6871.047474325936
2,2022-11-11,7089.21,6979.762360235508,Latih,6977.4065126199075,6870.951718552451
2,2022-11-14,7019.39,7063.808890848226,Latih,7068.078777774043,6871.047474325936
2,2022-11-15,7035.5,7028.521352549853,Latih,7026.975494300785,6871.047474325936
2,2022-11-16,7014.38,7029.2991468120235,Latih,7031.056649758281,6871.047474325936
2,2022-11-17,7044.99,7014.922687515676,Latih,7015.90701471752,6871.047474325936
2,2022-11-18,7082.18,7036.153834282222,Latih,7038.153562790814,6871.047474325936
2,2022-11-21,7063.25,7071.913492711254,Latih,7072.492959749766,6871.047474325936
2,2022-11-22,7030.59,7063.05665537364,Latih,7061.870099870032,6871.047474325936
2,2022-11-23,7054.12,7033.060907104674,Latih,7032.7465788573645,6871.047474325936
2,2022-11-24,7080.52,7046.472499749724,Latih,7047.713401306932,6871.047474325936
2,2022-11-25,7053.15,7072.176120463677,Latih,7072.323868191906,6871.047474325936
2,2022-11-28,7017.36,7054.523248798912,Latih,7053.408571780389,6871.047474325936
2,2022-11-29,7012.07,7020.479392136396,Latih,7020.633193261684,6871.047474325936
2,2022-11-30,7081.31,7009.825906551539,Latih,7011.664390498459,6871.047474325936
2,2022-12-01,7020.8,7065.373895767993,Latih,7067.505588332481,6871.047474325936
2,2022-12-02,7019.64,7028.272580350699,Latih,7027.100328800144,6871.047474325936
2,2022-12-05,6987.33,7016.610509135783,Latih,7018.291515079201,6871.047474325936
2,2022-12-06,6892.57,6990.047171519455,Latih,6991.76248004621,6871.047474325936
2,2022-12-07,6818.75,6902.573386851594,Latih,6903.804064893768,6871.047474325936
2,2022-12-08,6804.23,6826.471155179774,Latih,6831.76473880831,6871.047474325936
2,2022-12-09,6715.12,6805.101632240447,Latih,6816.176703300509,6871.047474325936
2,2022-12-12,6734.45,6717.426583330353,Latih,6726.64471879246,6871.047474325936
2,2022-12-13,6810.32,6729.824456167838,Latih,6745.743343454921,6871.047474325936
2,2022-12-14,6801.75,6786.49357935968,Latih,6806.267157794269,6871.047474325936
2,2022-12-15,6751.86,6801.585617448421,Latih,6813.056715196106,6871.047474325936
2,2022-12-16,6812.19,6757.758327718402,Latih,6766.930681562748,6871.047474325936
2,2022-12-19,6779.7,6799.749756640227,Latih,6813.984745805296,6871.047474325936
2,2022-12-20,6768.32,6783.928777445583,Latih,6795.297774562866,6871.047474325936
2,2022-12-21,6820.66,6768.891488970247,Latih,6781.785740366607,6871.047474325936
2,2022-12-22,6824.43,6809.574352807733,Latih,6823.038340967331,6871.047474325936
2,2022-12-23,6800.67,6821.918709131215,Latih,6832.916386388873,6871.047474325936
2,2022-12-26,6835.81,6803.203331762584,Latih,6814.008219533894,6871.047474325936
2,2022-12-27,6923.03,6827.662306781148,Latih,6839.610031077302,6871.047474325936
2,2022-12-28,6850.52,6905.037926574394,Latih,6915.383159728991,6871.047474325936
2,2022-12-29,6860.08,6859.733989101687,Latih,6863.689973759989,6871.047474325936
2,2022-12-30,6850.62,6856.289314715007,Latih,6865.901033085923,6871.047474325936
2,2023-01-02,6850.98,6850.264951541461,Latih,6859.419840214291,6871.047474325936
2,2023-01-03,6888.76,6848.883364552595,Latih,6858.484724888543,6871.047474325936
2,2023-01-04,6813.24,6879.767437630039,Latih,6889.375591222687,6871.047474325936
2,2023-01-05,6653.84,6820.629380397532,Latih,6826.09629296187,6871.047474325936
2,2023-01-06,6684.56,6649.914682585608,Latih,6659.0150290299325,6853.764263441601
2,2023-01-09,6688.27,6677.859248470977,Latih,6697.050714308339,6871.047474325936
2,2023-01-10,6622.5,6686.7396940571225,Latih,6704.070861298162,6871.047474325936
2,2023-01-11,6584.45,6621.798009653844,Latih,6635.996986711407,6871.047474325936
2,2023-01-12,6629.93,6583.40904419955,Latih,6600.376085594971,6871.047474325936
2,2023-01-13,6641.83,6603.378520091479,Latih,6627.773766291,6871.047474325936
2,2023-01-16,6688.06,6639.180300075049,Latih,6659.058865713639,6871.047474325936
2,2023-01-17,6767.34,6669.566296279444,Latih,6692.264158733504,6871.047474325936
2,2023-01-18,6765.79,6734.40826778116,Latih,6755.528009621824,6871.047474325936
2,2023-01-19,6819.91,6764.638730916109,Latih,6778.114377470045,6871.047474325936
2,2023-01-20,6874.93,6808.514447822603,Latih,6822.097284344469,6871.047474325936
2,2023-01-24,6860.85,6862.983004243413,Latih,6874.047896628421,6871.047474325936
2,2023-01-25,6829.93,6861.240163970033,Latih,6869.701153979938,6871.047474325936
2,2023-01-26,6864.82,6833.522734994328,Latih,6842.628299691118,6871.047474325936
2,2023-01-27,6898.98,6856.509860147872,Latih,6867.095749465565,6871.047474325936
2,2023-01-30,6872.48,6890.555667349441,Latih,6899.517497496054,6871.047474325936
2,2023-01-31,6839.34,6874.98677851234,Latih,6882.320738089723,6871.047474325936
2,2023-02-01,6862.26,6843.258817044832,Latih,6851.821818005183,6871.047474325936
2,2023-02-02,6890.57,6856.087871112862,Latih,6866.228342506925,6871.047474325936
2,2023-02-03,6911.73,6883.2415718824095,Latih,6892.318842552943,6871.047474325936
2,2023-02-06,6873.79,6905.516974481688,Latih,6913.272317754375,6871.047474325936
2,2023-02-07,6935.3,6878.313321976405,Latih,6885.046784565491,6871.047474325936
2,2023-02-08,6940.12,6921.773417124796,Latih,6930.335050465811,6871.047474325936
2,2023-02-09,6897.37,6936.598343463292,Latih,6942.261744812181,6871.047474325936
2,2023-02-10,6880.33,6902.577063729807,Latih,6907.986312082157,6871.047474325936
2,2023-02-13,6900.14,6881.105574680013,Latih,6888.520403158112,6871.047474325936
2,2023-02-14,6941.85,6894.248665535493,Latih,6902.479671297118,6871.047474325936
2,2023-02-15,6914.54,6931.783090302397,Latih,6939.106064085116,6871.047474325936
2,2023-02-16,6895.66,6916.89050043677,Latih,6922.228946463513,6871.047474325936
2,2023-02-17,6895.71,6896.65217804794,Latih,6903.266792274759,6871.047474325936
2,2023-02-20,6894.72,6893.349467032297,Latih,6900.854692906484,6871.047474325936
2,2023-02-21,6873.4,6892.55071008031,Latih,6900.052931675956,6871.047474325936
2,2023-02-22,6809.97,6874.982899854224,Latih,6882.518370293719,6871.047474325936
2,2023-02-23,6839.45,6817.810492746863,Latih,6823.901779587899,6871.047474325936
2,2023-02-24,6856.58,6832.278694638645,Latih,6843.79005868677,6871.047474325936
2,2023-02-27,6854.78,6851.473657994308,Latih,6861.605385592619,6871.047474325936
2,2023-02-28,6843.24,6853.0388198539995,Latih,6862.361454885343,6871.047474325936
2,2023-03-01,6844.94,6843.305921441949,Latih,6852.7061520556,6871.047474325936
2,2023-03-02,6857.42,6842.649105441011,Latih,6852.594747129717,6871.047474325936
2,2023-03-03,6813.64,6853.131122949161,Latih,6863.004460172991,6871.047474325936
2,2023-03-06,6807.0,6819.626197984849,Latih,6828.883299388026,6871.047474325936
2,2023-03-07,6766.76,6806.456404922338,Latih,6817.774239624474,6871.047474325936
2,2023-03-08,6776.37,6772.453419899968,Latih,6782.710251037507,6871.047474325936
2,2023-03-09,6799.79,6773.1670033133305,Latih,6786.6766609907445,6871.047474325936
2,2023-03-10,6765.3,6793.974501965672,Latih,6807.045647076102,6871.047474325936
2,2023-03-13,6786.96,6769.985562018779,Latih,6781.761885498195,6871.047474325936
2,2023-03-14,6641.81,6781.54761766228,Latih,6795.132830702991,6871.047474325936
2,2023-03-15,6628.14,6638.0488809296585,Latih,6648.242852022733,6862.715309573451
2,2023-03-16,6565.73,6630.116038603195,Latih,6646.2954966087,6871.047474325936
2,2023-03-17,6678.24,6562.642436804845,Latih,6579.45855524108,6871.047474325936
2,2023-03-20,6612.49,6604.664564296757,Latih,6628.953607007869,6871.047474325936
2,2023-03-21,6691.61,6611.339051104492,Latih,6625.976692063965,6871.047474325936
2,2023-03-24,6762.25,6647.532132762979,Latih,6670.88196850033,6871.047474325936
2,2023-03-27,6708.93,6735.420171569608,Latih,6756.491306873883,6871.047474325936
2,2023-03-28,6760.33,6712.728967852314,Latih,6723.642749510726,6871.047474325936
2,2023-03-29,6839.44,6748.489747280801,Latih,6766.067870701876,6871.047474325936
2,2023-03-30,6808.95,6817.376015777919,Latih,6836.365163633562,6871.047474325936
2,2023-03-31,6805.28,6812.616139990124,Latih,6822.7182956228,6871.047474325936
2,2023-04-03,6827.17,6804.222723827394,Latih,6815.760655562613,6871.047474325936
2,2023-04-04,6833.18,6821.430334508453,Latih,6833.155159272885,6871.047474325936
2,2023-04-05,6819.67,6830.209688363706,Latih,6840.905816767849,6871.047474325936
2,2023-04-06,6792.77,6820.252769420478,Latih,6830.656899886464,6871.047474325936
2,2023-04-10,6771.23,6795.915669462711,Latih,6806.940161027344,6871.047474325936
2,2023-04-11,6811.31,6773.57995709273,Latih,6785.859609327644,6871.047474325936
2,2023-04-14,6818.57,6786.398989425628,Uji,6798.395701397986,6871.047474325936
2,2023-04-17,6787.58,6810.929439369473,Uji,6823.577093305622,6871.047474325936
2,2023-04-18,6821.81,6791.486959334045,Uji,6802.559990175099,6871.047474325936
2,2023-04-26,6910.15,6813.923225355181,Uji,6826.479517835711,6871.047474325936
2,2023-04-27,6945.48,6891.283868595703,Uji,6903.048802720651,6871.047474325936
2,2023-04-28,6915.72,6936.51709342276,Uji,6943.370189073732,6871.047474325936
2,2023-05-02,6863.3,6918.495928596901,Uji,6923.663915446448,6871.047474325936
2,2023-05-03,6812.72,6870.462335030179,Uji,6877.0009679139075,6871.047474325936
2,2023-05-04,6844.03,6819.9169852435925,Uji,6827.80240929309,6871.047474325936
2,2023-05-05,6787.63,6836.501970407105,Uji,6847.886549416818,6871.047474325936
2,2023-05-08,6769.63,6794.814108137816,Uji,6802.162573448153,6871.047474325936
2,2023-05-09,6779.98,6771.364503448931,Uji,6783.885551706581,6871.047474325936
2,2023-05-10,6811.9,6776.62024213585,Uji,6789.9967923379245,6871.047474325936
2,2023-05-11,6755.94,6804.492907116147,Uji,6817.40141762558,6871.047474325936
2,2023-05-12,6707.76,6761.721419513251,Uji,6770.4736451816825,6871.047474325936
2,2023-05-15,6711.74,6711.760648522694,Uji,6722.93026467683,6871.047474325936
2,2023-05-16,6676.56,6709.9946147705805,Uji,6726.246338005981,6871.047474325936
2,2023-05-17,6663.11,6679.801335187569,Uji,6692.8533336273,6871.047474325936
2,2023-05-19,6700.56,6664.797856055809,Uji,6681.327284486309,6871.047474325936
2,2023-05-22,6729.65,6690.897817337232,Uji,6711.317741637845,6871.047474325936
2,2023-05-23,6736.68,6723.330259702524,Uji,6739.932844557487,6871.047474325936
2,2023-05-24,6745.8,6734.216756234191,Uji,6749.4517441734915,6871.047474325936
2,2023-05-25,6704.23,6742.901654675328,Uji,6757.8107904929175,6871.047474325936
2,2023-05-26,6687.0,6708.398972935695,Uji,6719.986138966998,6871.047474325936
2,2023-05-29,6681.1,6689.186992808299,Uji,6704.908561771233,6871.047474325936
2,2023-05-30,6636.42,6681.322621128575,Uji,6698.534200147706,6871.047474325936
2,2023-05-31,6633.26,6637.38708208614,Uji,6651.816766436633,6871.047474325936
2,2023-06-05,6633.44,6633.3383347229,Uji,6652.360053217721,6871.047474325936
2,2023-06-06,6618.92,6632.925577118405,Uji,6652.641810825851,6871.047474325936
2,2023-06-07,6619.75,6620.592542889423,Uji,6636.98849951976,6871.047474325936
2,2023-06-08,6666.33,6619.218035012118,Uji,6639.190019140327,6871.047474325936
2,2023-06-09,6694.02,6644.323686591546,Uji,6667.670574100329,6871.047474325936
2,2023-06-12,6722.37,6688.202105106728,Uji,6706.396755808312,6871.047474325936
2,2023-06-13,6719.01,6716.2332009400625,Uji,6733.139677537403,6871.047474325936
2,2023-06-14,6699.72,6718.512652442773,Uji,6734.079837360702,6871.047474325936
2,2023-06-15,6713.79,6702.181147676129,Uji,6717.459989114126,6871.047474325936
2,2023-06-16,6698.55,6710.243185189833,Uji,6726.875398060402,6871.047474325936
2,2023-06-19,6686.06,6700.302285328823,Uji,6716.261259556432,6871.047474325936
2,2023-06-20,6660.46,6687.41427789943,Uji,6704.084223611671,6871.047474325936
2,2023-06-21,6702.63,6663.451602969778,Uji,6677.589289382115,6871.047474325936
2,2023-06-22,6652.26,6689.528572552369,Uji,6711.703275770564,6871.047474325936
2,2023-06-23,6639.73,6653.657587667417,Uji,6667.167828264548,6871.047474325936
2,2023-06-26,6664.67,6641.421564731309,Uji,6658.0012419624,6871.047474325936
2,2023-06-27,6661.88,6659.548260445905,Uji,6678.979014827028,6871.047474325936
2,2023-07-03,6696.72,6661.688842536075,Uji,6679.941527379468,6871.047474325936
2,2023-07-04,6681.75,6688.5583587336705,Uji,6708.022900038381,6871.047474325936
2,2023-07-05,6718.98,6683.574193374828,Uji,6699.854042486566,6871.047474325936
2,2023-07-06,6757.33,6711.294794778992,Uji,6728.77784623625,6871.047474325936
2,2023-07-07,6716.46,6749.173142178828,Uji,6764.924383997348,6871.047474325936
2,2023-07-10,6731.04,6721.2133419108595,Uji,6732.293390208504,6871.047474325936
2,2023-07-11,6796.92,6727.279944343886,Uji,6743.1334549427265,6871.047474325936
2,2023-07-12,6808.21,6779.030301285116,Uji,6798.813094335229,6871.047474325936
2,2023-07-13,6810.21,6804.482593921157,Uji,6816.589791599843,6871.047474325936
2,2023-07-14,6869.57,6808.113511157366,Uji,6819.689422354136,6871.047474325936
2,2023-07-17,6867.14,6856.892636621931,Uji,6868.411601046364,6871.047474325936
2,2023-07-18,6830.2,6865.422299058477,Uji,6874.139997943681,6871.047474325936
2,2023-07-20,6864.19,6834.856926126217,Uji,6843.666008887029,6871.047474325936
2,2023-07-21,6880.8,6856.043703734317,Uji,6866.61649977837,6871.047474325936
2,2023-07-24,6899.4,6875.613148168069,Uji,6884.5932057658265,6871.047474325936
2,2023-07-25,6917.71,6893.72811822836,Uji,6901.93656948094,6871.047474325936
2,2023-07-26,6948.28,6911.959066892312,Uji,6919.30170300548,6871.047474325936
2,2023-07-27,6896.66,6940.140051562836,Uji,6946.638350886157,6871.047474325936
2,2023-07-28,6900.23,6903.44290128921,Uji,6908.466839708732,6871.047474325936
2,2023-07-31,6931.36,6897.2139332950555,Uji,6904.674790010796,6871.047474325936
2,2023-08-01,6886.5,6923.241500431644,Uji,6930.553600519646,6871.047474325936
2,2023-08-02,6854.51,6892.158203330978,Uji,6897.973791565939,6871.047474325936
2,2023-08-03,6898.08,6858.117037067154,Uji,6866.028311364094,6871.047474325936
2,2023-08-04,6852.84,6887.9956857330035,Uji,6897.443200103685,6871.047474325936
2,2023-08-07,6886.37,6858.80537557278,Uji,6866.169445195536,6871.047474325936
2,2023-08-08,6868.81,6878.147100177151,Uji,6887.666044633133,6871.047474325936
2,2023-08-09,6875.11,6869.759759831469,Uji,6877.68612278108,6871.047474325936
2,2023-08-10,6893.28,6871.789508705478,Uji,6880.5481016508165,6871.047474325936
2,2023-08-11,6879.98,6887.727968643052,Uji,6896.200863667174,6871.047474325936
2,2023-08-14,6910.17,6880.095755950552,Uji,6887.703284235044,6871.047474325936
2,2023-08-15,6915.1,6902.368938970909,Uji,6910.622813121424,6871.047474325936
2,2023-08-16,6900.54,6911.737131420122,Uji,6918.570093920874,6871.047474325936
2,2023-08-18,6859.91,6900.732324605927,Uji,6907.323689304039,6871.047474325936
2,2023-08-21,6866.03,6865.008650259415,Uji,6872.261090756398,6871.047474325936
2,2023-08-22,6916.45,6862.806065689365,Uji,6871.97868857358,6871.047474325936
2,2023-08-23,6921.41,6905.021716922269,Uji,6913.937473991262,6871.047474325936
2,2023-08-24,6899.39,6917.996837219344,Uji,6924.537600002039,6871.047474325936
2,2023-08-25,6895.44,6900.91163967882,Uji,6907.204639161871,6871.047474325936
2,2023-08-28,6921.73,6893.789818038388,Uji,6901.118845218167,6871.047474325936
2,2023-08-29,6957.83,6914.537186279939,Uji,6922.069159201133,6871.047474325936
2,2023-08-30,6966.66,6948.642697912505,Uji,6954.95746720498,6871.047474325936
2,2023-08-31,6953.26,6962.238986427837,Uji,6966.856607384735,6871.047474325936
2,2023-09-01,6977.65,6952.871197538428,Uji,6957.063914861731,6871.047474325936
2,2023-09-04,6996.75,6970.395199105794,Uji,6975.235271194631,6871.047474325936
2,2023-09-05,6991.71,6990.295854038653,Uji,6993.997618440447,6871.047474325936
2,2023-09-06,6995.95,6989.566755992827,Uji,6992.364456753788,6871.047474325936
2,2023-09-07,6954.81,6992.133082466182,Uji,6995.171170350371,6871.047474325936
2,2023-09-08,6924.78,6959.322594244532,Uji,6962.134778318458,6871.047474325936
2,2023-09-11,6963.39,6927.539210563946,Uji,6932.2728549644835,6871.047474325936
2,2023-09-12,6933.97,6953.718538606814,Uji,6959.892958767467,6871.047474325936
2,2023-09-13,6935.48,6936.555633384039,Uji,6940.890381338349,6871.047474325936
2,2023-09-14,6959.33,6932.577497776498,Uji,6938.300805336286,6871.047474325936
2,2023-09-15,6982.79,6952.301326255254,Uji,6957.968516582303,6871.047474325936
2,2023-09-18,6936.08,6975.663223946745,Uji,6980.220266093071,6871.047474325936
2,2023-09-19,6980.32,6941.712522338977,Uji,6945.133521217158,6871.047474325936
2,2023-09-20,7011.68,6969.5309085256395,Uji,6975.182987780029,6871.047474325936
2,2023-09-21,6991.47,7002.948395532428,Uji,7006.533575990855,6871.047474325936
2,2023-09-22,7016.84,6992.0149291235775,Uji,6994.10823866671,6871.047474325936
2,2023-09-25,6998.38,7009.132276928483,Uji,7012.194892280757,6871.047474325936
2,2023-09-26,6923.8,6998.565736061392,Uji,7000.420048520623,6871.047474325936
2,2023-09-27,6937.83,6934.455485744227,Uji,6936.873503989626,6871.047474325936
2,2023-09-29,6939.89,6932.6936109000935,Uji,6938.898073846151,6871.047474325936
2,2023-10-02,6961.46,6936.858661956837,Uji,6942.402721703698,6871.047474325936
2,2023-10-03,6940.89,6954.819898151807,Uji,6960.280465859227,6871.047474325936
2,2023-10-04,6886.58,6941.859126647761,Uji,6946.289226815751,6871.047474325936
2,2023-10-05,6874.83,6893.911132599457,Uji,6899.27726731275,6871.047474325936
2,2023-10-06,6888.52,6874.7079635277805,Uji,6882.628205820364,6871.047474325936
2,2023-10-09,6891.46,6883.795233513457,Uji,6892.278329632623,6871.047474325936
2,2023-10-10,6922.19,6888.617997370703,Uji,6896.457281082615,6871.047474325936
2,2023-10-11,6931.75,6914.207657280014,Uji,6921.927644229877,6871.047474325936
2,2023-10-12,6935.15,6927.448521708,Uji,6933.725132179011,6871.047474325936
2,2023-10-13,6926.78,6931.915166458238,Uji,6937.742973587265,6871.047474325936
2,2023-10-16,6896.29,6925.689157902646,Uji,6931.351393412102,6871.047474325936
2,2023-10-17,6939.62,6899.33363116537,Uji,6905.371423912391,6871.047474325936
2,2023-10-18,6927.91,6929.282118097294,Uji,6936.785236492505,6871.047474325936
2,2023-10-19,6846.43,6927.4025607303265,Uji,6932.854653681863,6871.047474325936
2,2023-10-20,6849.17,6855.0164198333405,Uji,6858.7941879982145,6871.047474325936
2,2023-10-23,6741.96,6846.664772110321,Uji,6856.462621230819,6871.047474325936
2,2023-10-24,6806.76,6744.577593701208,Uji,6751.90099346372,6871.047474325936
2,2023-10-25,6834.39,6791.192540037066,Uji,6808.265361743602,6871.047474325936
2,2023-10-26,6714.52,6827.582357099985,Uji,6839.241962116099,6871.047474325936
2,2023-10-27,6758.79,6715.277817944159,Uji,6723.297593778392,6869.816459983926
2,2023-10-30,6735.89,6749.574392723913,Uji,6765.536920519796,6871.047474325936
2,2023-10-31,6752.21,6738.732680120491,Uji,6752.59273980769,6871.047474325936
2,2023-11-01,6642.42,6747.9909025231245,Uji,6762.941358380642,6871.047474325936
2,2023-11-02,6751.39,6640.435634500245,Uji,6652.010682527434,6871.047474325936
2,2023-11-03,6788.85,6692.5119444531365,Uji,6714.78521715345,6871.047474325936
2,2023-11-06,6878.84,6780.626133689909,Uji,6794.868588711352,6871.047474325936
2,2023-11-07,6843.79,6854.003058745601,Uji,6872.080385644179,6871.047474325936
2,2023-11-08,6804.11,6848.01532983426,Uji,6856.2811538389715,6871.047474325936
2,2023-11-09,6838.23,6809.438061693939,Uji,6819.3320477277375,6871.047474325936
2,2023-11-10,6809.26,6830.245694866216,Uji,6842.032667840458,6871.047474325936
2,2023-11-13,6838.31,6812.654702371392,Uji,6822.814141076241,6871.047474325936
2,2023-11-14,6862.06,6831.2229597714895,Uji,6842.767101843692,6871.047474325936
2,2023-11-15,6958.21,6855.7422669807465,Uji,6865.931187971274,6871.047474325936
2,2023-11-16,6958.01,6938.3857546750205,Uji,6947.515151820234,6871.047474325936
2,2023-11-17,6977.67,6955.249779022984,Uji,6959.844038351231,6871.047474325936
2,2023-11-20,6994.89,6971.252674009258,Uji,6975.868725566918,6871.047474325936
2,2023-11-21,6961.79,6988.782011534032,Uji,6992.481713296828,6871.047474325936
2,2023-11-22,6906.95,6964.829078089648,Uji,6967.6956530571515,6871.047474325936
2,2023-11-23,7004.34,6914.229853069232,Uji,6918.62302751516,6871.047474325936
2,2023-11-24,7009.63,6983.967408552821,Uji,6991.008585492429,6871.047474325936
2,2023-11-27,7013.41,7005.52965371853,Uji,7007.980651767909,6871.047474325936
2,2023-11-28,7041.07,7009.5500958455195,Uji,7011.754070454896,6871.047474325936
2,2023-11-29,7036.09,7032.78419959909,Uji,7034.827198686662,6871.047474325936
2,2023-11-30,7080.74,7033.6198374331625,Uji,7034.355033716026,6871.047474325936
2,2023-12-01,7059.91,7069.162649727531,Uji,7070.160967002578,6871.047474325936
2,2023-12-04,7093.6,7060.076949141091,Uji,7058.956218725509,6871.047474325936
2,2023-12-05,7100.85,7083.871956182191,Uji,7083.7548341590855,6871.047474325936
2,2023-12-06,7087.4,7095.752487770986,Uji,7094.050945117544,6871.047474325936
3,2022-01-05,6662.3,6693.786621723937,Latih,6701.944415011126,6758.104200890388
3,2022-01-06,6653.35,6666.5099024741485,Latih,6673.839075383856,6766.165554594424
3,2022-01-07,6701.32,6653.608084331464,Latih,6661.359201436204,6755.6569021392115
3,2022-01-10,6691.12,6699.76384687038,Latih,6707.899119278509,6755.440773444201
3,2022-01-11,6647.97,6691.0481657841965,Latih,6698.013731310534,6769.125755436447
3,2022-01-12,6647.06,6654.090411162164,Latih,6661.613163862837,6767.145397798446
3,2022-01-13,6658.36,6646.048215338822,Latih,6655.455373729106,6751.529696024085
3,2022-01-14,6693.4,6657.167134292585,Latih,6666.41009989263,6749.199003636265
3,2022-01-17,6645.05,6691.873535263257,Latih,6700.150087232756,6755.363962561513
3,2022-01-18,6614.06,6652.091887727987,Latih,6659.622952639622,6768.495305342701
3,2022-01-19,6591.98,6618.609483642734,Latih,6626.946754547738,6756.29688072833
3,2022-01-20,6626.87,6595.33876524445,Latih,6604.2162009470585,6748.870281755949
3,2022-01-21,6726.37,6626.248422331967,Latih,6636.818180467495,6734.628364814244
3,2022-01-24,6655.17,6724.784173576257,Latih,6732.581117138736,6755.339502353395
3,2022-01-25,6568.17,6665.93209451483,Latih,6673.02983708696,6778.760521556167
3,2022-01-26,6600.82,6582.851793968996,Latih,6591.5740819457205,6768.110914629427
3,2022-01-27,6611.16,6600.539555340562,Latih,6611.984965385725,6732.978309665791
3,2022-01-28,6645.51,6610.603958514078,Latih,6621.465140075542,6740.638188624852
3,2022-01-31,6631.15,6644.631378522078,Latih,6654.552705732595,6738.345206658714
3,2022-02-02,6707.65,6632.641426176438,Latih,6640.793451921428,6753.443354194487
3,2022-02-03,6683.85,6706.180055403579,Latih,6714.388058256377,6749.461182988906
3,2022-02-04,6731.39,6686.1829384675775,Latih,6693.1626958470215,6769.62998099151
3,2022-02-07,6804.94,6729.421838003418,Latih,6736.515567397498,6772.173618435887
3,2022-02-08,6789.52,6802.12766552511,Latih,6806.949891302617,6804.116991158756
3,2022-02-09,6834.61,6788.920767380625,Latih,6793.820409380526,6825.147591122721
3,2022-02-10,6823.64,6831.2217042521,Latih,6834.730253187751,6829.935088337099
3,2022-02-11,6815.61,6821.798963969384,Latih,6826.044188907181,6842.494721396006
3,2022-02-14,6734.49,6813.386737435791,Latih,6817.82542445961,6837.088365222252
3,2022-02-15,6807.5,6745.793239140683,Latih,6751.169059289271,6816.599118315313
3,2022-02-16,6850.2,6804.649555580051,Latih,6809.377976123127,6805.7086310255845
3,2022-02-17,6835.12,6846.58502420906,Latih,6849.53145917777,6839.3298260534175
3,2022-02-18,6892.82,6833.809666014945,Latih,6837.779214766658,6850.192938536444
3,2022-02-21,6902.96,6888.715389803393,Latih,6890.34482977186,6857.8639378101025
3,2022-02-22,6861.99,6898.429948664352,Latih,6899.241552270099,6879.248257942241
3,2022-02-23,6920.06,6864.674054341952,Latih,6867.837290605346,6873.613016099673
3,2022-02-24,6817.82,6915.58675565009,Latih,6916.280430113124,6872.76982272927
3,2022-02-25,6888.17,6831.501460876202,Latih,6834.9624570149535,6869.585377156179
3,2022-03-01,6921.44,6884.205138174338,Latih,6886.124020202203,6851.09866125647
3,2022-03-02,6868.4,6916.798130081641,Latih,6917.19121975069,6881.764789619786
3,2022-03-04,6928.33,6873.033930200975,Latih,6875.9464661461525,6881.15673709516
3,2022-03-07,6869.07,6923.7553890020135,Latih,6924.182803674388,6876.714978532833
3,2022-03-08,6814.18,6874.7464586490805,Latih,6877.583753110808,6883.591458232445
3,2022-03-09,6864.44,6819.904004069898,Latih,6823.908169284795,6851.856950128116
3,2022-03-10,6924.01,6860.6768169036895,Latih,6863.209199513534,6844.676320856251
3,2022-03-11,6922.6,6919.492026293026,Latih,6920.064744914817,6874.451097712557
3,2022-03-14,6952.2,6917.732752167629,Latih,6920.03748220806,6893.918553615852
3,2022-03-15,6918.19,6947.11715217357,Latih,6946.411774476222,6899.953969844028
3,2022-03-16,6992.4,6918.891170584904,Latih,6920.972866573679,6902.3086964601725
3,2022-03-17,6964.38,6987.039395460542,Latih,6985.402601735648,6907.32243378465
3,2022-03-18,6954.96,6963.405857181006,Latih,6964.601335840278,6925.803768886972
3,2022-03-21,6955.18,6950.974511299781,Latih,6952.546914815955,6914.431363931345
3,2022-03-22,7000.82,6949.879070631912,Latih,6951.224000938586,6911.352269887076
3,2022-03-23,6996.12,6995.172111989913,Latih,6992.9534747076605,6921.453125160384
3,2022-03-24,7049.69,6990.74609225994,Latih,6991.522631002721,6935.572965261389
3,2022-03-25,7002.53,7043.424681590263,Latih,7039.601266327563,6945.782669581821
3,2022-03-28,7049.6,7004.246692261754,Latih,7004.471788952409,6953.206152175717
3,2022-03-29,7011.69,7043.296663452451,Latih,7039.410023820464,6947.891045357635
3,2022-03-30,7053.19,7011.710710195958,Latih,7011.839804493248,6955.188886332564
3,2022-03-31,7071.44,7046.804136228626,Latih,7042.7368811643755,6951.720962417177
3,2022-04-01,7078.76,7064.6651102323,Latih,7060.566242983407,6969.508712736422
3,2022-04-04,7116.22,7071.819418436952,Latih,7069.372186945744,6977.176035131867
3,2022-04-05,7148.3,7108.951538919283,Latih,7102.669054411125,6987.836829633173
3,2022-04-06,7104.22,7140.56228868373,Latih,7133.118403899745,7007.322042167842
3,2022-04-07,7127.37,7103.958158944917,Latih,7102.132005992007,7008.287536578833
3,2022-04-08,7210.83,7119.863257938698,Latih,7113.769280698969,6998.739356457053
3,2022-04-11,7203.79,7202.5514062512775,Latih,7193.474897860372,7024.762596535744
3,2022-04-12,7214.78,7195.835363993729,Latih,7192.337666332805,7050.924571507042
3,2022-04-13,7262.78,7206.009734411326,Latih,7200.0736387349025,7051.001920469468
3,2022-04-14,7235.53,7253.579884383174,Latih,7242.349801518411,7065.196957213945
3,2022-04-18,7275.29,7230.539175455659,Latih,7226.191670527546,7075.145737701127
3,2022-04-19,7199.23,7265.869715293144,Latih,7254.124152038786,7074.834548252293
3,2022-04-20,7227.36,7203.016082945551,Latih,7198.928560211147,7071.323398597904
3,2022-04-21,7276.19,7218.522061293213,Latih,7209.486177922573,7052.252059062188
3,2022-04-22,7225.61,7266.812296475266,Latih,7255.128163991067,7072.319877433844
3,2022-04-25,7215.98,7224.707825968353,Latih,7220.33243057379,7077.418272637197
3,2022-04-26,7232.15,7208.288771144237,Latih,7204.515845697011,7058.509836742348
3,2022-04-27,7196.76,7223.174522913187,Latih,7216.0142061514525,7058.865462609595
3,2022-04-28,7228.91,7193.701788150156,Latih,7190.067328555668,7056.458183538979
3,2022-05-09,6909.75,7220.075228458731,Latih,7210.341904066887,7051.772540335124
3,2022-05-10,6819.79,6958.807607094698,Latih,6958.239753610544,6992.32212781435
3,2022-05-11,6816.2,6831.365954462027,Latih,6834.908178221321,6866.595312888662
3,2022-05-12,6599.84,6813.217219898137,Latih,6817.68778814647,6835.9397891801955
3,2022-05-13,6597.99,6635.95016816915,Latih,6642.743811614002,6821.387355389331
3,2022-05-17,6644.47,6597.840552976657,Latih,6608.73067874406,6742.608490897738
3,2022-05-18,6793.41,6643.678831654797,Latih,6653.759777977776,6733.7138534584865
3,2022-05-19,6823.33,6791.210184568495,Latih,6797.199168999226,6781.330973307518
3,2022-05-20,6918.14,6820.003638501499,Latih,6823.746476323341,6828.748174113666
3,2022-05-23,6840.77,6913.914897062229,Latih,6915.049572711037,6859.512815909126
3,2022-05-24,6914.14,6849.915536011197,Latih,6853.152915178575,6873.990411776345
3,2022-05-25,6883.5,6909.83981742178,Latih,6910.893736269818,6864.424049043397
3,2022-05-27,7026.26,6884.12832729165,Latih,6886.953514959258,6882.050846260828
3,2022-05-30,7037.56,7020.852595275105,Latih,7018.747223777831,6903.244865525409
3,2022-05-31,7148.97,7031.20439748651,Latih,7028.972218530836,6953.1240053356205
3,2022-06-02,7148.72,7141.702524489837,Latih,7135.044908723907,6981.354089782293
3,2022-06-03,7182.96,7140.781197457391,Latih,7138.102905558424,7018.287300121248
3,2022-06-06,7096.58,7174.763443989835,Latih,7166.14618665584,7025.727328667106
3,2022-06-07,7141.04,7103.583117367101,Latih,7101.494695381593,7018.116056244434
3,2022-06-08,7193.31,7133.475957886057,Latih,7126.40881859906,6999.206409670172
3,2022-06-09,7182.83,7185.081481697642,Latih,7176.291142047725,7025.4516524810215
3,2022-06-10,7086.65,7175.757725666843,Latih,7172.654978534064,7040.502684409682
3,2022-06-13,6995.44,7095.45318091638,Latih,7093.471074519228,7015.89114136523
3,2022-06-14,7049.88,7004.709799556791,Latih,7004.643974468767,6963.91909557169
3,2022-06-15,7007.05,7043.617358976666,Latih,7039.796275392834,6945.598646311215
3,2022-06-16,7050.33,7007.969486613332,Latih,7008.144855768143,6954.2623578626435
3,2022-06-17,6936.97,7043.993790593807,Latih,7040.043343672815,6949.552052670769
3,2022-06-20,6976.38,6950.824656092575,Latih,6951.736566729597,6939.01411970978
3,2022-06-21,7044.07,6971.027218598777,Latih,6969.587944977933,6910.037539305733
3,2022-06-22,6984.31,7037.966535241667,Latih,7034.481034054818,6937.994189565231
3,2022-06-23,6998.27,6988.419256110247,Latih,6988.892586920318,6947.337137106708
3,2022-06-24,7042.94,6992.465391544756,Latih,6990.62605563825,6930.564025814581
3,2022-06-27,7016.06,7036.712809450689,Latih,7033.031447238985,6945.0133949155115
3,2022-06-28,6996.46,7014.152291849911,Latih,7014.301115737617,6953.937940620235
3,2022-06-29,6942.35,6993.601771112737,Latih,6994.223791290578,6940.707322127273
3,2022-06-30,6911.58,6946.104979345253,Latih,6947.493135390929,6922.311362343478
3,2022-07-01,6794.33,6911.8278202760675,Latih,6914.076881483542,6897.586149954244
3,2022-07-04,6639.17,6810.887200109991,Latih,6814.680482907328,6861.608927950898
3,2022-07-05,6703.27,6664.3639620065815,Latih,6670.95821888329,6806.437168571683
3,2022-07-06,6646.41,6701.78476226868,Latih,6710.017337429543,6751.161470122958
3,2022-07-07,6652.59,6654.871932747525,Latih,6662.290920133603,6771.86352756652
3,2022-07-08,6740.22,6651.444757162343,Latih,6660.834506431085,6749.981550936127
3,2022-07-11,6722.15,6738.373881824784,Latih,6745.572021108144,6763.735384714928
3,2022-07-12,6718.29,6722.964679360112,Latih,6729.2171659228425,6788.858305290967
3,2022-07-13,6640.99,6716.756270495971,Latih,6723.228416901997,6782.010971577196
3,2022-07-14,6690.09,6652.987218783062,Latih,6660.314844713522,6778.313489393322
3,2022-07-15,6651.9,6688.693562477993,Latih,6697.227720122354,6748.869878196145
3,2022-07-18,6659.25,6657.1250519730265,Latih,6664.616455923928,6766.073924098935
3,2022-07-19,6736.09,6658.021156517726,Latih,6667.193118012263,6750.811247473085
3,2022-07-20,6874.74,6734.234916425369,Latih,6741.465441382998,6765.039084661629
3,2022-07-21,6864.13,6871.37072572891,Latih,6874.4495507333095,6821.013479650948
3,2022-07-22,6886.96,6861.647736952046,Latih,6865.06765967075,6864.7141412824785
3,2022-07-25,6858.41,6882.724477253599,Latih,6884.200295456691,6866.207716116945
3,2022-07-26,6871.54,6859.044395076671,Latih,6862.403851084749,6867.514442762176
3,2022-07-27,6898.22,6867.4557920706675,Latih,6869.364540263455,6860.920679125229
3,2022-07-28,6956.82,6893.854432447,Latih,6894.981171419664,6871.141817640107
3,2022-07-29,6951.12,6951.84947379475,Latih,6951.280633831076,6892.874903122826
3,2022-08-01,6968.78,6946.56028448408,Latih,6948.248106104186,6911.077737120436
3,2022-08-02,6988.16,6963.399265704208,Latih,6962.000258383803,6913.065538194822
3,2022-08-03,7046.63,6982.525758413132,Latih,6980.475853968914,6923.186728398251
3,2022-08-04,7057.35,7040.435962522093,Latih,7036.768052303853,6942.46760515218
3,2022-08-05,7084.65,7050.721446405714,Latih,7048.1658366871525,6964.234993218237
3,2022-08-08,7086.85,7077.749953956076,Latih,7072.452783129283,6973.792275855595
3,2022-08-09,7102.88,7079.768380735585,Latih,7077.995990916559,6983.339290137943
3,2022-08-10,7086.24,7095.663659774135,Latih,7091.265575350593,6987.591734312233
3,2022-08-11,7160.38,7081.594174968669,Latih,7080.407753984997,6989.257629182991
3,2022-08-12,7129.28,7152.731948452074,Latih,7145.300529182035,7000.022811153589
3,2022-08-15,7093.28,7126.4633440125735,Latih,7124.2526882464435,7017.8041493559485
3,2022-08-16,7133.45,7091.808228766989,Latih,7090.286046026419,6999.569209933935
3,2022-08-18,7186.56,7125.963288575485,Latih,7119.114250942543,6996.443146012482
3,2022-08-19,7172.43,7178.428394769512,Latih,7169.879473562321,7021.448653105558
3,2022-08-22,7107.98,7166.124215066513,Latih,7163.198271967848,7035.976626688304
3,2022-08-23,7163.27,7111.110045790745,Latih,7109.005346893145,7017.124823685945
3,2022-08-24,7194.71,7155.468711682637,Latih,7147.745294474441,7007.87545717901
3,2022-08-25,7174.21,7186.336552687966,Latih,7177.445323087059,7033.139601266446
3,2022-08-26,7135.25,7168.95626325079,Latih,7165.93077540048,7039.073544623915
3,2022-08-29,7132.04,7133.677334228234,Latih,7131.266692159252,7023.707422168316
3,2022-08-30,7159.47,7124.465902342871,Latih,7122.4748279500745,7010.067414674222
3,2022-08-31,7178.59,7151.552074105221,Latih,7144.070478899556,7015.028465024293
3,2022-09-01,7153.1,7170.361548168144,Latih,7163.84845165201,7028.3361634398125
3,2022-09-02,7177.18,7148.992922028381,Latih,7146.350188232142,7029.083511356773
3,2022-09-05,7231.88,7169.000699669203,Latih,7161.697567576845,7025.9115312976255
3,2022-09-06,7233.15,7223.141027449457,Latih,7213.045126993742,7045.924555215899
3,2022-09-07,7186.76,7224.070874077765,Latih,7219.3523183298985,7064.3640097785665
3,2022-09-08,7232.02,7185.7058783943285,Latih,7182.167241833292,7054.593064644998
3,2022-09-09,7242.66,7223.222098130075,Latih,7213.025083523479,7049.135859935944
3,2022-09-12,7254.46,7233.5079855735,Latih,7227.039146115868,7066.499962140984
3,2022-09-13,7318.02,7245.154407636018,Latih,7238.2436701930465,7072.625058325597
3,2022-09-14,7278.08,7308.161751428942,Latih,7295.185241092541,7090.507779718708
3,2022-09-15,7305.6,7274.62584203968,Latih,7269.281723755692,7102.834289730859
3,2022-09-16,7168.87,7295.693098685839,Latih,7285.100191911555,7095.620792754959
3,2022-09-19,7195.49,7183.35402153679,Latih,7179.287483912192,7074.715767149994
3,2022-09-20,7196.95,7187.076815888368,Latih,7178.965846748434,7035.170179680053
3,2022-09-21,7188.31,7188.364889102661,Latih,7184.38197803744,7044.328790071075
3,2022-09-22,7218.91,7180.8479151541815,Latih,7177.6512282670365,7042.915164917771
3,2022-09-23,7178.58,7210.202048174825,Latih,7200.936853155578,7046.770013005202
3,2022-09-26,7127.5,7176.618025488935,Latih,7173.306862137399,7048.068085534637
3,2022-09-27,7112.45,7128.088613863067,Latih,7125.716668695286,7023.455466330708
3,2022-09-28,7077.03,7107.159509189797,Latih,7105.4523166991,7003.190217534958
3,2022-09-29,7036.2,7075.693009635278,Latih,7074.509234210321,6990.411272142586
3,2022-09-30,7040.8,7036.363371500435,Latih,7035.961829495493,6969.680898252779
3,2022-10-03,7009.72,7034.359876433673,Latih,7033.166505253377,6957.135972706727
3,2022-10-04,7072.26,7008.613612900435,Latih,7008.850637025296,6951.834452402047
3,2022-10-05,7075.38,7065.741583589382,Latih,7061.231219860381,6955.2568637395425
3,2022-10-06,7076.62,7068.460052108831,Latih,7066.778687445588,6976.705663760359
3,2022-10-07,7026.78,7069.671807680197,Latih,7068.2749526787475,6978.013959804828
3,2022-10-10,6994.4,7028.602512910427,Latih,7028.304596095147,6967.475040364319
3,2022-10-11,6939.15,6993.733107408938,Latih,6994.270873267707,6943.813790978244
3,2022-10-12,6909.21,6943.143702343753,Latih,6944.586069923093,6920.924327297258
3,2022-10-13,6880.63,6909.35139795904,Latih,6911.657204158948,6896.0030296832765
3,2022-10-14,6814.53,6880.950988855106,Latih,6883.85529666428,6879.78351276223
3,2022-10-17,6831.12,6822.145263121162,Latih,6826.031274993454,6855.771749266424
3,2022-10-18,6834.49,6827.606996668016,Latih,6830.945198526418,6837.471612516081
3,2022-10-19,6860.42,6830.851258772051,Latih,6834.232776049411,6843.719928960837
3,2022-10-20,6980.65,6856.564542501309,Latih,6858.987381044367,6850.53600920979
3,2022-10-21,7017.77,6975.727479635531,Latih,6974.965379365737,6885.561121535642
3,2022-10-24,7053.04,7011.839849333226,Latih,7008.9495988572235,6933.63332232361
3,2022-10-25,7048.38,7046.618498718803,Latih,7042.492862002913,6953.706521492652
3,2022-10-26,7043.94,7042.250322560732,Latih,7041.957427823011,6964.3922918618255
3,2022-10-27,7091.76,7037.836723504725,Latih,7037.636961401764,6961.869639527255
3,2022-10-28,7056.04,7084.8871332890485,Latih,7079.554090479681,6970.90233925944
3,2022-10-31,7098.89,7055.054602540797,Latih,7054.297524348563,6978.9303992796495
3,2022-11-01,7052.3,7091.890016887258,Latih,7086.2602679420215,6976.486127227004
3,2022-11-02,7015.69,7053.206971238321,Latih,7052.418818941182,6980.475809128936
3,2022-11-03,7034.57,7015.4334597075585,Latih,7015.49354527837,6956.964145910196
3,2022-11-04,7045.53,7028.300919216933,Latih,7024.879090799154,6948.957833279423
3,2022-11-07,7102.4,7039.063814348641,Latih,7036.718997367683,6957.634100024752
3,2022-11-08,7050.13,7095.436993684243,Latih,7089.829171488355,6973.768017427379
3,2022-11-09,7070.08,7052.028845650619,Latih,7051.2289452791865,6981.164326994474
3,2022-11-10,6966.84,7063.333900958962,Latih,7058.982808832592,6968.194004575068
3,2022-11-11,7089.21,6978.554640262182,Latih,6978.95528546756,6952.134028296522
3,2022-11-14,7019.39,7082.8223419720625,Latih,7078.337761230538,6944.744848285964
3,2022-11-15,7035.5,7024.6982063270225,Latih,7024.353880134286,6970.031233002597
3,2022-11-16,7014.38,7029.201485339465,Latih,7026.217878028811,6950.390560263447
3,2022-11-17,7044.99,7011.521978727638,Latih,7011.762186490952,6951.098718039445
3,2022-11-18,7082.18,7038.649896509711,Latih,7034.754468241992,6950.812325098565
3,2022-11-21,7063.25,7075.37339027054,Latih,7070.262215673395,6969.146091832572
3,2022-11-22,7030.59,7059.321081628269,Latih,7058.582567187017,6977.333961535151
3,2022-11-23,7054.12,7029.4517372579,Latih,7029.245921757879,6963.873313953929
3,2022-11-24,7080.52,7047.6128252357885,Latih,7043.330203756158,6958.200115069799
3,2022-11-25,7053.15,7073.670726617643,Latih,7068.506820206113,6971.81250113731
3,2022-11-28,7017.36,7050.793504250711,Latih,7050.178210069602,6974.563747680838
3,2022-11-29,7012.07,7016.940845255316,Latih,7016.974878798784,6957.613249434881
3,2022-11-30,7081.31,7006.567340494453,Latih,7007.011525318681,6944.568716851523
3,2022-12-01,7020.8,7074.708816953369,Latih,7069.954703102775,6958.025508194618
3,2022-12-02,7019.64,7024.513106896939,Latih,7024.232049913468,6967.718207566196
3,2022-12-05,6987.33,7013.453057229579,Latih,7013.660262768924,6947.373995568803
3,2022-12-06,6892.57,6986.752554119881,Latih,6987.435780867991,6939.889889324357
3,2022-12-07,6818.75,6903.91472996001,Latih,6905.919592646108,6908.342767489002
3,2022-12-08,6804.23,6827.61067354623,Latih,6831.33391629759,6860.663028610388
3,2022-12-09,6715.12,6803.267721971305,Latih,6807.875096993181,6832.964522105491
3,2022-12-12,6734.45,6728.052447488627,Latih,6733.74571226301,6808.565072158011
3,2022-12-13,6810.32,6732.269714700005,Latih,6738.970141435139,6783.2276147061875
3,2022-12-14,6801.75,6807.448422180446,Latih,6812.1087532165975,6806.31495721105
3,2022-12-15,6751.86,6799.816747567685,Latih,6804.533823596271,6829.620849769746
3,2022-12-16,6812.19,6757.631475420024,Latih,6762.960818931188,6815.814037556682
3,2022-12-19,6779.7,6809.199064610037,Latih,6813.63638401452,6812.505945743653
3,2022-12-20,6768.32,6782.129080079822,Latih,6787.0607602441605,6825.39699108157
3,2022-12-21,6820.66,6767.341258823302,Latih,6772.714836972979,6812.10994147602
3,2022-12-22,6824.43,6817.505446375046,Latih,6821.569114241038,6819.831654765044
3,2022-12-23,6800.67,6820.930615371201,Latih,6824.459185357128,6838.036910121477
3,2022-12-26,6835.81,6801.321756596596,Latih,6805.91056786749,6834.068078809416
3,2022-12-27,6923.03,6832.34525958631,Latih,6835.710881091392,6833.900556650793
3,2022-12-28,6850.52,6918.692439801442,Latih,6919.58103364979,6864.730597554485
3,2022-12-29,6860.08,6858.70370092217,Latih,6861.78956580315,6877.756117987078
3,2022-12-30,6850.62,6856.130244892278,Latih,6858.397825010756,6855.783273140826
3,2023-01-02,6850.98,6848.136846175231,Latih,6851.8446863940735,6856.878668968716
3,2023-01-03,6888.76,6847.098554059602,Latih,6850.628245044984,6853.817040095963
3,2023-01-04,6813.24,6884.590313587231,Latih,6886.156574026389,6862.237405085603
3,2023-01-05,6653.84,6822.467214164768,Latih,6826.286414469515,6858.187503092924
3,2023-01-06,6684.56,6679.540927014068,Latih,6685.792920337037,6810.757253853115
3,2023-01-09,6688.27,6683.127777761683,Latih,6691.665163884478,6751.921048143978
3,2023-01-10,6622.5,6686.624062963293,Latih,6694.757945332097,6762.935237723615
3,2023-01-11,6584.45,6632.811840513656,Latih,6640.63209525981,6770.606775077013
3,2023-01-12,6629.93,6590.618152462583,Latih,6599.491670272094,6753.287535270179
3,2023-01-13,6641.83,6629.330744854667,Latih,6639.902997213984,6732.978309665791
3,2023-01-16,6688.06,6640.865823646272,Latih,6650.685055831384,6745.85860461893
3,2023-01-17,6767.34,6686.67384654911,Latih,6695.248741313683,6748.702725967342
3,2023-01-18,6765.79,6765.074194364574,Latih,6771.251753323701,6781.47011175993
3,2023-01-19,6819.91,6763.184682522442,Latih,6768.707331179705,6807.4505296594225
3,2023-01-20,6874.93,6816.776393169198,Latih,6820.8840938938,6818.826902953122
3,2023-01-24,6860.85,6871.052765443365,Latih,6873.271918385368,6848.883521492518
3,2023-01-25,6829.93,6859.001684997419,Latih,6862.454430580178,6864.056563001911
3,2023-01-26,6864.82,6831.373532418346,Latih,6835.292524094617,6852.588402272799
3,2023-01-27,6898.98,6860.958793106714,Latih,6863.321277039091,6849.988826955595
3,2023-01-30,6872.48,6894.649288320883,Latih,6895.826091129227,6869.07778860275
3,2023-01-31,6839.34,6872.565957768302,Latih,6875.657696686429,6874.596468921941
3,2023-02-01,6862.26,6841.024194310344,Latih,6844.728559430874,6858.517099352815
3,2023-02-02,6890.57,6858.361302848497,Latih,6860.689999857286,6852.550490071216
3,2023-02-03,6911.73,6886.318423927767,Latih,6887.725659384174,6866.380080993215
3,2023-02-06,6873.79,6907.147154309795,Latih,6907.751552376197,6880.428132289094
3,2023-02-07,6935.3,6875.792351141017,Latih,6878.7440772271575,6879.1172803658665
3,2023-02-08,6940.12,6930.64007441764,Latih,6930.843154678989,6880.035872159642
3,2023-02-09,6897.37,6935.051879874517,Latih,6935.955539955546,6901.516239525125
3,2023-02-10,6880.33,6899.848035395487,Latih,6902.269416639254,6893.7236790705165
3,2023-02-13,6900.14,6878.703205587011,Latih,6881.727886317713,6875.786701303761
3,2023-02-14,6941.85,6895.706771947189,Latih,6896.697174966082,6874.481970037561
3,2023-02-15,6914.54,6936.981232037296,Latih,6936.756426806499,6890.223201330943
3,2023-02-16,6895.66,6914.160126903103,Latih,6916.382844623374,6898.070511398955
3,2023-02-17,6895.71,6894.124727835699,Latih,6896.817368527695,6884.855407538456
3,2023-02-20,6894.72,6891.217662367864,Latih,6893.850822828754,6878.5982127780135
3,2023-02-21,6873.4,6890.234882145269,Latih,6893.060921772464,6878.397284835619
3,2023-02-22,6809.97,6872.596516213458,Latih,6875.720696855825,6873.384264950793
3,2023-02-23,6839.45,6817.1989651239255,Latih,6821.204744578038,6852.3695159191275
3,2023-02-24,6856.58,6835.901495838797,Latih,6839.083856352902,6837.787913722432
3,2023-02-27,6854.78,6852.723639647104,Latih,6855.189165849426,6851.33900353972
3,2023-02-28,6843.24,6850.941452292838,Latih,6854.6399882162,6856.63070388917
3,2023-03-01,6844.94,6841.214450337923,Latih,6845.052842153348,6853.497600091137
3,2023-03-02,6857.42,6841.148871869779,Latih,6844.5850266605985,6850.039810010829
3,2023-03-03,6813.64,6853.524100518265,Latih,6855.913219397703,6853.346265164651
3,2023-03-06,6807.0,6817.492375521395,Latih,6821.6175638375025,6847.870496704616
3,2023-03-07,6766.76,6804.665025372537,Latih,6809.293721804055,6831.876614553964
3,2023-03-08,6776.37,6770.685514078763,Latih,6775.805387631683,6820.830779159699
3,2023-03-09,6799.79,6773.560249922303,Latih,6778.715636737971,6809.582558523747
3,2023-03-10,6765.3,6796.744805499942,Latih,6801.233287319572,6817.918803714249
3,2023-03-13,6786.96,6768.273795850304,Latih,6773.480457181064,6818.1163013983105
3,2023-03-14,6641.81,6784.078901692657,Latih,6788.991906006067,6811.424629668924
3,2023-03-15,6628.14,6665.272845945073,Latih,6671.912144579901,6803.275770747395
3,2023-03-16,6565.73,6629.5578593443415,Latih,6637.778327711085,6752.622760173107
3,2023-03-17,6678.24,6576.287166509145,Latih,6585.302787814627,6758.659566440608
3,2023-03-20,6612.49,6677.388069979861,Latih,6686.9778167614495,6738.310265105687
3,2023-03-21,6691.61,6622.941927943162,Latih,6630.967297564679,6768.70948349866
3,2023-03-24,6762.25,6690.374265751557,Latih,6699.162240092623,6742.039695774042
3,2023-03-27,6708.93,6760.001268268849,Latih,6766.266265185502,6781.530354270665
3,2023-03-28,6760.33,6715.896990783383,Latih,6722.0712091641335,6793.267644549042
3,2023-03-29,6839.44,6757.991136885311,Latih,6764.126097865131,6786.858756142288
3,2023-03-30,6808.95,6836.191520817912,Latih,6839.8805282459025,6821.305230969225
3,2023-03-31,6805.28,6810.621478399071,Latih,6814.974207184646,6840.870662224926
3,2023-04-03,6827.17,6802.467283520134,Latih,6807.160616780254,6829.941612553929
3,2023-04-04,6833.18,6823.742821865116,Latih,6827.271324591075,6833.5327343094705
3,2023-04-05,6819.67,6829.575023312008,Latih,6832.7342239773625,6842.120711137689
3,2023-04-06,6792.77,6818.3155254215335,Latih,6822.61689001206,6841.147683610357
3,2023-04-10,6771.23,6794.066132461161,Latih,6798.785607428582,6830.752027900254
3,2023-04-11,6811.31,6771.92818681511,Latih,6777.141641402571,6817.088569097552
3,2023-04-12,6798.96,6808.208661591145,Latih,6812.469737461242,6818.743455753658
3,2023-04-13,6785.6,6797.706152212949,Latih,6802.442912991973,6829.336519467865
3,2023-04-14,6818.57,6784.708499826818,Latih,6789.7087627378405,6822.300947525535
3,2023-04-17,6787.58,6815.326828773353,Latih,6819.265011960301,6825.109409881268
3,2023-04-18,6821.81,6789.642377150089,Latih,6794.427609945566,6829.246503211592
3,2023-04-26,6910.15,6818.530353757176,Latih,6822.369597532187,6826.478665876125
3,2023-04-27,6945.48,6905.994587509677,Latih,6907.338867636667,6857.252656807044
3,2023-04-28,6915.72,6940.523254016688,Latih,6940.108192758312,6894.344085009142
3,2023-05-02,6863.3,6915.737642176794,Latih,6917.911955140577,6899.53494024758
3,2023-05-03,6812.72,6867.902106793861,Latih,6870.925218125324,6878.137168121975
3,2023-05-04,6844.03,6817.7358341831305,Latih,6821.812572902773,6849.620511374511
3,2023-05-05,6787.63,6840.4301991188895,Latih,6843.473219400681,6839.707199310101
3,2023-05-08,6769.63,6793.9899717581575,Latih,6798.5226882163,6837.71020604018
3,2023-05-09,6779.98,6769.7523044520885,Latih,6775.033534666625,6815.030526197288
3,2023-05-10,6811.9,6777.12556627038,Latih,6782.163965582876,6811.328560015591
3,2023-05-11,6755.94,6808.741315692398,Latih,6812.8988336328,6821.778068539534
3,2023-05-12,6707.76,6762.679784367707,Latih,6767.865527848628,6820.080270024274
3,2023-05-15,6711.74,6713.874292995949,Latih,6720.123326880356,6790.915653171569
3,2023-05-16,6676.56,6709.776154396702,Latih,6717.103275877406,6775.794356997041
3,2023-05-17,6663.11,6680.922424322977,Latih,6687.938815964625,6769.629442911771
3,2023-05-19,6700.56,6663.989413668526,Latih,6671.496186521961,6759.145004044797
3,2023-05-22,6729.65,6698.950629025418,Latih,6707.004808332938,6758.514127971257
3,2023-05-23,6736.68,6727.594037181309,Latih,6734.559569077663,6777.339049406675
3,2023-05-24,6745.8,6734.395017567597,Latih,6740.893047851049,6788.541533264845
3,2023-05-25,6704.23,6743.403481291556,Latih,6749.608269327457,6792.8792854976955
3,2023-05-26,6687.0,6709.276760349292,Latih,6715.663464176823,6786.773605023652
3,2023-05-29,6681.1,6688.176400589214,Latih,6695.15672967838,6769.186648126867
3,2023-05-30,6636.42,6680.444407735184,Latih,6687.776764283345,6762.169953815367
3,2023-05-31,6633.26,6642.964766211669,Latih,6650.708821019839,6765.524029026058
3,2023-06-05,6633.44,6632.8266096814805,Latih,6642.282688488001,6749.746780020172
3,2023-06-06,6618.92,6632.519226025798,Latih,6642.508289628411,6748.5595855468755
3,2023-06-07,6619.75,6620.613785829104,Latih,6629.014583773249,6751.192712377781
3,2023-06-08,6666.33,6619.019539638541,Latih,6629.487421343558,6745.737121907943
3,2023-06-09,6694.02,6665.241816680146,Latih,6674.569787668898,6737.80467193129
3,2023-06-12,6722.37,6692.440682517754,Latih,6700.620873374062,6758.146238369967
3,2023-06-13,6719.01,6720.408677291742,Latih,6727.6177799497755,6773.568253858415
3,2023-06-14,6699.72,6717.381373422315,Latih,6723.904301103672,6782.2422113448665
3,2023-06-15,6713.79,6701.0625583695055,Latih,6707.762110725063,6776.888385205595
3,2023-06-16,6698.55,6711.8592067948175,Latih,6719.218568219861,6773.575495514897
3,2023-06-19,6686.06,6699.224220152515,Latih,6705.987826416958,6774.898274872331
3,2023-06-20,6660.46,6686.448066048787,Latih,6693.494545315819,6767.094347483244
3,2023-06-21,6702.63,6663.432669288975,Latih,6670.873448904468,6763.086953789916
3,2023-06-22,6652.26,6701.020958079714,Latih,6709.051887858529,6758.089134657706
3,2023-06-23,6639.73,6659.540239694801,Latih,6666.903709582849,6770.595161522654
3,2023-06-26,6664.67,6640.788895058641,Latih,6648.783386750158,6754.394253192569
3,2023-06-27,6661.88,6663.4736530290675,Latih,6672.638126247241,6745.403310690099
3,2023-07-03,6696.72,6660.973801823419,Latih,6669.531881596162,6755.015219630922
3,2023-07-04,6681.75,6695.147111503052,Latih,6703.307124369163,6757.262061259474
3,2023-07-05,6718.98,6682.619359668657,Latih,6689.729522914754,6765.539812698391
3,2023-07-06,6757.33,6717.118499050011,Latih,6724.53509870725,6768.749772219088
3,2023-07-07,6716.46,6754.95311626109,Latih,6761.058438015308,6789.536196081668
3,2023-07-10,6731.04,6721.213050451001,Latih,6727.356340456775,6793.288674498826
3,2023-07-11,6796.92,6728.877435827872,Latih,6735.647005809419,6782.923263354032
3,2023-07-12,6808.21,6794.170475090475,Latih,6799.191095351608,6802.2386444712
3,2023-07-13,6810.21,6804.9769098410325,Latih,6809.051227201851,6826.591416001354
3,2023-07-14,6869.57,6806.893549869987,Latih,6811.016002947423,6830.779156087076
3,2023-07-17,6867.14,6865.791959838907,Latih,6868.240267489593,6844.485437068976
3,2023-07-18,6830.2,6863.2308796430025,Latih,6866.670150812308,6863.659056595007
3,2023-07-20,6864.19,6832.657996014392,Latih,6836.511880042291,6854.736013029554
3,2023-07-21,6880.8,6860.331930211226,Latih,6862.706969337502,6849.940041059293
3,2023-07-24,6899.4,6876.610725583475,Latih,6878.235591874164,6864.874220004717
3,2023-07-25,6917.71,6894.969513025328,Latih,6895.973143837794,6874.475400980752
3,2023-07-26,6948.28,6913.028500372813,Latih,6913.3975782335265,6884.673603846772
3,2023-07-27,6896.66,6943.256385209014,Latih,6942.696109681179,6897.4692297110405
3,2023-07-28,6900.23,6900.6486307865825,Latih,6902.996765925929,6896.276777750298
3,2023-07-31,6931.36,6895.697400391742,Latih,6897.652916681811,6879.923323814314
3,2023-08-01,6886.5,6926.570128954697,Latih,6926.599185260582,6887.948289876027
3,2023-08-02,6854.51,6889.490740286751,Latih,6892.113766912564,6888.427046323462
3,2023-08-03,6898.08,6855.782219401339,Latih,6859.187434607187,6866.504825812618
3,2023-08-04,6852.84,6893.818381104513,Latih,6895.122237991139,6865.457094881574
3,2023-08-07,6886.37,6856.377492532172,Latih,6859.685786125103,6869.982457583289
3,2023-08-08,6868.81,6882.207158424896,Latih,6883.812474485082,6862.329820280711
3,2023-08-09,6875.11,6867.436286680142,Latih,6870.691624258797,6869.603582187336
3,2023-08-10,6893.28,6870.93591246013,Latih,6872.97240975086,6865.157877706925
3,2023-08-11,6879.98,6888.930285399003,Latih,6890.1405836710765,6871.241698691588
3,2023-08-14,6910.17,6877.725581961911,Latih,6880.794430071157,6874.351911680739
3,2023-08-15,6915.1,6905.662928610787,Latih,6906.413303226278,6876.569517643493
3,2023-08-16,6900.54,6910.373166542695,Latih,6911.788787075029,6887.675797328396
3,2023-08-18,6859.91,6898.204044854089,Latih,6900.839514573857,6886.1135276473
3,2023-08-21,6866.03,6862.566351165811,Latih,6865.775548406879,6872.352586731951
3,2023-08-22,6916.45,6861.978431791405,Latih,6864.2370887542165,6860.208037351409
3,2023-08-23,6921.41,6911.9796708623035,Latih,6912.719821962761,6873.317901783031
3,2023-08-24,6899.39,6916.597448759126,Latih,6917.87440165882,6891.147173922105
3,2023-08-25,6895.44,6898.332421711728,Latih,6900.917625815913,6887.955755732401
3,2023-08-28,6921.73,6891.38233718787,Latih,6894.227276865884,6879.77723516528
3,2023-08-29,6957.83,6917.041947463202,Latih,6917.353831931698,6884.242131156368
3,2023-08-30,6966.66,6952.7097736168425,Latih,6951.876557141593,6900.902156023428
3,2023-08-31,6953.26,6961.25474890595,Latih,6960.933201422148,6914.827457878934
3,2023-09-01,6977.65,6949.972158426694,Latih,6951.53994342511,6914.814813005077
3,2023-09-04,6996.75,6972.189156954342,Latih,6970.552856469209,6915.724862783001
3,2023-09-05,6991.71,6990.997151297984,Latih,6988.648074519095,6928.018908650924
3,2023-09-06,6995.95,6986.456879303511,Latih,6987.3202730841,6933.252765428473
3,2023-09-07,6954.81,6990.118242884931,Latih,6989.9348025340405,6932.511067348767
3,2023-09-08,6924.78,6956.1923602051065,Latih,6957.453843312315,6924.879661775875
3,2023-09-11,6963.39,6924.713484816599,Latih,6926.699626811791,6904.623134355888
3,2023-09-12,6933.97,6958.209217585378,Latih,6957.209824150853,6903.136352778122
3,2023-09-13,6935.48,6933.668521706511,Latih,6935.472635810126,6909.490895131276
3,2023-09-14,6959.33,6930.454997407544,Latih,6932.004196234991,6900.055173674867
3,2023-09-15,6982.79,6954.115327574066,Latih,6953.1053967446605,6905.796753525779
3,2023-09-18,6936.08,6977.253608294184,Latih,6975.430504459793,6918.869445615458
3,2023-09-19,6980.32,6938.673066835453,Latih,6940.262823423197,6916.395310137318
3,2023-09-20,7011.68,6974.942735176737,Latih,6973.416875557954,6910.607769308732
3,2023-09-21,6991.47,7005.797976148187,Latih,7003.059015758692,6932.185708466817
3,2023-09-22,7016.84,6988.786405851897,Latih,6989.504652622994,6938.15677932625
3,2023-09-25,6998.38,7010.851531373321,Latih,7007.873529059946,6937.021206877877
3,2023-09-26,6923.8,6995.301385647115,Latih,6995.895470518527,6941.388172356536
3,2023-09-27,6937.83,6931.283528105069,Latih,6932.848824484695,6918.873077653693
3,2023-09-29,6939.89,6932.84871238475,Latih,6932.480172603775,6897.195100504204
3,2023-10-02,6961.46,6934.808331532826,Latih,6936.17310352986,6902.305669761643
3,2023-10-03,6940.89,6956.202538880162,Latih,6955.095888217739,6907.728840927229
3,2023-10-04,6886.58,6938.992327480366,Latih,6940.742342150261,6910.370543403969
3,2023-10-05,6874.83,6891.168136611922,Latih,6893.695967963978,6891.6085772979695
3,2023-10-06,6888.52,6872.387203195136,Latih,6875.576805365723,6870.995998030941
3,2023-10-09,6891.46,6884.207985512954,Latih,6885.53677342747,6870.102875344794
3,2023-10-10,6922.19,6887.043015555782,Latih,6889.288489564999,6875.293909943145
3,2023-10-11,6931.75,6917.522587189721,Latih,6917.863864263939,6883.021855989141
3,2023-10-12,6935.15,6926.82446131115,Latih,6927.1219073066595,6895.324690492793
3,2023-10-13,6926.78,6930.140938200105,Latih,6931.384642255951,6899.245632708117
3,2023-10-16,6896.29,6923.020820478844,Latih,6925.180448349762,6898.53541229312
3,2023-10-17,6939.62,6896.709640480026,Latih,6899.2744648141115,6889.057496417207
3,2023-10-18,6927.91,6934.791359601069,Latih,6934.660045724858,6888.455026469869
3,2023-10-19,6846.43,6924.699584423352,Latih,6926.803027801561,6900.2677600115985
3,2023-10-20,6849.17,6856.189680283406,Latih,6859.270455826858,6878.477638076585
3,2023-10-23,6741.96,6845.32757669989,Latih,6848.502179897763,6852.028283684887
3,2023-10-24,6806.76,6757.569506570126,Latih,6762.534211378422,6829.382323505615
3,2023-10-25,6834.39,6803.869967718752,Latih,6808.5401859701005,6808.02609561983
3,2023-10-26,6714.52,6830.899215128755,Latih,6834.237215207255,6835.6104395401835
3,2023-10-27,6758.79,6732.664362558297,Latih,6738.065450034611,6818.446368477974
3,2023-10-30,6735.89,6756.429046564127,Latih,6762.544367633488,6788.376275525123
3,2023-10-31,6752.21,6737.3247944844,Latih,6743.248189236992,6798.042452049584
3,2023-11-01,6642.42,6749.769726879025,Latih,6755.826868076648,6794.02539534095
3,2023-11-02,6751.39,6659.892653898609,Latih,6666.86945183949,6790.462545191675
3,2023-11-03,6788.85,6749.520764109963,Latih,6756.551325184728,6764.737804847982
3,2023-11-06,6878.84,6786.038632940679,Latih,6791.047684487432,6807.221756090554
3,2023-11-07,6843.79,6875.120827627223,Latih,6877.5618712014375,6839.430671164429
3,2023-11-08,6804.11,6845.733490602709,Latih,6849.32788567666,6861.606327232162
3,2023-11-09,6838.23,6807.405420641335,Latih,6811.766287882957,6841.251443319953
3,2023-11-10,6809.26,6834.726127909756,Latih,6837.997921760416,6835.574343357718
3,2023-11-13,6838.31,6810.6699279955355,Latih,6815.0313557368845,6840.537052786983
3,2023-11-14,6862.06,6834.774398146307,Latih,6837.991711423433,6837.301713838613
3,2023-11-15,6958.21,6858.169029021898,Latih,6860.513083723226,6852.164552378693
3,2023-11-16,6958.01,6953.447436098508,Latih,6953.213730132035,6881.175166326208
3,2023-11-17,6977.67,6952.667982757143,Latih,6954.022329459242,6913.053072680877
3,2023-11-20,6994.89,6972.180323478634,Latih,6970.495102577263,6917.306234294819
3,2023-11-21,6961.79,6989.151089394745,Latih,6986.8470319539865,6927.61687340622
3,2023-11-22,6906.95,6961.712296043687,Latih,6962.910465101652,6926.061374561835
3,2023-11-23,7004.34,6911.335836035059,Latih,6913.441476572202,6903.022974893198
3,2023-11-24,7009.63,6998.956920031367,Latih,6997.144712311683,6906.214124043033
3,2023-11-27,7013.41,7003.618349646984,Latih,7002.971443281232,6939.709946491768
3,2023-11-28,7041.07,7007.337781000196,Latih,7006.860369752108,6942.29676483517
3,2023-11-29,7036.09,7034.765498876634,Latih,7030.975040997925,6949.629042913369
3,2023-11-30,7080.74,7030.190565579,Latih,7030.146174000563,6957.71795078402
3,2023-12-01,7059.91,7073.998058458635,Latih,7069.012660000391,6965.874880901629
3,2023-12-04,7093.6,7056.350343391365,Latih,7055.661421966022,6976.122026603873
3,2023-12-05,7100.85,7086.616656088899,Latih,7081.076049020359,6976.608674887473
3,2023-12-06,7087.4,7093.608195172619,Latih,7090.70449270315,6989.386678640303
3,2023-12-11,7088.79,7151.665519250113,Uji,7144.5860938090855,7015.913606194317
3,2023-12-12,7125.31,7093.27095369644,Uji,7091.49614251859,7008.648946803271
3,2023-12-13,7075.34,7117.912135966494,Uji,7111.306579415275,6993.1639984053945
3,2023-12-14,7176.02,7076.488470848867,Uji,7075.195196197101,6994.309480488953
3,2023-12-15,7190.99,7168.31935620018,Uji,7160.619300620635,6999.84035728222
3,2023-12-18,7119.52,7182.567617998801,Uji,7176.477810877047,7036.555241767231
3,2023-12-19,7187.85,7123.672100208476,Uji,7121.261772019341,7025.822254900993
3,2023-12-20,7219.67,7179.79283046671,Uji,7171.354708845696,7017.107380934418
3,2023-12-21,7209.62,7210.958991847125,Uji,7201.476143573607,7046.784272118275
3,2023-12-22,7237.52,7202.0909445149555,Uji,7198.444109086478,7055.140381419128
3,2023-12-26,7237.52,7228.542271865695,Uji,7219.329180901138,7057.93377754218
3,2023-12-27,7245.92,7228.373673547595,Uji,7223.772553702681,7067.196640882559
3,2023-12-28,7303.89,7236.710142937988,Uji,7230.542359094113,7069.042209546037
3,2023-12-29,7272.8,7294.190421335795,Uji,7281.644105750418,7084.567917484114
3,2024-01-02,7323.59,7267.924507294987,Uji,7262.776025835965,7096.982986453247
3,2024-01-03,7279.09,7313.578734677534,Uji,7300.279869737723,7097.820462726426
3,2024-01-04,7359.76,7276.392761381363,Uji,7270.98286284933,7104.905448324752
3,2024-01-05,7350.62,7349.436951378689,Uji,7335.19514653693,7107.855874051524
3,2024-01-08,7283.58,7340.916099997862,Uji,7334.391883167131,7132.630141376929
3,2024-01-09,7200.2,7284.631210579372,Uji,7278.906356040335,7114.865976886226
3,2024-01-10,7227.3,7205.210372119631,Uji,7201.030523870076,7074.288756037422
3,2024-01-11,7219.96,7218.456594925014,Uji,7209.592224471059,7052.5608719921765
3,2024-01-12,7241.14,7211.824358586755,Uji,7207.992647928086,7059.945388644999
3,2024-01-15,7224.0,7232.072433670848,Uji,7223.893397443979,7062.16205296821
3,2024-01-16,7242.79,7217.464196527091,Uji,7213.4527672357235,7065.427927941747
3,2024-01-17,7200.63,7233.685462207287,Uji,7225.866580685465,7063.865882460541
3,2024-01-18,7252.97,7198.661538140858,Uji,7194.880810537422,7060.84097752995
3,2024-01-19,7227.4,7243.929603630991,Uji,7233.082229980319,7058.343704623049
3,2024-01-22,7247.93,7222.241492646424,Uji,7218.077024509398,7070.10254051096
3,2024-01-23,7256.23,7238.766011099309,Uji,7230.550564810126,7066.124023763604
3,2024-01-24,7227.82,7246.879132558199,Uji,7240.5094791323845,7074.76365624673
3,2024-01-25,7178.04,7223.135870851962,Uji,7218.934723612753,7071.277168580361
3,2024-01-26,7137.09,7177.684275330983,Uji,7174.290651259504,7050.907577155297
3,2024-01-29,7157.17,7135.827545703725,Uji,7133.359598142581,7025.383271514239
3,2024-01-30,7192.22,7149.2389589888635,Uji,7143.02104404934,7016.199730095327
3,2024-01-31,7207.94,7183.902279950463,Uji,7174.973878007612,7030.567311075988
3,2024-02-01,7201.7,7199.291450154866,Uji,7192.718447427833,7045.657847025458
3,2024-02-02,7238.79,7193.639953820193,Uji,7190.192970174634,7049.505879436199
3,2024-02-05,7198.62,7229.850523070186,Uji,7219.3366691775,7055.5834004039225
3,2024-02-06,7247.41,7196.343714826788,Uji,7192.623879913772,7059.071367789573
3,2024-02-07,7235.15,7238.423837225527,Uji,7227.732013459294,7056.454820540613
3,2024-02-12,7297.67,7227.628926349371,Uji,7223.437509385435,7069.95936646051
3,2024-02-13,7209.74,7288.082588542797,Uji,7275.797331310606,7079.625610244939
3,2024-02-15,7303.28,7215.383352497903,Uji,7210.963161965099,7081.062776386807
3,2024-02-16,7335.54,7293.803542003729,Uji,7281.641235991812,7072.42215742416
3,2024-02-19,7296.7,7325.25412336598,Uji,7313.243286800484,7110.565464255286
3,2024-02-20,7352.6,7292.792848894693,Uji,7287.078531750537,7112.74204163797
3,2024-02-21,7349.02,7342.224709922179,Uji,7327.977255243165,7112.129213655664
3,2024-02-22,7339.64,7338.39851458083,Uji,7331.962094427449,7129.901449342446
3,2024-02-23,7295.1,7330.134058195455,Uji,7323.832337336641,7126.651985800937
3,2024-02-26,7283.82,7292.180110592343,Uji,7286.44207309971,7113.751703427507
3,2024-02-27,7285.32,7275.435562366342,Uji,7270.25762104163,7096.485980134677
3,2024-02-28,7328.64,7275.532013159489,Uji,7269.67003796706,7093.070608673762
3,2024-02-29,7316.11,7318.514943679672,Uji,7304.9654681016,7103.086693968248
3,2024-03-01,7311.91,7307.474130362967,Uji,7301.622871925333,7114.715897479131
3,2024-03-04,7276.75,7301.925317578414,Uji,7296.242433258989,7109.633151428176
3,2024-03-05,7247.46,7272.506345949268,Uji,7267.236796549057,7100.513551818203
3,2024-03-06,7329.8,7242.643189495892,Uji,7238.0313080562055,7082.404971454808
3,2024-03-07,7373.96,7319.894849169355,Uji,7306.703645017246,7090.771976870368
3,2024-03-08,7381.91,7363.223002681839,Uji,7348.430921627388,7127.811547637657
3,2024-03-13,7421.21,7370.845798978913,Uji,7361.871077338564,7144.219392467218
3,2024-03-14,7433.31,7409.800261016005,Uji,7394.810525337569,7155.493597870548
3,2024-03-15,7328.05,7421.571203698034,Uji,7410.821356999987,7171.199786720953
3,2024-03-18,7302.45,7334.929066106184,Uji,7327.915555433136,7152.089795124013
3,2024-03-19,7336.75,7296.220820389488,Uji,7290.519775878884,7111.518762192203
3,2024-03-20,7331.13,7326.459960060221,Uji,7314.086368070941,7110.555733980013
3,2024-03-21,7338.35,7321.110012579065,Uji,7315.019622537594,7120.708536368086
3,2024-03-22,7350.15,7327.874571693045,Uji,7319.943366025787,7120.429048783853
3,2024-03-25,7377.76,7339.541575305565,Uji,7330.603353407485,7125.418751880005
3,2024-03-26,7365.66,7366.871183309662,Uji,7354.734525765286,7135.402686910109
3,2024-03-27,7310.09,7356.241149033413,Uji,7349.3798252464385,7141.910671668726
3,2024-03-28,7288.81,7308.821078468661,Uji,7302.666970818142,7125.68384583123
3,2024-04-01,7205.06,7282.045558075404,Uji,7276.666509448385,7102.559061944557
3,2024-04-02,7236.98,7210.063358122196,Uji,7205.780243402805,7077.092958595224
3,2024-04-03,7166.84,7228.0339210326365,Uji,7218.1676909453545,7056.301243615216
3,2024-04-04,7254.4,7170.0888762606,Uji,7166.723008135637,7051.487896153396
3,2024-04-05,7286.88,7245.55294536242,Uji,7235.015595321149,7047.439608399932
3,2024-04-16,7164.81,7277.257903921103,Uji,7266.241842272375,7083.6459178519935
3,2024-04-17,7130.84,7176.872357845388,Uji,7173.03405570992,7067.608675442405
3,2024-04-18,7166.81,7128.486434149817,Uji,7126.215468612984,7019.617702274979
3,2024-04-19,7087.32,7158.843727163156,Uji,7150.801183829982,7016.242776474417
3,2024-04-22,7073.82,7093.29032456703,Uji,7091.4596876163,7010.719701837361
3,2024-04-23,7110.81,7068.821058773466,Uji,7067.919864891239,6981.362833578046
3,2024-04-24,7174.53,7103.612397872877,Uji,7097.511694636416,6985.008099607285
3,2024-04-25,7155.29,7166.626377982578,Uji,7158.600604801257,7011.289035040795
3,2024-04-26,7036.08,7150.094281573373,Uji,7147.468586968857,7028.2167545778175
3,2024-04-29,7155.78,7049.5036374372885,Uji,7048.328830007975,6995.636833524165
3,2024-04-30,7234.2,7148.469863682467,Uji,7141.661854629593,6982.358953694161
3,2024-05-01,7234.2,7225.572744308202,Uji,7215.638850693789,7039.3294463796055
3,2024-05-02,7117.42,7225.098920258371,Uji,7220.568109499303,7065.36492777235
3,2024-05-03,7134.72,7129.266784290747,Uji,7126.450923338607,7039.706595436398
3,2024-05-06,7135.89,7127.077831074074,Uji,7121.795098720268,7004.736703543722
3,2024-05-07,7123.61,7128.134440320805,Uji,7125.493275923804,7010.737368788778
3,2024-05-08,7088.79,7117.690985193922,Uji,7115.782730240895,7008.427706350743
3,2024-05-13,7099.26,7087.182895333836,Uji,7085.764337782929,6996.700258447585
3,2024-05-14,7083.76,7092.05933264501,Uji,7088.657009617756,6987.4404442257255
3,2024-05-15,7179.83,7078.956911649772,Uji,7077.832504355976,6987.510887831506
3,2024-05-16,7246.7,7172.049683668099,Uji,7164.1710752952895,7003.472888757645
3,2024-05-17,7317.24,7237.832801472634,Uji,7227.349887164919,7050.060505126779
3,2024-05-20,7266.69,7307.434626342158,Uji,7294.556136198141,7087.76007553346
3,2024-05-21,7186.04,7265.193976821397,Uji,7259.977921515199,7100.07277483232
3,2024-05-22,7222.38,7190.79149420389,Uji,7186.928530080401,7065.570160352654
3,2024-05-27,7176.42,7213.659389855352,Uji,7203.703883371439,7046.778756800954
3,2024-05-28,7253.63,7175.441334780536,Uji,7172.118647554597,7048.7455279255555
3,2024-05-29,7140.23,7244.730938881727,Uji,7234.114491118878,7050.451016497081
3,2024-05-30,7034.14,7151.1780638469045,Uji,7147.928689985353,7051.169083908265
3,2024-05-31,6970.74,7045.372171524231,Uji,7044.36690405256,6990.210658080038
3,2024-06-03,7036.19,6975.659502228553,Uji,6976.374610201175,6941.058822716524
3,2024-06-04,7099.31,7030.180252384009,Uji,7026.943702756228,6934.390355675866
3,2024-06-05,6947.67,7092.426841106485,Uji,7086.989365987847,6969.988186623508
3,2024-06-06,6974.9,6967.846763783747,Uji,6968.160688471252,6957.626432388477
3,2024-06-07,6897.95,6969.493736183697,Uji,6967.981283718401,6913.264762218045
3,2024-06-10,6921.55,6906.204931847498,Uji,6908.275933501468,6905.3980812794425
3,2024-06-11,6855.69,6916.848171497332,Uji,6917.138824236142,6885.035933290763
3,2024-06-12,6850.1,6862.674706973175,Uji,6865.720529753606,6878.400692673963
3,2024-06-13,6831.56,6846.969661542214,Uji,6850.72648943726,6855.306938052216
3,2024-06-14,6734.83,6830.885964915192,Uji,6834.8941657281275,6849.377545952537
3,2024-06-19,6726.92,6748.768920985186,Uji,6753.9832947922005,6821.969221366678
3,2024-06-20,6819.32,6725.94765891107,Uji,6732.203060072385,6788.116876251131
3,2024-06-21,6879.98,6816.425789379511,Uji,6820.944313984547,6805.792436944874
3,2024-06-24,6889.17,6876.06807216708,Uji,6878.170596325737,6849.7971808886905
3,2024-06-25,6882.7,6884.821956914706,Uji,6886.08281226222,6871.955483884852
3,2024-06-26,6905.64,6879.251239800793,Uji,6882.332015344245,6873.585013533276
3,2024-06-27,6967.95,6901.150816122636,Uji,6901.983449678168,6876.4772369683205
3,2024-06-28,7063.58,6962.850334690862,Uji,6961.935464615279,6897.78378215824
3,2024-07-01,7139.63,7057.379734771317,Uji,7053.506322932904,6939.482069722464
3,2024-07-02,7125.14,7132.27604006894,Uji,7125.579817081764,6987.940589342769
3,2024-07-03,7196.75,7119.572919079736,Uji,7117.611439072563,7010.005535504281
3,2024-07-04,7220.89,7188.591510352576,Uji,7179.8798648644315,7020.928643878163
3,2024-07-05,7253.37,7212.116042645064,Uji,7203.876786327447,7050.007100712722
3,2024-07-08,7250.98,7244.20415881762,Uji,7233.898048544019,7065.157946432895
3,2024-07-09,7269.8,7241.635993905158,Uji,7237.1446871668995,7075.416212449738
3,2024-07-10,7287.04,7260.327897545192,Uji,7251.931790983768,7078.757777306506
3,2024-07-11,7300.41,7277.323684169149,Uji,7268.823459178303,7088.793861231277
3,2024-07-12,7327.58,7290.488208534218,Uji,7282.344461370206,7097.455151423883
3,2024-07-15,7278.86,7317.371658755045,Uji,7306.370932378868,7107.863676207734
3,2024-07-16,7224.29,7276.879947744703,Uji,7271.432876870726,7106.179576305819
3,2024-07-17,7224.22,7224.081635672538,Uji,7219.693819604007,7078.014689187476
3,2024-07-18,7321.07,7215.254347880569,Uji,7210.946571173158,7059.8820745957555
3,2024-07-19,7294.5,7311.3714419097705,Uji,7298.629310139516,7081.1382420701475
3,2024-07-22,7321.98,7288.548834636308,Uji,7283.000963491297,7107.454601086451
3,2024-07-23,7313.86,7311.849839637379,Uji,7300.91659742842,7104.671159438562
3,2024-07-24,7262.76,7304.510432002643,Uji,7298.748853521445,7112.010432553364
3,2024-07-25,7240.28,7261.413294057939,Uji,7256.272300875279,7098.087170916867
3,2024-07-26,7288.17,7234.414156693309,Uji,7230.016610349506,7076.182707037397
3,2024-07-29,7288.9,7278.623415777778,Uji,7266.516621658896,7079.241510991523
3,2024-07-30,7241.86,7279.058587766385,Uji,7273.248088868951,7095.301397590112
3,2024-07-31,7255.76,7240.12609731862,Uji,7235.4530989886225,7085.208366893003
3,2024-08-01,7325.98,7246.449386206956,Uji,7239.164055585951,7072.64510179586
3,2024-08-02,7308.12,7316.053677275281,Uji,7302.870454639295,7092.688303019475
3,2024-08-05,7059.65,7300.500347910622,Uji,7294.759799379208,7112.077244120909
3,2024-08-06,7129.21,7094.601311010193,Uji,7091.664561476778,7051.555111280744
3,2024-08-07,7212.13,7121.958674960807,Uji,7115.555660591199,6984.346396048721
3,2024-08-08,7195.12,7203.8304217899695,Uji,7194.703647783483,7025.659082220258
4,2022-01-05,6662.3,6695.7500201568155,Latih,6702.440621824578,6877.189433667696
4,2022-01-06,6653.35,6666.314559558195,Latih,6672.804487130952,6877.189433667696
4,2022-01-07,6701.32,6656.128673451255,Latih,6663.230338663023,6877.189433667696
4,2022-01-10,6691.12,6700.693189684168,Latih,6707.5258048764035,6877.189433667696
4,2022-01-11,6647.97,6693.698703637137,Latih,6699.843900974408,6877.189433667696
4,2022-01-12,6647.06,6652.628941797475,Latih,6659.311133834134,6877.189433667696
4,2022-01-13,6658.36,6649.450120632359,Latih,6656.837668053816,6877.189433667696
4,2022-01-14,6693.4,6660.012449234735,Latih,6667.317251315873,6877.189433667696
4,2022-01-17,6645.05,6693.525714745834,Latih,6700.345660547629,6877.189433667696
4,2022-01-18,6614.06,6650.009706923375,Latih,6656.680237949649,6877.189433667696
4,2022-01-19,6591.98,6618.303930341756,Latih,6626.023273585296,6877.189433667696
4,2022-01-20,6626.87,6595.900246460292,Latih,6604.310960279335,6877.189433667696
4,2022-01-21,6726.37,6626.406102487749,Latih,6635.121486058988,6877.189433667696
4,2022-01-24,6655.17,6718.508511610346,Latih,6725.9167049670405,6877.189433667696
4,2022-01-25,6568.17,6661.288903249513,Latih,6667.3392223659275,6877.189433667696
4,2022-01-26,6600.82,6575.755686189607,Latih,6583.707215404885,6877.189433667696
4,2022-01-27,6611.16,6598.739098107297,Latih,6607.884565468137,6877.189433667696
4,2022-01-28,6645.51,6613.1982047782885,Latih,6621.657517991221,6877.189433667696
4,2022-01-31,6631.15,6646.011796738365,Latih,6654.007733459929,6877.189433667696
4,2022-02-02,6707.65,6634.3771916905125,Latih,6641.941722739645,6877.189433667696
4,2022-02-03,6683.85,6703.922591451422,Latih,6711.430717857199,6877.189433667696
4,2022-02-04,6731.39,6687.212712624981,Latih,6693.318285797252,6877.189433667696
4,2022-02-07,6804.94,6730.573546270449,Latih,6736.653819445689,6877.189433667696
4,2022-02-08,6789.52,6802.201974810985,Latih,6806.879539617327,6881.823844978846
4,2022-02-09,6834.61,6791.683484885122,Latih,6795.30509478214,6877.189433667696
4,2022-02-10,6823.64,6833.194975364835,Latih,6836.676989263923,6894.275063344278
4,2022-02-11,6815.61,6825.322293713122,Latih,6828.170062413245,6883.482423322834
4,2022-02-14,6734.49,6817.190768657952,Latih,6820.285125065475,6879.669893468655
4,2022-02-15,6807.5,6740.581886383911,Latih,6744.505622459074,6877.189433667696
4,2022-02-16,6850.2,6804.772956113843,Latih,6809.378305394677,6883.076227151788
4,2022-02-17,6835.12,6848.803405827913,Latih,6851.860348749789,6901.985395807066
4,2022-02-18,6892.82,6836.94242592159,Latih,6839.4392266506275,6888.941611951626
4,2022-02-21,6902.96,6890.313784503974,Latih,6892.556706162132,6925.065482930582
4,2022-02-22,6861.99,6902.9438739777,Latih,6904.166625290552,6925.804108393234
4,2022-02-23,6920.06,6865.0168384683475,Latih,6866.429061808025,6900.207027083674
4,2022-02-24,6817.82,6917.341059002917,Latih,6918.914700719159,6938.960080993815
4,2022-02-25,6888.17,6824.459766783148,Latih,6825.9765255219045,6877.189433667696
4,2022-03-01,6921.44,6885.015316142477,Latih,6887.5779718459025,6923.875335906189
4,2022-03-02,6868.4,6920.0471890891,Latih,6921.185753595274,6937.357041120572
4,2022-03-04,6928.33,6872.03164725188,Latih,6873.089825768506,6902.34662857
4,2022-03-07,6869.07,6925.4523647451815,Latih,6926.851065449756,6943.340923504873
4,2022-03-08,6814.18,6873.031934410965,Latih,6873.972985705768,6902.109374842086
4,2022-03-09,6864.44,6818.29504824224,Latih,6820.66735281828,6877.189433667696
4,2022-03-10,6924.01,6862.535396143232,Latih,6865.3615493119105,6909.933680107037
4,2022-03-11,6922.6,6921.182340616625,Latih,6922.682293021124,6941.1093525863125
4,2022-03-14,6952.2,6923.067002940219,Latih,6923.616233943742,6934.723695389671
4,2022-03-15,6918.19,6950.787163816734,Latih,6951.103950289532,6952.667172078534
4,2022-03-16,6992.4,6920.444232271951,Latih,6920.575787085336,6929.449557428998
4,2022-03-17,6964.38,6988.299780979205,Latih,6988.34107284968,6977.26825830822
4,2022-03-18,6954.96,6965.984666479276,Latih,6965.068074864791,6953.508652306839
4,2022-03-21,6955.18,6955.629456554696,Latih,6955.2470219547,6950.444495589181
4,2022-03-22,7000.82,6955.328623171494,Latih,6955.096618191049,6951.452487806127
4,2022-03-23,6996.12,6998.199073839238,Latih,6997.569844684651,6978.896817953634
4,2022-03-24,7049.69,6996.243902479459,Latih,6994.917469012191,6971.826186284469
4,2022-03-25,7002.53,7046.296061757858,Latih,7044.583625576552,7004.499897831729
4,2022-03-28,7049.6,7004.895648219636,Latih,7002.723959562829,6971.140953252958
4,2022-03-29,7011.69,7046.556844353731,Latih,7044.74155340677,7003.8499322462585
4,2022-03-30,7053.19,7013.492579454235,Latih,7011.243374812654,6976.661549641537
4,2022-03-31,7071.44,7050.421422132309,Latih,7048.42715665346,7005.158861270002
4,2022-04-01,7078.76,7069.794678316174,Latih,7066.972093261538,7012.2836093354745
4,2022-04-04,7116.22,7077.651613725483,Latih,7074.470924471675,7014.992221587948
4,2022-04-05,7148.3,7113.222970001761,Latih,7109.600868842665,7036.85410803681
4,2022-04-06,7104.22,7145.365730665989,Latih,7140.8615296614835,7052.676935613212
4,2022-04-07,7127.37,7105.700041093889,Latih,7101.057459318699,7023.1689427543215
4,2022-04-08,7210.83,7125.064971678322,Latih,7120.9351123774695,7041.197330215032
4,2022-04-11,7203.79,7204.685574907138,Latih,7199.461907661034,7089.269237911762
4,2022-04-12,7214.78,7202.570252109839,Latih,7196.058133711887,7077.274944990932
4,2022-04-13,7262.78,7212.511276390627,Latih,7206.018136222437,7084.542779600681
4,2022-04-14,7235.53,7258.178068375668,Latih,7251.093345241626,7112.406233868662
4,2022-04-18,7275.29,7235.174282009679,Latih,7227.5486534715465,7091.546263500512
4,2022-04-19,7199.23,7271.043343105398,Latih,7263.515243017754,7118.00558732516
4,2022-04-20,7227.36,7201.760290222242,Latih,7194.245480066611,7068.539167579471
4,2022-04-21,7276.19,7224.07905040391,Latih,7217.55105648406,7092.536906409325
4,2022-04-22,7225.61,7271.448453328691,Latih,7264.044720114551,7119.30665615565
4,2022-04-25,7215.98,7226.581074024515,Latih,7218.824252655581,7084.330192400277
4,2022-04-26,7232.15,7214.813485624865,Latih,7207.957380348518,7083.236746437609
4,2022-04-27,7196.76,7229.4793134392075,Latih,7222.639445667342,7093.862434920134
4,2022-04-28,7228.91,7197.11708790548,Latih,7190.320916602684,7071.062755019723
4,2022-05-09,6909.75,7225.401527918653,Latih,7218.900165574626,7093.699284198345
4,2022-05-10,6819.79,6927.423592618149,Latih,6923.155145699423,6898.649803863206
4,2022-05-11,6816.2,6825.754371638924,Latih,6827.420784320265,6877.189433667696
4,2022-05-12,6599.84,6817.537444549827,Latih,6820.688890782028,6880.382792311943
4,2022-05-13,6597.99,6614.169543026616,Latih,6619.244994564509,6877.189433667696
4,2022-05-17,6644.47,6600.778026419434,Latih,6609.366754870121,6877.189433667696
4,2022-05-18,6793.41,6642.658480575838,Latih,6651.1436109037795,6877.189433667696
4,2022-05-19,6823.33,6779.133652121449,Latih,6785.696448081161,6882.964839939512
4,2022-05-20,6918.14,6822.811970348984,Latih,6826.328372593552,6887.125493615903
4,2022-05-23,6840.77,6913.455641369859,Latih,6915.670793792646,6941.3982146883445
4,2022-05-24,6914.14,6845.907726147207,Latih,6847.257585058841,6886.026462779082
4,2022-05-25,6883.5,6910.638848036568,Latih,6912.606533651392,6937.370072493596
4,2022-05-27,7026.26,6885.818219369687,Latih,6886.864193902053,6912.111910306256
4,2022-05-30,7037.56,7018.227621923737,Latih,7018.5376858628315,7000.868747108033
4,2022-05-31,7148.97,7036.528840829188,Latih,7034.433737344796,6994.398877248814
4,2022-06-02,7148.72,7141.757901963062,Latih,7138.519295495815,7060.391715290603
4,2022-06-03,7182.96,7147.5242328143795,Latih,7142.487038310833,7049.885481060799
4,2022-06-06,7096.58,7179.664149329733,Latih,7174.335610557865,7070.5133171690095
4,2022-06-07,7141.04,7100.392652447285,Latih,7095.255705885948,7015.349705245547
4,2022-06-08,7193.31,7137.490282433099,Latih,7133.366059718198,7050.13364597803
4,2022-06-09,7182.83,7188.96968732841,Latih,7183.676054019999,7077.455574300348
4,2022-06-10,7086.65,7181.943863931965,Latih,7175.895755494904,7066.290376632272
4,2022-06-13,6995.44,7091.060741431774,Latih,7086.01149807936,7009.386197309545
4,2022-06-14,7049.88,7000.228606764128,Latih,6997.520692620923,6963.438868821905
4,2022-06-15,7007.05,7046.437803795393,Latih,7044.734727449472,7004.677424433282
4,2022-06-16,7050.33,7009.150443223766,Latih,7006.9367128754175,6973.843308377909
4,2022-06-17,6936.97,7047.4857950878695,Latih,7045.591126531418,7003.869065611413
4,2022-06-20,6976.38,6943.365486608787,Latih,6941.748898244544,6931.629416549844
4,2022-06-21,7044.07,6974.267655389952,Latih,6974.143521219539,6965.882251263903
4,2022-06-22,6984.31,7039.955316257531,Latih,7038.610344110782,7002.952835979512
4,2022-06-23,6998.27,6987.483329260994,Latih,6985.559650386024,6960.699100211308
4,2022-06-24,7042.94,6997.373624268224,Latih,6996.295510853579,6974.654640628147
4,2022-06-27,7016.06,7040.07321915632,Latih,7038.3842084193775,7000.2381217349075
4,2022-06-28,6996.46,7017.2375478447,Latih,7015.058257553629,6979.910369188833
4,2022-06-29,6942.35,6997.38412176316,Latih,6995.808463286807,6970.614216881441
4,2022-06-30,6911.58,6945.515921716734,Latih,6944.723722831651,6939.874268009706
4,2022-07-01,6794.33,6913.70652115647,Latih,6914.054308851997,6926.3874433273495
4,2022-07-04,6639.17,6801.944527626065,Latih,6803.80090359631,6877.189433667696
4,2022-07-05,6703.27,6649.924653944085,Latih,6655.014426417957,6877.189433667696
4,2022-07-06,6646.41,6701.760534116939,Latih,6708.805568446235,6877.189433667696
4,2022-07-07,6652.59,6651.818475719849,Latih,6658.317730808119,6877.189433667696
4,2022-07-08,6740.22,6654.559071719209,Latih,6661.924156828533,6877.189433667696
4,2022-07-11,6722.15,6736.7210835665655,Latih,6743.6883174962,6877.189433667696
4,2022-07-12,6718.29,6724.93303022297,Latih,6730.181803546865,6877.189433667696
4,2022-07-13,6640.99,6720.334907665866,Latih,6725.909077476877,6877.189433667696
4,2022-07-14,6690.09,6647.537837744811,Latih,6653.841059871922,6877.189433667696
4,2022-07-15,6651.9,6689.481774596884,Latih,6696.611047444656,6877.189433667696
4,2022-07-18,6659.25,6656.26395797805,Latih,6662.928917058121,6877.189433667696
4,2022-07-19,6736.09,6661.108920337569,Latih,6668.327809730779,6877.189433667696
4,2022-07-20,6874.74,6733.662033388931,Latih,6740.099428239187,6877.189433667696
4,2022-07-21,6864.13,6868.001384873425,Latih,6872.000982155835,6923.390537802618
4,2022-07-22,6886.96,6865.50636820141,Latih,6867.356254341041,6904.117938633004
4,2022-07-25,6858.41,6886.3735523653395,Latih,6888.198048012294,6918.842562761347
4,2022-07-26,6871.54,6860.79319982234,Latih,6862.494905805622,6899.539919037261
4,2022-07-27,6898.22,6871.585141734516,Latih,6873.635126675403,6910.094943348209
4,2022-07-28,6956.82,6897.346511425414,Latih,6898.954101936855,6924.929713605684
4,2022-07-29,6951.12,6953.812355694816,Latih,6954.483342126056,6957.713519570277
4,2022-08-01,6968.78,6951.616284925386,Latih,6951.389140853927,6948.836413815661
4,2022-08-02,6988.16,6967.8929869503245,Latih,6967.605702058123,6959.9935185873965
4,2022-08-03,7046.63,6987.043184294749,Latih,6986.303291893054,6970.014282460259
4,2022-08-04,7057.35,7042.993798067625,Latih,7041.436445567662,7003.398384828618
4,2022-08-05,7084.65,7056.209989056644,Latih,7053.614987623748,7004.414418230107
4,2022-08-08,7086.85,7082.423681842149,Latih,7079.419950360119,7019.846356327586
4,2022-08-09,7102.88,7085.96014826423,Latih,7082.496181782543,7018.632628723435
4,2022-08-10,7086.24,7101.131769172015,Latih,7097.493895914616,7028.074530732685
4,2022-08-11,7160.38,7086.369240295947,Latih,7082.6158945942525,7016.571034483962
4,2022-08-12,7129.28,7155.094633152553,Latih,7150.970875843831,7062.733018643913
4,2022-08-15,7093.28,7129.88358041293,Latih,7124.829476151531,7037.126474075371
4,2022-08-16,7133.45,7094.402357800068,Latih,7090.161421557726,7018.353540151172
4,2022-08-18,7186.56,7130.185111905402,Latih,7126.17967118985,7045.872955828961
4,2022-08-19,7172.43,7182.222331962656,Latih,7177.109483099054,7074.09911664611
4,2022-08-22,7107.98,7171.814091589521,Latih,7165.964659879277,7060.659375555572
4,2022-08-23,7163.27,7110.530698677364,Latih,7105.465683226647,7023.188696661048
4,2022-08-24,7194.71,7158.97958537943,Latih,7154.479521318742,7062.451344481764
4,2022-08-25,7174.21,7191.48179474957,Latih,7185.816767309976,7076.231711183846
4,2022-08-26,7135.25,7173.924605189632,Latih,7167.928208550285,7060.972955896912
4,2022-08-29,7132.04,7136.234719984597,Latih,7130.90571580655,7039.433544218595
4,2022-08-30,7159.47,7131.121819409197,Latih,7126.450123891896,7041.123278920705
4,2022-08-31,7178.59,7156.707213852474,Latih,7151.850907217332,7057.928216959295
4,2022-09-01,7153.1,7176.139421485733,Latih,7170.674932397674,7066.884390052614
4,2022-09-02,7177.18,7153.232801587649,Latih,7147.6789545131405,7049.767991856393
4,2022-09-05,7231.88,7174.472284839224,Latih,7169.122802789281,7066.628002959547
4,2022-09-06,7233.15,7227.135838190394,Latih,7220.925406420307,7097.306492359699
4,2022-09-07,7186.76,7231.274850479442,Latih,7224.16928749092,7092.986333643259
4,2022-09-08,7232.02,7187.780367692781,Latih,7181.054369299483,7064.9521270192245
4,2022-09-09,7242.66,7227.783321609573,Latih,7221.416823633985,7096.500305433335
4,2022-09-12,7254.46,7240.212872731763,Latih,7233.022916089373,7098.696091787877
4,2022-09-13,7318.02,7251.86674688824,Latih,7244.403183124144,7104.8080125833185
4,2022-09-14,7278.08,7312.188920904484,Latih,7303.98644726285,7141.959681397743
4,2022-09-15,7305.6,7278.106657555186,Latih,7269.221122777543,7112.016895743672
4,2022-09-16,7168.87,7301.798210830773,Latih,7293.320940696085,7132.290195766753
4,2022-09-19,7195.49,7174.883083360266,Latih,7167.140275888512,7047.452027283963
4,2022-09-20,7196.95,7192.515823856665,Latih,7186.753578237367,7076.180568215906
4,2022-09-21,7188.31,7195.320878611876,Latih,7189.11561802156,7074.584742138444
4,2022-09-22,7218.91,7187.285951194835,Latih,7181.131730148863,7069.249739391862
4,2022-09-23,7178.58,7215.555808481053,Latih,7209.277220561578,7088.466981082023
4,2022-09-26,7127.5,7179.331849317621,Latih,7172.906503316234,7061.3532961691
4,2022-09-27,7112.45,7129.192348812883,Latih,7123.859466250007,7034.363616147095
4,2022-09-28,7077.03,7112.3080331648025,Latih,7107.930629488293,7030.054937449747
4,2022-09-29,7036.2,7078.236008751452,Latih,7074.407370672285,7010.139172796062
4,2022-09-30,7040.8,7037.98644127136,Latih,7035.082410135324,6988.861267678786
4,2022-10-03,7009.72,7040.106728401239,Latih,7037.823135414178,6995.424632468274
4,2022-10-04,7072.26,7011.168651264958,Latih,7009.0786155367405,6976.2940597510815
4,2022-10-05,7075.38,7068.223208495437,Latih,7066.096147120057,7016.817699759058
4,2022-10-06,7076.62,7074.521757168828,Latih,7071.357046860515,7012.882018258623
4,2022-10-07,7026.78,7075.854266772329,Latih,7072.6283814073195,7013.338219738058
4,2022-10-10,6994.4,7029.118385081345,Latih,7026.302264001422,6983.2306802964695
4,2022-10-11,6939.15,6996.027074911644,Latih,6994.295893203665,6968.378121180581
4,2022-10-12,6909.21,6942.400001489564,Latih,6941.668641534491,6938.140061161561
4,2022-10-13,6880.63,6911.308567528765,Latih,6911.728493182103,6925.258678206843
4,2022-10-14,6814.53,6882.857537959255,Latih,6884.007996178902,6910.8430837816395
4,2022-10-17,6831.12,6819.246338472992,Latih,6821.428834895521,6877.189433667696
4,2022-10-18,6834.49,6831.264832515151,Latih,6834.372659845979,6889.850136525668
4,2022-10-19,6860.42,6835.323070976169,Latih,6838.133710605533,6890.33604643289
4,2022-10-20,6980.65,6859.854372134839,Latih,6862.386957427893,6905.626682043115
4,2022-10-21,7017.77,6974.154018714475,Latih,6975.230529063391,6975.567302146005
4,2022-10-24,7053.04,7015.488034304432,Latih,7014.300989987902,6986.729397106219
4,2022-10-25,7048.38,7050.6081534338555,Latih,7048.516824910696,7004.503414233974
4,2022-10-26,7043.94,7048.131882288511,Latih,7045.510611262377,6998.420762316038
4,2022-10-27,7091.76,7043.7115061081,Latih,7041.203794189746,6996.182055169394
4,2022-10-28,7056.04,7088.378036789954,Latih,7085.529802683652,7025.371399930768
4,2022-10-31,7098.89,7057.410736999568,Latih,7054.097613831815,6999.431210843375
4,2022-11-01,7052.3,7095.725300720991,Latih,7092.6199555564535,7028.53729961043
4,2022-11-02,7015.69,7054.28279377943,Latih,7050.886569752749,6996.517845727851
4,2022-11-03,7034.57,7017.394286303573,Latih,7015.066893423847,6978.817698903132
4,2022-11-04,7045.53,7033.151646744067,Latih,7031.253254938179,6993.582037692119
4,2022-11-07,7102.4,7044.460706633385,Latih,7042.1625826311665,6998.42254637306
4,2022-11-08,7050.13,7098.455269945922,Latih,7095.489546635212,7031.626458982283
4,2022-11-09,7070.08,7052.4339935875505,Latih,7048.9997096777515,6994.885717968395
4,2022-11-10,6966.84,7068.352694836913,Latih,7065.591388262568,7011.749685024074
4,2022-11-11,7089.21,6972.479021874713,Latih,6970.285562551068,6947.768487625166
4,2022-11-14,7019.39,7081.83044409877,Latih,7080.250441831409,7031.003486955219
4,2022-11-15,7035.5,7022.856965478712,Latih,7019.900963985972,6977.613356990266
4,2022-11-16,7014.38,7034.224304564053,Latih,7032.2580668795645,6993.797779312183
4,2022-11-17,7044.99,7015.259157887749,Latih,7013.214628541521,6979.590945414352
4,2022-11-18,7082.18,7042.866018215473,Latih,7040.898901430423,6999.974288142969
4,2022-11-21,7063.25,7079.438463183701,Latih,7076.655851348698,7019.508885135703
4,2022-11-22,7030.59,7063.665278933106,Latih,7060.44471988326,7004.660462963631
4,2022-11-23,7054.12,7031.9760307348315,Latih,7029.343124554211,6986.766215906192
4,2022-11-24,7080.52,7052.312781133708,Latih,7050.004987025317,7003.961681441119
4,2022-11-25,7053.15,7078.371390237868,Latih,7075.455517100155,7017.661274315171
4,2022-11-28,7017.36,7054.0914084160895,Latih,7050.984925592002,6998.736876535466
4,2022-11-29,7012.07,7019.008314933829,Latih,7016.65273912435,6979.743598641205
4,2022-11-30,7081.31,7012.112805267624,Latih,7010.381390856555,6979.886995456266
4,2022-12-01,7020.8,7076.848219236194,Latih,7074.6052200103395,7022.045348813586
4,2022-12-02,7019.64,7023.755509675794,Latih,7020.915135762744,6979.1961775506015
4,2022-12-05,6987.33,7019.406806047015,Latih,7017.554489452891,6984.122631239343
4,2022-12-06,6892.57,6989.003319987108,Latih,6987.448527221132,6964.787279803203
4,2022-12-07,6818.75,6898.277840902248,Latih,6898.062512976566,6910.766808880011
4,2022-12-08,6804.23,6823.852334151297,Latih,6825.805411183268,6877.189433667696
4,2022-12-09,6715.12,6806.240924771456,Latih,6809.512471653847,6877.189433667696
4,2022-12-12,6734.45,6721.779360383469,Latih,6726.054064429719,6877.189433667696
4,2022-12-13,6810.32,6735.131424120982,Latih,6740.679841456731,6877.189433667696
4,2022-12-14,6801.75,6807.418919523386,Latih,6812.000610656766,6884.7769506109125
4,2022-12-15,6751.86,6803.45792509797,Latih,6806.88716710749,6877.189433667696
4,2022-12-16,6812.19,6756.1467367294645,Latih,6760.144679234348,6877.189433667696
4,2022-12-19,6779.7,6810.112768057613,Latih,6814.396883651047,6884.283956187404
4,2022-12-20,6768.32,6782.852454342271,Latih,6786.441563374426,6877.189433667696
4,2022-12-21,6820.66,6770.415896271491,Latih,6774.628352241242,6877.189433667696
4,2022-12-22,6824.43,6818.953236003547,Latih,6822.898225627571,6887.8509584260355
4,2022-12-23,6800.67,6825.312778742343,Latih,6828.379210779101,6885.254509062804
4,2022-12-26,6835.81,6803.203839179901,Latih,6806.414236861495,6877.189433667696
4,2022-12-27,6923.03,6834.9224596792765,Latih,6838.2138638919905,6893.960759037771
4,2022-12-28,6850.52,6918.719902377169,Latih,6920.691104394238,6943.180849635049
4,2022-12-29,6860.08,6855.326952533159,Latih,6856.513609011206,6891.439188357629
4,2022-12-30,6850.62,6860.398587093983,Latih,6862.674888717566,6903.93206057612
4,2023-01-02,6850.98,6852.030041013989,Latih,6854.233429002795,6897.35067422513
4,2023-01-03,6888.76,6851.858538836869,Latih,6854.211735903654,6898.446654065886
4,2023-01-04,6813.24,6887.355507692136,Latih,6889.37705114428,6921.148081550639
4,2023-01-05,6653.84,6818.472910970479,Latih,6820.535074039727,6877.189433667696
4,2023-01-06,6684.56,6664.719218278837,Latih,6669.376809403312,6877.189433667696
4,2023-01-09,6688.27,6684.980973643078,Latih,6691.950211404875,6877.189433667696
4,2023-01-10,6622.5,6690.119600837841,Latih,6696.560305243149,6877.189433667696
4,2023-01-11,6584.45,6628.557623543448,Latih,6635.505568972536,6877.189433667696
4,2023-01-12,6629.93,6589.283770422565,Latih,6597.622992681268,6877.189433667696
4,2023-01-13,6641.83,6627.155335332907,Latih,6635.882011467971,6877.189433667696
4,2023-01-16,6688.06,6643.5671215014245,Latih,6651.291377365747,6877.189433667696
4,2023-01-17,6767.34,6687.620757492795,Latih,6694.753934581295,6877.189433667696
4,2023-01-18,6765.79,6764.5594317567575,Latih,6770.26160119506,6877.189433667696
4,2023-01-19,6819.91,6767.374311753534,Latih,6771.808365704441,6877.189433667696
4,2023-01-20,6874.93,6818.112660731702,Latih,6822.105018362432,6887.634777255691
4,2023-01-24,6860.85,6872.694747633969,Latih,6875.3378410387395,6915.713611161153
4,2023-01-25,6829.93,6862.4364973301035,Latih,6864.311592971121,6902.126465591231
4,2023-01-26,6864.82,6832.6423830944605,Latih,6835.011765953929,6884.828481417335
4,2023-01-27,6898.98,6863.7406430125575,Latih,6866.308909446036,6908.698336971442
4,2023-01-30,6872.48,6897.698203361669,Latih,6899.407898817697,6926.011731261056
4,2023-01-31,6839.34,6874.653176837003,Latih,6876.039259862935,6906.889535855094
4,2023-02-01,6862.26,6842.105409373076,Latih,6844.205580613645,6889.4101208389175
4,2023-02-02,6890.57,6861.843518145714,Latih,6864.28175526384,6906.283137459198
4,2023-02-03,6911.73,6889.662810538448,Latih,6891.486427084841,6921.18877873544
4,2023-02-06,6873.79,6911.058179004232,Latih,6912.241706918518,6931.290781842512
4,2023-02-07,6935.3,6876.57013317827,Latih,6877.7387939507125,6906.492725375334
4,2023-02-08,6940.12,6932.287940437836,Latih,6933.539417654319,6947.034231809422
4,2023-02-09,6897.37,6940.127448971314,Latih,6940.343087167783,6944.217283340736
4,2023-02-10,6880.33,6900.242346241513,Latih,6900.748734020629,6918.043563774865
4,2023-02-13,6900.14,6881.938102195895,Latih,6883.282453801073,6911.763114230673
4,2023-02-14,6941.85,6899.622942328491,Latih,6901.071958612242,6925.268089754027
4,2023-02-15,6914.54,6939.8581339288185,Latih,6940.627165928526,6948.526530867859
4,2023-02-16,6895.66,6916.459191860597,Latih,6916.789500968496,6928.21517096166
4,2023-02-17,6895.71,6897.2587047928955,Latih,6898.193317968884,6919.39225917105
4,2023-02-20,6894.72,6896.288669035473,Latih,6897.528071547189,6921.177272860448
4,2023-02-21,6873.4,6895.3617092055465,Latih,6896.608790919223,6920.576873033087
4,2023-02-22,6809.97,6875.287654739058,Latih,6876.734628406799,6907.839171308318
4,2023-02-23,6839.45,6814.574823946981,Latih,6816.913464142709,6877.189433667696
4,2023-02-24,6856.58,6838.841593404443,Latih,6841.951308215888,6895.286752954759
4,2023-02-27,6854.78,6856.5155999154185,Latih,6859.001075760756,6902.854852117935
4,2023-02-28,6843.24,6855.747989990148,Latih,6857.972036842141,6900.179387127795
4,2023-03-01,6844.94,6844.81428018454,Latih,6847.166985989245,6893.402271622457
4,2023-03-02,6857.42,6845.789099283251,Latih,6848.31366924766,6895.497943936624
4,2023-03-03,6813.64,6857.600099737082,Latih,6859.9895467740635,6902.8500170648485
4,2023-03-06,6807.0,6817.160413832693,Latih,6819.725706837802,6877.189433667696
4,2023-03-07,6766.76,6808.566843864945,Latih,6811.897083637743,6877.189433667696
4,2023-03-08,6776.37,6770.4215070015425,Latih,6774.206086629057,6877.189433667696
4,2023-03-09,6799.79,6777.2783233151085,Latih,6781.630491634334,6877.189433667696
4,2023-03-10,6765.3,6799.788688635257,Latih,6803.783580144075,6877.189433667696
4,2023-03-13,6786.96,6768.662090652012,Latih,6772.575859278166,6877.189433667696
4,2023-03-14,6641.81,6787.144300849463,Latih,6791.428726713683,6877.189433667696
4,2023-03-15,6628.14,6652.00677776725,Latih,6657.192908712189,6877.189433667696
4,2023-03-16,6565.73,6631.351327559061,Latih,6639.001629088678,6877.189433667696
4,2023-03-17,6678.24,6572.008408544176,Latih,6580.417905519978,6877.189433667696
4,2023-03-20,6612.49,6663.23831520782,Latih,6671.543753502679,6877.189433667696
4,2023-03-21,6691.61,6618.617387867575,Latih,6625.813782628781,6877.189433667696
4,2023-03-24,6762.25,6685.802208702577,Latih,6693.680164957657,6877.189433667696
4,2023-03-27,6708.93,6759.970862954281,Latih,6765.65954854133,6877.189433667696
4,2023-03-28,6760.33,6713.705325919406,Latih,6718.712023390251,6877.189433667696
4,2023-03-29,6839.44,6759.100799029789,Latih,6764.526103503131,6877.189433667696
4,2023-03-30,6808.95,6836.15831993285,Latih,6840.070550133021,6899.8948946726705
4,2023-03-31,6805.28,6811.787739041476,Latih,6814.684168543248,6877.189433667696
4,2023-04-03,6827.17,6806.699039587406,Latih,6810.119930141596,6877.189433667696
4,2023-04-04,6833.18,6827.057302094132,Latih,6830.348758018643,6888.33296409253
4,2023-04-05,6819.67,6833.880156684549,Latih,6836.765907700093,6889.914879696406
4,2023-04-06,6792.77,6821.517236213714,Latih,6824.422327441603,6881.226315156257
4,2023-04-10,6771.23,6795.52885173085,Latih,6798.88435271683,6877.189433667696
4,2023-04-11,6811.31,6773.852571851933,Latih,6777.828653194332,6877.189433667696
4,2023-04-12,6798.96,6810.329750760821,Latih,6814.308378909259,6881.953900150097
4,2023-04-13,6785.6,6800.891313442019,Latih,6804.328570780185,6877.189433667696
4,2023-04-14,6818.57,6787.680267776872,Latih,6791.432372395422,6877.189433667696
4,2023-04-17,6787.58,6817.921378791957,Latih,6821.60509455803,6884.987029789127
4,2023-04-18,6821.81,6790.595908211495,Latih,6794.013928760913,6877.189433667696
4,2023-04-26,6910.15,6821.070549705058,Latih,6824.694305641681,6886.7527291220795
4,2023-04-27,6945.48,6905.870710016528,Latih,6908.1793056577835,6936.7313800800275
4,2023-04-28,6915.72,6943.806071125313,Latih,6944.382011272355,6949.780541962429
4,2023-05-02,6863.3,6917.762794569175,Latih,6918.024301130216,6928.587832031888
4,2023-05-03,6812.72,6866.93436363939,Latih,6868.129009590184,6899.809285791554
4,2023-05-04,6844.03,6816.613199589281,Latih,6819.091384071141,6877.189433667696
4,2023-05-05,6787.63,6843.290566208991,Latih,6846.316352772745,6897.787251077332
4,2023-05-08,6769.63,6792.014285255101,Latih,6795.020343768027,6877.189433667696
4,2023-05-09,6779.98,6772.073220604384,Latih,6776.146183999801,6877.189433667696
4,2023-05-10,6811.9,6780.822908489431,Latih,6785.0975478959335,6877.189433667696
4,2023-05-11,6755.94,6811.355143997697,Latih,6815.187220911413,6881.495604342855
4,2023-05-12,6707.76,6760.5248385152445,Latih,6764.323535463534,6877.189433667696
4,2023-05-15,6711.74,6712.266742490845,Latih,6717.385512355285,6877.189433667696
4,2023-05-16,6676.56,6713.408978534656,Latih,6719.272217294889,6877.189433667696
4,2023-05-17,6663.11,6680.587293678237,Latih,6686.689621935202,6877.189433667696
4,2023-05-19,6700.56,6666.061999138158,Latih,6672.848985132885,6877.189433667696
4,2023-05-22,6729.65,6700.5052172994765,Latih,6707.186627195196,6877.189433667696
4,2023-05-23,6736.68,6729.839652437288,Latih,6735.664844242354,6877.189433667696
4,2023-05-24,6745.8,6738.008177283724,Latih,6743.302482845505,6877.189433667696
4,2023-05-25,6704.23,6746.9510604450315,Latih,6752.053088614962,6877.189433667696
4,2023-05-26,6687.0,6708.405681114511,Latih,6713.71880977066,6877.189433667696
4,2023-05-29,6681.1,6689.986520526423,Latih,6696.120211988702,6877.189433667696
4,2023-05-30,6636.42,6683.517995173945,Latih,6689.981077859714,6877.189433667696
4,2023-05-31,6633.26,6641.243089888551,Latih,6648.186878981897,6877.189433667696
4,2023-06-05,6633.44,6635.8689736309725,Latih,6643.562234736541,6877.189433667696
4,2023-06-06,6618.92,6635.867797187574,Latih,6643.610578803428,6877.189433667696
4,2023-06-07,6619.75,6622.242371959394,Latih,6630.107471368767,6877.189433667696
4,2023-06-08,6666.33,6622.239663553989,Latih,6630.332320729203,6877.189433667696
4,2023-06-09,6694.02,6666.025690992188,Latih,6673.703205855352,6877.189433667696
4,2023-06-12,6722.37,6694.537236292973,Latih,6701.223002907649,6877.189433667696
4,2023-06-13,6719.01,6722.651053229588,Latih,6728.644734999556,6877.189433667696
4,2023-06-14,6699.72,6721.022881422657,Latih,6726.58726477595,6877.189433667696
4,2023-06-15,6713.79,6702.727480094449,Latih,6708.512543544487,6877.189433667696
4,2023-06-16,6698.55,6714.900967322307,Latih,6720.876498251277,6877.189433667696
4,2023-06-19,6686.06,6701.347589556292,Latih,6707.2271433887045,6877.189433667696
4,2023-06-20,6660.46,6688.7978731441635,Latih,6695.031471799627,6877.189433667696
4,2023-06-21,6702.63,6664.08521871091,Latih,6670.741483744991,6877.189433667696
4,2023-06-22,6652.26,6702.306326285914,Latih,6709.012738835828,6877.189433667696
4,2023-06-23,6639.73,6657.277476893376,Latih,6663.736635946493,6877.189433667696
4,2023-06-26,6664.67,6642.7979149744,Latih,6650.179328083852,6877.189433667696
4,2023-06-27,6661.88,6665.54307771207,Latih,6672.911937782627,6877.189433667696
4,2023-07-03,6696.72,6664.266487953823,Latih,6671.25629408316,6877.189433667696
4,2023-07-04,6681.75,6696.832994480445,Latih,6703.567408968822,6877.189433667696
4,2023-07-05,6718.98,6684.651957330121,Latih,6690.952302988484,6877.189433667696
4,2023-07-06,6757.33,6718.806694763916,Latih,6725.027960155624,6877.189433667696
4,2023-07-07,6716.46,6756.8249757403355,Latih,6762.113709355913,6877.189433667696
4,2023-07-10,6731.04,6720.511412959414,Latih,6725.532706085163,6877.189433667696
4,2023-07-11,6796.92,6732.001399500985,Latih,6737.55759946229,6877.189433667696
4,2023-07-12,6808.21,6794.651871353414,Latih,6799.404211419252,6877.189433667696
4,2023-07-13,6810.21,6808.802494527129,Latih,6812.392560227541,6877.700475508606
4,2023-07-14,6869.57,6811.288720193534,Latih,6814.6791007870725,6877.854602521694
4,2023-07-17,6867.14,6867.138935511147,Latih,6869.984971866046,6913.389786395471
4,2023-07-18,6830.2,6868.054467033779,Latih,6869.961960116064,6906.409805507699
4,2023-07-20,6864.19,6833.234793449075,Latih,6835.500132171543,6884.406306300796
4,2023-07-21,6880.8,6863.163539350067,Latih,6865.7329175871955,6908.294131704608
4,2023-07-24,6899.4,6880.592199236787,Latih,6882.468872087634,6915.130095235745
4,2023-07-25,6917.71,6898.953377971688,Latih,6900.401153172293,6924.779102994841
4,2023-07-26,6948.28,6917.149440936487,Latih,6918.138558347266,6934.068584480328
4,2023-07-27,6896.66,6946.84263959889,Latih,6947.272235358401,6950.762755848214
4,2023-07-28,6900.23,6900.015176314154,Latih,6900.395801001229,6916.857812253277
4,2023-07-31,6931.36,6900.5871087968735,Latih,6901.771283108631,6923.804335607928
4,2023-08-01,6886.5,6930.012259355825,Latih,6930.870287359399,6942.205590986056
4,2023-08-02,6854.51,6889.562903345264,Latih,6890.304657371677,6912.3165856016085
4,2023-08-03,6898.08,6857.106096933518,Latih,6858.848887940083,6897.235770610609
4,2023-08-04,6852.84,6896.297666888275,Latih,6898.181760382095,6926.428450782936
4,2023-08-07,6886.37,6856.161632660064,Latih,6857.731602838669,6895.154448320307
4,2023-08-08,6868.81,6885.21138142351,Latih,6887.2234616166725,6919.536974636953
4,2023-08-09,6875.11,6870.527609615361,Latih,6872.149162312186,6905.853179717103
4,2023-08-10,6893.28,6875.497811484968,Latih,6877.348861140049,6911.276583781878
4,2023-08-11,6879.98,6892.899839795866,Latih,6894.492330462374,6921.625148740452
4,2023-08-14,6910.17,6881.389078039563,Latih,6882.802620030082,6911.932651359479
4,2023-08-15,6915.1,6909.022854357997,Latih,6910.390993390123,6931.336365792197
4,2023-08-16,6900.54,6915.278559806983,Latih,6916.116187506358,6931.496879212303
4,2023-08-18,6859.91,6901.871448860803,Latih,6902.754944924751,6922.276846671146
4,2023-08-21,6866.03,6862.933240858946,Latih,6864.402476455603,6899.180289340057
4,2023-08-22,6916.45,6866.491762362753,Latih,6868.565017612611,6906.639767872134
4,2023-08-23,6921.41,6914.168695348541,Latih,6915.7081555664945,6936.412163152738
4,2023-08-24,6899.39,6921.542280584615,Latih,6922.223997213881,6934.710302034063
4,2023-08-25,6895.44,6901.131427179614,Latih,6901.922850387731,6920.99829832856
4,2023-08-28,6921.73,6896.236052281299,Latih,6897.417460011878,6920.668092644255
4,2023-08-29,6957.83,6920.711065148156,Latih,6921.7296582836325,6936.855798665328
4,2023-08-30,6966.66,6956.027197846815,Latih,6956.309466694638,6956.135973613307
4,2023-08-31,6953.26,6966.2636516279445,Latih,6965.886207216428,6958.0940408337565
4,2023-09-01,6977.65,6954.155877167032,Latih,6953.751258205816,6949.209566147968
4,2023-09-04,6996.75,6976.337652796554,Latih,6975.939316818762,6965.132300917552
4,2023-09-05,6991.71,6995.587447063376,Latih,6994.63015826409,6974.3590042806145
4,2023-09-06,6995.95,6991.8834602726,Latih,6990.660838239242,6969.550686193751
4,2023-09-07,6954.81,6995.593600767304,Latih,6994.415890430261,6972.57070689206
4,2023-09-08,6924.78,6957.189136085555,Latih,6956.297728116558,6947.4197174054825
4,2023-09-11,6963.39,6926.773239194196,Latih,6926.805765914958,6933.172625873131
4,2023-09-12,6933.97,6961.412645452068,Latih,6961.597618552492,6959.1983462739445
4,2023-09-13,6935.48,6935.86531089191,Latih,6935.679898241205,6937.905367167635
4,2023-09-14,6959.33,6935.69854034428,Latih,6935.975715580029,6941.548696019693
4,2023-09-15,6982.79,6958.176443583415,Latih,6958.2234754634355,6955.760545961902
4,2023-09-18,6936.08,6981.491405692148,Latih,6980.950603711653,6967.66118881707
4,2023-09-19,6980.32,6938.891692141337,Latih,6938.374522452397,6937.3718306947185
4,2023-09-20,7011.68,6977.919568400431,Latih,6977.77591302638,6968.3359502095445
4,2023-09-21,6991.47,7009.751386025003,Latih,7008.62210378652,6983.095247098256
4,2023-09-22,7016.84,6992.462270424415,Latih,6991.000403758932,6968.018517339276
4,2023-09-25,6998.38,7015.1975691366715,Latih,7013.843547425322,6985.163951709915
4,2023-09-26,6923.8,6999.229121137907,Latih,6997.624219639947,6971.6970877814765
4,2023-09-27,6937.83,6928.199838413638,Latih,6927.536557040256,6928.532965814513
4,2023-09-29,6939.89,6937.357558238549,Latih,6937.778828398628,6943.908176069899
4,2023-10-02,6961.46,6940.047735235138,Latih,6940.224408592028,6943.843717314048
4,2023-10-03,6940.89,6960.414194061802,Latih,6960.3715835404855,6956.632406871364
4,2023-10-04,6886.58,6942.259629814668,Latih,6942.045749819322,6942.249003040238
4,2023-10-05,6874.83,6890.151409459151,Latih,6890.738390075006,6911.478906190435
4,2023-10-06,6888.52,6876.192042369282,Latih,6877.758263442553,6909.456328502337
4,2023-10-09,6891.46,6888.41487558011,Latih,6890.052950196304,6918.786765731614
4,2023-10-10,6922.19,6891.913101127781,Latih,6893.3045363247775,6919.28343169276
4,2023-10-11,6931.75,6920.928668392938,Latih,6922.007583340447,6937.5025581193395
4,2023-10-12,6935.15,6931.5613896799505,Latih,6932.061080781264,6940.399065188809
4,2023-10-13,6926.78,6935.269125576062,Latih,6935.5849812365,6941.55645278935
4,2023-10-16,6896.29,6927.592328214091,Latih,6927.925429759067,6936.203609472555
4,2023-10-17,6939.62,6898.509587323704,Latih,6899.240973134675,6918.633621242683
4,2023-10-18,6927.91,6937.55662280385,Latih,6938.407178452654,6947.5424553573575
4,2023-10-19,6846.43,6928.894224433345,Latih,6929.145362778944,6936.468115317864
4,2023-10-20,6849.17,6851.74903910521,Latih,6852.892154249582,6888.5243235999715
4,2023-10-23,6741.96,6849.933153472575,Latih,6852.369658245477,6897.7469158751155
4,2023-10-24,6806.76,6749.40437155219,Latih,6752.72119211348,6877.189433667696
4,2023-10-25,6834.39,6804.480422474173,Latih,6808.971385258464,6881.936576697863
4,2023-10-26,6714.52,6833.917053052218,Latih,6837.122279554041,6892.540184242763
4,2023-10-27,6758.79,6722.840499400514,Latih,6726.632874581534,6877.189433667696
4,2023-10-30,6735.89,6757.955744693003,Latih,6763.303972731851,6877.189433667696
4,2023-10-31,6752.21,6738.835953885635,Latih,6743.666055567285,6877.189433667696
4,2023-11-01,6642.42,6752.927845385096,Latih,6757.987366457305,6877.189433667696
4,2023-11-02,6751.39,6650.707790336618,Latih,6656.450385472785,6877.189433667696
4,2023-11-03,6788.85,6743.309334658703,Latih,6750.3482669958685,6877.189433667696
4,2023-11-06,6878.84,6788.169823365833,Latih,6792.662854622033,6877.189433667696
4,2023-11-07,6843.79,6874.693434471524,Latih,6877.804829916394,6920.953645191234
4,2023-11-08,6804.11,6846.626778694424,Latih,6848.58582843903,6891.496821156182
4,2023-11-09,6838.23,6807.477017728118,Latih,6810.344798893957,6877.189433667696
4,2023-11-10,6809.26,6837.380295568736,Latih,6840.59521803263,6895.097306783833
4,2023-11-13,6838.31,6812.01364202979,Latih,6814.926955433516,6877.189433667696
4,2023-11-14,6862.06,6837.732814893754,Latih,6840.863834965857,6894.666754356064
4,2023-11-15,6958.21,6861.600214137469,Latih,6864.056834799681,6906.258522643486
4,2023-11-16,6958.01,6953.169914175913,Latih,6954.41337606375,6961.911147182033
4,2023-11-17,6977.67,6958.1612403148865,Latih,6957.852262323544,6952.853412118003
4,2023-11-20,6994.89,6976.612345866012,Latih,6976.137036877321,6964.702808581636
4,2023-11-21,6961.79,6993.841915331533,Latih,6992.900295206954,6973.237866650271
4,2023-11-22,6906.95,6963.686645900653,Latih,6962.752162004159,6951.718622573063
4,2023-11-23,7004.34,6910.405808820168,Latih,6910.479265428821,6921.7942463189775
4,2023-11-24,7009.63,6998.906620511462,Latih,6999.026721161654,6985.498165058542
4,2023-11-27,7013.41,7009.120191822103,Latih,7007.620342841199,6979.628927729774
4,2023-11-28,7041.07,7012.954725046209,Latih,7011.336818031124,6981.411872947264
4,2023-11-29,7036.09,7039.132736691291,Latih,7037.215159808452,6997.705536441853
4,2023-11-30,7080.74,7035.946152292544,Latih,7033.6243959987705,6992.137623758365
4,2023-12-01,7059.91,7077.606779596865,Latih,7074.980440814554,7019.46958416944
4,2023-12-04,7093.6,7060.45128728157,Latih,7057.282853723821,7002.784410654357
4,2023-12-05,7100.85,7090.966108841957,Latih,7087.843905631364,7024.9942140782405
4,2023-12-06,7087.4,7099.588999399009,Latih,7095.859647971452,7026.225523693614
4,2023-12-07,7134.62,7087.349282286227,Latih,7083.618638063729,7017.457788391165
4,2023-12-08,7159.6,7130.967097710436,Latih,7127.0466194785295,7047.1236056566795
4,2023-12-11,7088.79,7156.968255007336,Latih,7152.069079291889,7057.766617591438
4,2023-12-12,7125.31,7091.819146657051,Latih,7087.126869844258,7012.833305745176
4,2023-12-13,7075.34,7122.299269601171,Latih,7118.436605159108,7041.391869998033
4,2023-12-14,7176.02,7077.3417049217815,Latih,7073.319768142759,7007.926786954454
4,2023-12-15,7190.99,7169.194423629116,Latih,7165.111932334969,7073.157910215913
4,2023-12-18,7119.52,7188.675292064024,Latih,7182.836202713323,7072.807924768983
4,2023-12-19,7187.85,7122.36716719157,Latih,7116.902574679915,7028.407968404346
4,2023-12-20,7219.67,7182.683239215684,Latih,7177.784580618214,7076.170174144565
4,2023-12-21,7209.62,7216.244713050202,Latih,7209.966952519491,7088.967137589515
4,2023-12-22,7237.52,7208.521090655401,Latih,7201.8158286929865,7079.961579729378
4,2023-12-26,7237.52,7234.179450445253,Latih,7227.396051956492,7097.685126142564
4,2023-12-27,7245.92,7235.682298710423,Latih,7228.447869921999,7095.091779487194
4,2023-12-28,7303.89,7243.570364621956,Latih,7236.263487604934,7100.146607713761
4,2023-12-29,7272.8,7298.460059152926,Latih,7290.517489006603,7134.250486594504
4,2024-01-02,7323.59,7272.387332727991,Latih,7263.775663631043,7110.152943995062
4,2024-01-03,7279.09,7318.407419715015,Latih,7309.86039036521,7143.606805578537
4,2024-01-04,7359.76,7279.355135487401,Latih,7270.370882887922,7112.107029407088
4,2024-01-05,7350.62,7352.7118886590915,Latih,7343.7513200629655,7164.788216481278
4,2024-01-08,7283.58,7348.474158548207,Latih,7338.288434040636,7151.789525313445
4,2024-01-09,7200.2,7285.0275060022705,Latih,7275.567608287416,7112.296398010317
4,2024-01-10,7227.3,7203.11772491224,Latih,7195.460552177502,7068.352332854329
4,2024-01-11,7219.96,7224.07496517189,Latih,7217.531923118905,7092.410677911104
4,2024-01-12,7241.14,7218.642020280437,Latih,7211.724171117619,7085.474626195491
4,2024-01-15,7224.0,7238.135868376571,Latih,7231.154051719981,7098.9024218607565
4,2024-01-16,7242.79,7223.181178460197,Latih,7216.004873732403,7086.619318549693
4,2024-01-17,7200.63,7239.902860504467,Latih,7232.841511102992,7099.519860725464
4,2024-01-18,7252.97,7201.324411479308,Latih,7194.322944339587,7072.402607698499
4,2024-01-19,7227.4,7248.203689985354,Latih,7241.432288633663,7107.818156328264
4,2024-01-22,7247.93,7227.011316181498,Latih,7219.614357212858,7087.565747871459
4,2024-01-23,7256.23,7244.912802890618,Latih,7237.752115125733,7102.296887686314
4,2024-01-24,7227.82,7253.812765259822,Latih,7246.248725472768,7105.3832546210915
4,2024-01-25,7178.04,7227.581283615904,Latih,7220.128062211351,7087.515484004081
4,2024-01-26,7137.09,7179.304648912024,Latih,7172.739991327594,7060.200071368275
4,2024-01-29,7157.17,7138.168896354503,Latih,7132.7619624972995,7040.18476150399
4,2024-01-30,7192.22,7154.819319541522,Latih,7149.90126901991,7056.074710993824
4,2024-01-31,7207.94,7188.81496562965,Latih,7183.269961272549,7075.300278283416
4,2024-02-01,7201.7,7205.46492341049,Latih,7199.217827975823,7081.502125895083
4,2024-02-02,7238.79,7200.451878316476,Latih,7194.00455480106,7076.285853436052
4,2024-02-05,7198.62,7234.945509016591,Latih,7228.279134326058,7099.18559566504
4,2024-02-06,7247.41,7199.221447801663,Latih,7192.30189214952,7071.564876575529
4,2024-02-07,7235.15,7242.874272112925,Latih,7236.183282606679,7104.659134317699
4,2024-02-12,7297.67,7233.989461300451,Latih,7226.615669217186,7092.74628747827
4,2024-02-13,7209.74,7292.039005230749,Latih,7284.324070417964,7131.508571944302
4,2024-02-15,7303.28,7212.835250803307,Latih,7204.868169264867,7072.783516800462
4,2024-02-16,7335.54,7295.9383850491895,Latih,7288.585846514786,7137.246409595079
4,2024-02-19,7296.7,7331.270936243623,Latih,7322.128135272352,7147.964765619106
4,2024-02-20,7352.6,7296.535656312789,Latih,7287.206382598961,7121.593403562371
4,2024-02-21,7349.02,7346.936818513961,Latih,7337.753320357889,7158.842600827285
4,2024-02-22,7339.64,7346.586005678268,Latih,7336.529715800374,7151.492234188386
4,2024-02-23,7295.1,7337.584895032734,Latih,7327.667399619906,7146.180450038977
4,2024-02-26,7283.82,7295.253927694644,Latih,7285.872218217933,7120.249413939779
4,2024-02-27,7285.32,7282.2622693313,Latih,7273.69770968207,7117.601511337821
4,2024-02-28,7328.64,7283.063233366096,Latih,7274.668133277975,7119.552700889175
4,2024-02-29,7316.11,7323.824075390188,Latih,7315.031053018656,7145.481927075453
4,2024-03-01,7311.91,7314.391067810146,Latih,7305.005997066583,7133.915135586327
4,2024-03-04,7276.75,7309.772118326511,Latih,7300.625697529401,7132.552322869366
4,2024-03-05,7247.46,7276.528516912543,Latih,7267.753335111222,7111.784451212946
4,2024-03-06,7329.8,7247.129739370424,Latih,7239.175430646021,7097.4268774247785
4,2024-03-07,7373.96,7322.873974530785,Latih,7314.683084331838,7149.6991793144425
4,2024-03-08,7381.91,7368.77796853194,Latih,7358.875262693258,7168.619646997521
4,2024-03-13,7421.21,7378.622188327407,Latih,7367.937082989309,7169.299036595891
4,2024-03-14,7433.31,7415.955417263606,Latih,7404.802733850576,7192.209638302398
4,2024-03-15,7328.05,7429.434924726586,Latih,7417.542659182647,7195.837996589018
4,2024-03-18,7302.45,7331.241512230723,Latih,7320.061369853107,7131.370915138787
4,2024-03-19,7336.75,7301.531739937152,Latih,7292.273931927765,7125.749739303654
4,2024-03-20,7331.13,7332.362520581572,Latih,7323.222718894569,7148.770073444911
4,2024-03-21,7338.35,7328.932528750985,Latih,7319.286830546943,7142.199882698125
4,2024-03-22,7350.15,7335.409948532671,Latih,7325.792691817372,7147.06699709899
4,2024-03-25,7377.76,7346.879573553891,Latih,7337.043937916845,7153.496738603183
4,2024-03-26,7365.66,7373.442579532955,Latih,7363.178046245667,7169.014828555653
4,2024-03-27,7310.09,7363.5672809470625,Latih,7352.960725829693,7159.167040646144
4,2024-03-28,7288.81,7310.732044427481,Latih,7300.80037998208,7126.851407442157
4,2024-04-01,7205.06,7287.755561890685,Latih,7278.905811677061,7119.210989329878
4,2024-04-02,7236.98,7207.963327205255,Latih,7200.179667413308,7070.790802675544
4,2024-04-03,7166.84,7233.426785229522,Latih,7226.721730114298,7097.784102523388
4,2024-04-04,7254.4,7169.280627195905,Latih,7162.66451637275,7052.608831175622
4,2024-04-05,7286.88,7247.72644180425,Latih,7241.488913052161,7111.8195118117965
4,2024-04-16,7164.81,7282.943417130791,Latih,7275.010413667045,7123.2261001516035
4,2024-04-17,7130.84,7170.062199306558,Latih,7162.656966450283,7046.7489536822395
4,2024-04-18,7166.81,7131.587070453233,Latih,7126.4480037081885,7037.653469005878
4,2024-04-19,7087.32,7163.535239622662,Latih,7158.635029671261,7062.456722508727
4,2024-04-22,7073.82,7090.827055817903,Latih,7086.030993427098,7011.2785388351
4,2024-04-23,7110.81,7073.867964910328,Latih,7070.473240525781,7010.543352206997
4,2024-04-24,7174.53,7107.876590659681,Latih,7104.381028269591,7034.057740863615
4,2024-04-25,7155.29,7169.705905020307,Latih,7165.062806127141,7068.964238556681
4,2024-04-26,7036.08,7155.070638878414,Latih,7149.563590980835,7051.463259720858
4,2024-04-29,7155.78,7042.08920359021,Latih,7037.921180982644,6981.514572577525
4,2024-04-30,7234.2,7148.073205258914,Latih,7144.799796751804,7064.627376929579
4,2024-05-01,7234.2,7228.161696833448,Latih,7222.277204524355,7100.69185690886
4,2024-05-02,7117.42,7232.385826741534,Latih,7225.2336197114755,7093.402510191263
4,2024-05-03,7134.72,7122.722737512653,Latih,7116.577617743079,7023.1277801633405
4,2024-05-06,7135.89,7132.677982537812,Latih,7128.271465119188,7044.393326160963
4,2024-05-07,7123.61,7134.70849798686,Latih,7130.012342789239,7043.4893522251205
4,2024-05-08,7088.79,7123.239907201593,Latih,7118.63067953593,7035.990882997567
4,2024-05-13,7099.26,7089.88057478434,Latih,7085.7700556958325,7016.178645362906
4,2024-05-14,7083.76,7097.836848557057,Latih,7094.198975299658,7025.715800503545
4,2024-05-15,7179.83,7083.845394296706,Latih,7080.171891610682,7015.415172381453
4,2024-05-16,7246.7,7173.22582366712,Latih,7168.974286506245,7074.667998132764
4,2024-05-17,7317.24,7241.1953968883345,Latih,7234.81431618579,7105.9784574127825
4,2024-05-20,7266.69,7311.038488540736,Latih,7302.968086830463,7142.211569564409
4,2024-05-21,7186.04,7267.368806183419,Latih,7258.5940380764805,7105.235255456033
4,2024-05-22,7222.38,7188.91089101441,Latih,7181.648899837804,7061.401233005581
4,2024-05-27,7176.42,7218.692025588826,Latih,7212.42026362665,7090.766139320196
4,2024-05-28,7253.63,7177.490392201017,Latih,7171.027606858085,7059.730890227614
4,2024-05-29,7140.23,7247.5193360544035,Latih,7241.133653001863,7110.465696947637
4,2024-05-30,7034.14,7145.189186588593,Latih,7138.533361104793,7035.048073501641
4,2024-05-31,6970.74,7039.456297409589,Latih,7035.548436856324,6981.747042964149
4,2024-06-03,7036.19,6974.205394385504,Latih,6972.559304440664,6953.456113120362
4,2024-06-04,7099.31,7032.251758040244,Latih,7031.065903095061,6998.735170046141
4,2024-06-05,6947.67,7095.050513472618,Latih,7092.26236847526,7030.635143820101
4,2024-06-06,6974.9,6956.05173509483,Latih,6953.551133548662,6933.515578515572
4,2024-06-07,6897.95,6973.45415124421,Latih,6973.169917348074,6963.997020110533
4,2024-06-10,6921.55,6902.66038990263,Latih,6902.599628540316,6915.159700239937
4,2024-06-11,6855.69,6920.6772973442485,Latih,6921.656770504754,6936.514164673728
4,2024-06-12,6850.1,6860.102149213586,Latih,6861.268198540245,6894.6879044813295
4,2024-06-13,6831.56,6851.305248457226,Latih,6853.584058102999,6897.445823932924
4,2024-06-14,6734.83,6833.594035307796,Latih,6836.123130054505,6886.80860371951
4,2024-06-19,6726.92,6741.760294830223,Latih,6745.423287093362,6877.189433667696
4,2024-06-20,6819.32,6729.121983180661,Latih,6734.416767076571,6877.189433667696
4,2024-06-21,6879.98,6815.464835697441,Latih,6820.090611138373,6890.892801502981
4,2024-06-24,6889.17,6877.405252855456,Latih,6880.014294041432,6918.807398738902
4,2024-06-25,6882.7,6889.30261201147,Latih,6890.851871615089,6918.699191802185
4,2024-06-26,6905.64,6883.721952369846,Latih,6885.178389296569,6913.951505798142
4,2024-06-27,6967.95,6904.915437977353,Latih,6906.278638532797,6928.357533540768
4,2024-06-28,7063.58,6964.663740318463,Latih,6965.118829994248,6963.721499652313
4,2024-07-01,7139.63,7057.822156062183,Latih,7056.445329448041,7015.476967979722
4,2024-07-02,7125.14,7134.388608806199,Latih,7130.810100692576,7052.3525992179475
4,2024-07-03,7196.75,7124.878188664978,Latih,7120.195219975774,7036.563901428039
4,2024-07-04,7220.89,7191.343465690685,Latih,7186.277364292217,7081.00357245332
4,2024-07-05,7253.37,7217.869704581574,Latih,7211.437636046484,7088.874004641832
4,2024-07-08,7250.98,7249.670650262911,Latih,7242.5682934058495,7106.1756344974665
4,2024-07-09,7269.8,7249.175768358787,Latih,7241.5691180504145,7101.718336093488
4,2024-07-10,7287.04,7266.7201333928915,Latih,7258.98973675259,7113.265787370268
4,2024-07-11,7300.41,7283.923200562083,Latih,7275.7399637091985,7121.8909532464195
4,2024-07-12,7327.58,7297.4070518160715,Latih,7288.829822776401,7128.334139818018
4,2024-07-15,7278.86,7323.6414810324595,Latih,7314.613687099305,7143.441482961244
4,2024-07-16,7224.29,7279.354101251446,Latih,7270.3072773767335,7111.597668199603
4,2024-07-17,7224.22,7225.485352742749,Latih,7217.6968320418155,7083.287734270156
4,2024-07-18,7321.07,7222.480225042181,Latih,7215.574373016432,7088.317999392808
4,2024-07-19,7294.5,7313.424212328282,Latih,7305.684197293605,7146.605934710569
4,2024-07-22,7321.98,7293.690318067158,Latih,7284.613863332354,7121.614501975839
4,2024-07-23,7313.86,7318.064311937181,Latih,7309.180380225268,7140.620862954921
4,2024-07-24,7262.76,7311.919450726596,Latih,7302.661384158219,7133.180207517213
4,2024-07-25,7240.28,7263.496213076195,Latih,7254.810078990539,7103.184468982282
4,2024-07-26,7288.17,7239.633648885567,Latih,7231.967426586229,7094.4065464556825
4,2024-07-29,7288.9,7283.394240583264,Latih,7275.678374958121,7125.314843084877
4,2024-07-30,7241.86,7286.659375202739,Latih,7278.16312683829,7121.30273154742
4,2024-07-31,7255.76,7242.525424325544,Latih,7234.423013012487,7092.927589041055
4,2024-08-01,7325.98,7253.044586504777,Latih,7245.58262580641,7105.664670224252
4,2024-08-02,7308.12,7319.733827326385,Latih,7311.441737139311,7146.628894748755
4,2024-08-05,7059.65,7306.744702841129,Latih,7297.471433004225,7129.354206739729
4,2024-08-06,7129.21,7072.454991749583,Latih,7065.613365776597,6981.492439928103
4,2024-08-07,7212.13,7124.391994342868,Latih,7120.966811709468,7046.447422189768
4,2024-08-08,7195.12,7206.005570255592,Latih,7200.740843842103,7089.880471360744
4,2024-08-13,7356.64,7293.178371269787,Uji,7285.110710284793,7129.453441679543
4,2024-08-14,7436.04,7350.780711573453,Uji,7341.547311532588,7161.187317159245
4,2024-08-15,7409.5,7428.52040158401,Uji,7417.648409808973,7203.482758492305
4,2024-08-16,7432.09,7407.874724905589,Uji,7395.948174439764,7180.131313710283
4,2024-08-19,7466.83,7427.658521051507,Uji,7415.966069893935,7196.192377538754
4,2024-08-20,7533.98,7461.498204357727,Uji,7449.140946328742,7214.99799331911
4,2024-08-21,7554.59,7526.427330720536,Uji,7512.929310433974,7252.1777416396935
4,2024-08-22,7488.68,7549.398124959583,Uji,7534.637302572839,7258.338478372177
4,2024-08-23,7544.3,7488.615043690312,Uji,7474.089406559572,7216.7600211144245
4,2024-08-26,7606.19,7537.29508212816,Uji,7523.355132818333,7256.356985707363
4,2024-08-27,7597.88,7598.409532597185,Uji,7583.0365459491,7286.818026998127
4,2024-08-28,7658.88,7593.939668226361,Uji,7577.638041114924,7277.677087651574
4,2024-08-29,7627.6,7650.774553740151,Uji,7634.08115804923,7311.821973987904
4,2024-08-30,7670.73,7624.686572334889,Uji,7607.276864822032,7290.664040241325
4,2024-09-02,7694.53,7663.50320590032,Uji,7646.227225096351,7317.87473648676
4,2024-09-03,7616.52,7688.175938825738,Uji,7669.99748372806,7329.628828107207
4,2024-09-04,7672.9,7616.202114260319,Uji,7598.311693875909,7280.682732470118
4,2024-09-05,7681.04,7664.944000008234,Uji,7647.828636047965,7318.581688473312
4,2024-09-06,7721.85,7675.62507182611,Uji,7657.527907674439,7321.519435701458
4,2024-09-09,7702.74,7714.386477191581,Uji,7695.805807731283,7342.169042476506
4,2024-09-10,7761.39,7698.639200551641,Uji,7679.563752610813,7330.027888050168
4,2024-09-11,7760.96,7752.685682509084,Uji,7733.413316042559,7360.483034195992
4,2024-09-12,7798.15,7755.441093938489,Uji,7735.224263198511,7361.38757696161
4,2024-09-13,7812.13,7790.341489639424,Uji,7769.810871710917,7378.433750536536
4,2024-09-17,7831.78,7805.472775344992,Uji,7784.220467567585,7385.6261893452165
4,2024-09-18,7829.13,7824.6782267452745,Uji,7803.030530562544,7394.805240286684
4,2024-09-19,7905.39,7823.248188691285,Uji,7801.305631837988,7394.090531530476
4,2024-09-20,7743.0,7894.717926652585,Uji,7872.160619948062,7428.331136404376
4,2024-09-23,7775.73,7746.332060771125,Uji,7723.942610561982,7337.194626095385
4,2024-09-24,7778.49,7768.320330853601,Uji,7748.2734250809135,7367.912002767417
4,2024-09-25,7740.9,7772.675188186308,Uji,7752.07537987246,7369.94872363219
4,2024-09-26,7744.52,7737.524714231627,Uji,7717.204563319817,7347.72661280045
4,2024-09-27,7696.92,7738.8992138148715,Uji,7719.155442600384,7353.399086738916
4,2024-09-30,7527.93,7694.395006466042,Uji,7675.003289170394,7324.418295657722
4,2024-10-01,7642.13,7533.13962548744,Uji,7515.974721624962,7227.1496452403835
4,2024-10-02,7563.26,7631.27744780076,Uji,7615.859265041473,7302.587643134679
4,2024-10-03,7543.83,7563.365378098603,Uji,7546.781301148051,7253.50311501511
4,2024-10-04,7496.09,7540.871056363696,Uji,7525.729635145775,7249.141845419486
4,2024-10-07,7504.13,7494.993900785554,Uji,7480.57809951316,7222.219339022712
4,2024-10-08,7557.14,7499.972402398695,Uji,7486.259054186451,7231.495142737704
4,2024-10-09,7501.29,7550.184971673602,Uji,7535.884280862921,7262.647622475704
4,2024-10-10,7480.08,7500.593874783624,Uji,7485.9182734395135,7224.111370277481
4,2024-10-11,7520.6,7477.66827665578,Uji,7464.078105945691,7216.539211738185
4,2024-10-14,7559.65,7514.576331191172,Uji,7500.979541370977,7242.894439714033
4,2024-10-15,7626.95,7553.429059591408,Uji,7538.840747761839,7262.62714460381
4,2024-10-16,7648.94,7618.731028015735,Uji,7602.931005342127,7296.529606032456
4,2024-10-17,7735.04,7643.006200640326,Uji,7625.9286897159855,7306.473784732904
4,2024-10-18,7760.06,7725.0434513117225,Uji,7706.867995498313,7347.3225885249085
4,2024-10-21,7772.6,7753.176530892986,Uji,7733.393458712237,7360.669558650347
4,2024-10-22,7788.98,7766.299950916906,Uji,7746.004311397212,7366.918412286136
4,2024-10-23,7787.56,7782.357188072346,Uji,7761.717561674257,7374.591460542772
4,2024-10-24,7716.55,7781.9061577726825,Uji,7761.0139709545565,7374.350638700817
4,2024-10-25,7694.66,7715.147054312362,Uji,7694.890198640955,7332.230345226615
4,2024-10-28,7634.63,7690.766079349648,Uji,7671.845973649153,7325.658189431517
4,2024-10-29,7606.6,7633.215502555494,Uji,7615.16684407008,7291.56863471874
4,2024-10-30,7569.85,7603.660038266302,Uji,7586.823504319309,7280.280880090081
4,2024-10-31,7574.02,7567.639978721258,Uji,7551.57343344223,7260.771363319239
4,2024-11-01,7505.26,7569.576171851275,Uji,7554.067700293179,7266.696707948528
4,2024-11-04,7479.5,7505.231181955446,Uji,7490.2485159565085,7224.931415965633
4,2024-11-05,7491.93,7477.337424574004,Uji,7463.688198990926,7215.821141715125
4,2024-11-06,7383.87,7487.622280597793,Uji,7474.282291565047,7225.695612912255
4,2024-11-07,7243.86,7386.817215470171,Uji,7374.208327833508,7159.512889149258
4,2024-11-08,7287.19,7249.519186407407,Uji,7239.864231791575,7085.303460145056
4,2024-11-11,7266.46,7282.666810724818,Uji,7274.901508621059,7124.39240803725
4,2024-11-12,7321.99,7265.534175024113,Uji,7257.247307728609,7107.890087438885
4,2024-11-13,7308.67,7316.563377008525,Uji,7308.13264749178,7143.233291263647
4,2024-11-14,7214.56,7307.046286045399,Uji,7297.832795046653,7130.056090970104
4,2024-11-15,7161.26,7217.954098235444,Uji,7209.767603539303,7074.661585869848
4,2024-11-18,7134.28,7162.833045121501,Uji,7156.6274225486,7051.33496275073
4,2024-11-19,7195.71,7134.626276228493,Uji,7129.514927007025,7040.053568673188
4,2024-11-20,7180.33,7190.859288128687,Uji,7185.654288841558,7079.528131440938
4,2024-11-21,7140.91,7179.725479521822,Uji,7173.6600993443235,7064.562840606031
4,2024-11-22,7195.56,7141.879372975893,Uji,7136.40252476818,7042.270660288389
4,2024-11-25,7314.11,7191.075546866728,Uji,7185.764590106082,7078.8215931487675
4,2024-11-26,7245.89,7305.344554206218,Uji,7298.127810852612,7145.081677761144
4,2024-11-28,7200.16,7247.667748913844,Uji,7239.123046594936,7093.009345393241
4,2024-11-29,7114.27,7201.050028680636,Uji,7194.002434617354,7071.831657739936
4,2024-12-02,7046.99,7117.9310189128555,Uji,7112.363416500155,7024.396270561271
4,2024-12-03,7196.02,7050.124803260621,Uji,7046.525765563305,6991.892820107986
4,2024-12-04,7326.76,7186.448530342651,Uji,7182.651746730876,7087.828495515645
4,2024-12-05,7313.31,7317.248403192845,Uji,7309.91515315899,7152.651250710555
4,2024-12-06,7382.79,7311.660478043643,Uji,7302.329808111276,7132.404944245881
4,2024-12-09,7437.73,7376.181650034283,Uji,7366.469295322988,7175.466133879494
4,2024-12-10,7453.29,7431.516066025596,Uji,7420.206747577289,7202.069061366393
4,2024-12-11,7464.75,7449.0870626355245,Uji,7436.7555570818,7206.325821418836
4,2024-12-12,7394.24,7460.686949675187,Uji,7448.005044980151,7211.775779491738
4,2024-12-13,7324.79,7395.091154816247,Uji,7382.832200914716,7168.279693639348
4,2024-12-16,7258.63,7326.075658774464,Uji,7315.555307223884,7133.040792510575
4,2024-12-17,7157.73,7260.206670488199,Uji,7251.379414906581,7099.683166582646
4,2024-12-18,7107.88,7161.892097250292,Uji,7155.004447777339,7045.114292044695
4,2024-12-19,6977.24,7109.644979006115,Uji,7104.818354942861,7024.49493667131
4,2024-12-20,6983.87,6984.28130889063,Uji,6981.387128852058,6950.51329813604
4,2024-12-23,7096.44,6983.470338622976,Uji,6982.630694163489,6966.64631893103
4,2024-12-24,7065.75,7089.537156735719,Uji,7087.619528141082,7033.771309216077
4,2024-12-27,7036.57,7066.781121592579,Uji,7063.30841581708,7004.839385783723
4,2024-12-30,7079.9,7037.7262792170595,Uji,7035.001429460102,6990.132447090198
4,2025-01-02,7163.21,7076.843772021591,Uji,7074.216967833101,7018.919474065356
4,2025-01-03,7164.43,7157.410752860376,Uji,7153.364976942607,7065.025350924788
4,2025-01-06,7080.47,7163.043925832579,Uji,7157.640870360205,7058.01566160923
4,2025-01-07,7083.28,7084.2663283301,Uji,7079.567742677987,7007.377607662729
4,2025-01-08,7080.35,7082.382519251168,Uji,7079.016856896937,7016.872824535422
4,2025-01-09,7064.59,7079.782450062095,Uji,7076.396620106756,7014.848462790303
4,2025-01-10,7088.87,7064.825122844039,Uji,7061.622559499798,7005.63693683987
4,2025-01-13,7016.88,7086.776522414744,Uji,7083.619310317099,7021.712841954284
4,2025-01-14,6956.67,7020.481584050708,Uji,7017.5528346753645,6976.1345029992335
4,2025-01-15,7079.56,6960.063148523019,Uji,6958.817359604284,6946.5935438693
4,2025-01-16,7107.52,7072.22068559414,Uji,7070.8882794142355,7026.141750581318
4,2025-01-17,7154.66,7105.096305855575,Uji,7101.536362277331,7031.544340647512
4,2025-01-20,7170.74,7150.869572432109,Uji,7146.451057876416,7057.312898278293
4,2025-01-21,7181.82,7168.5087769032225,Uji,7163.1896496785375,7062.607565822658
4,2025-01-22,7257.13,7179.779725197624,Uji,7174.105131075453,7067.780555507003
4,2025-01-23,7232.64,7251.096965067466,Uji,7244.593792810519,7112.069952048127
4,2025-01-24,7166.06,7232.155967800694,Uji,7224.646690807419,7090.332329049171
4,2025-01-30,7073.48,7168.314392255615,Uji,7161.775125163862,7052.542898633536
4,2025-01-31,7109.2,7077.790149631559,Uji,7073.125486918746,7003.019751045755
4,2025-02-03,7030.06,7106.346438565317,Uji,7102.870216387572,7033.120464530045
4,2025-02-04,7073.46,7033.953438167626,Uji,7030.582346074635,6982.176121605683
4,2025-02-05,7024.23,7070.445678137599,Uji,7067.979542504607,7015.649219977908
4,2025-02-06,6875.54,7026.553635050112,Uji,7023.81058274036,6981.989933278012
4,2025-02-07,6742.58,6884.2733035570745,Uji,6883.608393262065,6897.08870225791
4,2025-02-10,6648.14,6751.40700141432,Uji,6754.292222383938,6877.189433667696
4,2025-02-11,6531.99,6655.56049007387,Uji,6661.409404666137,6877.189433667696
4,2025-02-12,6645.78,6552.072518305217,Uji,6556.221422899569,6877.189433667696
4,2025-02-13,6613.57,6627.777557538903,Uji,6636.643280234047,6877.1892785323025
4,2025-02-14,6638.46,6617.883112659907,Uji,6625.594886589057,6877.189433667696
4,2025-02-17,6830.88,6639.521261551984,Uji,6647.539027116159,6877.189433667696
4,2025-02-18,6873.55,6809.180818039206,Uji,6815.365962740211,6906.071817197839
4,2025-02-19,6794.87,6871.989812407529,Uji,6874.467402203714,6913.86351817433
4,2025-02-20,6788.04,6800.403102359798,Uji,6802.8695999753745,6877.189433667696
4,2025-02-21,6803.0,6789.751247707631,Uji,6793.548445013787,6877.189433667696
4,2025-02-24,6749.6,6803.431681360629,Uji,6807.210210707812,6877.189433667696
4,2025-02-25,6587.09,6754.091800383947,Uji,6758.089044779561,6877.189433667696
4,2025-02-26,6606.18,6598.609136663678,Uji,6604.871096008201,6877.189433667696
4,2025-02-27,6485.45,6607.782127628852,Uji,6616.506318365639,6877.189433667696
4,2025-02-28,6270.6,6530.319008472408,Uji,6534.245139450203,6877.216840920484
4,2025-03-03,6519.66,6423.213112888319,Uji,6427.849372896238,6877.358350254929
4,2025-03-04,6380.4,6477.2168550449505,Uji,6481.877652300884,6877.167482009566
4,2025-03-05,6531.4,6476.468999026407,Uji,6481.022151711424,6877.284221392906
4,2025-03-06,6617.85,6508.149714778058,Uji,6512.810512033992,6877.173971840179
4,2025-03-07,6636.0,6604.152832065899,Uji,6613.330389829209,6877.188373575842
4,2025-03-10,6598.21,6637.441716854729,Uji,6645.411513262549,6877.189433667696
4,2025-03-11,6545.85,6602.932378696059,Uji,6610.934708288615,6877.189433667696
4,2025-03-12,6665.04,6560.803997981491,Uji,6565.55979910179,6877.189433667696
4,2025-03-13,6647.42,6647.326485163579,Uji,6655.896642614911,6877.189433667696
4,2025-03-14,6515.63,6650.7076545931495,Uji,6657.816171618114,6877.189433667696
4,2025-03-17,6471.95,6548.9017270126915,Uji,6553.072332786152,6877.194811694658
4,2025-03-18,6223.39,6518.906140381167,Uji,6523.566937637101,6877.219891916549
4,2025-03-19,6311.66,6400.3801823019785,Uji,6405.039867754262,6877.390308145917
4,2025-03-20,6381.67,6388.8403843712595,Uji,6393.501181627194,6877.309275758898
4,2025-03-21,6258.18,6436.1147151559435,Uji,6440.775512411878,6877.267182355559
4,2025-03-24,6161.22,6407.387195532005,Uji,6412.047992787939,6877.358970796502
4,2025-03-25,6235.62,6341.614326549742,Uji,6346.275136733625,6877.417172424829
4,2025-03-26,6472.36,6345.655965523693,Uji,6350.316762779627,6877.357600433862
4,2025-03-27,6510.62,6451.2485347396,Uji,6455.909331995534,6877.197862690723
