Fold,Date,Actual_Close,Predicted_GANN,Data,Predicted_GADAM,Predicted_ADAM
1,2022-01-05,6662.3,6693.156794212478,Latih,6697.0530485439485,6658.182419618381
1,2022-01-06,6653.35,6664.590662975921,Latih,6668.622088009133,6665.354347899868
1,2022-01-07,6701.32,6666.511696919515,Latih,6670.611266470566,6638.376472408781
1,2022-01-10,6691.12,6698.76784482928,Latih,6702.653337834198,6653.015210419905
1,2022-01-11,6647.97,6689.540735283511,Latih,6693.444944556373,6678.126723726407
1,2022-01-12,6647.06,6658.232892349971,Latih,6662.16100864829,6657.907298919869
1,2022-01-13,6658.36,6666.135525254621,Latih,6670.24415753068,6624.391822595902
1,2022-01-14,6693.4,6671.97447333695,Latih,6676.183143748656,6629.080616976926
1,2022-01-17,6645.05,6691.143392215985,Latih,6695.043096502143,6653.437444782568
1,2022-01-18,6614.06,6656.327963470084,Latih,6660.221300638033,6658.263403875841
1,2022-01-19,6591.98,6650.164197406184,Latih,6654.005020355595,6606.422791627353
1,2022-01-20,6626.87,6645.102575811755,Latih,6648.890889817786,6589.074301476556
1,2022-01-21,6726.37,6666.86382440479,Latih,6671.045063984111,6586.450485650862
1,2022-01-24,6655.17,6721.247981686912,Latih,6725.033594810985,6645.387212899041
1,2022-01-25,6568.17,6655.012628681374,Latih,6658.933929472876,6681.409529692844
1,2022-01-26,6600.82,6636.397960321019,Latih,6638.895542884926,6596.972708977986
1,2022-01-27,6611.16,6651.867799801838,Latih,6655.459677397025,6585.733964614349
1,2022-01-28,6645.51,6657.278805798304,Latih,6661.2879380050435,6587.373452714461
1,2022-01-31,6631.15,6672.489318409875,Latih,6676.745359759048,6595.4319481362445
1,2022-02-02,6707.65,6658.63923793049,Latih,6662.623344777836,6614.9218763312765
1,2022-02-03,6683.85,6704.602055817862,Latih,6708.476017322858,6640.378374556313
1,2022-02-04,6731.39,6682.56673100801,Latih,6686.483969926255,6679.538715273157
1,2022-02-07,6804.94,6728.422146636271,Latih,6732.254191719317,6680.7160676998055
1,2022-02-08,6789.52,6800.569350436363,Latih,6804.270381643805,6732.457749596261
1,2022-02-09,6834.61,6786.634825194509,Latih,6790.36415236059,6771.030331977634
1,2022-02-10,6823.64,6830.22912785951,Latih,6833.877660673894,6776.380019513398
1,2022-02-11,6815.61,6820.212696111834,Latih,6823.88131673578,6799.540145605239
1,2022-02-14,6734.49,6812.253386887346,Latih,6815.936250443494,6790.471027103694
1,2022-02-15,6807.5,6733.314034680151,Latih,6737.141827984178,6759.679010422853
1,2022-02-16,6850.2,6803.101131863031,Latih,6806.79760533217,6735.113940398121
1,2022-02-17,6835.12,6845.634473233262,Latih,6849.255364208857,6792.024076430829
1,2022-02-18,6892.82,6831.590287963785,Latih,6835.2385464698455,6812.450593471562
1,2022-02-21,6902.96,6887.442627797768,Latih,6890.987619770215,6822.049401346481
1,2022-02-22,6861.99,6898.118855466889,Latih,6901.646249505328,6859.447880799811
1,2022-02-23,6920.06,6858.452669100207,Latih,6862.053451165599,6852.296409589092
1,2022-02-24,6817.82,6914.295218237091,Latih,6917.791784240057,6846.69380977873
1,2022-02-25,6888.17,6815.776349791323,Latih,6819.456217056549,6848.236118879954
1,2022-03-01,6921.44,6882.67744909887,Latih,6886.230543717191,6810.3196398079735
1,2022-03-02,6868.4,6916.009645261218,Latih,6919.503995696952,6862.628591318172
1,2022-03-04,6928.33,6864.944935207409,Latih,6868.534428430242,6865.289424260896
1,2022-03-07,6869.07,6922.422657363465,Latih,6925.904474018863,6853.141637937467
1,2022-03-08,6814.18,6865.694261145633,Latih,6869.282614933891,6869.581568805618
1,2022-03-09,6864.44,6811.511931487952,Latih,6815.197812435662,6816.894810330903
1,2022-03-10,6924.01,6859.566888411086,Latih,6863.1623742157635,6800.548080990943
1,2022-03-11,6922.6,6918.168430669357,Latih,6921.657949058464,6849.411572248975
1,2022-03-14,6952.2,6917.648067778994,Latih,6921.1407090628645,6884.208954672262
1,2022-03-15,6918.19,6946.3904948652325,Latih,6949.830236843878,6892.876527988957
1,2022-03-16,6992.4,6913.76500134771,Latih,6917.265808579375,6899.474529404687
1,2022-03-17,6964.38,6985.390217508137,Latih,6988.758006303369,6903.1715725911135
1,2022-03-18,6954.96,6959.221583223398,Latih,6962.6401823604665,6938.089967186503
1,2022-03-21,6955.18,6949.668394932801,Latih,6953.103579173142,6918.485488890459
1,2022-03-22,7000.82,6949.747817742878,Latih,6953.182537769133,6912.981893284369
1,2022-03-23,6996.12,6994.0996333945395,Latih,6997.452778345407,6927.762976214936
1,2022-03-24,7049.69,6990.183692165672,Latih,6993.545657184184,6953.261243157441
1,2022-03-25,7002.53,7042.170901112623,Latih,7045.437111425467,6967.676567589101
1,2022-03-28,7049.6,6997.109470927776,Latih,7000.460463613333,6984.237320723592
1,2022-03-29,7011.69,7042.17495243556,Latih,7045.441373754807,6971.440753012952
1,2022-03-30,7053.19,7006.009045784535,Latih,7009.343622171941,6987.124521335422
1,2022-03-31,7071.44,7045.79400765545,Latih,7049.054098782607,6978.0135602641685
1,2022-04-01,7078.76,7064.119660545657,Latih,7067.347467693161,7008.429289226594
1,2022-04-04,7116.22,7071.492941687178,Latih,7074.70783524282,7021.578322032754
1,2022-04-05,7148.3,7107.997471413688,Latih,7111.145518140869,7037.934905371732
1,2022-04-06,7104.22,7139.704221952042,Latih,7142.795296950421,7070.399548708271
1,2022-04-07,7127.37,7097.328945478275,Latih,7100.499190079048,7075.232397160601
1,2022-04-08,7210.83,7119.195201407749,Latih,7122.323540136892,7056.5798953521935
1,2022-04-11,7203.79,7200.6240071571765,Latih,7203.603501969666,7097.070167225674
1,2022-04-12,7214.78,7194.973762101024,Latih,7197.9666769207415,7144.197012485347
1,2022-04-13,7262.78,7205.552441510052,Latih,7208.525563929171,7143.559013525329
1,2022-04-14,7235.53,7252.351129611827,Latih,7255.238583431341,7165.470804636562
1,2022-04-18,7275.29,7226.556862887237,Latih,7229.493481198642,7185.126768494932
1,2022-04-19,7199.23,7264.803166067698,Latih,7267.668506416181,7181.765183287946
1,2022-04-20,7227.36,7191.462404549209,Latih,7194.46401283273,7180.876761928883
1,2022-04-21,7276.19,7217.71143227348,Latih,7220.662061410042,7144.898988586745
1,2022-04-22,7225.61,7265.5611432684445,Latih,7268.424753364423,7177.219598952617
1,2022-04-25,7215.98,7217.108797986599,Latih,7220.063267439696,7189.877619859068
1,2022-04-26,7232.15,7207.029739538521,Latih,7210.000962900013,7156.856004021251
1,2022-04-27,7196.76,7222.604839563462,Latih,7225.547112846467,7156.348280414426
1,2022-04-28,7228.91,7188.446869843094,Latih,7191.452445046989,7154.556287436568
1,2022-05-09,6909.75,7219.182400109859,Latih,7222.130201760622,7143.934942532859
1,2022-05-10,6819.79,6909.511112263846,Latih,6913.029749536563,7060.944056382248
1,2022-05-11,6816.2,6817.543549516832,Latih,6821.219766371286,6842.767655839959
1,2022-05-12,6599.84,6812.771787418162,Latih,6816.453595942294,6788.38225362006
1,2022-05-13,6597.99,6631.626076893666,Latih,6633.693575656721,6718.496996258518
1,2022-05-17,6644.47,6650.868895490181,Latih,6654.770330028844,6586.179243513795
1,2022-05-18,6793.41,6674.519337160602,Latih,6678.805320318357,6589.148805199865
1,2022-05-19,6823.33,6782.2616330904075,Latih,6785.7918968159265,6677.322367318288
1,2022-05-20,6918.14,6819.323747236764,Latih,6822.992515565193,6775.060891884595
1,2022-05-23,6840.77,6911.878076589156,Latih,6915.377659983684,6823.200778884923
1,2022-05-24,6914.14,6838.049615971484,Latih,6841.688442491331,6854.46718016092
1,2022-05-25,6883.5,6908.240030792999,Latih,6911.74693610971,6832.236684978641
1,2022-05-27,7026.26,6879.513576891466,Latih,6883.075997992798,6865.817003570241
1,2022-05-30,7037.56,7017.797298297945,Latih,7021.104232846562,6893.51347191696
1,2022-05-31,7148.97,7030.814072290724,Latih,7034.102227269476,6981.617845035849
1,2022-06-02,7148.72,7139.233086855492,Latih,7142.322220594964,7024.068197587792
1,2022-06-03,7182.96,7140.57951871284,Latih,7143.670213899693,7089.913885068967
1,2022-06-06,7096.58,7173.8471258152385,Latih,7176.87658694395,7100.757293111161
1,2022-06-07,7141.04,7090.399579607321,Latih,7093.583750630691,7093.289649906233
1,2022-06-08,7193.31,7132.3694283784225,Latih,7135.473290364822,7056.447172324726
1,2022-06-09,7182.83,7183.794769475547,Latih,7186.805704242078,7099.535186226442
1,2022-06-10,7086.65,7174.356917284813,Latih,7177.387053634014,7127.101358119328
1,2022-06-13,6995.44,7080.748653150869,Latih,7083.950590913369,7090.025127644612
1,2022-06-14,7049.88,6990.747290268004,Latih,6994.1113231492645,7003.8320927251
1,2022-06-15,7007.05,7042.345909823246,Latih,7045.6116981232835,6967.3351592290965
1,2022-06-16,7050.33,7001.504227886261,Latih,7004.847160127224,6985.800751565754
1,2022-06-17,6936.97,7042.948755116529,Latih,7046.213910397359,6974.34977168685
1,2022-06-20,6976.38,6933.413474478773,Latih,6936.881660120539,6963.570636195
1,2022-06-21,7044.07,6970.091324864683,Latih,6973.487937134561,6909.14182995801
1,2022-06-22,6984.31,7036.428361855811,Latih,7039.704405067034,6954.191528186852
1,2022-06-23,6998.27,6979.32475405222,Latih,6982.708283925115,6975.062931127605
1,2022-06-24,7042.94,6992.037299013197,Latih,6995.395297111333,6944.18176424151
1,2022-06-27,7016.06,7035.6426162124335,Latih,7038.920853890247,6966.782027044353
1,2022-06-28,6996.46,7010.160343555274,Latih,7013.48711270577,6984.586325314103
1,2022-06-29,6942.35,6990.7314225865,Latih,6994.0929655922055,6962.388493923005
1,2022-06-30,6911.58,6937.872799396567,Latih,6941.330898932271,6933.420522092632
1,2022-07-01,6794.33,6907.201520579505,Latih,6910.713996465254,6891.524019147203
1,2022-07-04,6639.17,6792.8299731856905,Latih,6796.551746322545,6835.677650794424
1,2022-07-05,6703.27,6646.696275522422,Latih,6649.833101984125,6716.816224755666
1,2022-07-06,6646.41,6700.460390489418,Latih,6704.342254184206,6644.4391927814595
1,2022-07-07,6652.59,6655.097548208249,Latih,6658.959397945715,6664.928262670352
1,2022-07-08,6740.22,6669.208917916431,Latih,6673.371367375567,6625.831846343287
1,2022-07-11,6722.15,6736.5563801688195,Latih,6740.372336013639,6665.052788099064
1,2022-07-12,6718.29,6720.247716383956,Latih,6724.096821334682,6711.106391491314
1,2022-07-13,6640.99,6716.239143344184,Latih,6720.094979399166,6699.1745385703625
1,2022-07-14,6690.09,6649.471922324163,Latih,6653.222170775098,6672.076326127663
1,2022-07-15,6651.9,6689.0508522680575,Latih,6693.555733468253,6639.551925777803
1,2022-07-18,6659.25,6660.401827166093,Latih,6664.367840214385,6658.891443333639
1,2022-07-19,6736.09,6671.4829022702725,Latih,6675.6780049702675,6633.215530100474
1,2022-07-20,6874.74,6732.638244473362,Latih,6736.461638293886,6667.668012007787
1,2022-07-21,6864.13,6868.461504617376,Latih,6872.037809940023,6757.645478415516
1,2022-07-22,6886.96,6860.129579185885,Latih,6863.726204425138,6836.284441907444
1,2022-07-25,6858.41,6882.16225586538,Latih,6885.717988063738,6837.334726278224
1,2022-07-26,6871.54,6854.745729713481,Latih,6858.352715367119,6841.679327014724
1,2022-07-27,6898.22,6867.096947310013,Latih,6870.680194743319,6828.999952260293
1,2022-07-28,6956.82,6893.209369489,Latih,6896.745077179717,6845.334084517995
1,2022-07-29,6951.12,6950.532001938874,Latih,6953.96321925884,6879.932909916087
1,2022-08-01,6968.78,6945.829217833334,Latih,6949.271196479851,6912.779200533677
1,2022-08-02,6988.16,6962.908244894798,Latih,6966.318614782151,6915.075308908869
1,2022-08-03,7046.63,6981.9918327844725,Latih,6985.36772422558,6931.746650499157
1,2022-08-04,7057.35,7039.083961839742,Latih,7042.355573916502,6961.984036849793
1,2022-08-05,7084.65,7050.334738843509,Latih,7053.587697954246,7000.024397780956
1,2022-08-08,7086.85,7077.015274661851,Latih,7080.219533494783,7015.13144340283
1,2022-08-09,7102.88,7079.542456148934,Latih,7082.743085671736,7031.992163239783
1,2022-08-10,7086.24,7095.150304367617,Latih,7098.322279220894,7038.439801492757
1,2022-08-11,7160.38,7079.209783454014,Latih,7082.411721216513,7042.583840643234
1,2022-08-12,7129.28,7151.014713767849,Latih,7154.083928502881,7056.53693444855
1,2022-08-15,7093.28,7121.85223623522,Latih,7124.977831881125,7090.425153583362
1,2022-08-16,7133.45,7086.42717306502,Latih,7089.616788053586,7060.465662665436
1,2022-08-18,7186.56,7124.947109348852,Latih,7128.064475745042,7052.057943733998
1,2022-08-19,7172.43,7177.127515758361,Latih,7180.150393487301,7092.877047985866
1,2022-08-22,7107.98,7164.154884305084,Latih,7167.2035470164665,7119.768548005897
1,2022-08-23,7163.27,7101.326799392775,Latih,7104.490544996337,7090.718157074525
1,2022-08-24,7194.71,7154.133092994773,Latih,7157.197327978694,7070.32907256968
1,2022-08-25,7174.21,7185.472228177873,Latih,7188.480841873971,7113.139022233563
1,2022-08-26,7135.25,7166.00076831826,Latih,7169.04635033616,7125.162631288846
1,2022-08-29,7132.04,7127.850641856272,Latih,7130.965644980748,7100.525439275578
1,2022-08-30,7159.47,7124.175712140877,Latih,7127.296074827988,7076.440746427846
1,2022-09-02,7177.18,7145.258079283319,Uji,7148.341262642227,7108.847278601007
1,2022-09-05,7231.88,7168.293184081401,Uji,7171.333026725139,7101.493663256243
1,2022-09-06,7233.15,7221.789088809583,Uji,7224.731319891307,7133.302118880828
1,2022-09-07,7186.76,7223.803440334889,Uji,7226.74398336539,7166.077870057906
1,2022-09-08,7232.02,7178.74403581151,Uji,7181.767504358378,7151.93786678084
1,2022-09-09,7242.66,7222.061709082219,Uji,7225.0038557613825,7139.015876864275
1,2022-09-12,7254.46,7233.04632260928,Uji,7235.969942926263,7169.213594011153
1,2022-09-13,7318.02,7244.664250754213,Uji,7247.56681263218,7179.297758814182
1,2022-09-14,7278.08,7306.594250214204,Uji,7309.383417251214,7206.683689037652
1,2022-09-15,7305.6,7268.69100124369,Uji,7271.552079262832,7231.473523082826
1,2022-09-16,7168.87,7294.86263181935,Uji,7297.674165535076,7216.673491777273
1,2022-09-19,7195.49,7162.393740463341,Uji,7165.449915002669,7189.066637849895
1,2022-09-20,7196.95,7186.310092402784,Uji,7189.317313456622,7116.703131386119
1,2022-09-21,7188.31,7188.108542176572,Uji,7191.113399958698,7132.924037607988
1,2022-09-22,7218.91,7179.733782445279,Uji,7182.754212499944,7131.014429661114
1,2022-09-23,7178.58,7209.344775188059,Uji,7212.310301376672,7135.7246833933195
1,2022-09-26,7127.5,7170.592352049435,Uji,7173.630380038108,7140.885562399706
1,2022-09-27,7112.45,7120.382281229574,Uji,7123.511126374085,7100.623472850398
1,2022-09-28,7077.03,7105.0294553495205,Uji,7108.184718495683,7065.566109438012
1,2022-09-29,7036.2,7070.396890027594,Uji,7073.615328490805,7045.290293170281
1,2022-09-30,7040.8,7030.21683976776,Uji,7033.5079066348735,7011.2239002288015
1,2022-10-03,7009.72,7034.104210729664,Uji,7037.386668535537,6988.539783481418
1,2022-10-04,7072.26,7003.969204685749,Uji,7007.307241578164,6981.2848347306835
1,2022-10-05,7075.38,7064.296357307504,Uji,7067.522307598661,6982.969467650711
1,2022-10-06,7076.62,7068.220232377123,Uji,7071.441245118451,7020.978515231673
1,2022-10-07,7026.78,7069.469685691665,Uji,7072.688503966402,7023.222821534936
1,2022-10-10,6994.4,7021.0575160289445,Uji,7024.365379005735,7007.957436708274
1,2022-10-11,6939.15,6988.882626684964,Uji,6992.247967805923,6968.070727549848
1,2022-10-12,6909.21,6934.733952548556,Uji,6938.19770705586,6931.174316731743
1,2022-10-13,6880.63,6904.852913811254,Uji,6908.369630925703,6888.869579698488
1,2022-10-14,6814.53,6876.65441903059,Uji,6880.221946486875,6861.978417288702
1,2022-10-17,6831.12,6812.016912011539,Uji,6815.702286543881,6823.847640113867
1,2022-10-18,6834.49,6827.194623677767,Uji,6830.849676590003,6790.059121504457
1,2022-10-19,6860.42,6830.70591792766,Uji,6834.355125962533,6800.95791872743
1,2022-10-20,6980.65,6855.950344167392,Uji,6859.553257397454,6811.275878624951
1,2022-10-21,7017.77,6973.148512234745,Uji,6976.536768651066,6865.214812396806
1,2022-10-24,7053.04,7010.933386613193,Uji,7014.256442050997,6948.275710471922
1,2022-10-25,7048.38,7045.735010265179,Uji,7048.9953968013015,6981.5632365787615
1,2022-10-26,7043.94,7041.710063128538,Uji,7044.979100927181,7000.937928901972
1,2022-10-27,7091.76,7037.329148190088,Uji,7040.606119829483,6996.75519117719
1,2022-10-28,7056.04,7083.732832305504,Uji,7086.924219747854,7009.478539666
1,2022-10-31,7098.89,7049.705602152415,Uji,7052.961388748952,7026.309085587328
1,2022-11-01,7052.3,7090.833704180791,Uji,7094.012515641525,7018.927406390969
1,2022-11-02,7015.69,7046.173186161585,Uji,7049.435682761737,7029.327743188208
1,2022-11-03,7034.57,7009.934355697694,Uji,7013.26184226996,6990.006235780776
1,2022-11-04,7045.53,7027.757897751396,Uji,7031.051327890223,6974.403325111924
1,2022-11-07,7102.4,7038.677141494817,Uji,7041.95111684329,6989.093633087933
1,2022-11-08,7050.13,7094.094512729719,Uji,7097.266909595803,7013.834977861706
1,2022-11-09,7070.08,7044.114649895497,Uji,7047.381071214743,7030.7081048751525
1,2022-11-10,6966.84,7062.754533521007,Uji,7065.984746141504,7006.181986632409
1,2022-11-11,7089.21,6962.720111585911,Uji,6966.135123614129,6984.846074196159
1,2022-11-14,7019.39,7080.155134340597,Uji,7083.350362099482,6963.036747794207
1,2022-11-15,7035.5,7014.056239175859,Uji,7017.377479958597,7013.03517919189
1,2022-11-16,7014.38,7028.714431977337,Uji,7032.00617406494,6976.891301609336
1,2022-11-17,7044.99,7008.4217351973675,Uji,7011.751416236225,6979.644555356561
1,2022-11-18,7082.18,7037.86438703186,Uji,7041.139164204664,6976.973087691126
1,2022-11-21,7063.25,7074.438844280314,Uji,7077.647449845147,7007.024619602027
1,2022-11-22,7030.59,7056.575000003645,Uji,7059.817746404478,7022.954759000604
1,2022-11-23,7054.12,7024.56895798332,Uji,7027.869942151373,7001.268871344389
1,2022-11-24,7080.52,7046.967329859801,Uji,7050.225859539577,6989.495980097115
1,2022-11-25,7053.15,7072.956060085367,Uji,7076.167661941123,7011.894309772316
1,2022-11-28,7017.36,7046.7370374716,Uji,7049.9978460205275,7018.730242008034
1,2022-11-29,7012.07,7011.5692333079005,Uji,7014.8937235892445,6991.045357912838
1,2022-11-30,7081.31,7005.918313031259,Uji,7009.251960990491,6968.168761124667
1,2022-12-01,7020.8,7073.123852377009,Uji,7076.3337239802595,6987.265220404923
1,2022-12-02,7019.64,7015.3136263311535,Uji,7018.632250634495,7008.813025471034
1,2022-12-05,6987.33,7013.323245133224,Uji,7016.643346481386,6972.63441623455
1,2022-12-06,6892.57,6981.910848527013,Uji,6985.288681227027,6961.576161472853
1,2022-12-07,6818.75,6889.371015314505,Uji,6892.917948545859,6912.038082744528
1,2022-12-08,6804.23,6816.287850412761,Uji,6819.96581862036,6832.2677240205185
1,2022-12-09,6715.12,6801.125626616511,Uji,6804.828767887983,6783.924342445165
1,2022-12-12,6734.45,6714.329735853395,Uji,6718.192028704307,6746.727036496426
1,2022-12-13,6810.32,6731.841642550551,Uji,6735.668528527045,6700.202129202504
1,2022-12-14,6801.75,6805.840754596625,Uji,6809.532206113373,6735.995504049087
1,2022-12-15,6751.86,6798.595554341707,Uji,6802.30304234508,6778.139834014803
1,2022-12-16,6812.19,6749.994850457932,Uji,6753.79146756592,6757.053415549424
1,2022-12-19,6779.7,6807.906211872731,Uji,6811.594498293434,6746.897993884112
1,2022-12-20,6768.32,6777.196086776882,Uji,6780.943032977611,6772.168120703726
1,2022-12-21,6820.66,6765.674588558106,Uji,6769.441559266476,6749.289371650245
1,2022-12-22,6824.43,6816.371387847697,Uji,6820.044671713149,6759.356993551281
1,2022-12-23,6800.67,6820.781358367836,Uji,6824.448417544401,6791.538951609762
1,2022-12-26,6835.81,6797.747371903691,Uji,6801.456969971094,6786.142610558302
1,2022-12-27,6923.03,6831.554184768237,Uji,6835.200755223073,6783.363149815828
1,2022-12-28,6850.52,6916.807734779169,Uji,6920.298730213096,6832.155447513498
1,2022-12-29,6860.08,6847.593519980351,Uji,6851.214938471953,6860.4906744432865
1,2022-12-30,6850.62,6855.848639081161,Uji,6859.452269732993,6820.652370153701
1,2023-01-02,6850.98,6846.792666278521,Uji,6850.413304046432,6823.2726265651345
1,2023-01-03,6888.76,6847.007555199305,Uji,6850.627454444806,6817.790321505105
1,2023-01-04,6813.24,6883.723745448634,Uji,6887.276164846466,6830.131157586611
1,2023-01-05,6653.84,6810.879397593771,Uji,6814.567156498467,6828.24442273382
1,2023-01-06,6684.56,6658.94622059585,Uji,6662.068703897311,6732.6456929993865
1,2023-01-09,6688.27,6683.790473192351,Uji,6688.192298865335,6646.767574585985
1,2023-01-10,6622.5,6686.532300942855,Uji,6690.441416114586,6667.294266916528
1,2023-01-11,6584.45,6646.021424294125,Uji,6649.7454551994915,6643.581314599227
1,2023-01-12,6629.93,6641.458838117878,Uji,6644.2601591237,6590.502427100393
1,2023-01-13,6641.83,6665.854422524585,Uji,6669.789016719475,6586.216908156725
1,2023-01-16,6688.06,6667.009228917076,Uji,6671.152096982017,6608.068121967247
1,2023-01-17,6767.34,6687.870872811692,Uji,6692.354832727033,6639.228252505968
1,2023-01-18,6765.79,6763.415047592548,Uji,6767.182883427171,6694.747634786385
1,2023-01-19,6819.91,6763.039857107428,Uji,6766.811237849621,6741.16331461581
1,2023-01-20,6874.93,6815.606510737573,Uji,6819.281123943364,6757.619165917065
1,2023-01-24,6860.85,6869.84182410304,Uji,6873.418635841055,6807.306172964607
1,2023-01-25,6829.93,6856.94507055227,Uji,6860.547603970807,6835.3439441681285
1,2023-01-26,6864.82,6826.699054039753,Uji,6830.356702330745,6817.086594050562
1,2023-01-27,6898.98,6860.160829234164,Uji,6863.755787522834,6809.989963403974
1,2023-01-30,6872.48,6893.852010589884,Uji,6897.38628343706,6841.601571155229
1,2023-01-31,6839.34,6868.589121289891,Uji,6872.171060483499,6853.308649505417
1,2023-02-01,6862.26,6836.008719840684,Uji,6839.649656424561,6826.9892300451165
1,2023-02-02,6890.57,6857.807474821847,Uji,6861.4071174526625,6814.73648913685
1,2023-02-03,6911.73,6885.6434395015685,Uji,6889.192714903996,6837.386992564239
1,2023-02-06,6873.79,6906.60857148652,Uji,6910.1203299505,6860.931741127413
1,2023-02-07,6935.3,6870.043926035804,Uji,6873.62367076282,6861.273866909188
1,2023-02-08,6940.12,6929.272389417938,Uji,6932.741798896841,6858.568553816717
1,2023-02-09,6897.37,6934.8334631681955,Uji,6938.294854403786,6896.513814162062
1,2023-02-10,6880.33,6893.361716111945,Uji,6896.899618269252,6885.642827583
1,2023-02-13,6900.14,6876.194024159951,Uji,6879.761973629042,6854.875878462832
1,2023-02-14,6941.85,6895.20044700806,Uji,6898.732799696969,6851.151826456825
1,2023-02-15,6914.54,6936.012946759514,Uji,6939.470961892657,6876.2635718703705
1,2023-02-16,6895.66,6910.070637942601,Uji,6913.577859768916,6892.1783078015305
1,2023-02-17,6895.71,6891.335231718466,Uji,6894.875898059652,6869.957160202904
1,2023-02-20,6894.72,6891.11449792032,Uji,6894.654889953183,6858.80114617471
1,2023-02-21,6873.4,6890.153237150953,Uji,6893.6954016376,6858.512953629534
1,2023-02-22,6809.97,6869.422322273297,Uji,6873.00255231504,6851.083143872658
1,2023-02-23,6839.45,6807.482827525173,Uji,6811.176262502108,6818.105586171781
1,2023-02-24,6856.58,6835.223902625479,Uji,6838.864037385025,6790.034792466195
1,2023-02-27,6854.78,6852.289762887399,Uji,6855.899554926197,6812.978278284108
1,2023-02-28,6843.24,6850.785012925903,Uji,6854.39824436907,6822.536952741182
1,2023-03-01,6844.94,6839.54588347558,Uji,6843.1796880430375,6817.767364008462
1,2023-03-02,6857.42,6841.03318320755,Uji,6844.663801578322,6811.484395152364
1,2023-03-03,6813.64,6853.184324532787,Uji,6856.792660627406,6816.496577946578
1,2023-03-06,6807.0,6810.82103322271,Uji,6814.507758196031,6809.82765727881
1,2023-03-07,6766.76,6803.744363781843,Uji,6807.4425042015655,6781.789717270166
1,2023-03-08,6776.37,6764.548173077134,Uji,6768.318203378348,6764.943092660932
1,2023-03-09,6799.79,6773.312239621907,Uji,6777.064693089753,6744.216376810695
1,2023-03-10,6765.3,6796.206687551769,Uji,6799.917382852468,6757.4210520053175
1,2023-03-13,6786.96,6763.026648106603,Uji,6766.799189384012,6760.208003475097
1,2023-03-14,6641.81,6783.581773549945,Uji,6787.3152997434445,6746.751935251977
1,2023-03-15,6628.14,6647.361383530062,Uji,6650.497503120315,6713.115130246302
1,2023-03-16,6565.73,6657.847594658149,Uji,6661.822248418643,6610.650413051626
1,2023-03-17,6678.24,6637.7173780836265,Uji,6640.314571495215,6590.4544679825785
1,2023-03-20,6612.49,6674.337660647646,Uji,6677.848142522887,6587.761000262055
1,2023-03-21,6691.61,6642.948147685836,Uji,6646.630821336221,6631.120099364826
1,2023-03-24,6762.25,6693.411426189262,Uji,6697.932080118078,6618.426450027235
1,2023-03-27,6708.93,6758.519699043658,Uji,6762.29665035489,6695.214380949754
1,2023-03-28,6760.33,6707.716014460643,Uji,6711.5889631349055,6719.898711793444
1,2023-03-29,6839.44,6756.9011111277605,Uji,6760.681649547842,6704.8469920504285
1,2023-03-30,6808.95,6834.506037741937,Uji,6838.145708287397,6760.657594817904
1,2023-03-31,6805.28,6806.007238648567,Uji,6809.702171770964,6797.682592937978
1,2023-04-03,6827.17,6802.006135235461,Uji,6805.7073352480265,6778.462336201102
1,2023-04-04,6833.18,6823.2244116020565,Uji,6826.886469926871,6783.317551332147
1,2023-04-05,6819.67,6829.376661991514,Uji,6833.02814889554,6798.20002283934
1,2023-04-06,6792.77,6816.33465163294,Uji,6820.0103409713865,6797.419594557317
1,2023-04-10,6771.23,6790.003014901908,Uji,6793.726665995749,6780.789947832257
1,2023-04-11,6811.31,6768.688709521322,Uji,6772.450616076021,6757.957556885508
2,2022-01-05,6662.3,6690.663707810954,Latih,6699.877695575076,6798.395746237964
2,2022-01-06,6653.35,6665.161855788989,Latih,6674.49775224389,6797.17239953223
2,2022-01-07,6701.32,6653.5292780697455,Latih,6663.345119231505,6791.454584869773
2,2022-01-10,6691.12,6694.499857627468,Latih,6703.762978797722,6797.759377267093
2,2022-01-11,6647.97,6691.077132410125,Latih,6699.958082446026,6802.441052132876
2,2022-01-12,6647.06,6652.127883020502,Latih,6661.703987238718,6794.3838685468145
2,2022-01-13,6658.36,6646.3770997640595,Latih,6656.433591483918,6788.601103175908
2,2022-01-14,6693.4,6656.165868788969,Latih,6666.079169643385,6790.242941398352
2,2022-01-17,6645.05,6688.141033056394,Latih,6697.457099030929,6797.180201688439
2,2022-01-18,6614.06,6649.833152295213,Latih,6659.424092941222,6794.226928623051
2,2022-01-19,6591.98,6617.150082476667,Latih,6627.685285803982,6783.077221419244
2,2022-01-20,6626.87,6594.260879428055,Latih,6605.431347541777,6775.585357858567
2,2022-01-21,6726.37,6630.225705979921,Latih,6642.437005273039,6778.135541939763
2,2022-01-24,6655.17,6739.648368525677,Latih,6748.9680553284525,6798.201028632552
2,2022-01-25,6568.17,6662.478620282424,Latih,6671.5748134237665,6800.1139917832925
2,2022-01-26,6600.82,6583.3675279847175,Latih,6593.107886648144,6777.249503970174
2,2022-01-27,6611.16,6609.940441738894,Latih,6622.757859832577,6770.96367888364
2,2022-01-28,6645.51,6609.533042511796,Latih,6620.587313426963,6776.843186507551
2,2022-01-31,6631.15,6643.51971699209,Latih,6655.319351655182,6783.547458270817
2,2022-02-02,6707.65,6632.165326497712,Latih,6642.46403256991,6785.800375716417
2,2022-02-03,6683.85,6712.882118797917,Latih,6722.857354872247,6795.843544357747
2,2022-02-04,6731.39,6685.438942338989,Latih,6694.349688540416,6802.1357367211895
2,2022-02-07,6804.94,6724.328106157801,Latih,6732.853037976644,6806.432191334101
2,2022-02-08,6789.52,6794.179824225933,Latih,6801.192729559274,6824.107819287811
2,2022-02-09,6834.61,6789.123802801996,Latih,6795.547757441432,6831.320150424277
2,2022-02-10,6823.64,6826.83007678542,Latih,6832.8105192003,6836.330367810464
2,2022-02-11,6815.61,6822.402554916177,Latih,6828.04248253647,6840.515574437416
2,2022-02-14,6734.49,6814.112763943109,Latih,6819.9804338127715,6837.8301978218915
2,2022-02-15,6807.5,6742.1696084009345,Latih,6749.22328448447,6824.140104072128
2,2022-02-16,6850.2,6796.77706786427,Latih,6803.7216370708065,6824.912001877164
2,2022-02-17,6835.12,6842.543574552275,Latih,6848.11774434451,6841.110152548588
2,2022-02-18,6892.82,6834.243313444293,Latih,6839.558577202297,6844.3424647984275
2,2022-02-21,6902.96,6883.028761345786,Latih,6887.726018104,6851.362051288524
2,2022-02-22,6861.99,6898.530973135277,Latih,6902.4649862042515,6860.485170836786
2,2022-02-23,6920.06,6863.8256146940985,Latih,6868.20459728692,6855.426705634036
2,2022-02-24,6817.82,6909.962589282141,Latih,6913.999330741213,6859.119345100263
2,2022-02-25,6888.17,6827.117657985722,Latih,6831.909482257997,6850.779467871525
2,2022-03-01,6921.44,6876.97146320824,Latih,6881.919375444692,6848.375865679122
2,2022-03-02,6868.4,6914.176515915142,Latih,6917.91063236122,6862.756876233259
2,2022-03-04,6928.33,6871.559367517273,Latih,6875.650993109684,6858.841404495278
2,2022-03-07,6869.07,6917.938971227454,Latih,6921.794200454699,6861.245993167201
2,2022-03-08,6814.18,6872.936941328089,Latih,6876.944828261178,6859.846515027026
2,2022-03-09,6864.44,6818.076640437577,Latih,6823.470889817212,6843.546398245133
2,2022-03-10,6924.01,6855.777735403517,Latih,6861.086542204657,6844.202339866496
2,2022-03-11,6922.6,6913.702086525605,Latih,6917.658811043548,6860.055133025685
2,2022-03-14,6952.2,6919.306882022965,Latih,6922.636541865515,6867.622955509464
2,2022-03-15,6918.19,6945.060073332837,Latih,6948.003997262767,6872.050993038457
2,2022-03-16,6992.4,6918.682440486299,Latih,6921.765973688412,6870.621023713093
2,2022-03-17,6964.38,6979.749177281911,Latih,6982.196453613098,6877.738540715616
2,2022-03-18,6954.96,6963.737538499885,Latih,6965.759328277761,6883.073803103906
2,2022-03-21,6955.18,6952.273211588911,Latih,6954.726586157135,6877.942898916345
2,2022-03-22,7000.82,6951.384348700694,Latih,6953.936909300736,6876.745716337901
2,2022-03-23,6996.12,6991.367843397912,Latih,6993.299729019461,6883.141645990951
2,2022-03-24,7049.69,6992.492878451404,Latih,6993.993358642516,6883.141645990951
2,2022-03-25,7002.53,7038.85423229045,Latih,7039.680050169292,6883.141645990951
2,2022-03-28,7049.6,7003.715652399717,Latih,7004.599179330527,6883.141645990951
2,2022-03-29,7011.69,7039.511362171236,Latih,7040.268843923274,6883.141645990951
2,2022-03-30,7053.19,7011.724969309032,Latih,7012.485410499632,6883.141645990951
2,2022-03-31,7071.44,7043.706186973516,Latih,7044.315651957457,6883.141645990951
2,2022-04-01,7078.76,7064.448757337398,Latih,7064.360870980091,6883.141645990951
2,2022-04-04,7116.22,7072.952793726393,Latih,7072.567752833434,6883.141645990951
2,2022-04-05,7148.3,7106.58972758658,Latih,7105.617865898681,6883.141645990951
2,2022-04-06,7104.22,7138.976836733895,Latih,7137.164046094494,6883.141645990951
2,2022-04-07,7127.37,7104.067568491769,Latih,7102.5039087713485,6883.141645990951
2,2022-04-08,7210.83,7119.274778064563,Latih,7117.875681064203,6883.141645990951
2,2022-04-11,7203.79,7195.0025062383065,Latih,7192.221754989112,6883.141645990951
2,2022-04-12,7214.78,7198.421016497697,Latih,7194.830320721949,6878.057801360529
2,2022-04-13,7262.78,7207.234583256331,Latih,7203.571246715869,6878.272674536151
2,2022-04-14,7235.53,7250.520721709224,Latih,7246.088065662475,6873.716708549302
2,2022-04-18,7275.29,7232.174085901468,Latih,7227.589781048387,6869.163006981354
2,2022-04-19,7199.23,7263.855727671478,Latih,7259.0284349764315,6870.174798669856
2,2022-04-20,7227.36,7201.829392922009,Latih,7197.601207175935,6869.867510299127
2,2022-04-21,7276.19,7217.7249858404075,Latih,7213.94076071867,6878.058092820388
2,2022-04-22,7225.61,7263.705603424404,Latih,7258.954807732198,6871.192015995722
2,2022-04-25,7215.98,7225.028656012504,Latih,7220.433275684802,6868.04025876675
2,2022-04-26,7232.15,7210.790393529024,Latih,7206.874159511413,6875.3225178492485
2,2022-04-27,7196.76,7223.841696949093,Latih,7219.810941627113,6875.542816662233
2,2022-04-28,7228.91,7194.713916138495,Latih,7190.987220708811,6875.706572262686
2,2022-05-09,6909.75,7218.798454918949,Latih,7215.020014154402,6878.282853211206
2,2022-05-10,6819.79,6943.062362623265,Latih,6943.258627207925,6883.141645990951
2,2022-05-11,6816.2,6827.658697162901,Latih,6832.5356949738025,6849.738619877137
2,2022-05-12,6599.84,6814.187287986908,Latih,6820.088744780157,6837.418835861719
2,2022-05-13,6597.99,6626.293856439896,Latih,6634.158570024454,6803.2357062268575
2,2022-05-17,6644.47,6597.890078732598,Latih,6609.133383785938,6774.662909826664
2,2022-05-18,6793.41,6649.672894213061,Latih,6661.371061610443,6781.663685945897
2,2022-05-19,6823.33,6816.740409086678,Latih,6824.051029455398,6810.948227320346
2,2022-05-20,6918.14,6817.400969225798,Latih,6823.491987026964,6835.081215697264
2,2022-05-23,6840.77,6903.843030834839,Latih,6908.325190217541,6853.766191560664
2,2022-05-24,6914.14,6846.99015341226,Latih,6851.491885445454,6854.104598876276
2,2022-05-25,6883.5,6902.3432680833785,Latih,6906.690459131643,6855.422804555931
2,2022-05-27,7026.26,6883.94136700247,Latih,6887.90770969574,6860.2399858358895
2,2022-05-30,7037.56,7005.4111416561,Latih,7007.775957267343,6878.479723135572
2,2022-05-31,7148.97,7031.694722648325,Latih,7032.35790592617,6883.141645990951
2,2022-06-02,7148.72,7130.5324823559085,Latih,7129.5638491464415,6883.141645990951
2,2022-06-03,7182.96,7143.1046257687385,Latih,7140.930873304682,6883.141645990951
2,2022-06-06,7096.58,7173.053336900553,Latih,7170.418450100503,6883.141645990951
2,2022-06-07,7141.04,7101.358023127985,Latih,7099.521870859932,6883.141645990951
2,2022-06-08,7193.31,7130.365767316894,Latih,7128.864390326217,6883.141645990951
2,2022-06-09,7182.83,7181.233090567075,Latih,7178.541301834665,6883.141645990951
2,2022-06-10,7086.65,7178.058913348995,Latih,7174.942086463056,6881.721877760631
2,2022-06-13,6995.44,7092.649292238425,Latih,7090.94909478433,6883.141645990951
2,2022-06-14,7049.88,7001.751706193743,Latih,7002.330366112648,6883.141645990951
2,2022-06-15,7007.05,7038.9425222075615,Latih,7039.773093124095,6883.141645990951
2,2022-06-16,7050.33,7007.69475206679,Latih,7008.515009788333,6883.141645990951
2,2022-06-17,6936.97,7040.669444288675,Latih,7041.367961469356,6883.141645990951
2,2022-06-20,6976.38,6946.390834206393,Latih,6948.1555115491665,6883.141645990951
2,2022-06-21,7044.07,6967.879676327759,Latih,6970.340225292498,6877.6973551956235
2,2022-06-22,6984.31,7031.6675944615035,Latih,7032.783616679373,6883.141645990951
2,2022-06-23,6998.27,6987.118672542032,Latih,6988.30998108333,6883.141645990951
2,2022-06-24,7042.94,6992.479695497808,Latih,6994.13016541606,6883.141645990951
2,2022-06-27,7016.06,7033.191436281267,Latih,7034.0853660870225,6883.141645990951
2,2022-06-28,6996.46,7014.786329141915,Latih,7015.559818766177,6883.141645990951
2,2022-06-29,6942.35,6994.540271856842,Latih,6995.870853370486,6883.141645990951
2,2022-06-30,6911.58,6944.916226682713,Latih,6947.19239365702,6880.171782133621
2,2022-07-01,6794.33,6911.764416546867,Latih,6915.044371273564,6868.303357338946
2,2022-07-04,6639.17,6805.578370888861,Latih,6810.780413701865,6846.010601668097
2,2022-07-05,6703.27,6656.272991496932,Latih,6664.848727011097,6806.50516839865
2,2022-07-06,6646.41,6702.620063802916,Latih,6712.820878597666,6796.209483419985
2,2022-07-07,6652.59,6652.15703461134,Latih,6661.6224905783065,6795.729135153324
2,2022-07-08,6740.22,6651.0395550941785,Latih,6661.0380687222005,6789.258860816389
2,2022-07-11,6722.15,6742.990875021987,Latih,6752.122626266057,6803.721524970861
2,2022-07-12,6718.29,6722.710279743692,Latih,6730.748910788767,6812.36158343378
2,2022-07-13,6640.99,6717.256191413125,Latih,6725.543123837581,6809.397840233478
2,2022-07-14,6690.09,6649.1362437487505,Latih,6658.512165489209,6796.848116809756
2,2022-07-15,6651.9,6684.455041116938,Latih,6695.1051412834395,6794.393666082055
2,2022-07-18,6659.25,6655.450368466538,Latih,6664.984412785186,6794.861593674749
2,2022-07-19,6736.09,6657.500743730527,Latih,6667.349497436298,6791.014345963627
2,2022-07-20,6874.74,6733.828688642703,Latih,6743.163856447958,6803.948639460536
2,2022-07-21,6864.13,6870.223808766048,Latih,6875.819860467654,6835.598691465891
2,2022-07-22,6886.96,6862.4592284578475,Latih,6867.115366956035,6852.070971344151
2,2022-07-25,6858.41,6881.2289294600905,Latih,6885.690888432605,6854.241383229831
2,2022-07-26,6871.54,6858.854318409005,Latih,6863.4553485739625,6852.777201001086
2,2022-07-27,6898.22,6867.071917017142,Latih,6871.8047767180615,6851.090836680271
2,2022-07-28,6956.82,6891.937926937981,Latih,6896.166964643641,6856.96464962695
2,2022-07-29,6951.12,6946.30586244767,Latih,6949.451655959538,6869.583718076985
2,2022-08-01,6968.78,6948.043321923665,Latih,6950.630723186782,6876.356236287099
2,2022-08-02,6988.16,6962.8504243708185,Latih,6965.260349000149,6878.362937412304
2,2022-08-03,7046.63,6981.845311743672,Latih,6983.801186753567,6883.141645990951
2,2022-08-04,7057.35,7035.261294515792,Latih,7036.214861492577,6883.141645990951
2,2022-08-05,7084.65,7051.359743495648,Latih,7051.533812291091,6883.141645990951
2,2022-08-08,7086.85,7076.491878687211,Latih,7076.17988211877,6883.141645990951
2,2022-08-09,7102.88,7081.552339268992,Latih,7080.914400898882,6883.141645990951
2,2022-08-10,7086.24,7095.839253128837,Latih,7094.960344715785,6883.141645990951
2,2022-08-11,7160.38,7083.111245951722,Latih,7082.283858673642,6883.141645990951
2,2022-08-12,7129.28,7146.1109669483485,Latih,7144.459734750468,6883.141645990951
2,2022-08-15,7093.28,7127.394715200142,Latih,7125.360549588278,6883.141645990951
2,2022-08-16,7133.45,7092.305818005274,Latih,7091.096663152645,6883.141645990951
2,2022-08-18,7186.56,7123.341808928922,Latih,7121.9789874709395,6883.141645990951
2,2022-08-19,7172.43,7174.451985501132,Latih,7171.934041364274,6883.141645990951
2,2022-08-22,7107.98,7168.178648348531,Latih,7165.275977198562,6883.141645990951
2,2022-08-23,7163.27,7110.129843866897,Latih,7108.253514978362,6883.141645990951
2,2022-08-24,7194.71,7151.13716978677,Latih,7149.211023682434,6883.141645990951
2,2022-08-25,7174.21,7185.011038091861,Latih,7182.059132645809,6883.141645990951
2,2022-08-26,7135.25,7170.672737616977,Latih,7167.65751812168,6882.095932858926
2,2022-08-29,7132.04,7134.209360569791,Latih,7131.944313910083,6883.141645990951
2,2022-08-30,7159.47,7126.92595806785,Latih,7125.126933301762,6883.141645990951
2,2022-08-31,7178.59,7150.572589621026,Latih,7148.43681661852,6883.141645990951
2,2022-09-01,7153.1,7170.46154131957,Latih,7167.769304187378,6883.141645990951
2,2022-09-02,7177.18,7150.33995981403,Latih,7147.785695294815,6883.141645990951
2,2022-09-05,7231.88,7168.495711834511,Latih,7165.891674939474,6883.141645990951
2,2022-09-06,7233.15,7219.1506729478515,Latih,7215.5444176996625,6880.6680261725605
2,2022-09-07,7186.76,7226.542677877038,Latih,7222.325836645452,6873.384937550466
2,2022-09-08,7232.02,7186.073700735652,Latih,7182.471481085502,6876.222680411976
2,2022-09-09,7242.66,7220.373145274011,Latih,7216.661112517206,6879.3978216895875
2,2022-09-12,7254.46,7234.884886784643,Latih,7230.537695736378,6872.75047427867
2,2022-09-13,7318.02,7246.437413932772,Latih,7241.814995098204,6870.585465610366
2,2022-09-14,7278.08,7303.43951880286,Latih,7297.828109408715,6862.439252247552
2,2022-09-15,7305.6,7275.769082124328,Latih,7270.009207562302,6859.134904572705
2,2022-09-16,7168.87,7295.277521767714,Latih,7289.578091496326,6861.351322276036
2,2022-09-19,7195.49,7178.728822623573,Latih,7174.58314243742,6867.844016602079
2,2022-09-20,7196.95,7186.336911407792,Latih,7183.313665556394,6883.141645990951
2,2022-09-21,7188.31,7190.671367902243,Latih,7187.339623000705,6880.520256024343
2,2022-09-22,7218.91,7183.274609935366,Latih,7180.044068864666,6880.88771964584
2,2022-09-23,7178.58,7209.073112043228,Latih,7205.521920288291,6880.0429792961895
2,2022-09-26,7127.5,7177.277128328763,Latih,7173.940226829729,6878.627112143975
2,2022-09-27,7112.45,7127.925844742134,Latih,7125.7183726144585,6883.141645990951
2,2022-09-28,7077.03,7108.884906711651,Latih,7107.435409575773,6883.141645990951
2,2022-09-29,7036.2,7076.1465211749755,Latih,7075.340074166724,6883.141645990951
2,2022-09-30,7040.8,7036.332969995204,Latih,7036.463813051644,6883.141645990951
2,2022-10-03,7009.72,7035.672611635986,Latih,7036.184056427542,6883.141645990951
2,2022-10-04,7072.26,7008.989909997641,Latih,7009.87245044893,6883.141645990951
2,2022-10-05,7075.38,7060.1758661330405,Latih,7060.548396672077,6883.141645990951
2,2022-10-06,7076.62,7070.08769847817,Latih,7069.739605727263,6883.141645990951
2,2022-10-07,7026.78,7071.531545776792,Latih,7071.1327838504985,6883.141645990951
2,2022-10-10,6994.4,7028.038605344357,Latih,7028.30150213665,6883.141645990951
2,2022-10-11,6939.15,6993.967485975084,Latih,6995.20968789166,6883.141645990951
2,2022-10-12,6909.21,6941.878093958547,Latih,6944.219951500943,6879.403852666658
2,2022-10-13,6880.63,6909.322095033274,Latih,6912.668838907526,6867.515743121545
2,2022-10-14,6814.53,6880.862676518005,Latih,6884.921322306437,6859.148289306203
2,2022-10-17,6831.12,6819.710272944008,Latih,6824.974374286865,6845.112165444531
2,2022-10-18,6834.49,6826.645986254845,Latih,6832.40238571856,6839.056077986395
2,2022-10-19,6860.42,6831.501169416344,Latih,6837.031934109664,6841.749996617771
2,2022-10-20,6980.65,6854.589991640487,Latih,6859.732957782188,6846.2310350010175
2,2022-10-21,7017.77,6962.8293944210345,Latih,6966.062401690537,6868.355416553657
2,2022-10-24,7053.04,7009.131918208658,Latih,7010.557874355972,6883.141645990951
2,2022-10-25,7048.38,7044.272829778258,Latih,7044.818397793238,6883.141645990951
2,2022-10-26,7043.94,7044.24233859307,Latih,7044.468421763246,6883.141645990951
2,2022-10-27,7091.76,7039.8200405812895,Latih,7040.1568784976635,6883.141645990951
2,2022-10-28,7056.04,7081.177073491284,Latih,7080.914266378948,6883.141645990951
2,2022-10-31,7098.89,7055.394220535821,Latih,7055.096483080452,6883.141645990951
2,2022-11-01,7052.3,7088.80865842409,Latih,7088.318019382427,6883.141645990951
2,2022-11-02,7015.69,7052.938379768794,Latih,7052.614007366365,6883.141645990951
2,2022-11-03,7034.57,7015.536995217264,Latih,7016.213989208401,6883.141645990951
2,2022-11-04,7045.53,7027.863415549459,Latih,7028.681745151939,6883.141645990951
2,2022-11-07,7102.4,7039.626600915257,Latih,7040.091636329356,6883.141645990951
2,2022-11-08,7050.13,7090.675077677439,Latih,7090.250846643517,6883.141645990951
2,2022-11-09,7070.08,7051.441576455896,Latih,7051.108505097693,6883.141645990951
2,2022-11-10,6966.84,7062.906710486478,Latih,7062.8704349440995,6883.141645990951
2,2022-11-11,7089.21,6974.80978464132,Latih,6975.955625444705,6883.141645990951
2,2022-11-14,7019.39,7070.092675715752,Latih,7070.700750660368,6883.141645990951
2,2022-11-15,7035.5,7023.0141064251075,Latih,7023.240503475131,6883.141645990951
2,2022-11-16,7014.38,7029.102388987603,Latih,7029.867986775698,6883.141645990951
2,2022-11-17,7044.99,7012.461241751373,Latih,7013.338222045362,6883.141645990951
2,2022-11-18,7082.18,7036.835805510941,Latih,7037.527193135086,6883.141645990951
2,2022-11-21,7063.25,7072.910285427042,Latih,7072.765855857201,6883.141645990951
2,2022-11-22,7030.59,7060.60668864376,Latih,7060.3152736253205,6883.141645990951
2,2022-11-23,7054.12,7029.8392443496605,Latih,7030.19558765656,6883.141645990951
2,2022-11-24,7080.52,7046.6902426839515,Latih,7047.082144093578,6883.141645990951
2,2022-11-25,7053.15,7072.505156223841,Latih,7072.284139971204,6883.141645990951
2,2022-11-28,7017.36,7051.573495671814,Latih,7051.436913098161,6883.141645990951
2,2022-11-29,7012.07,7017.096709019602,Latih,7017.741821786225,6883.141645990951
2,2022-11-30,7081.31,7008.356231425463,Latih,7009.461223008691,6883.141645990951
2,2022-12-01,7020.8,7068.369026953049,Latih,7068.59345104403,6883.141645990951
2,2022-12-02,7019.64,7023.341483106078,Latih,7023.634557203712,6883.141645990951
2,2022-12-05,6987.33,7015.378754934132,Latih,7016.343890625299,6883.141645990951
2,2022-12-06,6892.57,6986.957921220121,Latih,6988.373295132574,6883.141645990951
2,2022-12-07,6818.75,6900.285202763125,Latih,6903.3347248417585,6871.221363761466
2,2022-12-08,6804.23,6824.7757556033475,Latih,6829.853188116884,6847.330645786859
2,2022-12-09,6715.12,6803.588081195684,Latih,6809.662934184703,6835.417672473824
2,2022-12-12,6734.45,6723.904469253591,Latih,6731.343993349693,6819.6341346609925
2,2022-12-13,6810.32,6730.597295612417,Latih,6738.741569646173,6810.996923536691
2,2022-12-14,6801.75,6799.24136096719,Latih,6806.148197332056,6825.346187386249
2,2022-12-15,6751.86,6800.448946420582,Latih,6806.648858108851,6833.929186976886
2,2022-12-16,6812.19,6755.785929176534,Latih,6762.7546222913525,6825.034840997492
2,2022-12-19,6779.7,6802.877434800895,Latih,6809.570070589813,6827.913567599093
2,2022-12-20,6768.32,6781.358706834047,Latih,6787.837029947072,6830.73776878718
2,2022-12-21,6820.66,6767.665227665928,Latih,6774.650130432872,6824.717104911839
2,2022-12-22,6824.43,6812.182761600646,Latih,6818.582143932018,6831.385168392693
2,2022-12-23,6800.67,6821.492617238197,Latih,6827.273140610193,6838.814995843506
2,2022-12-26,6835.81,6801.12338453296,Latih,6807.18487520847,6835.6054847225905
2,2022-12-27,6923.03,6829.160836433207,Latih,6835.004046094751,6837.974986111558
2,2022-12-28,6850.52,6909.557078939126,Latih,6913.83761535977,6856.159659917989
2,2022-12-29,6860.08,6856.087781432905,Latih,6860.404414036015,6856.263128167728
2,2022-12-30,6850.62,6856.13271109108,Latih,6861.106428734997,6848.273630528785
2,2023-01-02,6850.98,6848.948001381196,Latih,6853.9461343932535,6848.049318537749
2,2023-01-03,6888.76,6848.177067635693,Latih,6853.272974220255,6846.868726751246
2,2023-01-04,6813.24,6881.295113267941,Latih,6885.875315263016,6852.80278220866
2,2023-01-05,6653.84,6819.514254979227,Latih,6824.707666096424,6845.973989825882
2,2023-01-06,6684.56,6671.287770303204,Latih,6679.459665763542,6811.26318332735
2,2023-01-09,6688.27,6679.882596438095,Latih,6689.367440090643,6795.211838744611
2,2023-01-10,6622.5,6686.657704156951,Latih,6695.7590651057835,6799.805941132934
2,2023-01-11,6584.45,6629.501473071732,Latih,6639.453521272326,6790.042484275728
2,2023-01-12,6629.93,6588.6373057885685,Latih,6599.818223018464,6775.515362652568
2,2023-01-13,6641.83,6638.493138618851,Latih,6650.527028538148,6777.627953386334
2,2023-01-16,6688.06,6639.7270115094725,Latih,6650.050048874851,6785.427822757392
2,2023-01-17,6767.34,6681.567996699378,Latih,6692.063354101048,6794.187155562371
2,2023-01-18,6765.79,6758.022390350129,Latih,6766.6330113673475,6812.584393285546
2,2023-01-19,6819.91,6764.031104371275,Latih,6771.184381256428,6822.707063208257
2,2023-01-20,6874.93,6811.235651580724,Latih,6817.672609813842,6830.93757573012
2,2023-01-24,6860.85,6865.619684642593,Latih,6870.72426776294,6846.58601068858
2,2023-01-25,6829.93,6859.609378802219,Latih,6864.307868659834,6851.584726620355
2,2023-01-26,6864.82,6830.922150777614,Latih,6836.192215837574,6844.926012274958
2,2023-01-27,6898.98,6857.9186874235065,Latih,6863.05151973013,6846.320535597541
2,2023-01-30,6872.48,6891.831790709539,Latih,6896.123425024792,6856.204567156175
2,2023-01-31,6839.34,6872.552729974728,Latih,6876.832773155611,6856.540979092756
2,2023-02-01,6862.26,6840.495934526956,Latih,6845.512362250127,6847.912691124119
2,2023-02-02,6890.57,6856.757757967451,Latih,6861.823173366824,6847.151779113748
2,2023-02-03,6911.73,6884.174826349063,Latih,6888.608177415474,6854.559433195332
2,2023-02-06,6873.79,6905.9509133708925,Latih,6909.79049344574,6861.557586175839
2,2023-02-07,6935.3,6875.163470446509,Latih,6879.287492923182,6858.411904763916
2,2023-02-08,6940.12,6924.6601028225305,Latih,6928.362427724052,6863.036700117329
2,2023-02-09,6897.37,6935.942043122102,Latih,6938.911839719464,6871.828900626342
2,2023-02-10,6880.33,6899.067461054668,Latih,6902.5641049761025,6865.797587256174
2,2023-02-13,6900.14,6879.240635145944,Latih,6883.431827909989,6857.5537124208
2,2023-02-14,6941.85,6894.628101431175,Latih,6898.735757315799,6858.412936083415
2,2023-02-15,6914.54,6933.41992886727,Latih,6936.747705430736,6867.502044508199
2,2023-02-16,6895.66,6914.298547915862,Latih,6917.543796499418,6868.699227086644
2,2023-02-17,6895.71,6894.633482228561,Latih,6898.43075578396,6862.187094630042
2,2023-02-20,6894.72,6892.509614240273,Latih,6896.511021796508,6859.726725025216
2,2023-02-21,6873.4,6891.648619398518,Latih,6895.662873608514,6859.578999716977
2,2023-02-22,6809.97,6872.869120861034,Latih,6877.182928545516,6856.127419973651
2,2023-02-23,6839.45,6814.887867806587,Latih,6820.292161341344,6843.456449248828
2,2023-02-24,6856.58,6833.415432926452,Latih,6839.108451080954,6839.757958165444
2,2023-02-27,6854.78,6851.79746989701,Latih,6856.938687279561,6846.281098836697
2,2023-02-28,6843.24,6852.1882727271695,Latih,6857.168043768146,6848.240000545122
2,2023-03-01,6844.94,6841.878261375464,Latih,6847.033872391023,6846.206485112943
2,2023-03-02,6857.42,6842.041703096069,Latih,6847.299482001998,6844.962781057096
2,2023-03-03,6813.64,6853.163228373565,Latih,6858.233486490586,6847.129695424474
2,2023-03-06,6807.0,6816.266315996978,Latih,6821.794255771671,6841.939266165829
2,2023-03-07,6766.76,6805.426542722615,Latih,6811.519309282931,6835.1812761086585
2,2023-03-08,6776.37,6769.433738826839,Latih,6776.1436604273595,6828.042930936252
2,2023-03-09,6799.79,6773.2274027639905,Latih,6780.243648675709,6824.279847864245
2,2023-03-10,6765.3,6794.835115667612,Latih,6801.42986578408,6829.185543261206
2,2023-03-13,6786.96,6767.32773956987,Latih,6774.1356365227975,6826.872876544629
2,2023-03-14,6641.81,6782.3314204815315,Latih,6789.220029395252,6825.7391425353635
2,2023-03-15,6628.14,6657.738193835181,Latih,6666.35811914788,6805.95307616684
2,2023-03-16,6565.73,6629.105255814203,Latih,6639.484870022097,6784.847638279229
2,2023-03-17,6678.24,6577.339925823371,Latih,6587.371141107383,6773.335691311387
2,2023-03-20,6612.49,6711.941163065006,Latih,6722.204316639473,6782.708502278357
2,2023-03-21,6691.61,6619.586087158329,Latih,6629.782530055203,6787.171470150381
2,2023-03-24,6762.25,6702.6705872483735,Latih,6712.977919411381,6790.904757056862
2,2023-03-27,6708.93,6752.237226040388,Latih,6760.259905263211,6812.255357525381
2,2023-03-28,6760.33,6713.665327487458,Latih,6721.644074741623,6813.181572115454
2,2023-03-29,6839.44,6752.544761030997,Latih,6760.405590352441,6814.220402310822
2,2023-03-30,6808.95,6827.707483059203,Latih,6833.939096612072,6833.26701259855
2,2023-03-31,6805.28,6810.095886594388,Latih,6815.882396103475,6838.857952542639
2,2023-04-03,6827.17,6803.382220855685,Latih,6809.549175159964,6834.300148116684
2,2023-04-04,6833.18,6822.125712890659,Latih,6828.035980739628,6837.2313374928
2,2023-04-05,6819.67,6829.900718493795,Latih,6835.492106837666,6841.029485427774
2,2023-04-06,6792.77,6818.762647264335,Latih,6824.471830230986,6839.710001808739
2,2023-04-10,6771.23,6793.660375498265,Latih,6799.880510016711,6833.752226002848
2,2023-04-11,6811.31,6771.713515419391,Latih,6778.517242254345,6826.879198981558
2,2023-04-14,6818.57,6785.005228382676,Uji,6791.547179424792,6829.927577640748
2,2023-04-17,6787.58,6812.336876605782,Uji,6818.57707701448,6833.318511313533
2,2023-04-18,6821.81,6788.990179666906,Uji,6795.292573125393,6832.799690345561
2,2023-04-26,6910.15,6815.400859577391,Uji,6821.575683297847,6834.0822258225435
2,2023-04-27,6945.48,6896.673207997724,Uji,6901.280089779839,6852.322456361988
2,2023-04-28,6915.72,6937.747300645163,Uji,6940.91726290529,6869.376288337748
2,2023-05-02,6863.3,6915.748381351577,Uji,6918.938297402012,6869.357657326798
2,2023-05-03,6812.72,6866.437543425302,Uji,6870.660325954001,6857.298931664565
2,2023-05-04,6844.03,6816.13592134032,Uji,6821.612541759942,6842.56458208207
2,2023-05-05,6787.63,6837.7409886852265,Uji,6843.34212972436,6840.831135784126
2,2023-05-08,6769.63,6791.957039245695,Uji,6797.982568258674,6836.135851984954
2,2023-05-09,6779.98,6769.72257554653,Uji,6776.603741023866,6825.95791678909
2,2023-05-10,6811.9,6776.7174776286165,Uji,6783.653706599205,6825.217563908731
2,2023-05-11,6755.94,6805.852006855936,Uji,6812.24356461111,6831.544484835303
2,2023-05-12,6707.76,6760.523317715253,Uji,6767.326663410392,6826.997509264086
2,2023-05-15,6711.74,6711.916523496975,Uji,6719.979569910189,6812.17435410473
2,2023-05-16,6676.56,6709.869488811363,Uji,6718.401236306896,6806.4960210430945
2,2023-05-17,6663.11,6679.526062561288,Uji,6688.491199656294,6801.534477453263
2,2023-05-19,6700.56,6663.711439433558,Uji,6673.240394414677,6794.8395996654335
2,2023-05-22,6729.65,6694.95502824636,Uji,6704.122561793048,6798.916854044826
2,2023-05-23,6736.68,6724.723202415875,Uji,6733.09044324132,6808.345558044644
2,2023-05-24,6745.8,6734.217854813657,Uji,6742.174316598647,6813.243899685177
2,2023-05-25,6704.23,6743.009629342878,Uji,6750.766272974933,6815.584008468422
2,2023-05-26,6687.0,6707.661814903785,Uji,6715.882664410343,6810.298720235857
2,2023-05-29,6681.1,6687.804127880053,Uji,6696.709325134175,6802.17950053993
2,2023-05-30,6636.42,6680.6604579602335,Uji,6689.832464294748,6799.007677420706
2,2023-05-31,6633.26,6640.8653640364955,Uji,6650.706618255909,6791.2741936374005
2,2023-06-05,6633.44,6632.969027057298,Uji,6643.337750755484,6784.940838173955
2,2023-06-06,6618.92,6632.763816896983,Uji,6643.164376979704,6784.555774861007
2,2023-06-07,6619.75,6620.072102077238,Uji,6630.667407790356,6782.316757808654
2,2023-06-08,6666.33,6619.131723659045,Uji,6629.873291776114,6780.547910347907
2,2023-06-09,6694.02,6665.681259676678,Uji,6676.8890907022505,6787.9146479493675
2,2023-06-12,6722.37,6689.59889284821,Uji,6698.820099848825,6798.318733575375
2,2023-06-13,6719.01,6717.598656746765,Uji,6726.135437529853,6806.356187571021
2,2023-06-14,6699.72,6717.911807944645,Uji,6726.186599945,6809.538794705006
2,2023-06-15,6713.79,6700.637497795987,Uji,6709.210060881693,6806.093716758522
2,2023-06-16,6698.55,6710.741211617906,Uji,6719.332416924556,6805.764389538499
2,2023-06-19,6686.06,6699.013830974715,Uji,6707.658855465223,6805.229022618564
2,2023-06-20,6660.46,6686.329027116612,Uji,6695.308557844626,6801.2904582918
2,2023-06-21,6702.63,6662.482050540758,Uji,6671.943846444501,6795.66860118273
2,2023-06-22,6652.26,6696.463075183796,Uji,6705.631326170135,6798.8929991764135
2,2023-06-23,6639.73,6657.205281904054,Uji,6666.59841659115,6796.557038091154
2,2023-06-26,6664.67,6640.452158032218,Uji,6650.561420801442,6788.01975285831
2,2023-06-27,6661.88,6660.848754334164,Uji,6670.756091471477,6790.267939686209
2,2023-07-03,6696.72,6661.269465429796,Uji,6670.944049450172,6793.0935757536
2,2023-07-04,6681.75,6691.451848898099,Uji,6700.684759133029,6798.1577132135935
2,2023-07-05,6718.98,6682.345488291696,Uji,6691.4032647817,6800.379646234245
2,2023-07-06,6757.33,6713.221949782838,Uji,6721.937765388956,6804.223912086816
2,2023-07-07,6716.46,6751.07208162638,Uji,6758.864552401032,6815.066756899688
2,2023-07-10,6731.04,6719.693042449376,Uji,6727.623160747162,6813.711737597916
2,2023-07-11,6796.92,6727.765650987944,Uji,6735.941582046323,6810.640737169715
2,2023-07-12,6808.21,6787.118065736323,Uji,6794.243407315046,6822.812369897101
2,2023-07-13,6810.21,6804.566265320512,Uji,6810.824043000671,6833.184036218858
2,2023-07-14,6869.57,6807.613522980245,Uji,6813.721714493069,6834.97160437051
2,2023-07-17,6867.14,6859.813288603166,Uji,6865.095684657136,6844.482724250294
2,2023-07-18,6830.2,6864.500949606041,Uji,6869.17240095679,6851.86414694462
2,2023-07-20,6864.19,6831.880694991982,Uji,6837.078859146869,6845.790370115079
2,2023-07-21,6880.8,6857.398117696383,Uji,6862.536577420274,6846.257647528089
2,2023-07-24,6899.4,6875.842706436556,Uji,6880.38746242885,6853.289363232293
2,2023-07-25,6917.71,6894.034173499687,Uji,6898.146784201905,6858.359060849586
2,2023-07-26,6948.28,6912.200171455191,Uji,6915.862992335902,6863.643743742446
2,2023-07-27,6896.66,6941.066624872735,Uji,6944.116729871085,6870.800899285715
2,2023-07-28,6900.23,6899.38270852153,Uji,6902.800411661312,6866.753710111718
2,2023-07-31,6931.36,6896.581779282137,Uji,6900.51103931342,6860.561757519582
2,2023-08-01,6886.5,6924.246184983599,Uji,6927.715072958517,6865.879240856509
2,2023-08-02,6854.51,6888.544930626197,Uji,6892.283822529956,6862.958611295263
2,2023-08-03,6898.08,6855.387022253313,Uji,6860.045873570183,6852.109354365506
2,2023-08-04,6852.84,6889.860132027312,Uji,6894.275793722316,6854.716507639029
2,2023-08-07,6886.37,6855.2544304377225,Uji,6859.810284324625,6853.362968056538
2,2023-08-08,6868.81,6879.416183660668,Uji,6884.00855970983,6852.6735085514565
2,2023-08-09,6875.11,6867.891860858838,Uji,6872.358438349109,6854.320615471342
2,2023-08-10,6893.28,6871.391486638825,Uji,6875.963191458028,6853.006692009606
2,2023-08-11,6879.98,6888.022791499836,Uji,6892.2800111318065,6856.661598634162
2,2023-08-14,6910.17,6878.464634482902,Uji,6882.7049270230955,6856.964492687026
2,2023-08-15,6915.1,6903.369251624987,Uji,6907.344876193748,6859.930096746424
2,2023-08-16,6900.54,6911.151633404539,Uji,6914.732957624839,6864.644998036067
2,2023-08-18,6859.91,6898.970225561901,Uji,6902.695351592347,6863.020714665095
2,2023-08-21,6866.03,6861.726722573677,Uji,6866.160140900056,6854.786211385169
2,2023-08-22,6916.45,6862.420083156863,Uji,6867.211302089433,6850.428326002099
2,2023-08-23,6921.41,6907.26580089216,Uji,6911.307676528738,6859.084975256958
2,2023-08-24,6899.39,6917.3971025106775,Uji,6920.824827385592,6866.449224239628
2,2023-08-25,6895.44,6898.687868219062,Uji,6902.36008307521,6863.666410351435
2,2023-08-28,6921.73,6892.701462087079,Uji,6896.666078441187,6860.172255048791
2,2023-08-29,6957.83,6915.265073646354,Uji,6918.916393072652,6863.752458269636
2,2023-08-30,6966.66,6949.889294146947,Uji,6952.76645134931,6872.814528187554
2,2023-08-31,6953.26,6961.764713978224,Uji,6964.130605748945,6878.9097609466735
2,2023-09-01,6977.65,6951.046658824734,Uji,6953.498329473786,6877.976080500227
2,2023-09-04,6996.75,6970.861803919131,Uji,6973.128464818055,6880.024841525001
2,2023-09-05,6991.71,6990.384323315677,Uji,6992.127567148861,6883.141645990951
2,2023-09-06,6995.95,6988.164654713925,Uji,6989.769029134568,6883.141645990951
2,2023-09-07,6954.81,6991.298072391805,Uji,6992.899756413755,6883.141645990951
2,2023-09-08,6924.78,6955.76647009199,Uji,6957.879419545583,6882.046653722865
2,2023-09-11,6963.39,6924.75171089803,Uji,6927.717673677254,6871.989091448527
2,2023-09-12,6933.97,6955.107277572207,Uji,6957.875966867261,6874.079643332999
2,2023-09-13,6935.48,6933.7826842910545,Uji,6936.531083495965,6874.542773048024
2,2023-09-14,6959.33,6931.726973069657,Uji,6934.7740737894665,6870.932011382024
2,2023-09-15,6982.79,6952.781203702144,Uji,6955.4888209468645,6874.845801620822
2,2023-09-18,6936.08,6976.058847074563,Uji,6978.190001559313,6881.619283890468
2,2023-09-19,6980.32,6937.857315531721,Uji,6940.366717652729,6877.407688936334
2,2023-09-20,7011.68,6971.226980701739,Uji,6973.643810687716,6878.19494443391
2,2023-09-21,6991.47,7003.762151457129,Uji,7005.2742452026,6883.141645990951
2,2023-09-22,7016.84,6989.66858758336,Uji,6991.114273321089,6883.141645990951
2,2023-09-25,6998.38,7009.55991580075,Uji,7010.8812154389025,6883.141645990951
2,2023-09-26,6923.8,6996.310823236761,Uji,6997.606877967177,6883.141645990951
2,2023-09-27,6937.83,6928.8960234648475,Uji,6931.402623087216,6877.532276815813
2,2023-09-29,6939.89,6932.616800017406,Uji,6935.742370699098,6869.968691709976
2,2023-10-02,6961.46,6936.0311401588215,Uji,6938.97663348799,6872.123813163083
2,2023-10-03,6940.89,6955.152341750316,Uji,6957.7833274722625,6875.7542147395425
2,2023-10-04,6886.58,6939.619638775637,Uji,6942.29524027591,6875.36877028678
2,2023-10-05,6874.83,6889.709110980673,Uji,6893.343570575162,6864.216933184008
2,2023-10-06,6888.52,6873.18654306684,Uji,6877.569269797843,6855.286109882333
2,2023-10-09,6891.46,6883.823236079854,Uji,6888.147962299032,6855.883266292253
2,2023-10-10,6922.19,6887.968938685996,Uji,6892.105381836636,6858.131071980336
2,2023-10-11,6931.75,6915.210906952666,Uji,6918.899129681038,6863.303834287563
2,2023-10-12,6935.15,6927.1088812929875,Uji,6930.334265766192,6868.810811372439
2,2023-10-13,6926.78,6931.183131393839,Uji,6934.258840019752,6870.590375587981
2,2023-10-16,6896.29,6924.245512383926,Uji,6927.397650752711,6869.730613845627
2,2023-10-17,6939.62,6896.590343717977,Uji,6900.246281662032,6863.885386385064
2,2023-10-18,6927.91,6931.025518870402,Uji,6934.425286018897,6866.651250761489
2,2023-10-19,6846.43,6925.748055214036,Uji,6928.836386293817,6870.491055036227
2,2023-10-20,6849.17,6853.0672259802,Uji,6857.386347202101,6856.263778347412
2,2023-10-23,6741.96,6846.111357099153,Uji,6851.2772140497345,6846.038940534331
2,2023-10-24,6806.76,6752.562697022284,Uji,6759.151124701823,6829.691383055483
2,2023-10-25,6834.39,6796.986806862385,Uji,6803.860394383402,6825.773220918809
2,2023-10-26,6714.52,6828.616815397476,Uji,6834.413212121761,6838.549857052303
2,2023-10-27,6758.79,6726.841857756695,Uji,6733.962334197782,6823.4834225911245
2,2023-10-30,6735.89,6751.838273544187,Uji,6759.659341014947,6814.711198292408
2,2023-10-31,6752.21,6736.871798604451,Uji,6744.522855297798,6816.9302391344645
2,2023-11-01,6642.42,6748.530932800794,Uji,6756.209330670858,6816.479574933383
2,2023-11-02,6751.39,6654.282584098813,Uji,6663.2712005274125,6801.505286627443
2,2023-11-03,6788.85,6763.301939065483,Uji,6771.9641708976305,6804.132550631197
2,2023-11-06,6878.84,6782.389107113509,Uji,6789.40302134636,6824.215211035644
2,2023-11-07,6843.79,6865.476869311969,Uji,6870.865424014371,6843.134812085069
2,2023-11-08,6804.11,6845.122119919694,Uji,6850.009273985662,6849.4375194234035
2,2023-11-09,6838.23,6806.357846650215,Uji,6812.162718130383,6838.672427132762
2,2023-11-10,6809.26,6831.674498352146,Uji,6837.447623127735,6838.801790469921
2,2023-11-13,6838.31,6810.2283663100325,Uji,6816.023798974786,6838.748072176016
2,2023-11-14,6862.06,6832.335843190884,Uji,6838.052021194137,6839.487505836822
2,2023-11-15,6958.21,6856.464392409959,Uji,6861.54370820258,6846.985960874297
2,2023-11-16,6958.01,6943.37126523321,Uji,6946.890486083677,6865.073152568082
2,2023-11-17,6977.67,6954.235184835843,Uji,6956.71416303163,6877.611576317292
2,2023-11-20,6994.89,6971.424725005681,Uji,6973.639461209828,6880.648901921851
2,2023-11-21,6961.79,6988.75815666562,Uji,6990.526376366672,6883.141645990951
2,2023-11-22,6906.95,6961.755835662537,Uji,6963.785741476469,6882.995736701829
2,2023-11-23,7004.34,6909.94274759178,Uji,6913.074506190465,6870.123277534883
2,2023-11-24,7009.63,6988.912316510734,Uji,6991.319685261306,6878.129679845613
2,2023-11-27,7013.41,7004.725134829341,Uji,7006.004419407903,6883.141645990951
2,2023-11-28,7041.07,7008.641906926691,Uji,7009.812633917987,6883.141645990951
2,2023-11-29,7036.09,7033.292415912214,Uji,7034.047476305428,6883.141645990951
2,2023-11-30,7080.74,7032.108012727561,Uji,7032.630488153758,6883.141645990951
2,2023-12-01,7059.91,7070.627796015807,Uji,7070.5993674696165,6883.141645990951
2,2023-12-04,7093.6,7057.517214144534,Uji,7057.286646976537,6883.141645990951
2,2023-12-05,7100.85,7084.621546098063,Uji,7084.160591121981,6883.141645990951
2,2023-12-06,7087.4,7094.836945095729,Uji,7093.912299904894,6883.141645990951
3,2022-01-05,6662.3,6697.650964676755,Latih,6698.381026782113,6822.624602488313
3,2022-01-06,6653.35,6676.230122382357,Latih,6677.607068433478,6822.624602488313
3,2022-01-07,6701.32,6670.7533113928275,Latih,6672.770292083039,6822.624602488313
3,2022-01-10,6691.12,6700.3385048212285,Latih,6701.987551070171,6822.624602488313
3,2022-01-11,6647.97,6698.21751780154,Latih,6698.4858402311975,6822.624602488313
3,2022-01-12,6647.06,6664.48655450703,Latih,6666.352267530722,6822.624602488313
3,2022-01-13,6658.36,6665.274706804169,Latih,6667.772775620682,6822.624602488313
3,2022-01-14,6693.4,6672.436536915167,Latih,6674.629693879798,6822.624602488313
3,2022-01-17,6645.05,6695.773638098704,Latih,6696.674988920855,6822.624602488313
3,2022-01-18,6614.06,6661.80067344175,Latih,6663.711517903519,6822.624602488313
3,2022-01-19,6591.98,6639.494185527573,Latih,6643.1473602079695,6822.624602488313
3,2022-01-20,6626.87,6622.841110857136,Latih,6627.547509365909,6822.624602488313
3,2022-01-21,6726.37,6646.0863012953205,Latih,6649.896976399209,6822.624602488313
3,2022-01-24,6655.17,6715.8651207688645,Latih,6720.961722373088,6822.624602488313
3,2022-01-25,6568.17,6667.303951228423,Latih,6668.350718099935,6822.624602488313
3,2022-01-26,6600.82,6599.466991469082,Latih,6604.240285620359,6822.624602488313
3,2022-01-27,6611.16,6626.701720881768,Latih,6631.560597736471,6822.624602488313
3,2022-01-28,6645.51,6636.969840483824,Latih,6641.103509160812,6822.624602488313
3,2022-01-31,6631.15,6660.194606311929,Latih,6663.226708059025,6822.624602488313
3,2022-02-02,6707.65,6654.093477095675,Latih,6657.268853783173,6822.624602488313
3,2022-02-03,6683.85,6702.339948458987,Latih,6705.175292381662,6822.624602488313
3,2022-02-04,6731.39,6693.342302379774,Latih,6693.8822541874815,6822.624602488313
3,2022-02-07,6804.94,6726.626603441259,Latih,6731.217948170922,6822.624602488313
3,2022-02-08,6789.52,6796.3527695703815,Latih,6799.910261342258,6841.89949310515
3,2022-02-09,6834.61,6791.063669939667,Latih,6794.16229179445,6842.473310306407
3,2022-02-10,6823.64,6828.83137469325,Latih,6831.656719300782,6858.296374560037
3,2022-02-11,6815.61,6824.260521833633,Latih,6826.817947571312,6858.0704259097965
3,2022-02-14,6734.49,6816.002365465198,Latih,6818.719421525333,6854.050185562708
3,2022-02-15,6807.5,6734.205792859517,Latih,6737.779550333493,6822.624602488313
3,2022-02-16,6850.2,6798.941112473042,Latih,6802.450916928085,6843.146335959471
3,2022-02-17,6835.12,6844.493665204979,Latih,6847.03595745001,6865.810680529813
3,2022-02-18,6892.82,6836.056283443606,Latih,6838.386258391774,6863.809741341809
3,2022-02-21,6902.96,6884.905942193908,Latih,6886.848499730272,6884.465748127741
3,2022-02-22,6861.99,6900.231955288991,Latih,6901.618317735538,6893.385944354578
3,2022-02-23,6920.06,6865.4827433491155,Latih,6867.148772739808,6878.669373823446
3,2022-02-24,6817.82,6911.7644838068345,Latih,6913.249202745603,6897.196826843366
3,2022-02-25,6888.17,6817.465650894377,Latih,6819.393276717994,6863.3440109080475
3,2022-03-01,6921.44,6878.900949890953,Latih,6881.024526419384,6881.178080924791
3,2022-03-02,6868.4,6915.897496699141,Latih,6917.158307206678,6900.017373573229
3,2022-03-04,6928.33,6872.463184538226,Latih,6873.956288552921,6882.730889370483
3,2022-03-07,6869.07,6919.72344542061,Latih,6921.083329860019,6900.908769920215
3,2022-03-08,6814.18,6872.697518264394,Latih,6874.122308572274,6883.590023353142
3,2022-03-09,6864.44,6817.167487459216,Latih,6819.5897655025465,6857.487820072809
3,2022-03-10,6924.01,6857.7113922042045,Latih,6860.0738985565695,6871.820246510546
3,2022-03-11,6922.6,6915.497591353404,Latih,6916.927627938734,6898.9161261281815
3,2022-03-14,6952.2,6920.916928700852,Latih,6921.877535554218,6903.600872532472
3,2022-03-15,6918.19,6946.683370224288,Latih,6947.394083879045,6914.751902515636
3,2022-03-16,6992.4,6920.203547067391,Latih,6920.97510857259,6904.392208468065
3,2022-03-17,6964.38,6981.3982571608385,Latih,6981.789799850639,6929.677494605232
3,2022-03-18,6954.96,6965.147710974866,Latih,6965.186273356133,6925.509842829752
3,2022-03-21,6955.18,6953.767593542985,Latih,6954.11600017374,6919.465548285889
3,2022-03-22,7000.82,6952.907966320567,Latih,6953.330717635206,6918.723626006293
3,2022-03-23,6996.12,6992.904509451446,Latih,6992.922490282712,6936.127187392165
3,2022-03-24,7049.69,6993.886415294466,Latih,6993.576705564914,6938.337663798382
3,2022-03-25,7002.53,7040.2784845185915,Latih,7039.533782160345,6958.330420046501
3,2022-03-28,7049.6,7004.959289195596,Latih,7004.197682165562,6945.063077611378
3,2022-03-29,7011.69,7040.915705449049,Latih,7040.11997519559,6958.8580520701935
3,2022-03-30,7053.19,7012.9716552234295,Latih,7012.129874312341,6948.544229320339
3,2022-03-31,7071.44,7045.082998504702,Latih,7044.181580422584,6961.028441535883
3,2022-04-01,7078.76,7065.702258928485,Latih,7064.303969047732,6971.617671431953
3,2022-04-04,7116.22,7074.151769903966,Latih,7072.541252406307,6976.005622020419
3,2022-04-05,7148.3,7107.777269569708,Latih,7105.776823621464,6990.9157667375175
3,2022-04-06,7104.22,7140.0576595688635,Latih,7137.471020585375,7006.418740806638
3,2022-04-07,7127.37,7105.0354394216065,Latih,7102.578432815147,6992.440729556736
3,2022-04-08,7210.83,7120.386495644524,Latih,7118.081765604093,6997.394605510292
3,2022-04-11,7203.79,7196.067455720986,Latih,7192.838618569458,7031.21372420198
3,2022-04-12,7214.78,7199.22463858732,Latih,7195.382838933552,7035.848204990688
3,2022-04-13,7262.78,7208.063360573735,Latih,7204.181473979439,7039.417153377
3,2022-04-14,7235.53,7251.3298142761905,Latih,7246.935272210927,7058.663682707614
3,2022-04-18,7275.29,7232.825790144891,Latih,7228.283590031355,7052.49181842572
3,2022-04-19,7199.23,7264.604106907938,Latih,7259.931243097875,7065.24767122931
3,2022-04-20,7227.36,7202.431414469565,Latih,7198.10839216956,7039.761748609606
3,2022-04-21,7276.19,7218.5716991491,Latih,7214.6156023908525,7043.809184403483
3,2022-04-22,7225.61,7264.479631128404,Latih,7259.8649247700905,7064.874288730688
3,2022-04-25,7215.98,7225.635789317576,Latih,7221.072604094235,7049.888768010204
3,2022-04-26,7232.15,7211.551776359167,Latih,7207.482727695789,7041.786901385847
3,2022-04-27,7196.76,7224.637875602333,Latih,7220.503988330452,7047.10196336395
3,2022-04-28,7228.91,7195.449202101315,Latih,7191.497006421173,7035.039336623612
3,2022-05-09,6909.75,7219.653284263698,Latih,7215.70350994238,7044.183060141866
3,2022-05-10,6819.79,6895.394192459031,Latih,6893.742915421172,6925.433413086879
3,2022-05-11,6816.2,6820.352986771796,Latih,6822.358051237796,6863.190613342563
3,2022-05-12,6599.84,6816.089041143093,Latih,6818.832014710639,6853.9374354374795
3,2022-05-13,6597.99,6612.069250532283,Latih,6613.163718733123,6822.624602488313
3,2022-05-17,6644.47,6628.396419833534,Latih,6632.912663204678,6822.624602488313
3,2022-05-18,6793.41,6658.06503804141,Latih,6661.301817474079,6822.624602488313
3,2022-05-19,6823.33,6776.545336952237,Latih,6780.907728753118,6829.888454759752
3,2022-05-20,6918.14,6819.386797341142,Latih,6822.280253875588,6854.340815881529
3,2022-05-23,6840.77,6905.764401481495,Latih,6907.578828780101,6893.07661576484
3,2022-05-24,6914.14,6842.603122043349,Latih,6844.3568135914575,6871.917347483378
3,2022-05-25,6883.5,6904.209328616903,Latih,6905.91800082688,6893.081794782324
3,2022-05-27,7026.26,6885.570291311187,Latih,6886.955936318082,6887.8425347874
3,2022-05-30,7037.56,7007.178105837762,Latih,7007.551353816449,6939.533859897306
3,2022-05-31,7148.97,7033.021672123733,Latih,7032.140342351857,6956.352169887476
3,2022-06-02,7148.72,7131.8578175921,Latih,7129.901539022401,6999.778657472191
3,2022-06-03,7182.96,7144.083751533109,Latih,7141.2285659200725,7009.4494749343985
3,2022-06-06,7096.58,7174.0435829795215,Latih,7170.888059192381,7022.469569729627
3,2022-06-07,7141.04,7102.212448912931,Latih,7099.42102574892,6992.568927054462
3,2022-06-08,7193.31,7131.505420203284,Latih,7129.1417704314745,7001.931783546267
3,2022-06-09,7182.83,7182.250375152908,Latih,7179.065526020013,7025.738673181595
3,2022-06-10,7086.65,7178.910693575226,Latih,7175.395553162775,7026.3287672949455
3,2022-06-13,6995.44,7091.405027682851,Latih,7088.697679478,6988.775195857343
3,2022-06-14,7049.88,6998.966784826574,Latih,6997.89591646677,6945.6023680294065
3,2022-06-15,7007.05,7040.368881914679,Latih,7039.628080634538,6958.343199440293
3,2022-06-16,7050.33,7008.939195982277,Latih,7008.136156812369,6946.801389046958
3,2022-06-17,6936.97,7042.059887173239,Latih,7041.221200220648,6959.5323108226585
3,2022-06-20,6976.38,6937.887425577094,Latih,6937.634954079737,6920.147429834651
3,2022-06-21,7044.07,6969.465576677376,Latih,6969.846626812274,6925.2217011297225
3,2022-06-22,6984.31,7033.151394180718,Latih,7032.616049680772,6954.459429566912
3,2022-06-23,6998.27,6988.374281612095,Latih,6987.818983321842,6937.630447661926
3,2022-06-24,7042.94,6993.925157035646,Latih,6993.730013450441,6937.70936602359
3,2022-06-27,7016.06,7034.606944713655,Latih,7033.904481614891,6955.947847803883
3,2022-06-28,6996.46,7016.0549866456395,Latih,7015.228541007102,6949.624962475351
3,2022-06-29,6942.35,6995.886547362862,Latih,6995.450523414669,6939.803079126527
3,2022-06-30,6911.58,6946.307117967061,Latih,6946.507328469804,6917.474518733072
3,2022-07-01,6794.33,6913.314175874041,Latih,6914.223709992217,6901.011027490541
3,2022-07-04,6639.17,6792.48785490784,Latih,6794.688623458774,6853.65332933549
3,2022-07-05,6703.27,6647.422728821124,Latih,6647.756360679055,6822.624602488313
3,2022-07-06,6646.41,6700.290559674519,Latih,6702.208926042635,6822.624602488313
3,2022-07-07,6652.59,6662.033841328484,Latih,6663.734386292411,6822.624602488313
3,2022-07-08,6740.22,6668.6558989916875,Latih,6671.01960481347,6822.624602488313
3,2022-07-11,6722.15,6730.868106660864,Latih,6735.634372145556,6822.624602488313
3,2022-07-12,6718.29,6724.830908043555,Latih,6729.047838955096,6822.624602488313
3,2022-07-13,6640.99,6719.431782316287,Latih,6723.828947520276,6822.624602488313
3,2022-07-14,6690.09,6656.044032963154,Latih,6657.641535657134,6822.624602488313
3,2022-07-15,6651.9,6692.1040463812815,Latih,6693.38605498852,6822.624602488313
3,2022-07-18,6659.25,6667.911645033224,Latih,6669.681322033568,6822.624602488313
3,2022-07-19,6736.09,6673.545541676446,Latih,6675.56307165639,6822.624602488313
3,2022-07-20,6874.74,6727.994973846547,Latih,6732.743807789705,6822.624602488313
3,2022-07-21,6864.13,6858.009241759518,Latih,6860.912518249193,6868.898271749954
3,2022-07-22,6886.96,6864.204714289943,Latih,6866.080101538936,6877.010765449148
3,2022-07-25,6858.41,6883.014210772854,Latih,6884.773888458056,6884.776646116717
3,2022-07-26,6871.54,6860.560098440388,Latih,6862.387125772873,6875.903217987161
3,2022-07-27,6898.22,6868.870291603545,Latih,6870.812378320138,6878.401768833441
3,2022-07-28,6956.82,6893.703545920296,Latih,6895.3039295828785,6889.715119537754
3,2022-07-29,6951.12,6948.006239261678,Latih,6948.873444440416,6914.374551678942
3,2022-08-01,6968.78,6949.5599893469125,Latih,6950.0035015714675,6917.3402229983085
3,2022-08-02,6988.16,6964.390094702893,Latih,6964.723748980814,6923.567262873399
3,2022-08-03,7046.63,6983.335927139577,Latih,6983.355656729992,6932.497122115542
3,2022-08-04,7057.35,7036.709311932388,Latih,7036.056083129707,6956.467094751649
3,2022-08-05,7084.65,7052.629342638915,Latih,7051.408484551971,6965.675746558361
3,2022-08-08,7086.85,7077.736412282655,Latih,7076.187908474871,6977.014028290565
3,2022-08-09,7102.88,7082.712663385341,Latih,7080.923951814243,6980.245062601025
3,2022-08-10,7086.24,7096.997649126124,Latih,7095.049576272439,6986.54373434132
3,2022-08-11,7160.38,7084.214847495625,Latih,7082.283948353598,6981.610753817614
3,2022-08-12,7129.28,7147.288464776355,Latih,7144.837735766846,7008.391968888103
3,2022-08-15,7093.28,7128.332633024529,Latih,7125.5567244929825,7003.04498084551
3,2022-08-16,7133.45,7093.329514707993,Latih,7091.122939379881,6986.606465470847
3,2022-08-18,7186.56,7124.489353651479,Latih,7122.219419434145,6998.751463251172
3,2022-08-19,7172.43,7175.490793276511,Latih,7172.426967244825,7022.502258073749
3,2022-08-22,7107.98,7169.048185206137,Latih,7165.679537002525,7021.7757159066805
3,2022-08-23,7163.27,7111.023908192588,Latih,7108.338576417042,6995.988154753504
3,2022-08-24,7194.71,7152.248035407145,Latih,7149.595930055458,7011.3984894276255
3,2022-08-25,7174.21,7185.959672671043,Latih,7182.582684231483,7028.220610815944
3,2022-08-26,7135.25,7171.517477966628,Latih,7168.067221002659,7023.168131750287
3,2022-08-29,7132.04,7135.106115294175,Latih,7132.165554362611,7006.531289151966
3,2022-08-30,7159.47,7127.942794253901,Latih,7125.345707555488,7001.893400524913
3,2022-08-31,7178.59,7151.607585998256,Latih,7148.794370604832,7012.060148146212
3,2022-09-01,7153.1,7171.4170812553975,Latih,7168.213219971737,7021.747377040447
3,2022-09-02,7177.18,7151.2285088224,Latih,7148.094956624585,7013.714294942677
3,2022-09-05,7231.88,7169.470667480907,Latih,7166.330703166207,7020.651936372579
3,2022-09-06,7233.15,7220.067202102629,Latih,7216.249616037098,7043.597898426119
3,2022-09-07,7186.76,7227.2897567541295,Latih,7223.018479788987,7048.876595181887
3,2022-09-08,7232.02,7186.802843621456,Latih,7182.930821822368,7031.318021991315
3,2022-09-09,7242.66,7221.260035203187,Latih,7217.363665295927,7044.491065952246
3,2022-09-12,7254.46,7235.634387020558,Latih,7231.277914096802,7052.511234136288
3,2022-09-13,7318.02,7247.15740946302,Latih,7242.610770191641,7057.938530579871
3,2022-09-14,7278.08,7304.141892221669,Latih,7298.938750829198,7083.182855396935
3,2022-09-15,7305.6,7276.262008004879,Latih,7270.89730817089,7073.541318440505
3,2022-09-16,7168.87,7295.902860103943,Latih,7290.6181996310725,7080.5225891692135
3,2022-09-19,7195.49,7172.138287465057,Latih,7167.627251136383,7030.8545559764525
3,2022-09-20,7196.95,7187.26828259536,Latih,7183.839145261132,7029.008583753171
3,2022-09-21,7188.31,7191.520547409737,Latih,7187.863219426357,7031.8981616295005
3,2022-09-22,7218.91,7184.116659886324,Latih,7180.523766951643,7028.735149565997
3,2022-09-23,7178.58,7209.951258176651,Latih,7206.158199579205,7039.63332691199
3,2022-09-26,7127.5,7178.048106914244,Latih,7174.3634265441515,7026.95397111124
3,2022-09-27,7112.45,7128.806681274251,Latih,7125.89925708659,7003.962406799852
3,2022-09-28,7077.03,7109.919947928859,Latih,7107.55854015596,6993.752254079637
3,2022-09-29,7036.2,7077.217658574649,Latih,7075.290660510727,6978.941519594247
3,2022-09-30,7040.8,7037.501813707415,Latih,7036.221766849223,6960.2845462972455
3,2022-10-03,7009.72,7036.969652845923,Latih,7035.979272247019,6958.457631064705
3,2022-10-04,7072.26,7010.263320539057,Latih,7009.510143424927,6947.022450139573
3,2022-10-05,7075.38,7061.564649938411,Latih,7060.510775930351,6968.119480531269
3,2022-10-06,7076.62,7071.283132297464,Latih,7069.695841908522,6974.790055050904
3,2022-10-07,7026.78,7072.717652880617,Latih,7071.094176629253,6975.535878408606
3,2022-10-10,6994.4,7029.205834817352,Latih,7028.012329117121,6956.660534417681
3,2022-10-11,6939.15,6995.279862457571,Latih,6994.775323022661,6939.958113351216
3,2022-10-12,6909.21,6943.274410880258,Latih,6943.519595881155,6916.075063012885
3,2022-10-13,6880.63,6910.881046555982,Latih,6911.837416031407,6899.827790145322
3,2022-10-14,6814.53,6882.505994459731,Latih,6883.956859214944,6886.317190828366
3,2022-10-17,6831.12,6816.717428597841,Latih,6819.0315077737305,6858.634467995802
3,2022-10-18,6834.49,6828.568545160924,Latih,6831.222376851772,6859.159364780822
3,2022-10-19,6860.42,6833.37319366697,Latih,6835.863067977464,6861.897249010841
3,2022-10-20,6980.65,6856.45932549242,Latih,6858.693073847333,6872.069377429526
3,2022-10-21,7017.77,6964.654336694532,Latih,6965.616961346918,6920.13790133928
3,2022-10-24,7053.04,7010.594553458154,Latih,7010.256863582194,6944.816054171374
3,2022-10-25,7048.38,7045.630808518593,Latih,7044.681501339738,6961.504238544755
3,2022-10-26,7043.94,7045.489338387315,Latih,7044.295832687084,6962.820964505129
3,2022-10-27,7091.76,7041.080178489152,Latih,7039.963618191544,6960.721287685089
3,2022-10-28,7056.04,7082.465460585425,Latih,7080.962603875467,6978.546703586037
3,2022-10-31,7098.89,7056.523246347374,Latih,7054.9489595521145,6969.13281919902
3,2022-11-01,7052.3,7090.061577095459,Latih,7088.39796906359,6982.323171391543
3,2022-11-02,7015.69,7054.044133631652,Latih,7052.445229688352,6968.333232707435
3,2022-11-03,7034.57,7016.776461895168,Latih,7015.877554851831,6950.304512345246
3,2022-11-04,7045.53,7029.222291089358,Latih,7028.452881903114,6954.286705970816
3,2022-11-07,7102.4,7040.930143922034,Latih,7039.911200257007,6960.116351538949
3,2022-11-08,7050.13,7091.96167117245,Latih,7090.352005634378,6982.7388828296025
3,2022-11-09,7070.08,7052.535761604374,Latih,7050.927530945604,6967.814389319474
3,2022-11-10,6966.84,7064.169359433121,Latih,7062.807838334507,6970.831402413899
3,2022-11-11,7089.21,6969.00448718136,Latih,6968.323054032379,6933.256173266817
3,2022-11-14,7019.39,7071.619746013947,Latih,7070.76307823009,6970.8169639409125
3,2022-11-15,7035.5,7024.139993438186,Latih,7022.90985347575,6954.949306328945
3,2022-11-16,7014.38,7030.450099372925,Latih,7029.642486525239,6954.965314201168
3,2022-11-17,7044.99,7013.752543444097,Latih,7013.00107024914,6948.332853663019
3,2022-11-18,7082.18,7038.201855447355,Latih,7037.351061700645,6958.140881458573
3,2022-11-21,7063.25,7074.192484604188,Latih,7072.765766177245,6974.98972747391
3,2022-11-22,7030.59,7061.767685359782,Latih,7060.207209277815,6971.039325392896
3,2022-11-23,7054.12,7031.049206321897,Latih,7029.930224665465,6956.9397529620455
3,2022-11-24,7080.52,7048.008762243454,Latih,7046.946234119599,6963.039424879008
3,2022-11-25,7053.15,7073.758478455015,Latih,7072.272526416846,6975.157742872293
3,2022-11-28,7017.36,7052.736599866813,Latih,7051.2786728150295,6967.04672889238
3,2022-11-29,7012.07,7018.33406821853,Latih,7017.413503465713,6951.015136320046
3,2022-11-30,7081.31,7009.703134691178,Latih,7009.118824935018,6945.862888302853
3,2022-12-01,7020.8,7069.753192240663,Latih,7068.600401240654,6971.772593556697
3,2022-12-02,7019.64,7024.492390827002,Latih,7023.313771999539,6954.793890964441
3,2022-12-05,6987.33,7016.717273123921,Latih,7016.038261333764,6949.047827115706
3,2022-12-06,6892.57,6988.2902963328925,Latih,6987.9059728795855,6936.639282363404
3,2022-12-07,6818.75,6894.053073550506,Latih,6894.744685374542,6897.713024672612
3,2022-12-08,6804.23,6820.455603061948,Latih,6822.625790747736,6861.288501466552
3,2022-12-09,6715.12,6805.489430792066,Latih,6808.346544524165,6849.286901936569
3,2022-12-12,6734.45,6713.92445772158,Latih,6717.763398826738,6822.624602488313
3,2022-12-13,6810.32,6732.799588722609,Latih,6737.110952628277,6822.624602488313
3,2022-12-14,6801.75,6801.406436895461,Latih,6804.891646622451,6844.216980119385
3,2022-12-15,6751.86,6802.3757651245905,Latih,6805.3229175329525,6847.603317694404
3,2022-12-16,6812.19,6754.123643924023,Latih,6757.678691917087,6827.8489980304585
3,2022-12-19,6779.7,6804.988949375184,Latih,6808.316882878574,6846.455391832032
3,2022-12-20,6768.32,6783.273060024111,Latih,6786.3997517052585,6839.368410854674
3,2022-12-21,6820.66,6769.677085388627,Latih,6773.167048153308,6832.185741363799
3,2022-12-22,6824.43,6814.245736898515,Latih,6817.365702582929,6851.124466663935
3,2022-12-23,6800.67,6823.394123774503,Latih,6826.057439120745,6857.148493537644
3,2022-12-26,6835.81,6803.006035858424,Latih,6805.848621437582,6848.428799273409
3,2022-12-27,6923.03,6831.127854177689,Latih,6833.852398514187,6859.730827883223
3,2022-12-28,6850.52,6911.441165143893,Latih,6913.111521592485,6896.033206988617
3,2022-12-29,6860.08,6852.872149654963,Latih,6854.499975384214,6876.05975435112
3,2022-12-30,6850.62,6857.952205307224,Latih,6860.059280723671,6873.3450299698525
3,2023-01-02,6850.98,6850.734964193143,Latih,6852.848160266616,6870.579748513143
3,2023-01-03,6888.76,6849.993490313329,Latih,6852.180044591167,6869.887621029357
3,2023-01-04,6813.24,6883.121804300588,Latih,6884.971901801867,6884.309570483608
3,2023-01-05,6653.84,6814.727587304446,Latih,6816.978374851081,6858.855775708297
3,2023-01-06,6684.56,6658.08943098956,Latih,6657.670603173015,6822.624602488313
3,2023-01-09,6688.27,6689.763186528401,Latih,6690.998651238249,6822.624602488313
3,2023-01-10,6622.5,6694.894617585705,Latih,6695.52006802188,6822.624602488313
3,2023-01-11,6584.45,6643.175693469207,Latih,6645.828701225455,6822.624602488313
3,2023-01-12,6629.93,6615.780439736998,Latih,6620.573407428718,6822.624602488313
3,2023-01-13,6641.83,6647.217613945762,Latih,6651.042789177607,6822.624602488313
3,2023-01-16,6688.06,6659.911811779302,Latih,6662.7970289677505,6822.624602488313
3,2023-01-17,6767.34,6690.893804159181,Latih,6692.221908264028,6822.624602488313
3,2023-01-18,6765.79,6758.582195058192,Latih,6762.8221064585705,6823.779433707331
3,2023-01-19,6819.91,6766.080627675679,Latih,6769.692913900939,6830.138594578241
3,2023-01-20,6874.93,6813.3062272549005,Latih,6816.453321126137,6850.6170126304405
3,2023-01-24,6860.85,6867.538701190392,Latih,6869.762270870249,6876.318167145591
3,2023-01-25,6829.93,6861.353250395099,Latih,6863.256057290772,6875.778069607954
3,2023-01-26,6864.82,6832.700459473765,Latih,6834.990100861525,6862.76642714862
3,2023-01-27,6898.98,6859.8035583278925,Latih,6862.0353113037745,6873.345612889569
3,2023-01-30,6872.48,6893.6185069016055,Latih,6895.266488201066,6889.415543643279
3,2023-01-31,6839.34,6874.225395682197,Latih,6875.830980782252,6882.316119571966
3,2023-02-01,6862.26,6842.24097195927,Latih,6844.3534730130805,6867.37017013226
3,2023-02-02,6890.57,6858.612630926409,Latih,6860.790844968298,6873.19537654255
3,2023-02-03,6911.73,6885.967013018471,Latih,6887.70989813183,6885.987773928387
3,2023-02-06,6873.79,6907.661491279945,Latih,6908.988597695277,6896.529204407676
3,2023-02-07,6935.3,6876.796968433004,Latih,6878.287808028799,6883.932735306663
3,2023-02-08,6940.12,6926.429914342809,Latih,6927.684716293264,6904.036111781046
3,2023-02-09,6897.37,6937.522226374496,Latih,6938.236885947336,6911.263912709997
3,2023-02-10,6880.33,6900.619843520567,Latih,6901.672887989029,6895.402981094761
3,2023-02-13,6900.14,6880.920677029831,Latih,6882.469987957222,6885.165050008041
3,2023-02-14,6941.85,6896.366995786472,Latih,6897.879268891856,6891.216989768191
3,2023-02-15,6914.54,6935.109857966353,Latih,6936.093624668469,6908.84080512707
3,2023-02-16,6895.66,6915.850706181871,Latih,6916.738223870741,6902.094675244138
3,2023-02-17,6895.71,6896.2647830561245,Latih,6897.539897516712,6892.509345200403
3,2023-02-20,6894.72,6894.199588179334,Latih,6895.62697920595,6890.873381015105
3,2023-02-21,6873.4,6893.338144937798,Latih,6894.773831360384,6890.500693536146
3,2023-02-22,6809.97,6874.555328241926,Latih,6876.187234409194,6882.293139083129
3,2023-02-23,6839.45,6812.270177138183,Latih,6814.688105703625,6856.2638007674
3,2023-02-24,6856.58,6835.354649884439,Latih,6837.971847313082,6861.932538073698
3,2023-02-27,6854.78,6853.650280216971,Latih,6855.877773394921,6871.041510608833
3,2023-02-28,6843.24,6853.987342333236,Latih,6856.092130910793,6871.857486112456
3,2023-03-01,6844.94,6843.679460880495,Latih,6845.9006988814845,6867.304120844345
3,2023-03-02,6857.42,6843.879267823435,Latih,6846.178841266371,6866.9400650611915
3,2023-03-03,6813.64,6854.999246121683,Latih,6857.174904284814,6871.842711339634
3,2023-03-06,6807.0,6817.417089197967,Latih,6819.949875367615,6856.260908588805
3,2023-03-07,6766.76,6807.344617630872,Latih,6810.218568774792,6849.8940576616305
3,2023-03-08,6776.37,6769.976661283103,Latih,6773.359591019777,6833.9846091899635
3,2023-03-09,6799.79,6775.2818808859865,Latih,6778.805451214342,6834.1176718253255
3,2023-03-10,6765.3,6796.866792660684,Latih,6800.105898167224,6843.880747542717
3,2023-03-13,6786.96,6768.9048064437775,Latih,6772.3655559626495,6832.796484287119
3,2023-03-14,6641.81,6784.393633499771,Latih,6787.835505387812,6838.023413288033
3,2023-03-15,6628.14,6650.345303316425,Latih,6650.730047144529,6822.624602488313
3,2023-03-16,6565.73,6651.785159856986,Latih,6655.096592248392,6822.624602488313
3,2023-03-17,6678.24,6599.342201809701,Latih,6604.570428367485,6822.624602488313
3,2023-03-20,6612.49,6676.190775301471,Latih,6678.909961260572,6822.624602488313
3,2023-03-21,6691.61,6635.629820154765,Latih,6638.746523730764,6822.624602488313
3,2023-03-24,6762.25,6689.971793317066,Latih,6691.692706841098,6822.624602488313
3,2023-03-27,6708.93,6754.520881291057,Latih,6758.77702476355,6822.624602488313
3,2023-03-28,6760.33,6710.200665680487,Latih,6714.4734447849,6822.624602488313
3,2023-03-29,6839.44,6754.774070228065,Latih,6758.907038280393,6822.938773795699
3,2023-03-30,6808.95,6829.800859862303,Latih,6832.819711395836,6857.577365509311
3,2023-03-31,6805.28,6811.934392961296,Latih,6814.582440294955,6852.89840346221
3,2023-04-03,6827.17,6805.3143306771235,Latih,6808.241417195233,6848.827785399593
3,2023-04-04,6833.18,6824.075825963352,Latih,6826.8393810809,6856.843985245565
3,2023-04-05,6819.67,6831.784647758638,Latih,6834.318061687982,6861.05201542143
3,2023-04-06,6792.77,6820.623820240234,Latih,6823.227857135271,6856.4328923252615
3,2023-04-10,6771.23,6795.555447497696,Latih,6798.506209524305,6845.002442017831
3,2023-04-11,6811.31,6773.685689761368,Latih,6777.044226549891,6834.439847068822
3,2023-04-12,6798.96,6806.381992978486,Latih,6809.560923234257,6847.818123610057
3,2023-04-13,6785.6,6800.042830737861,Latih,6803.006618778141,6846.627375568487
3,2023-04-14,6818.57,6786.962493431895,Latih,6790.14411408636,6840.455982106365
3,2023-04-17,6787.58,6814.345528270039,Latih,6817.344179393384,6851.843116994836
3,2023-04-18,6821.81,6790.887090105444,Latih,6793.892624165446,6842.929153524972
3,2023-04-26,6910.15,6817.404332224164,Latih,6820.358345149193,6853.250800851026
3,2023-04-27,6945.48,6898.596910323246,Latih,6900.4942019016,6889.899994767948
3,2023-04-28,6915.72,6939.407209378829,Latih,6940.277979335835,6911.100919389175
3,2023-05-02,6863.3,6917.289621082889,Latih,6918.137343291091,6902.862335671231
3,2023-05-03,6812.72,6867.319119817059,Latih,6868.9068361857935,6880.2868639377175
3,2023-05-04,6844.03,6815.992052270207,Latih,6818.479011982116,6856.4259197086485
3,2023-05-05,6787.63,6839.673053666687,Latih,6842.227542385794,6863.918119569163
3,2023-05-08,6769.63,6790.047349413365,Latih,6792.919058558375,6845.179985911585
3,2023-05-09,6779.98,6771.7101972610035,Latih,6775.124470142452,6833.379852403736
3,2023-05-10,6811.9,6778.764153594403,Latih,6782.232638009517,6835.7443092951535
3,2023-05-11,6755.94,6807.87610589269,Latih,6810.979122065338,6848.809894248285
3,2023-05-12,6707.76,6757.8380531996745,Latih,6761.266630034174,6830.292799263334
3,2023-05-15,6711.74,6709.379948349167,Latih,6713.719965000917,6822.624602488313
3,2023-05-16,6676.56,6712.0878234237625,Latih,6716.659203153124,6822.624602488313
3,2023-05-17,6663.11,6686.785991334633,Latih,6687.466325904147,6822.624602488313
3,2023-05-19,6700.56,6678.228315121695,Latih,6679.725342634484,6822.624602488313
3,2023-05-22,6729.65,6700.740383126008,Latih,6702.339948458987,6822.624602488313
3,2023-05-23,6736.68,6726.969270554802,Latih,6731.440802862666,6822.624602488313
3,2023-05-24,6745.8,6736.3756890854465,Latih,6740.549842657768,6822.624602488313
3,2023-05-25,6704.23,6745.148339363956,Latih,6749.185114453012,6822.624602488313
3,2023-05-26,6687.0,6707.054782488663,Latih,6710.725719405432,6822.624602488313
3,2023-05-29,6681.1,6695.870357931721,Latih,6696.212610275465,6822.624602488313
3,2023-05-30,6636.42,6690.572335145341,Latih,6691.369242448227,6822.624602488313
3,2023-05-31,6633.26,6655.635182041761,Latih,6658.0090273036185,6822.624602488313
3,2023-06-05,6633.44,6655.12368680523,Latih,6658.1628676638875,6822.624602488313
3,2023-06-06,6618.92,6654.888798184332,Latih,6657.965033679989,6822.624602488313
3,2023-06-07,6619.75,6644.499134216318,Latih,6648.184817880924,6822.624602488313
3,2023-06-08,6666.33,6644.498943646411,Latih,6648.15038638265,6822.624602488313
3,2023-06-09,6694.02,6674.529162648632,Latih,6676.862623905107,6822.624602488313
3,2023-06-12,6722.37,6696.8879003474285,Latih,6697.641099881547,6822.624602488313
3,2023-06-13,6719.01,6719.862829026898,Latih,6724.451550617835,6822.624602488313
3,2023-06-14,6699.72,6720.086928028038,Latih,6724.475977195969,6822.624602488313
3,2023-06-15,6713.79,6705.267965406645,Latih,6707.403772039134,6822.624602488313
3,2023-06-16,6698.55,6712.985127437879,Latih,6717.603465834429,6822.624602488313
3,2023-06-19,6686.06,6704.054135986286,Latih,6705.848531024623,6822.624602488313
3,2023-06-20,6660.46,6694.760602100807,Latih,6695.223137686121,6822.624602488313
3,2023-06-21,6702.63,6675.538207888469,Latih,6677.12965718539,6822.624602488313
3,2023-06-22,6652.26,6701.812137075382,Latih,6703.860012510586,6822.624602488313
3,2023-06-23,6639.73,6667.0490807922315,Latih,6668.591217323108,6822.624602488313
3,2023-06-26,6664.67,6660.949251935345,Latih,6663.686048795892,6822.624602488313
3,2023-06-27,6661.88,6675.678904530122,Latih,6677.792705943301,6822.624602488313
3,2023-07-03,6696.72,6676.37271351309,Latih,6678.099781324133,6822.624602488313
3,2023-07-04,6681.75,6698.195893722045,Latih,6698.942087009566,6822.624602488313
3,2023-07-05,6718.98,6691.864006767885,Latih,6692.483347757028,6822.624602488313
3,2023-07-06,6757.33,6715.523227144947,Latih,6720.24111029314,6822.624602488313
3,2023-07-07,6716.46,6753.269240559066,Latih,6757.347391738022,6822.677020422851
3,2023-07-10,6731.04,6718.756895804127,Latih,6723.011671657285,6822.624602488313
3,2023-07-11,6796.92,6729.962742660663,Latih,6734.29339896696,6822.624602488313
3,2023-07-12,6808.21,6789.289665881425,Latih,6792.920762477547,6838.814009363986
3,2023-07-13,6810.21,6806.5366460633595,Latih,6809.535185086759,6848.889283429719
3,2023-07-14,6869.57,6809.549399359855,Latih,6812.438954816195,6850.6407553989075
3,2023-07-17,6867.14,6861.7608233771125,Latih,6864.11019161586,6873.426257590394
3,2023-07-18,6830.2,6866.2633849499025,Latih,6868.15401779149,6877.704081192356
3,2023-07-20,6864.19,6833.639565557575,Latih,6835.8759370512125,6863.420642430822
3,2023-07-21,6880.8,6859.281934861282,Latih,6861.517095675507,6873.1293272546345
3,2023-07-24,6899.4,6877.6259699503,Latih,6879.439500449342,6882.43557327394
3,2023-07-25,6917.71,6895.77143119578,Latih,6897.286394699856,6890.976311185105
3,2023-07-26,6948.28,6913.88519057666,Latih,6915.088067832337,6899.581013325199
3,2023-07-27,6896.66,6942.70391183739,Latih,6943.488880496076,6912.830128309177
3,2023-07-28,6900.23,6900.909487359866,Latih,6901.902849817321,6895.847838518664
3,2023-07-31,6931.36,6898.26995962207,Latih,6899.649327032014,6892.682718976183
3,2023-08-01,6886.5,6925.932661404359,Latih,6927.008372481811,6904.853051344201
3,2023-08-02,6854.51,6890.121235220476,Latih,6891.341151667876,6890.494707399053
3,2023-08-03,6898.08,6857.093071324566,Latih,6858.958235058525,6874.377380788367
3,2023-08-04,6852.84,6891.678617343946,Latih,6893.417937679036,6888.168969828827
3,2023-08-07,6886.37,6856.924002186694,Latih,6858.7102251390015,6874.7563682842665
3,2023-08-08,6868.81,6881.236372896475,Latih,6883.092568634791,6883.562244986636
3,2023-08-09,6875.11,6869.602640547792,Latih,6871.342566222589,6879.812838107985
3,2023-08-10,6893.28,6873.158675020378,Latih,6874.985074593168,6880.673227610034
3,2023-08-11,6879.98,6889.77587770824,Latih,6891.390901623709,6888.146437739772
3,2023-08-14,6910.17,6880.157276400668,Latih,6881.742773190481,6884.673222706956
3,2023-08-15,6915.1,6905.11227125828,Latih,6906.538832745299,6895.006707787259
3,2023-08-16,6900.54,6912.80237236266,Latih,6913.9411957094535,6899.530949489519
3,2023-08-18,6859.91,6900.601302189573,Latih,6901.828774173305,6894.417219013615
3,2023-08-21,6866.03,6863.39075658534,Latih,6865.0947205976045,6877.66495831136
3,2023-08-22,6916.45,6864.212157726328,Latih,6866.190721765201,6876.434504469078
3,2023-08-23,6921.41,6909.054064063475,Latih,6910.5380207226135,6896.175932639285
3,2023-08-24,6899.39,6919.0301969373695,Latih,6920.062525335896,6902.484917574569
3,2023-08-25,6895.44,6900.298968636438,Latih,6901.485546560034,6894.532300817712
3,2023-08-28,6921.73,6894.379777631803,Latih,6895.7793678719245,6891.097513646228
3,2023-08-29,6957.83,6916.963522341298,Latih,6918.1629917586315,6900.765102630005
3,2023-08-30,6966.66,6951.516985356263,Latih,6952.185101031712,6916.820124090957
3,2023-08-31,6953.26,6963.282905960732,Latih,6963.581002135926,6923.347928119945
3,2023-09-01,6977.65,6952.53341798251,Latih,6952.878371934942,6919.017888363349
3,2023-09-04,6996.75,6972.397528333122,Latih,6972.635583777482,6927.133408761072
3,2023-09-05,6991.71,6991.849962843713,Latih,6991.722124065814,6936.5465757084385
3,2023-09-06,6995.95,6989.56944639152,Latih,6989.331570307073,6936.301121667673
3,2023-09-07,6954.81,6992.719858421144,Latih,6992.485345335063,6937.474359697749
3,2023-09-08,6924.78,6957.162697333745,Latih,6957.257040647916,6922.175811089324
3,2023-09-11,6963.39,6926.266651982117,Latih,6926.958936405826,6907.131146437571
3,2023-09-12,6933.97,6956.727166625314,Latih,6957.321520536594,6919.205252212333
3,2023-09-13,6935.48,6935.27374808674,Latih,6935.815504703571,6911.383702711807
3,2023-09-14,6959.33,6933.3098915607225,Latih,6934.076251628448,6909.379961025164
3,2023-09-15,6982.79,6954.366655651978,Latih,6954.910250707917,6918.596773707914
3,2023-09-18,6936.08,6977.577263256962,Latih,6977.720840867217,6929.623327911545
3,2023-09-19,6980.32,6939.288786996354,Latih,6939.654972678472,6913.887993075298
3,2023-09-20,7011.68,6972.8168718094175,Latih,6973.170345357711,6926.644428798604
3,2023-09-21,6991.47,7005.224024426996,Latih,7004.942788083612,6942.467470632246
3,2023-09-22,7016.84,6991.026969883498,Latih,6990.670447216687,6937.5184373963375
3,2023-09-25,6998.38,7010.988741706669,Latih,7010.571729909241,6945.41027356272
3,2023-09-26,6923.8,6997.655215463696,Latih,6997.1959644067865,6940.602800138046
3,2023-09-27,6937.83,6927.277255411196,Latih,6927.607748470653,6910.577143603609
3,2023-09-29,6939.89,6934.232025712778,Latih,6935.059906230618,6909.3835930634
3,2023-10-02,6961.46,6937.603431575049,Latih,6938.299639496853,6911.398073924825
3,2023-10-03,6940.89,6956.724700426511,Latih,6957.213814908914,6919.794651306021
3,2023-10-04,6886.58,6941.1188186073805,Latih,6941.615040226331,6913.850349913584
3,2023-10-05,6874.83,6890.8678656977845,Latih,6892.032247832163,6891.360567378445
3,2023-10-06,6888.52,6874.898443755251,Latih,6876.583574976665,6882.12427172516
3,2023-10-09,6891.46,6885.575739368541,Latih,6887.235087602479,6886.30878333245
3,2023-10-10,6922.19,6889.679852894886,Latih,6891.202484035237,6888.628691705509
3,2023-10-11,6931.75,6916.921843581545,Latih,6918.1494500852095,6900.5914598143545
3,2023-10-12,6935.15,6928.727268206823,Latih,6929.621848192263,6906.926586456941
3,2023-10-13,6926.78,6932.772887981583,Latih,6933.560165899147,6909.059669060753
3,2023-10-16,6896.29,6925.822153278041,Latih,6926.655818153072,6906.169575524674
3,2023-10-17,6939.62,6898.183799603924,Latih,6899.354324815317,6893.82223734264
3,2023-10-18,6927.91,6932.726725224007,Latih,6933.761385301401,6907.6539133236265
3,2023-10-19,6846.43,6927.311154434729,Latih,6928.098656552184,6906.991828625248
3,2023-10-20,6849.17,6848.065954169669,Latih,6849.68344428394,6874.92965238009
3,2023-10-23,6741.96,6847.940245290734,Latih,6850.176706464328,6868.830899682681
3,2023-10-24,6806.76,6739.929425509148,Latih,6743.135282171839,6828.234868463014
3,2023-10-25,6834.39,6799.127467422516,Latih,6802.583351803752,6843.519270058311
3,2023-10-26,6714.52,6830.564507111346,Latih,6833.252327505684,6859.723788006642
3,2023-10-27,6758.79,6711.101926822681,Latih,6714.671267558803,6822.624602488313
3,2023-10-30,6735.89,6754.04974763992,Latih,6758.151103507604,6822.842188482617
3,2023-10-31,6752.21,6738.938876760327,Latih,6742.884279183769,6822.624602488313
3,2023-11-01,6642.42,6750.674037139738,Latih,6754.660602663184,6822.624602488313
3,2023-11-02,6751.39,6654.097372568783,Latih,6655.06612908819,6822.624602488313
3,2023-11-03,6788.85,6739.514868700528,Latih,6744.264790013158,6822.624602488313
3,2023-11-06,6878.84,6784.495083950489,Latih,6788.032823711961,6837.52398561064
3,2023-11-07,6843.79,6867.493547332327,Latih,6869.93387346689,6875.084798704725
3,2023-11-08,6804.11,6846.84872812096,Latih,6848.870473058857,6869.622661598067
3,2023-11-09,6838.23,6808.016253244611,Latih,6810.752657755348,6851.436149352528
3,2023-11-10,6809.26,6833.631584041452,Latih,6836.306938921845,6860.954152168969
3,2023-11-13,6838.31,6812.070751335057,Latih,6814.725838545296,6852.910420576372
3,2023-11-14,6862.06,6834.276943427956,Latih,6836.909924528933,6861.436069834867
3,2023-11-15,6958.21,6858.322381747404,Latih,6860.5107296243705,6873.028908123415
3,2023-11-16,6958.01,6945.184369752457,Latih,6946.331735115102,6911.734261661516
3,2023-11-17,6977.67,6955.749610260181,Latih,6956.120974959783,6920.086447464275
3,2023-11-20,6994.89,6972.94565222686,Latih,6973.145100449974,6927.557415595103
3,2023-11-21,6961.79,6990.223213273939,Latih,6990.1116065681545,6935.839852811743
3,2023-11-22,6906.95,6963.157488541656,Latih,6963.198786161594,6924.741577062952
3,2023-11-23,7004.34,6911.4306950089795,Latih,6912.223891803668,6900.951547259435
3,2023-11-24,7009.63,6990.599869090971,Latih,6990.976883627829,6933.240142974604
3,2023-11-27,7013.41,7006.111766315757,Latih,7005.654353697954,6943.7921781087425
3,2023-11-28,7041.07,7010.0132031405565,Latih,7009.479607399761,6945.695680024079
3,2023-11-29,7036.09,7034.660393967691,Latih,7033.851974000397,6956.56269358521
3,2023-11-30,7080.74,7033.388552825513,Latih,7032.400369385543,6957.090460128837
3,2023-12-01,7059.91,7071.937168219753,Latih,7070.595152511664,6973.661074079329
3,2023-12-04,7093.6,7058.68166353888,Latih,7057.162305716938,6969.640900992209
3,2023-12-05,7100.85,7085.860833416054,Latih,7084.212605496714,6980.647456565554
3,2023-12-06,7087.4,7095.973728223514,Latih,7093.9890211076245,6986.362177269515
3,2023-12-11,7088.79,7152.009666082937,Uji,7149.174479100186,7012.335824332296
3,2023-12-12,7125.31,7092.783991532992,Uji,7090.371824904751,6987.554023890551
3,2023-12-13,7075.34,7116.858800038173,Uji,7114.696975008323,6995.257352788505
3,2023-12-14,7176.02,7077.174029275843,Uji,7075.157934175201,6979.42511875933
3,2023-12-15,7190.99,7159.768551713903,Uji,7157.268005488594,7013.393778778374
3,2023-12-18,7119.52,7184.125852081858,Uji,7180.67859939643,7027.921303961339
3,2023-12-19,7187.85,7123.204015675858,Uji,7120.2665935427685,7002.010657067953
3,2023-12-20,7219.67,7175.064499603592,Uji,7172.1020567626565,7021.772577108206
3,2023-12-21,7209.62,7210.565476198282,Uji,7206.769413322296,7039.882457830969
3,2023-12-22,7237.52,7205.318077747311,Uji,7201.353282033289,7038.843739735547
3,2023-12-26,7237.52,7228.63047210285,Uji,7224.500665268986,7048.589843521182
3,2023-12-27,7245.92,7231.747074788897,Uji,7227.391543504684,7051.035550453132
3,2023-12-28,7303.89,7239.103880335182,Uji,7234.674228566974,7054.2351070988825
3,2023-12-29,7272.8,7290.812805136539,Uji,7285.8034621299275,7077.052154215046
3,2024-01-02,7323.59,7270.059428337907,Uji,7264.855569505785,7070.291585859128
3,2024-01-03,7279.09,7311.068816896776,Uji,7305.668200240234,7086.912151545355
3,2024-01-04,7359.76,7277.768855472898,Uji,7272.350123465156,7074.414263136455
3,2024-01-05,7350.62,7343.4495587671845,Uji,7337.678653570517,7101.24063206501
3,2024-01-08,7283.58,7344.455767878398,Uji,7338.113063279494,7104.830610401106
3,2024-01-09,7200.2,7284.720576655961,Uji,7279.043566373682,7078.493938874671
3,2024-01-10,7227.3,7204.206943087067,Uji,7199.808320583786,7040.857906717125
3,2024-01-11,7219.96,7218.627480082003,Uji,7214.664119247284,7043.871332613294
3,2024-01-12,7241.14,7215.2261883742485,Uji,7211.108398654547,7043.451047497455
3,2024-01-15,7224.0,7232.955915761679,Uji,7228.7106011439255,7050.875113011067
3,2024-01-16,7242.79,7220.31050382444,Uji,7216.045056056467,7046.20310116059
3,2024-01-17,7200.63,7234.852332960457,Uji,7230.559667325704,7051.85769145376
3,2024-01-18,7252.97,7200.027094837512,Uji,7195.954728015746,7037.4461224544675
3,2024-01-19,7227.4,7241.157551337571,Uji,7236.964071734637,7053.686714165276
3,2024-01-22,7247.93,7224.609716096013,Uji,7220.218626709072,7048.535138747757
3,2024-01-23,7256.23,7239.733747509212,Uji,7235.368306589812,7054.113590757912
3,2024-01-24,7227.82,7249.296276424022,Uji,7244.691479700894,7059.0746859479605
3,2024-01-25,7178.04,7225.341639060466,Uji,7220.920417208163,7048.980892971223
3,2024-01-26,7137.09,7178.570402980528,Uji,7174.818462643108,7027.529312871756
3,2024-01-29,7157.17,7137.145392663555,Uji,7134.157660074906,7007.567899768412
3,2024-01-30,7192.22,7150.157326582748,Uji,7147.3235744793,7011.626724916756
3,2024-01-31,7207.94,7183.097492021405,Uji,7179.791843987189,7026.737438856425
3,2024-02-01,7201.7,7200.780406471576,Uji,7197.052500362481,7035.797625495258
3,2024-02-02,7238.79,7197.071288313354,Uji,7193.2713243592625,7034.798770140472
3,2024-02-05,7198.62,7228.858124672263,Uji,7224.78113933274,7048.379364663427
3,2024-02-06,7247.41,7197.8199365896835,Uji,7193.797611183608,7036.329876036707
3,2024-02-07,7235.15,7236.0635056121055,Uji,7231.935402697413,7051.392700879638
3,2024-02-12,7297.67,7230.776154740542,Uji,7226.361569205014,7050.999723310535
3,2024-02-13,7209.74,7284.162229247189,Uji,7279.294849611616,7073.738883384534
3,2024-02-15,7303.28,7214.1361285037665,Uji,7209.539313296762,7045.726810911958
3,2024-02-16,7335.54,7286.2370647192965,Uji,7281.5258178878785,7073.648306628534
3,2024-02-19,7296.7,7324.939436398846,Uji,7319.186736233335,7094.1356926763765
3,2024-02-20,7352.6,7294.526676332452,Uji,7288.855809127189,7082.169427049229
3,2024-02-21,7349.02,7339.145727977856,Uji,7333.295545699699,7100.057035999966
3,2024-02-22,7339.64,7342.254663027628,Uji,7335.983971433742,7103.593565082026
3,2024-02-23,7295.1,7333.639737372501,Uji,7327.480697324378,7099.706880610061
3,2024-02-26,7283.82,7293.583332870699,Uji,7287.893453514673,7081.919399330684
3,2024-02-27,7285.32,7278.728969086504,Uji,7273.498968547081,7073.718526034423
3,2024-02-28,7328.64,7278.782597700452,Uji,7273.630663563108,7073.301065837212
3,2024-02-29,7316.11,7316.890211908918,Uji,7311.343685963253,7089.933155397843
3,2024-03-01,7311.91,7310.755340609054,Uji,7304.968965619901,7088.957841031621
3,2024-03-04,7276.75,7305.677302755812,Uji,7300.02930393944,7086.259729862282
3,2024-03-05,7247.46,7274.414690582251,Uji,7269.111197318529,7072.49914766676
3,2024-03-06,7329.8,7244.834743431301,Uji,7240.074127783865,7058.260526463455
3,2024-03-07,7373.96,7313.6770687497665,Uji,7308.426441820363,7087.056267235349
3,2024-03-08,7381.91,7361.5504714943045,Uji,7355.244087277756,7111.09457599826
3,2024-03-13,7421.21,7373.44606931578,Uji,7366.712091066945,7117.9936998868725
3,2024-03-14,7433.31,7408.753337204569,Uji,7401.6082660354305,7133.659981156663
3,2024-03-15,7328.05,7423.740651524182,Uji,7416.170766401405,7141.713824164348
3,2024-03-18,7302.45,7332.904541089637,Uji,7326.1661685229365,7102.68102668531
3,2024-03-19,7336.75,7298.725895452597,Uji,7293.064893042542,7083.703043984244
3,2024-03-20,7331.13,7325.906545049053,Uji,7320.149809285503,7094.523827527832
3,2024-03-21,7338.35,7324.815947098833,Uji,7318.831424245935,7095.389866867136
3,2024-03-22,7350.15,7330.5115211320945,Uji,7324.508703568083,7097.647290730547
3,2024-03-25,7377.76,7341.652551800116,Uji,7335.487144475086,7102.774831919742
3,2024-03-26,7365.66,7367.151702213394,Uji,7360.647125293122,7114.325879348589
3,2024-03-27,7310.09,7359.638584503042,Uji,7353.017423639402,7112.1371951717865
3,2024-03-28,7288.81,7309.618288441399,Uji,7303.585562611917,7089.909973129104
3,2024-04-01,7205.06,7284.773622350192,Uji,7279.378341651058,7076.933238592812
3,2024-04-02,7236.98,7209.047553255644,Uji,7204.563734793748,7043.167524315182
3,2024-04-03,7166.84,7227.648162700027,Uji,7223.5600570459055,7047.98445897526
3,2024-04-04,7254.4,7169.784547328433,Uji,7166.05735865899,7024.066231674017
3,2024-04-05,7286.88,7238.635481922716,Uji,7234.702657113165,7051.269390939538
3,2024-04-16,7164.81,7276.862549833154,Uji,7271.934725906944,7071.316358721324
3,2024-04-17,7130.84,7169.062040759405,Uji,7164.755250531515,7027.667150964799
3,2024-04-18,7166.81,7130.193761160449,Uji,7127.368214773014,7004.027514448224
3,2024-04-19,7087.32,7157.901953100642,Uji,7155.033674213965,7014.75072619921
3,2024-04-22,7073.82,7092.301961767148,Uji,7089.844461920928,6987.6261265755265
3,2024-04-23,7110.81,7071.599164463945,Uji,7069.903809727498,6975.516014298255
3,2024-04-24,7174.53,7102.487317979408,Uji,7100.574623868537,6988.422081028875
3,2024-04-25,7155.29,7162.425858503064,Uji,7159.651384850819,7015.935488103688
3,2024-04-26,7036.08,7152.692982511003,Uji,7149.57297198661,7014.192558150351
3,2024-04-29,7155.78,7038.299696279827,Uji,7036.264902908269,6967.098967467004
3,2024-04-30,7234.2,7137.656747775154,Uji,7135.6523110688495,7002.242883315144
3,2024-05-01,7234.2,7219.708706476776,Uji,7216.043666017143,7042.605769068066
3,2024-05-02,7117.42,7228.468510101526,Uji,7224.169118470041,7049.479917088812
3,2024-05-03,7134.72,7121.228545595482,Uji,7117.796762702539,7004.998479336558
3,2024-05-06,7135.89,7128.298240761236,Uji,7125.821728764251,7001.351285188256
3,2024-05-07,7123.61,7131.255392484741,Uji,7128.628621720747,7003.313437795101
3,2024-05-08,7088.79,7120.631142565682,Uji,7118.103378473594,6998.738549337445
3,2024-05-13,7099.26,7088.763773605893,Uji,7086.642708116243,6984.399217543061
3,2024-05-14,7083.76,7094.043905240964,Uji,7092.112109299373,6985.334938208516
3,2024-05-15,7179.83,7081.63843202717,Uji,7079.758784980247,6980.348777470644
3,2024-05-16,7246.7,7164.045971756062,Uji,7161.4435491002405,7015.583045874894
3,2024-05-17,7317.24,7233.342750253766,Uji,7229.372887622207,7049.47516405112
3,2024-05-20,7266.69,7302.5920432145385,Uji,7297.458493468263,7082.205523231694
3,2024-05-21,7186.04,7266.19946849296,Uji,7260.941622327063,7069.1344902212095
3,2024-05-22,7222.38,7189.918773707831,Uji,7185.7818373174305,7033.983848376336
3,2024-05-27,7176.42,7212.736807303515,Uji,7208.931372872081,7040.756030286614
3,2024-05-28,7253.63,7176.543949844919,Uji,7172.8502566392035,7026.435396763148
3,2024-05-29,7140.23,7239.031194730491,Uji,7235.027746955246,7051.815900594061
3,2024-05-30,7034.14,7144.678105444389,Uji,7140.879172809797,7015.389964928687
3,2024-05-31,6970.74,7037.269497780267,Uji,7035.387967454258,6965.039915667229
3,2024-06-03,7036.19,6975.380373364145,Uji,6975.025151056701,6931.5912200356015
3,2024-06-04,7099.31,7025.62002659923,Uji,7025.199876003327,6950.963525505117
3,2024-06-05,6947.67,7088.21201767392,Uji,7086.705349565814,6980.743145079072
3,2024-06-06,6974.9,6946.02050082629,Uji,6945.232886608889,6928.516565149177
3,2024-06-07,6897.95,6969.364597046429,Uji,6969.672199297005,6925.595913167942
3,2024-06-10,6921.55,6900.807409149453,Uji,6901.567289840325,6898.672667466446
3,2024-06-11,6855.69,6917.086294201659,Uji,6918.267042928087,6900.916572076425
3,2024-06-12,6850.1,6858.610254407564,Uji,6860.208418491224,6877.899269617539
3,2024-06-13,6831.56,6849.789176952579,Uji,6851.9424823865675,6869.996873636286
3,2024-06-14,6734.83,6832.927237663603,Uji,6835.28945255611,6862.444969344774
3,2024-06-19,6726.92,6733.429119596802,Uji,6736.854793042712,6823.975384412144
3,2024-06-20,6819.32,6728.406414276681,Uji,6732.624847327493,6822.624602488313
3,2024-06-21,6879.98,6808.44759141508,Uji,6811.914282231065,6846.984996814765
3,2024-06-24,6889.17,6871.89564493392,Uji,6874.079396713119,6878.189989616316
3,2024-06-25,6882.7,6886.720279812557,Uji,6888.3321873495415,6887.00783859287
3,2024-06-26,6905.64,6882.080373386485,Uji,6883.675062371833,6885.348983598692
3,2024-06-27,6967.95,6901.448688097938,Uji,6902.893207996234,6893.519657169624
3,2024-06-28,7063.58,6958.582779443912,Uji,6959.29169949954,6919.264396143602
3,2024-07-01,7139.63,7049.296700937813,Uji,7048.657372528379,6961.151796315961
3,2024-07-02,7125.14,7126.584322273806,Uji,7124.500025566294,6998.501973612366
3,2024-07-03,7196.75,7122.388869711831,Uji,7119.817296961024,6999.649159615097
3,2024-07-04,7220.89,7183.487016912185,Uji,7180.400501851522,7025.655181142153
3,2024-07-05,7253.37,7212.628115196314,Uji,7208.749322560516,7041.127350146237
3,2024-07-08,7250.98,7243.771004628034,Uji,7239.410092546434,7055.615012588566
3,2024-07-09,7269.8,7245.305921922417,Uji,7240.703456878156,7057.551830607718
3,2024-07-10,7287.04,7261.521672285292,Uji,7256.772401152345,7064.510815867252
3,2024-07-11,7300.41,7278.722870849466,Uji,7273.669136264419,7072.727293475934
3,2024-07-12,7327.58,7292.3582598258035,Uji,7287.047054085828,7079.33114610798
3,2024-07-15,7278.86,7317.647379781109,Uji,7311.988260650139,7090.852150751422
3,2024-07-16,7224.29,7278.013053994274,Uji,7272.564099841213,7074.676442489096
3,2024-07-17,7224.22,7224.777955694287,Uji,7220.20481599578,7049.620042020743
3,2024-07-18,7321.07,7218.620978285161,Uji,7214.489826251951,7044.809833357398
3,2024-07-19,7294.5,7303.43525900493,Uji,7298.44977086673,7081.693854240248
3,2024-07-22,7321.98,7290.983510933615,Uji,7285.449181462026,7080.063024232456
3,2024-07-23,7313.86,7312.082738484244,Uji,7306.520787586072,7088.201076719234
3,2024-07-24,7262.76,7308.040818007687,Uji,7302.328249622682,7087.5170428515175
3,2024-07-25,7240.28,7262.379954308364,Uji,7257.184121832344,7067.34129465229
3,2024-07-26,7288.17,7236.983621965141,Uji,7232.399630991906,7054.299317947692
3,2024-07-29,7288.9,7276.415091690516,Uji,7271.590085834359,7070.570042123862
3,2024-07-30,7241.86,7282.4039191813235,Uji,7277.185128636455,7075.046058429548
3,2024-07-31,7255.76,7241.287452754468,Uji,7236.478006370753,7057.192527862257
3,2024-08-01,7325.98,7248.206575273367,Uji,7243.654958764405,7058.363613573379
3,2024-08-02,7308.12,7311.258624524574,Uji,7305.974636651376,7086.3287834287385
3,2024-08-05,7059.65,7303.460593592623,Uji,7297.766185398796,7085.681294143269
3,2024-08-06,7129.21,7052.983757826751,Uji,7049.360911786621,6989.473623358068
3,2024-08-07,7212.13,7117.019372000172,Uji,7115.0588784725205,6994.188547067699
3,2024-08-08,7195.12,7197.411578908051,Uji,7194.156375849331,7031.870181483093
4,2022-01-05,6662.3,6705.6015313157595,Latih,6703.674749732927,6817.993387470275
4,2022-01-06,6653.35,6678.831755713535,Latih,6675.601371422124,6817.993387470275
4,2022-01-07,6701.32,6668.644686699223,Latih,6666.058689583104,6817.993387470275
4,2022-01-10,6691.12,6709.95019616069,Latih,6708.474354381876,6817.993387470275
4,2022-01-11,6647.97,6704.45655454667,Latih,6701.414685613827,6817.993387470275
4,2022-01-12,6647.06,6665.998283739399,Latih,6662.70452663989,6817.993387470275
4,2022-01-13,6658.36,6662.121579544257,Latih,6659.837605182688,6817.993387470275
4,2022-01-14,6693.4,6671.937228571486,Latih,6669.880159114313,6817.993387470275
4,2022-01-17,6645.05,6703.382746139185,Latih,6701.6216362282785,6817.993387470275
4,2022-01-18,6614.06,6663.607847714286,Latih,6660.2594829563905,6817.993387470275
4,2022-01-19,6591.98,6633.05818533019,Latih,6630.272541891046,6817.993387470275
4,2022-01-20,6626.87,6611.538873381247,Latih,6609.25587507986,6817.993387470275
4,2022-01-21,6726.37,6640.637738656559,Latih,6639.443803742983,6817.993387470275
4,2022-01-24,6655.17,6730.537335084099,Latih,6729.69641075762,6827.969084511429
4,2022-01-25,6568.17,6674.810814386618,Latih,6671.10980102421,6817.993387470275
4,2022-01-26,6600.82,6609.963114713286,Latih,6607.6785973778415,6817.993387470275
4,2022-01-27,6611.16,6616.303052216774,Latih,6615.19068296813,6817.993387470275
4,2022-01-28,6645.51,6627.364335027344,Latih,6625.804144842482,6817.993387470275
4,2022-01-31,6631.15,6658.166881030213,Latih,6656.889179468314,6817.993387470275
4,2022-02-02,6707.65,6648.034374426464,Latih,6645.5389052762175,6817.993387470275
4,2022-02-03,6683.85,6714.21336847605,Latih,6713.177464816289,6817.993387470275
4,2022-02-04,6731.39,6698.551700717226,Latih,6695.338536454454,6817.993387470275
4,2022-02-07,6804.94,6738.420876213332,Latih,6736.598436110337,6820.752522149115
4,2022-02-08,6789.52,6806.126822689799,Latih,6804.2378424310955,6868.856646295821
4,2022-02-09,6834.61,6798.6341968953875,Latih,6794.415005463984,6844.506750123533
4,2022-02-10,6823.64,6836.742456399829,Latih,6833.181271738441,6882.767688710726
4,2022-02-11,6815.61,6831.208440799744,Latih,6827.259365943701,6866.638494588768
4,2022-02-14,6734.49,6823.181761414438,Latih,6819.17329555872,6862.087778822218
4,2022-02-15,6807.5,6751.388294671497,Latih,6746.672062368413,6817.993387470275
4,2022-02-16,6850.2,6808.586597771672,Latih,6806.653610773114,6870.372991340196
4,2022-02-17,6835.12,6852.0261109173625,Latih,6848.339964696797,6892.150277287998
4,2022-02-18,6892.82,6842.675325095685,Latih,6838.811212723286,6873.159765974915
4,2022-02-21,6902.96,6891.861673744955,Latih,6888.522798101939,6921.3532739639695
4,2022-02-22,6861.99,6905.9617744923025,Latih,6902.65180574421,6919.865163561147
4,2022-02-23,6920.06,6870.9855951518175,Latih,6867.303275604283,6885.738893471993
4,2022-02-24,6817.82,6918.155364681523,Latih,6915.028765968124,6938.497234548373
4,2022-02-25,6888.17,6833.835244988234,Latih,6829.744971068531,6847.929502302441
4,2022-03-01,6921.44,6886.2237949991595,Latih,6882.92279824797,6920.52433384661
4,2022-03-02,6868.4,6921.73128720526,Latih,6918.5893817997385,6935.27075449769
4,2022-03-04,6928.33,6878.272046008742,Latih,6874.626881387865,6887.767288737334
4,2022-03-07,6869.07,6925.980057784956,Latih,6922.919753596228,6943.990449540062
4,2022-03-08,6814.18,6879.481946939862,Latih,6875.835489524043,6887.161200612224
4,2022-03-09,6864.44,6826.036304360062,Latih,6821.967464980513,6853.459303391013
4,2022-03-10,6924.01,6865.105369066035,Latih,6861.537927277122,6902.327883043328
4,2022-03-11,6922.6,6921.837373958271,Latih,6918.743069262545,6941.221877458139
4,2022-03-14,6952.2,6925.987840410512,Latih,6922.8185277522025,6930.276222227258
4,2022-03-15,6918.19,6951.792286028906,Latih,6948.8857727265795,6953.9556490862815
4,2022-03-16,6992.4,6924.67301624183,Latih,6921.43515959565,6922.131743366759
4,2022-03-17,6964.38,6986.611907901813,Latih,6984.064946728993,6986.526505867887
4,2022-03-18,6954.96,6968.773509585903,Latih,6965.901229493664,6952.08699156408
4,2022-03-21,6955.18,6957.987592098162,Latih,6955.0615317363,6949.248375852152
4,2022-03-22,7000.82,6957.328654515788,Latih,6954.4144878674,6950.9769202584475
4,2022-03-23,6996.12,6997.332746092131,Latih,6994.821259212544,6987.0929827559485
4,2022-03-24,7049.69,6997.341485385945,Latih,6994.740588808109,6975.839668184566
4,2022-03-25,7002.53,7043.848076965864,Latih,7041.725100822504,7019.049063830428
4,2022-03-28,7049.6,7007.37553919082,Latih,7004.7798655045535,6972.853803128647
4,2022-03-29,7011.69,7044.348750591334,Latih,7042.218224525506,7017.92009186273
4,2022-03-30,7053.19,7015.392264055065,Latih,7012.8775710440195,6980.124507743168
4,2022-03-31,7071.44,7048.322078280505,Latih,7046.213633152302,7019.252498042636
4,2022-04-01,7078.76,7068.062539939939,Latih,7066.071584016143,7026.861371958309
4,2022-04-04,7116.22,7076.125443439542,Latih,7074.17989047414,7029.6485344315115
4,2022-04-05,7148.3,7109.605057498279,Latih,7107.982651556793,7058.1136037541
4,2022-04-06,7104.22,7141.096456358499,Latih,7139.717923255033,7077.3441870880715
4,2022-04-07,7127.37,7105.379272812667,Latih,7103.577788915696,7037.13443769222
4,2022-04-08,7210.83,7121.675263338153,Latih,7120.124426524703,7062.7450157809835
4,2022-04-11,7203.79,7196.885729322506,Latih,7196.0474810815585,7125.03580622441
4,2022-04-12,7214.78,7198.263745307995,Latih,7197.275636277272,7105.688716210189
4,2022-04-13,7262.78,7207.255289270952,Latih,7206.371638071611,7115.55568919665
4,2022-04-14,7235.53,7250.300706806262,Latih,7249.829302058299,7151.764186532565
4,2022-04-18,7275.29,7230.767299184876,Latih,7230.004860439378,7122.259192957942
4,2022-04-19,7199.23,7263.136505811295,Latih,7262.753735084614,7158.24998362548
4,2022-04-20,7227.36,7200.096618266179,Latih,7199.000586713626,7091.441029992165
4,2022-04-21,7276.19,7217.864171419219,Latih,7217.096354646758,7126.2729592729265
4,2022-04-22,7225.61,7263.1863042724935,Latih,7262.8200813210815,7160.310905611584
4,2022-04-25,7215.98,7223.288945846633,Latih,7222.424841706828,7112.188734047476
4,2022-04-26,7232.15,7210.279395201281,Latih,7209.383436594084,7112.906080105367
4,2022-04-27,7196.76,7223.5749637997915,Latih,7222.83181355484,7127.303575401371
4,2022-04-28,7228.91,7194.032479171826,Latih,7192.959873063637,7096.60243623382
4,2022-05-09,6909.75,7218.998779972867,Latih,7218.247252416686,7127.908293163841
4,2022-05-10,6819.79,6942.296319335146,Latih,6938.693222261711,6869.921909328734
4,2022-05-11,6816.2,6834.628995227248,Latih,6830.566955949098,6851.191120519671
4,2022-05-12,6599.84,6823.350548722177,Latih,6819.35133927825,6863.190351917182
4,2022-05-13,6597.99,6663.5798780956975,Latih,6658.898292697082,6817.993387470275
4,2022-05-17,6644.47,6615.778629948204,Latih,6614.012878903453,6817.993387470275
4,2022-05-18,6793.41,6656.53079731823,Latih,6655.401211272935,6817.993387470275
4,2022-05-19,6823.33,6790.7876038456225,Latih,6790.254532778885,6874.064877570307
4,2022-05-20,6918.14,6827.211972081095,Latih,6823.450093932777,6873.190741341746
4,2022-05-23,6840.77,6912.978031206171,Latih,6910.131632868687,6943.355092537447
4,2022-05-24,6914.14,6853.767660840783,Latih,6849.882036360535,6866.425493693982
4,2022-05-25,6883.5,6911.050473946372,Latih,6907.893908246199,6937.309078428192
4,2022-05-27,7026.26,6890.840831146277,Latih,6887.33663288597,6900.932802164593
4,2022-05-30,7037.56,7013.139594723038,Latih,7011.261835924438,7019.071403327041
4,2022-05-31,7148.97,7035.946307427937,Latih,7033.684485107714,7004.467681381753
4,2022-06-02,7148.72,7134.571720281905,Latih,7133.281717776125,7090.8533771229395
4,2022-06-03,7182.96,7144.425351624555,Latih,7143.016101713247,7072.273224780618
4,2022-06-06,7096.58,7174.399681475233,Latih,7173.292945580552,7099.43670815474
4,2022-06-07,7141.04,7101.819691217008,Latih,7099.914318318429,7025.3639017201
4,2022-06-08,7193.31,7132.960432376927,Latih,7131.538409651584,7074.8338895798315
4,2022-06-09,7182.83,7182.772804049325,Latih,7181.765458229851,7108.902345879141
4,2022-06-10,7086.65,7178.317160422873,Latih,7177.162435979913,7091.976557369293
4,2022-06-13,6995.44,7093.108425197663,Latih,7091.115555937351,7017.519532277636
4,2022-06-14,7049.88,7004.505689553073,Latih,7001.808557319691,6961.139452024744
4,2022-06-15,7007.05,7043.953051915224,Latih,7041.832454514559,7019.311759762816
4,2022-06-16,7050.33,7011.352590129427,Latih,7008.7965793920075,6976.402861373472
4,2022-06-17,6936.97,7045.3969487310005,Latih,7043.268129154499,7017.752545638136
4,2022-06-20,6976.38,6949.997731512829,Latih,6946.822523709579,6920.816789918583
4,2022-06-21,7044.07,6974.275050177025,Latih,6971.566929186629,6970.738118348764
4,2022-06-22,6984.31,7037.139867430979,Latih,7034.987984392697,7017.854314456038
4,2022-06-23,6998.27,6990.905279907037,Latih,6988.154677674819,6959.3486724699
4,2022-06-24,7042.94,6997.732426576664,Latih,6995.167805824925,6980.26676689868
4,2022-06-27,7016.06,7038.12895898586,Latih,7035.944135532433,7013.347527861647
4,2022-06-28,6996.46,7018.618614826255,Latih,7016.149479908995,6984.684971183587
4,2022-06-29,6942.35,6999.017206190874,Latih,6996.403329951812,6973.594445351409
4,2022-06-30,6911.58,6949.8406310713735,Latih,6946.769519116922,6933.9666863829325
4,2022-07-01,6794.33,6917.991593418162,Latih,6914.705670656006,6918.521018803161
4,2022-07-04,6639.17,6812.489493992357,Latih,6808.200724337129,6835.0467489850835
4,2022-07-05,6703.27,6669.284031974238,Latih,6665.248365712922,6817.993387470275
4,2022-07-06,6646.41,6710.775684515553,Latih,6709.610953839736,6817.993387470275
4,2022-07-07,6652.59,6665.501753521722,Latih,6662.033869871359,6817.993387470275
4,2022-07-08,6740.22,6666.845575080973,Latih,6664.704829471122,6817.993387470275
4,2022-07-11,6722.15,6744.185707422515,Latih,6743.146571775397,6830.592191306383
4,2022-07-12,6718.29,6734.366451497395,Latih,6731.041357048471,6817.993387470275
4,2022-07-13,6640.99,6729.701064819415,Latih,6726.583334679324,6817.993387470275
4,2022-07-14,6690.09,6661.835018617224,Latih,6658.122680371116,6817.993387470275
4,2022-07-15,6651.9,6699.248232776537,Latih,6697.929840493814,6817.993387470275
4,2022-07-18,6659.25,6669.361089016807,Latih,6666.113833751392,6817.993387470275
4,2022-07-19,6736.09,6673.061003503513,Latih,6670.880026115042,6817.993387470275
4,2022-07-20,6874.74,6740.8951823103625,Latih,6739.745267064591,6827.352990153462
4,2022-07-21,6864.13,6867.702257979547,Latih,6866.709624166523,6923.371197590273
4,2022-07-22,6886.96,6870.309023846423,Latih,6866.675235821043,6892.090214034953
4,2022-07-25,6858.41,6889.350626415648,Latih,6885.929554870166,6911.9249463016195
4,2022-07-26,6871.54,6866.4026887911905,Latih,6862.705553813611,6885.54306089405
4,2022-07-27,6898.22,6875.324370115435,Latih,6871.773165831005,6900.654204854408
4,2022-07-28,6956.82,6899.885224566498,Latih,6896.555786326566,6919.621600993913
4,2022-07-29,6951.12,6953.635553058431,Latih,6950.795437704369,6961.637772763417
4,2022-08-01,6968.78,6953.939928699777,Latih,6950.98796072726,6947.454002327367
4,2022-08-02,6988.16,6968.896118258284,Latih,6966.106034068512,6962.383327606962
4,2022-08-03,7046.63,6987.47120284443,Latih,6984.833642602015,6974.820816490102
4,2022-08-04,7057.35,7040.447664283569,Latih,7038.305968469436,7017.938501262717
4,2022-08-05,7084.65,7055.125437523183,Latih,7053.016992394981,7016.782742583804
4,2022-08-08,7086.85,7080.011585037768,Latih,7078.132895426809,7036.638935246522
4,2022-08-09,7102.88,7084.407191267073,Latih,7082.519245244324,7033.877214977795
4,2022-08-10,7086.24,7098.649602881732,Latih,7096.900865018429,7046.211926662977
4,2022-08-11,7160.38,7085.520959966243,Latih,7083.608502551377,7030.386203225905
4,2022-08-12,7129.28,7148.968957018919,Latih,7147.728597838946,7091.859533571065
4,2022-08-15,7093.28,7128.425928258961,Latih,7126.833049753969,7054.991762526091
4,2022-08-16,7133.45,7094.075384103121,Latih,7092.197366745533,7031.606808499151
4,2022-08-18,7186.56,7126.012642083233,Latih,7124.527065558498,7069.366142648517
4,2022-08-19,7172.43,7176.172930730652,Latih,7175.1141316724525,7104.807805736127
4,2022-08-22,7107.98,7168.595652723382,Latih,7167.356224355767,7084.852222998202
4,2022-08-23,7163.27,7110.854931649033,Latih,7109.061359657112,7036.131487375552
4,2022-08-24,7194.71,7153.4663320661275,Latih,7152.228610187836,7090.561774295629
4,2022-08-25,7174.21,7186.009031773878,Latih,7184.990774765086,7106.3434392810495
4,2022-08-26,7135.25,7170.891915100883,Latih,7169.65967467315,7084.917534998715
4,2022-08-29,7132.04,7134.906502460307,Latih,7133.351787262029,7057.438919929323
4,2022-08-30,7159.47,7128.571962375706,Latih,7127.029813144272,7061.3243892741775
4,2022-08-31,7178.59,7152.312538435527,Latih,7151.0159685314375,7083.581922687352
4,2022-09-01,7153.1,7171.543121769499,Latih,7170.3864322782265,7094.201457465948
4,2022-09-02,7177.18,7150.940521018572,Latih,7149.538769317933,7070.85559755808
4,2022-09-05,7231.88,7169.7319677663545,Latih,7168.5695899773345,7094.13557663566
4,2022-09-06,7233.15,7219.830460815505,Latih,7219.125732436256,7133.491460827655
4,2022-09-07,7186.76,7225.888601341324,Latih,7225.13759090312,7125.472305508916
4,2022-09-08,7232.02,7185.362065472675,Latih,7184.200204801631,7088.5162107134465
4,2022-09-09,7242.66,7220.819293811397,Latih,7220.105774426536,7132.021811536616
4,2022-09-12,7254.46,7234.232610173302,Latih,7233.565527982789,7132.9822030437645
4,2022-09-13,7318.02,7245.532361939032,Latih,7244.9582058490105,7140.573701795406
4,2022-09-14,7278.08,7302.282698663558,Latih,7302.257359882678,7188.973979407621
4,2022-09-15,7305.6,7273.038642820202,Latih,7272.593869648062,7146.849548989601
4,2022-09-16,7168.87,7293.537354569519,Latih,7293.377461690987,7175.238653681348
4,2022-09-19,7195.49,7176.239225255322,Latih,7174.8433169878235,7062.39125537282
4,2022-09-20,7196.95,7187.198661680293,Latih,7186.181387195659,7106.037305438581
4,2022-09-21,7188.31,7190.884471774174,Latih,7189.852149156404,7102.801646543803
4,2022-09-22,7218.91,7183.447177603316,Latih,7182.336977018189,7095.716819986166
4,2022-09-23,7178.58,7209.474035663679,Latih,7208.643130498007,7121.381281768148
4,2022-09-26,7127.5,7176.908324205946,Latih,7175.689218574833,7084.386196277202
4,2022-09-27,7112.45,7128.511976690357,Latih,7126.884244433706,7050.578884556349
4,2022-09-28,7077.03,7110.70884582049,Latih,7109.001891089741,7047.085442349966
4,2022-09-29,7036.2,7078.317506544649,Latih,7076.313622671425,7021.511734772973
4,2022-09-30,7040.8,7039.344910197313,Latih,7037.017775876577,6995.013575388242
4,2022-10-03,7009.72,7039.683312201554,Latih,7037.439795857722,7005.394046526006
4,2022-10-04,7072.26,7012.870745086721,Latih,7010.3479333234345,6980.015990535665
4,2022-10-05,7075.38,7064.850771895704,Latih,7062.912768852768,7034.683298480565
4,2022-10-06,7076.62,7073.238373773156,Latih,7071.262155711709,7026.835878042036
4,2022-10-07,7026.78,7074.606823076068,Latih,7072.638258360683,7027.303352693372
4,2022-10-10,6994.4,7031.0551470411365,Latih,7028.645273844057,6987.619408856679
4,2022-10-11,6939.15,6998.181698675206,Latih,6995.538294999649,6970.193929245519
4,2022-10-12,6909.21,6946.850913486524,Latih,6943.753764641924,6931.77180498485
4,2022-10-13,6880.63,6915.625933808128,Latih,6912.322480746548,6917.171677009504
4,2022-10-14,6814.53,6887.880770277418,Latih,6884.3564302719005,6899.472822979727
4,2022-10-17,6831.12,6827.388076608211,Latih,6823.310187664061,6851.829192391667
4,2022-10-18,6834.49,6835.946068859132,Latih,6832.0841283822365,6875.876677970922
4,2022-10-19,6860.42,6840.398377074631,Latih,6836.548718149693,6875.808832092321
4,2022-10-20,6980.65,6863.419771307741,Latih,6859.795549964939,6895.792494336405
4,2022-10-21,7017.77,6971.09500732069,Latih,6968.770251742648,6986.75088335817
4,2022-10-24,7053.04,7014.485032275967,Latih,7012.096464339546,6996.317022961428
4,2022-10-25,7048.38,7048.740323300417,Latih,7046.6241731143555,7018.130455455832
4,2022-10-26,7043.94,7047.846588300522,Latih,7045.652198164518,7008.61982846742
4,2022-10-27,7091.76,7043.535530860479,Latih,7041.306855802591,7005.8717084014925
4,2022-10-28,7056.04,7085.028146534026,Latih,7083.226300654471,7044.483511536177
4,2022-10-31,7098.89,7058.058065283355,Latih,7055.890616993961,7008.298905050806
4,2022-11-01,7052.3,7092.3685327959665,Latih,7090.61695078379,7048.134881572779
4,2022-11-02,7015.69,7055.426141626891,Latih,7053.218202999887,7004.159892761758
4,2022-11-03,7034.57,7019.1406971359775,Latih,7016.658479133896,6982.847521731305
4,2022-11-04,7045.53,7032.371108869368,Latih,7030.094083280617,7003.843209712556
4,2022-11-07,7102.4,7043.679910199698,Latih,7041.479780054147,7009.409726177505
4,2022-11-08,7050.13,7094.493370564045,Latih,7092.783778531612,7052.649321513232
4,2022-11-09,7070.08,7053.842364398297,Latih,7051.611569156703,7001.861820471337
4,2022-11-10,6966.84,7066.594390291033,Latih,7064.594695073423,7026.289025781208
4,2022-11-11,7089.21,6977.9517848504065,Latih,6975.019570784616,6941.218774750276
4,2022-11-14,7019.39,7075.823446540891,Latih,7074.080138416349,7055.184699243364
4,2022-11-15,7035.5,7025.719213482194,Latih,7023.230893487983,6979.688370441246
4,2022-11-16,7014.38,7033.520403573567,Latih,7031.2476183522285,7003.969386498979
4,2022-11-17,7044.99,7016.474126575045,Latih,7013.997958853297,6984.5817544353495
4,2022-11-18,7082.18,7041.381424214895,Latih,7039.197738421018,7012.3132401955645
4,2022-11-21,7063.25,7076.7302646256085,Latih,7074.842784009039,7036.721725834663
4,2022-11-22,7030.59,7063.5083853388405,Latih,7061.414678072986,7015.590682222895
4,2022-11-23,7054.12,7033.184276888424,Latih,7030.822081968838,6992.843386373569
4,2022-11-24,7080.52,7050.845562297161,Latih,7048.725430302676,7016.870756063513
4,2022-11-25,7053.15,7076.101449165403,Latih,7074.18961229211,7033.900433574969
4,2022-11-28,7017.36,7054.50991199499,Latih,7052.328811791,7007.864163967422
4,2022-11-29,7012.07,7020.680571048312,Latih,7018.212211808019,6984.030092977334
4,2022-11-30,7081.31,7012.810345706991,Latih,7010.332833478502,6985.744933757234
4,2022-12-01,7020.8,7072.991760209858,Latih,7071.131169728099,7041.464266514833
4,2022-12-02,7019.64,7026.240261555963,Latih,7023.772677992635,6982.108741133261
4,2022-12-05,6987.33,7019.753275091701,Latih,7017.339006391816,6991.173715848971
4,2022-12-06,6892.57,6991.342322165419,Latih,6988.64400056069,6965.77169144039
4,2022-12-07,6818.75,6905.403985186258,Latih,6901.903018913307,6896.041305651107
4,2022-12-08,6804.23,6832.164643651277,Latih,6828.111447090537,6853.20190791789
4,2022-12-09,6715.12,6812.769875359563,Latih,6808.666078804759,6853.880263280305
4,2022-12-12,6734.45,6733.3897966298655,Latih,6728.55731620552,6817.993387470275
4,2022-12-13,6810.32,6743.329282484671,Latih,6740.65838106068,6817.993387470275
4,2022-12-14,6801.75,6811.049527273206,Latih,6809.167734954385,6872.613379120266
4,2022-12-15,6751.86,6809.835023992089,Latih,6805.718196064261,6853.306701875958
4,2022-12-16,6812.19,6765.352690733694,Latih,6760.845193102084,6822.258188707262
4,2022-12-19,6779.7,6813.927728366284,Latih,6811.576522203712,6871.2220732027645
4,2022-12-20,6768.32,6790.686584848787,Latih,6786.373096954252,6835.531909071238
4,2022-12-21,6820.66,6777.77939770701,Latih,6774.093160990798,6831.878263715536
4,2022-12-22,6824.43,6822.604450904756,Latih,6819.833086385756,6875.215516781246
4,2022-12-23,6800.67,6830.639352465898,Latih,6826.7118672854,6869.565951169168
4,2022-12-26,6835.81,6810.164583278923,Latih,6806.023399094371,6850.123142617377
4,2022-12-27,6923.03,6838.801801176102,Latih,6834.995787008435,6881.878556060828
4,2022-12-28,6850.52,6918.390368946235,Latih,6915.425136897604,6945.169400960251
4,2022-12-29,6860.08,6862.751525601779,Latih,6858.946804229055,6873.341843214666
4,2022-12-30,6850.62,6864.571186195646,Latih,6860.927081666623,6892.878301832117
4,2023-01-02,6850.98,6857.147802498374,Latih,6853.410125471387,6883.807483683265
4,2023-01-03,6888.76,6856.607905474339,Latih,6852.883389099869,6885.653517293967
4,2023-01-04,6813.24,6889.738697601594,Latih,6886.3473344838985,6915.520441740791
4,2023-01-05,6653.84,6826.992972617775,Latih,6822.895122919708,6849.465963236126
4,2023-01-06,6684.56,6680.518310140086,Latih,6675.092514404667,6817.993387470275
4,2023-01-09,6688.27,6695.330365990415,Latih,6693.542805494979,6817.993387470275
4,2023-01-10,6622.5,6700.767835664168,Latih,6698.159234028473,6817.993387470275
4,2023-01-11,6584.45,6643.524032645979,Latih,6640.055295750954,6817.993387470275
4,2023-01-12,6629.93,6606.108539935578,Latih,6604.518996841539,6817.993387470275
4,2023-01-13,6641.83,6642.934602183708,Latih,6641.853508876719,6817.993387470275
4,2023-01-16,6688.06,6656.260422183881,Latih,6654.404401732246,6817.993387470275
4,2023-01-17,6767.34,6697.533211005345,Latih,6696.154509838536,6817.993387470275
4,2023-01-18,6765.79,6770.155863496684,Latih,6768.850205244147,6846.222159733208
4,2023-01-19,6819.91,6774.461310206676,Latih,6771.1411800903315,6831.913557017476
4,2023-01-20,6874.93,6821.718679521709,Latih,6819.056375184088,6875.038869280254
4,2023-01-24,6860.85,6874.813483409917,Latih,6871.3326588821765,6909.691798173229
4,2023-01-25,6829.93,6867.452670987879,Latih,6863.789717508589,6889.460720832981
4,2023-01-26,6864.82,6839.091387243302,Latih,6835.170210902126,6867.291459458505
4,2023-01-27,6898.98,6866.862225681578,Latih,6863.281623240147,6900.03019859139
4,2023-01-30,6872.48,6899.943503762522,Latih,6896.627820860782,6921.3323823976925
4,2023-01-31,6839.34,6879.815824161804,Latih,6876.230283243692,6894.704943518676
4,2023-02-01,6862.26,6848.386712161931,Latih,6844.53643269542,6872.826431726849
4,2023-02-02,6890.57,6865.470247510706,Latih,6861.857144204412,6896.44980299715
4,2023-02-03,6911.73,6892.344222385324,Latih,6888.9569962114465,6915.093017876785
4,2023-02-06,6873.79,6913.4415240490835,Latih,6910.211398316662,6927.183262038273
4,2023-02-07,6935.3,6882.116223483122,Latih,6878.528872652089,6893.6389565205955
4,2023-02-08,6940.12,6932.573622264308,Latih,6929.56919267301,6948.62219769363
4,2023-02-09,6897.37,6942.357468535944,Latih,6939.330958007021,6942.291380858464
4,2023-02-10,6880.33,6905.340896793047,Latih,6901.931874096432,6907.632918803135
4,2023-02-13,6900.14,6886.547484996951,Latih,6883.032970233,6901.188723851481
4,2023-02-14,6941.85,6902.362012829819,Latih,6899.040253791847,6919.692187597792
4,2023-02-15,6914.54,6940.694236130162,Latih,6937.719954516931,6949.462953956768
4,2023-02-16,6895.66,6920.539588826936,Latih,6917.280323496501,6920.948215452474
4,2023-02-17,6895.71,6901.530125139991,Latih,6898.132892733254,6910.49896762375
4,2023-02-20,6894.72,6899.866970301905,Latih,6896.489983063974,6913.653671699206
4,2023-02-21,6873.4,6899.004158957043,Latih,6895.618432425298,6912.861240111033
4,2023-02-22,6809.97,6880.236654771603,Latih,6876.663731532132,6896.136558782497
4,2023-02-23,6839.45,6822.739496264488,Latih,6818.628925464182,6849.410036926898
4,2023-02-24,6856.58,6842.831572292479,Latih,6839.047923477324,6883.227406592406
4,2023-02-27,6854.78,6860.50407916132,Latih,6856.840686131749,6891.932389628329
4,2023-02-28,6843.24,6860.4758445197685,Latih,6856.778606118593,6887.680206069983
4,2023-03-01,6844.94,6850.20316662434,Latih,6846.405917606386,6878.8360924423105
4,2023-03-02,6857.42,6850.649129167828,Latih,6846.879054699572,6882.086747758425
4,2023-03-03,6813.64,6861.736293733154,Latih,6858.074581337009,6891.691929768957
4,2023-03-06,6807.0,6824.509953082829,Latih,6820.448611913948,6854.953748489055
4,2023-03-07,6766.76,6814.734613401918,Latih,6810.6606545543955,6856.917555719051
4,2023-03-08,6776.37,6778.880910710121,Latih,6774.458634121143,6826.533099600702
4,2023-03-09,6799.79,6783.670948676492,Latih,6780.44691200825,6840.389896339806
4,2023-03-10,6765.3,6805.048528283862,Latih,6801.679530518678,6857.355735636983
4,2023-03-13,6786.96,6776.949966327572,Latih,6772.595328770006,6826.171298007995
4,2023-03-14,6641.81,6792.826496605899,Latih,6789.7102661079425,6849.019328439268
4,2023-03-15,6628.14,6667.9652777089295,Latih,6664.161681067805,6817.993387470275
4,2023-03-16,6565.73,6645.138261659452,Latih,6642.696172012397,6817.993387470275
4,2023-03-17,6678.24,6601.942763559226,Latih,6599.976483858902,6817.993387470275
4,2023-03-20,6612.49,6684.643916145576,Latih,6684.15698493035,6817.993387470275
4,2023-03-21,6691.61,6634.055221109994,Latih,6630.635849589861,6817.993387470275
4,2023-03-24,6762.25,6699.012039140478,Latih,6698.073767354801,6817.993387470275
4,2023-03-27,6708.93,6765.9586754352085,Latih,6764.4601580330955,6841.604528900417
4,2023-03-28,6760.33,6724.379985474366,Latih,6720.6523146802365,6817.993387470275
4,2023-03-29,6839.44,6765.5165137088525,Latih,6763.48386514815,6837.225935852559
4,2023-03-30,6808.95,6838.359665305646,Latih,6836.247781342895,6891.409867768325
4,2023-03-31,6805.28,6818.775554266601,Latih,6814.691692609816,6854.205323640737
4,2023-04-03,6827.17,6812.803720731167,Latih,6808.719471235899,6856.328946181569
4,2023-04-04,6833.18,6831.649309731156,Latih,6827.762159752876,6874.274000080263
4,2023-04-05,6819.67,6838.8936154729445,Latih,6835.036535905035,6875.42290694598
4,2023-04-06,6792.77,6827.601129214794,Latih,6823.618441690236,6863.729705967341
4,2023-04-10,6771.23,6802.813182404068,Latih,6798.607255048779,6844.650767480167
4,2023-04-11,6811.31,6781.510429767991,Latih,6777.421862337614,6832.026831710369
4,2023-04-12,6798.96,6814.676230782299,Latih,6811.6152543402,6867.329053935443
4,2023-04-13,6785.6,6807.480301427273,Latih,6803.33777273598,6850.933363063964
4,2023-04-14,6818.57,6794.659317852285,Latih,6790.466783852603,6842.388324618371
4,2023-04-17,6787.58,6822.335730547934,Latih,6818.794144657879,6870.708859466349
4,2023-04-18,6821.81,6798.166929091241,Latih,6793.916296886828,6840.721162115963
4,2023-04-26,6910.15,6825.3532432240545,Latih,6821.769382939368,6872.948652560746
4,2023-04-27,6945.48,6905.840743029753,Latih,6902.87395962719,6937.276810266419
4,2023-04-28,6915.72,6944.779442293688,Latih,6941.826672788306,6950.686765361473
4,2023-05-02,6863.3,6921.901522443335,Latih,6918.648902078908,6921.283980155032
4,2023-05-03,6812.72,6873.286899429595,Latih,6869.602744113242,6884.671251696385
4,2023-05-04,6844.03,6824.235570284158,Latih,6820.15990494731,6853.254834942851
4,2023-05-05,6787.63,6847.092598568233,Latih,6843.346544230016,6886.401580159701
4,2023-05-08,6769.63,6800.512550379661,Latih,6796.23559687021,6836.559991321595
4,2023-05-09,6779.98,6779.644021708989,Latih,6775.710628455603,6831.607552454502
4,2023-05-10,6811.9,6787.084030749227,Latih,6783.800460873867,6842.77590454224
4,2023-05-11,6755.94,6815.984203137784,Latih,6812.579498376279,6866.352683482801
4,2023-05-12,6707.76,6769.844765321635,Latih,6765.321805862509,6823.48419786337
4,2023-05-15,6711.74,6722.906380230802,Latih,6719.252631451505,6817.993387470275
4,2023-05-16,6676.56,6722.946327594536,Latih,6720.084687204677,6817.993387470275
4,2023-05-17,6663.11,6692.469423709824,Latih,6689.141123129441,6817.993387470275
4,2023-05-19,6700.56,6678.196941684795,Latih,6675.372546717239,6817.993387470275
4,2023-05-22,6729.65,6709.982541890161,Latih,6708.211438674347,6817.993387470275
4,2023-05-23,6736.68,6738.092583865543,Latih,6735.756800746639,6817.993387470275
4,2023-05-24,6745.8,6746.316621326825,Latih,6743.265845036825,6817.993387470275
4,2023-05-25,6704.23,6754.793038216851,Latih,6751.712463003418,6821.1378008979855
4,2023-05-26,6687.0,6719.095789569038,Latih,6715.54700281115,6817.993387470275
4,2023-05-29,6681.1,6701.061843090072,Latih,6697.920338450983,6817.993387470275
4,2023-05-30,6636.42,6694.672669491187,Latih,6691.866321941033,6817.993387470275
4,2023-05-31,6633.26,6655.183614492128,Latih,6651.926236642311,6817.993387470275
4,2023-06-05,6633.44,6649.230280852327,Latih,6647.0347207369,6817.993387470275
4,2023-06-06,6618.92,6649.1620471352435,Latih,6647.060912762442,6817.993387470275
4,2023-06-07,6619.75,6636.478739757695,Latih,6634.114579789795,6817.993387470275
4,2023-06-08,6666.33,6636.167732078292,Latih,6634.237511660911,6817.993387470275
4,2023-06-09,6694.02,6677.048177026522,Latih,6675.8290584674605,6817.993387470275
4,2023-06-12,6722.37,6704.493929248468,Latih,6702.513742306546,6817.993387470275
4,2023-06-13,6719.01,6731.260033313055,Latih,6728.983822185118,6817.993387470275
4,2023-06-14,6699.72,6730.346337559242,Latih,6727.231697199065,6817.993387470275
4,2023-06-15,6713.79,6713.2394155499505,Latih,6710.008190941827,6817.993387470275
4,2023-06-16,6698.55,6724.1647609722795,Latih,6721.571608236151,6817.993387470275
4,2023-06-19,6686.06,6711.843649489896,Latih,6708.671880521194,6817.993387470275
4,2023-06-20,6660.46,6699.83434721978,Latih,6696.782601333573,6817.993387470275
4,2023-06-21,6702.63,6676.558130175484,Latih,6673.435817077321,6817.993387470275
4,2023-06-22,6652.26,6711.60330598207,Latih,6709.945477459149,6817.993387470275
4,2023-06-23,6639.73,6670.571242042941,Latih,6667.160719704192,6817.993387470275
4,2023-06-26,6664.67,6656.01860488982,Latih,6653.480622177879,6817.993387470275
4,2023-06-27,6661.88,6676.931256651891,Latih,6675.19787719251,6817.993387470275
4,2023-07-03,6696.72,6676.27247420491,Latih,6673.769500380022,6817.993387470275
4,2023-07-04,6681.75,6706.537049448208,Latih,6704.733264376238,6817.993387470275
4,2023-07-05,6718.98,6695.935044969037,Latih,6692.8596150794765,6817.993387470275
4,2023-07-06,6757.33,6727.419734223503,Latih,6725.437556377369,6817.993387470275
4,2023-07-07,6716.46,6763.610946891033,Latih,6761.234893209658,6833.191381394894
4,2023-07-10,6731.04,6730.612847236712,Latih,6727.013344133216,6817.993387470275
4,2023-07-11,6796.92,6740.443272910138,Latih,6737.673136546333,6817.993387470275
4,2023-07-12,6808.21,6799.089209003475,Latih,6797.06792411032,6862.5615881687745
4,2023-07-13,6810.21,6814.283040128379,Latih,6810.307049281625,6860.634754874144
4,2023-07-14,6869.57,6817.055904289513,Latih,6813.015971804885,6860.356209275757
4,2023-07-17,6867.14,6869.240735673343,Latih,6865.727410280739,6907.046532872954
4,2023-07-18,6830.2,6872.478592319524,Latih,6868.876839752828,6895.327527707257
4,2023-07-20,6864.19,6839.896591645511,Latih,6835.971252504618,6866.467535385524
4,2023-07-21,6880.8,6866.334739488993,Latih,6862.748241902624,6899.486630029716
4,2023-07-24,6899.4,6883.959438800848,Latih,6880.483914732373,6907.035569971839
4,2023-07-25,6917.71,6901.756209119597,Latih,6898.4274689889335,6919.02846667413
4,2023-07-26,6948.28,6919.478824720423,Latih,6916.29216275398,6930.463237943692
4,2023-07-27,6896.66,6947.915943816348,Latih,6944.979980645224,6951.657318236872
4,2023-07-28,6900.23,6905.456601940433,Latih,6902.03281552557,6905.724158781806
4,2023-07-31,6931.36,6903.917245146075,Latih,6900.579145180025,6917.06905494694
4,2023-08-01,6886.5,6931.51231518392,Latih,6928.445340173286,6941.138776599212
4,2023-08-02,6854.51,6895.0259186470885,Latih,6891.5301494098085,6900.467913103143
4,2023-08-03,6898.08,6862.944384751354,Latih,6859.213326834474,6882.529685161746
4,2023-08-04,6852.84,6898.222897117176,Latih,6894.910084220209,6922.320568996113
4,2023-08-07,6886.37,6862.528259915148,Latih,6858.770311863456,6879.296172306574
4,2023-08-08,6868.81,6887.813053678311,Latih,6884.398627098835,6913.320389162938
4,2023-08-09,6875.11,6875.460553134715,Latih,6871.855878851449,6893.87843385581
4,2023-08-10,6893.28,6879.392252826727,Latih,6875.861629837787,6901.766137784758
4,2023-08-11,6879.98,6895.88014583353,Latih,6892.503365442791,6915.119494317214
4,2023-08-14,6910.17,6885.87106882695,Latih,6882.357769290245,6901.586335864105
4,2023-08-15,6915.1,6911.1174407244125,Latih,6907.88462597851,6927.694898564857
4,2023-08-16,6900.54,6918.165965600054,Latih,6914.9449669999285,6926.618827766221
4,2023-08-18,6859.91,6905.8560238659775,Latih,6902.5012727010635,6914.272144799868
4,2023-08-21,6866.03,6868.944556351935,Latih,6865.2464129943,6884.4905706751715
4,2023-08-22,6916.45,6870.632791411912,Latih,6867.031374971901,6896.042107183971
4,2023-08-23,6921.41,6915.357963272373,Latih,6912.195243868272,6934.971084629936
4,2023-08-24,6899.39,6924.261804026407,Latih,6921.089905778211,6930.580959851188
4,2023-08-25,6895.44,6905.419007463494,Latih,6902.047501676121,6912.320050292055
4,2023-08-28,6921.73,6899.967653172054,Latih,6896.584408806601,6912.824395455162
4,2023-08-29,6957.83,6922.642655928176,Latih,6919.49563105468,6934.3009772992555
4,2023-08-30,6966.66,6956.645929506466,Latih,6953.790042054102,6958.5588264716125
4,2023-08-31,6953.26,6967.645494286464,Latih,6964.82965762143,6959.596914954827
4,2023-09-01,6977.65,6956.704415549681,Latih,6953.760954167888,6947.525571455403
4,2023-09-04,6996.75,6976.860407359647,Latih,6974.146417080211,6969.056347263502
4,2023-09-05,6991.71,6995.798663901141,Latih,6993.227656742383,6980.161636813927
4,2023-09-06,6995.95,6993.110038258483,Latih,6990.474443064381,6973.0179105186935
4,2023-09-07,6954.81,6996.368915750434,Latih,6993.776112068941,6977.208117487478
4,2023-09-08,6924.78,6960.7103992391085,Latih,6957.749924675867,6943.920664469048
4,2023-09-11,6963.39,6930.682340830606,Latih,6927.499893375677,6926.921186647457
4,2023-09-12,6933.97,6961.79267545347,Latih,6958.982682221577,6962.459757643984
4,2023-09-13,6935.48,6939.509208573742,Latih,6936.398873220724,6932.785097661061
4,2023-09-14,6959.33,6938.172225899739,Latih,6935.106129989666,6938.835377993627
4,2023-09-15,6982.79,6959.20320718293,Latih,6956.346130359218,6957.478308458373
4,2023-09-18,6936.08,6981.912236301947,Latih,6979.237262573886,6972.126321558403
4,2023-09-19,6980.32,6943.1116592497065,Latih,6939.999617407365,6931.255566108269
4,2023-09-20,7011.68,6977.646323261309,Latih,6974.973935123133,6974.005916125821
4,2023-09-21,6991.47,7009.119881551317,Latih,7006.677843616059,6991.547437011052
4,2023-09-22,7016.84,6994.249611144712,Latih,6991.596201236297,6970.3644230425825
4,2023-09-25,6998.38,7014.648493268542,Latih,7012.240326560787,6993.795090298702
4,2023-09-26,6923.8,7000.769770727207,Latih,6998.172028569033,6974.986630369472
4,2023-09-27,6937.83,6933.762967755837,Latih,6930.526067777914,6918.956044301432
4,2023-09-29,6939.89,6939.31154022698,Latih,6936.276859234018,6942.374843699976
4,2023-10-02,6961.46,6942.384668941541,Latih,6939.353504350825,6941.691730852171
4,2023-10-03,6940.89,6961.467925363824,Latih,6958.625017572686,6958.437872576758
4,2023-10-04,6886.58,6945.397139717385,Latih,6942.349970325275,6938.585015324993
4,2023-10-05,6874.83,6895.957635962405,Latih,6892.452532745638,6898.958911134043
4,2023-10-06,6888.52,6880.753514189756,Latih,6877.201792787349,6898.612364521661
4,2023-10-09,6891.46,6891.684715973176,Latih,6888.266204161681,6911.395184789936
4,2023-10-10,6922.19,6895.498099072018,Latih,6892.091118991412,6911.465254275839
4,2023-10-11,6931.75,6922.6858094233685,Latih,6919.547032581609,6935.322026745123
4,2023-10-12,6935.15,6933.8394236487575,Latih,6930.752798154992,6937.824412348314
4,2023-10-13,6926.78,6937.682360039992,Latih,6934.615747011942,6938.940249519391
4,2023-10-16,6896.29,6930.6570020497265,Latih,6927.512898892802,6931.749206929249
4,2023-10-17,6939.62,6903.1886517721805,Latih,6899.784128001967,6908.97845977966
4,2023-10-18,6927.91,6938.392518158002,Latih,6935.402593725962,6948.331758381768
4,2023-10-19,6846.43,6932.051100404305,Latih,6928.9122459948485,6931.906772776884
4,2023-10-20,6849.17,6859.60954262856,Latih,6855.7636328089575,6869.296868829762
4,2023-10-23,6741.96,6854.6434001350735,Latih,6850.907274462017,6884.9110910141835
4,2023-10-24,6806.76,6760.966793394409,Latih,6756.281213259421,6819.741737495094
4,2023-10-25,6834.39,6808.472909384398,Latih,6806.311123536852,6868.554313270484
4,2023-10-26,6714.52,6838.108371824654,Latih,6834.283431139023,6879.748909095561
4,2023-10-27,6758.79,6735.590909299572,Latih,6730.678624643404,6817.993387470275
4,2023-10-30,6735.89,6764.56910186293,Latih,6762.347731096469,6835.083748776347
4,2023-10-31,6752.21,6747.706518097839,Latih,6744.249972259125,6817.993387470275
4,2023-11-01,6642.42,6760.341468480549,Latih,6757.386281448625,6826.345644333988
4,2023-11-02,6751.39,6665.507357787799,Latih,6661.357169286471,6817.993387470275
4,2023-11-03,6788.85,6753.511826716683,Latih,6752.679305557332,6841.118205298813
4,2023-11-06,6878.84,6793.485873738553,Latih,6790.7337977201005,6852.811509701047
4,2023-11-07,6843.79,6875.4308188510295,Latih,6872.6113882160535,6917.913767162602
4,2023-11-08,6804.11,6852.8602739262915,Latih,6849.0425987482395,6875.302004762923
4,2023-11-09,6838.23,6814.928636066942,Latih,6810.797432259349,6849.653728773626
4,2023-11-10,6809.26,6841.232953777941,Latih,6837.44467675689,6883.227923710383
4,2023-11-13,6838.31,6818.9377483201315,Latih,6814.85786847177,6854.650510507259
4,2023-11-14,6862.06,6841.768636290462,Latih,6837.975679351719,6882.441542402542
4,2023-11-15,6958.21,6865.201914992367,Latih,6861.5881394327025,6896.461308872142
4,2023-11-16,6958.01,6951.584094331309,Latih,6948.822891180559,6968.705094877528
4,2023-11-17,6977.67,6960.101803091809,Latih,6957.209148551271,6952.682349491164
4,2023-11-20,6994.89,6977.307455850887,Latih,6974.588578806566,6968.288452923344
4,2023-11-21,6961.79,6994.170957500388,Latih,6991.58348013406,6978.684980574298
4,2023-11-22,6906.95,6966.729652493046,Latih,6963.831826772735,6949.624553324625
4,2023-11-23,7004.34,6915.692952297966,Latih,6912.345751055519,6911.646012864749
4,2023-11-24,7009.63,6996.056085230161,Latih,6993.626328846862,6997.838952879955
4,2023-11-27,7013.41,7009.495619473509,Latih,7007.010247051767,6985.960442674208
4,2023-11-28,7041.07,7013.285421992592,Latih,7010.82787051802,6988.08181575184
4,2023-11-29,7036.09,7037.859540519768,Latih,7035.642242057378,7009.36820160394
4,2023-11-30,7080.74,7035.997346972281,Latih,7033.7070831633155,7000.859645831635
4,2023-12-01,7059.91,7074.66401632434,Latih,7072.773174440919,7037.049526920373
4,2023-12-04,7093.6,7060.452218093929,Latih,7058.330483033714,7013.1826706505335
4,2023-12-05,7100.85,7088.084003508151,Latih,7086.281640510619,7043.306033902223
4,2023-12-06,7087.4,7097.481433371367,Latih,7095.707666997971,7043.490231325682
4,2023-12-07,7134.62,7086.353675044835,Latih,7084.4536284614205,7031.639955761486
4,2023-12-08,7159.6,7126.506076057022,Latih,7125.0369955957585,7071.263086524068
4,2023-12-11,7088.79,7152.659628021785,Latih,7151.361558475562,7083.259241069615
4,2023-12-12,7125.31,7092.883013471426,Latih,7090.933530409397,7023.0475751650865
4,2023-12-13,7075.34,7118.475440719191,Latih,7116.922742281024,7063.65907351738
4,2023-12-14,7176.02,7077.999582412302,Latih,7075.967308762132,7018.051232981734
4,2023-12-15,7190.99,7161.6854051948285,Latih,7160.594493110249,7106.046768697563
4,2023-12-18,7119.52,7183.902758541179,Latih,7182.838271185231,7101.293058269086
4,2023-12-19,7187.85,7122.642894496982,Latih,7120.931647687023,7042.210209196861
4,2023-12-20,7219.67,7176.043754659961,Latih,7175.0108632124175,7108.128065131965
4,2023-12-21,7209.62,7210.09819706209,Latih,7209.274531548098,7122.059223436181
4,2023-12-22,7237.52,7204.1704736901065,Latih,7203.224613198116,7108.848255338731
4,2023-12-26,7237.52,7227.704461118059,Latih,7227.0155048371125,7132.606620256966
4,2023-12-27,7245.92,7230.226859186964,Latih,7229.508634028512,7128.003236024445
4,2023-12-28,7303.89,7237.585965119678,Latih,7236.941791255552,7134.657044748134
4,2023-12-29,7272.8,7289.131612827861,Latih,7288.9904913319,7179.190365839076
4,2024-01-02,7323.59,7267.135482552133,Latih,7266.658854912601,7144.99852519042
4,2024-01-03,7279.09,7308.820569536772,Latih,7308.825120174971,7190.360062433553
4,2024-01-04,7359.76,7274.427052877031,Latih,7273.985330700956,7146.730560143061
4,2024-01-05,7350.62,7341.077044444174,Latih,7341.394348034948,7217.973283312396
4,2024-01-08,7283.58,7340.363059653133,Latih,7340.514833779424,7197.423066612555
4,2024-01-09,7200.2,7280.80441033014,Latih,7280.374013037765,7145.827361884184
4,2024-01-10,7227.3,7201.695960745885,Latih,7200.599722346141,7090.841586833061
4,2024-01-11,7219.96,7217.899335441665,Latih,7217.129967315273,7126.065439828699
4,2024-01-12,7241.14,7213.918974948005,Latih,7213.056422162131,7115.779859839741
4,2024-01-15,7224.0,7231.810739839154,Latih,7231.142726836281,7133.768067233628
4,2024-01-16,7242.79,7218.709555888251,Latih,7217.868153227643,7116.696451454226
4,2024-01-17,7200.63,7233.621428436118,Latih,7232.963912928181,7134.408466136521
4,2024-01-18,7252.97,7198.384854338242,Latih,7197.335311691834,7097.912399493517
4,2024-01-19,7227.4,7240.427062997896,Latih,7239.8839339865035,7146.328242356844
4,2024-01-22,7247.93,7222.757813972311,Latih,7221.93388989933,7117.437791786258
4,2024-01-23,7256.23,7238.431866706687,Latih,7237.816134331304,7137.91897323615
4,2024-01-24,7227.82,7247.55946440943,Latih,7246.995392119963,7141.106229888267
4,2024-01-25,7178.04,7223.420604083614,Latih,7222.596938569622,7117.232599372927
4,2024-01-26,7137.09,7177.240779353451,Latih,7176.007504689764,7082.488321589291
4,2024-01-29,7157.17,7136.8647765279475,Latih,7135.322213602132,7058.2644470680325
4,2024-01-30,7192.22,7150.754151699611,Latih,7149.431881032057,7080.926780433714
4,2024-01-31,7207.94,7183.27606326468,Latih,7182.242189292979,7105.377566323343
4,2024-02-01,7201.7,7200.217003331258,Latih,7199.285105024649,7112.046630027357
4,2024-02-02,7238.79,7196.171434260679,Latih,7195.167915114237,7104.510049204889
4,2024-02-05,7198.62,7228.10103889473,Latih,7227.431577961522,7134.919378697938
4,2024-02-06,7247.41,7196.262291889264,Latih,7195.199200751855,7096.980190916122
4,2024-02-07,7235.15,7235.374406666833,Latih,7234.784271631318,7142.255679727859
4,2024-02-12,7297.67,7229.0447792030145,Latih,7228.295164983349,7124.494125143354
4,2024-02-13,7209.74,7282.708748992764,Latih,7282.523982739532,7176.04039339311
4,2024-02-15,7303.28,7211.327645052746,Latih,7210.300855597332,7096.073631390394
4,2024-02-16,7335.54,7285.326245057666,Latih,7285.217701994264,7184.67667730577
4,2024-02-19,7296.7,7322.045448107807,Latih,7322.12342949876,7194.796882965637
4,2024-02-20,7352.6,7290.935216908539,Latih,7290.636374429549,7158.708098441431
4,2024-02-21,7349.02,7336.396402785867,Latih,7336.632001736253,7209.396105984524
4,2024-02-22,7339.64,7338.313979668706,Latih,7338.459238108486,7197.337069892957
4,2024-02-23,7295.1,7329.772742040246,Latih,7329.838829717724,7190.497667527271
4,2024-02-26,7283.82,7289.904135373915,Latih,7289.586883494938,7156.764200253555
4,2024-02-27,7285.32,7275.995058007323,Latih,7275.625111806475,7155.177992570469
4,2024-02-28,7328.64,7276.289453271709,Latih,7275.944483869158,7158.227333858082
4,2024-02-29,7316.11,7314.376795353976,Latih,7314.412786765185,7192.294497362448
4,2024-03-01,7311.91,7307.316066494074,Latih,7307.1958882761855,7175.221692211699
4,2024-03-04,7276.75,7302.503663175191,Latih,7302.35959410676,7173.962096242974
4,2024-03-05,7247.46,7271.321087170921,Latih,7270.870935971819,7146.804197743006
4,2024-03-06,7329.8,7242.4818829918695,Latih,7241.810146739561,7129.404212048119
4,2024-03-07,7373.96,7311.97002486476,Latih,7312.055969872561,7199.460097748114
4,2024-03-08,7381.91,7358.102119605633,Latih,7358.491406018826,7220.854457833842
4,2024-03-13,7421.21,7369.059435846899,Latih,7369.472561398838,7219.865624837951
4,2024-03-14,7433.31,7404.208048176863,Latih,7404.959834292033,7249.684250465711
4,2024-03-15,7328.05,7418.446995101074,Latih,7419.179027309517,7252.784631297668
4,2024-03-18,7302.45,7328.480671062558,Latih,7327.925131219714,7167.40953921921
4,2024-03-19,7336.75,7295.2954522682085,Latih,7295.055354391421,7164.498630414078
4,2024-03-20,7331.13,7323.03040271887,Latih,7323.120070976107,7195.89224226482
4,2024-03-21,7338.35,7321.208027255622,Latih,7321.211957352249,7185.781241304946
4,2024-03-22,7350.15,7327.025190804093,Latih,7327.098724980442,7192.427603529764
4,2024-03-25,7377.76,7338.015654307694,Latih,7338.185941257566,7200.583329706265
4,2024-03-26,7365.66,7363.270972346159,Latih,7363.672617879006,7220.506851129608
4,2024-03-27,7310.09,7355.166751120182,Latih,7355.432342913242,7206.36667373903
4,2024-03-28,7288.81,7305.389129775848,Latih,7305.176852846231,7164.344942951271
4,2024-04-01,7205.06,7281.722087892376,Latih,7281.380324621283,7156.657467103073
4,2024-04-02,7236.98,7206.426556000783,Latih,7205.3677569425845,7093.82835684544
4,2024-04-03,7166.84,7226.819103429394,Latih,7226.13009543665,7132.931266923017
4,2024-04-04,7254.4,7168.256837024758,Latih,7166.915071009467,7072.105264861642
4,2024-04-05,7286.88,7238.6249068475545,Latih,7238.129921519834,7153.036089909145
4,2024-04-16,7164.81,7274.996244634472,Latih,7274.695954225145,7164.317225427697
4,2024-04-17,7130.84,7170.989857245753,Latih,7169.577763185571,7062.2639926386455
4,2024-04-18,7166.81,7130.193127234047,Latih,7128.609401717251,7055.496624807176
4,2024-04-19,7087.32,7158.634409129688,Latih,7157.403978614875,7089.594039713204
4,2024-04-22,7073.82,7092.247061783136,Latih,7090.276997425617,7020.693550709539
4,2024-04-23,7110.81,7073.2332543051825,Latih,7071.227457095443,7023.115317620091
4,2024-04-24,7174.53,7104.418881305518,Latih,7102.753864842715,7054.643328433093
4,2024-04-25,7155.29,7163.586847996781,Latih,7162.44551690943,7099.014067632022
4,2024-04-26,7036.08,7152.491978373595,Latih,7151.113858964511,7073.260196151792
4,2024-04-29,7155.78,7046.315246834811,Latih,7043.9048565197545,6982.005963935304
4,2024-04-30,7234.2,7140.404035387106,Latih,7139.1757250559995,7096.491928122105
4,2024-05-01,7234.2,7219.928196113186,Latih,7219.266491949634,7138.860127954549
4,2024-05-02,7117.42,7227.018142138796,Latih,7226.274009369688,7125.921215624874
4,2024-05-03,7134.72,7124.709711628025,Latih,7122.93454903609,7033.4172902489245
4,2024-05-06,7135.89,7129.307769545382,Latih,7127.808075699872,7066.389146165906
4,2024-05-07,7123.61,7131.896927545136,Latih,7130.389373506373,7064.461537194309
4,2024-05-08,7088.79,7121.244452351396,Latih,7119.627165877883,7054.541197632608
4,2024-05-13,7099.26,7089.629152023853,Latih,7087.717418574155,7028.98569260841
4,2024-05-14,7083.76,7095.653679881157,Latih,7093.870863943161,7043.024359740074
4,2024-05-15,7179.83,7083.021056529344,Latih,7081.0904482734795,7029.018995006138
4,2024-05-16,7246.7,7165.7844959760405,Latih,7164.718405554364,7107.675431766573
4,2024-05-17,7317.24,7233.053581185418,Latih,7232.476839505511,7144.793487912483
4,2024-05-20,7266.69,7300.897805008974,Latih,7300.873707311239,7189.636459248138
4,2024-05-21,7186.04,7262.989644305787,Latih,7262.44501565226,7137.955998883313
4,2024-05-22,7222.38,7187.763664782119,Latih,7186.560176113916,7082.411943264067
4,2024-05-27,7176.42,7212.308772990778,Latih,7211.510859952048,7124.504467502897
4,2024-05-28,7253.63,7175.3296664453255,Latih,7174.087859335016,7082.102706713737
4,2024-05-29,7140.23,7238.816447346288,Latih,7238.304603972512,7150.845526446172
4,2024-05-30,7034.14,7146.449816793271,Latih,7144.85554206974,7048.2797263181765
4,2024-05-31,6970.74,7043.2541152573185,Latih,7040.842380435522,6982.954099746395
4,2024-06-03,7036.19,6978.11912422781,Latih,6975.259099831628,6950.23798452501
4,2024-06-04,7099.31,7029.726464110667,Latih,7027.510923849398,7012.542995712809
4,2024-06-05,6947.67,7090.941804297031,Latih,7089.214837100566,7051.7427102757065
4,2024-06-06,6974.9,6963.800075728939,Latih,6960.667866285488,6921.211014808458
4,2024-06-07,6897.95,6973.945827016878,Latih,6971.213375625657,6967.80034526472
4,2024-06-10,6921.55,6908.993482056896,Latih,6905.55304444317,6902.353790653982
4,2024-06-11,6855.69,6922.711898025315,Latih,6919.560684496205,6933.7442739409635
4,2024-06-12,6850.1,6867.147028407489,Latih,6863.389519906078,6877.681290431655
4,2024-06-13,6831.56,6856.2953593689535,Latih,6852.557708197865,6884.119900509156
4,2024-06-14,6734.83,6839.547433587344,Latih,6835.652009721429,6870.356340141331
4,2024-06-19,6726.92,6753.12820274534,Latih,6748.398202176115,6817.993387470275
4,2024-06-20,6819.32,6738.152440271398,Latih,6734.938668395002,6817.993387470275
4,2024-06-21,6879.98,6818.381381088524,Latih,6816.876774622231,6880.984872772729
4,2024-06-24,6889.17,6879.184345544017,Latih,6875.748691271579,6913.789389312307
4,2024-06-25,6882.7,6892.719779316225,Latih,6889.301577775515,6911.0603508997365
4,2024-06-26,6905.64,6887.8824509108435,Latih,6884.397437727488,6904.419004719296
4,2024-06-27,6967.95,6907.394708406964,Latih,6904.119024580756,6923.657784373206
4,2024-06-28,7063.58,6964.057160931276,Latih,6961.307515367315,6969.229840344833
4,2024-07-01,7139.63,7053.4699877429575,Latih,7051.499251132067,7034.699535985047
4,2024-07-02,7125.14,7128.741680495804,Latih,7127.341842131679,7079.16180506593
4,2024-07-03,7196.75,7122.922965593402,Latih,7121.315297514264,7055.136090153512
4,2024-07-04,7220.89,7184.3488762200595,Latih,7183.3886915601015,7114.250638557736
4,2024-07-05,7253.37,7211.971715493277,Latih,7211.149394486025,7121.557101880377
4,2024-07-08,7250.98,7242.609197437841,Latih,7242.048331279833,7143.302223090001
4,2024-07-09,7269.8,7243.451892893393,Latih,7242.835798535425,7136.050005443162
4,2024-07-10,7287.04,7259.7236305857505,Latih,7259.276220111928,7151.35209521658
4,2024-07-11,7300.41,7276.528775471531,Latih,7276.213695488058,7161.903060151408
4,2024-07-12,7327.58,7289.800556643093,Latih,7289.585487276399,7169.649177178214
4,2024-07-15,7278.86,7314.812363826123,Latih,7314.8231715918455,7188.965084978414
4,2024-07-16,7224.29,7274.586325213992,Latih,7274.1383976221905,7145.890036583014
4,2024-07-17,7224.22,7222.373905586081,Latih,7221.495373854713,7110.702536981169
4,2024-07-18,7321.07,7217.378907909469,Latih,7216.557155731992,7119.650953304832
4,2024-07-19,7294.5,7302.220799641695,Latih,7302.254102039422,7196.379367399289
4,2024-07-22,7321.98,7287.699609725559,Latih,7287.396630302751,7159.352944558927
4,2024-07-23,7313.86,7309.372024147597,Latih,7309.339549138632,7185.504324628187
4,2024-07-24,7262.76,7304.742784016218,Latih,7304.609677848901,7174.538269093107
4,2024-07-25,7240.28,7259.241056089481,Latih,7258.665400357327,7135.400608687467
4,2024-07-26,7288.17,7234.926892769414,Latih,7234.206340580064,7126.025052914684
4,2024-07-29,7288.9,7274.849848535143,Latih,7274.575776007257,7167.668770461152
4,2024-07-30,7241.86,7279.8190937364925,Latih,7279.501221315943,7160.345397380659
4,2024-07-31,7255.76,7238.67434332617,Latih,7237.940346069414,7122.963611066406
4,2024-08-01,7325.98,7246.598969478686,Latih,7246.037172508319,7141.735510754652
4,2024-08-02,7308.12,7309.373885772315,Latih,7309.417427105989,7195.064750077797
4,2024-08-05,7059.65,7300.075690848912,Latih,7299.887770176018,7169.331511604856
4,2024-08-06,7129.21,7080.913593925297,Latih,7078.418913379966,6975.460051877546
4,2024-08-07,7212.13,7119.257529947821,Latih,7117.769936662976,7071.556292417108
4,2024-08-08,7195.12,7198.1909350968135,Latih,7197.362305250241,7125.761943287915
4,2024-08-13,7356.64,7284.649130778396,Uji,7284.441042504393,7172.403502659868
4,2024-08-14,7436.04,7340.0199518753,Uji,7340.290094306559,7212.442809970454
4,2024-08-15,7409.5,7414.9155964351685,Uji,7415.82479326258,7265.1725027109005
4,2024-08-16,7432.09,7399.504032785989,Uji,7399.6332605684765,7231.477302167493
4,2024-08-19,7466.83,7416.234143853286,Uji,7417.053051881889,7253.750349119981
4,2024-08-20,7533.98,7448.811645600898,Uji,7449.813406546218,7275.2046431792605
4,2024-08-21,7554.59,7511.147528731933,Uji,7512.33917539846,7313.546717577067
4,2024-08-22,7488.68,7536.855428423994,Uji,7538.035491647833,7319.419729867069
4,2024-08-23,7544.3,7482.038957798587,Uji,7482.62371480714,7272.805060629927
4,2024-08-26,7606.19,7522.64957705032,Uji,7523.8247793651735,7317.718618569461
4,2024-08-27,7597.88,7582.8499697829475,Uji,7584.448278026699,7348.775379769892
4,2024-08-28,7658.88,7582.840558235763,Uji,7584.256220409989,7338.200162001937
4,2024-08-29,7627.6,7634.826325054292,Uji,7636.773687932615,7374.716965075825
4,2024-08-30,7670.73,7614.7735241366645,Uji,7616.345355939987,7350.663429216237
4,2024-09-02,7694.53,7648.572768817074,Uji,7650.566568889743,7379.136772426461
4,2024-09-03,7616.52,7674.253881797918,Uji,7676.3710662199355,7389.33930326829
4,2024-09-04,7672.9,7609.304898104789,Uji,7610.718491807105,7338.384307713598
4,2024-09-05,7681.04,7649.166833949214,Uji,7651.199004175789,7381.268798134422
4,2024-09-06,7721.85,7662.79599535478,Uji,7664.794863183626,7381.425795152281
4,2024-09-09,7702.74,7699.170280714166,Uji,7701.500000624788,7404.188811388112
4,2024-09-10,7761.39,7687.3315885926595,Uji,7689.4256061293,7389.957569521761
4,2024-09-11,7760.96,7736.020211188928,Uji,7738.645515735285,7425.137622624735
4,2024-09-12,7798.15,7742.474153814452,Uji,7744.989415655273,7420.195939811567
4,2024-09-13,7812.13,7774.708185801646,Uji,7777.53919987931,7441.567960400683
4,2024-09-17,7831.78,7791.173325617456,Uji,7794.055120680475,7446.61192914973
4,2024-09-18,7829.13,7809.858556332732,Uji,7812.881421179916,7456.766885137661
4,2024-09-19,7905.39,7809.845318112518,Uji,7812.810265746261,7453.673485398395
4,2024-09-20,7743.0,7875.73721472517,Uji,7879.352489926967,7497.63957978021
4,2024-09-23,7775.73,7743.645839727062,Uji,7745.747924304145,7393.270692689514
4,2024-09-24,7778.49,7753.155122208733,Uji,7755.828725574154,7430.142342119317
4,2024-09-25,7740.9,7759.360951628823,Uji,7761.998667006631,7429.105727422338
4,2024-09-26,7744.52,7727.051006722585,Uji,7729.365316517487,7407.3176337088125
4,2024-09-27,7696.92,7725.817680347101,Uji,7728.230759675637,7412.4037475729965
4,2024-09-30,7527.93,7684.918302416931,Uji,7686.921720883976,7384.8035580671785
4,2024-10-01,7642.13,7532.679390487783,Uji,7533.338405637853,7279.223322115027
4,2024-10-02,7563.26,7612.143462104918,Uji,7614.075725138309,7370.706301468704
4,2024-10-03,7543.83,7556.971007464047,Uji,7558.0284103037075,7310.248487407055
4,2024-10-04,7496.09,7530.923257837408,Uji,7531.959045145623,7308.2325029731655
4,2024-10-07,7504.13,7487.219031999218,Uji,7487.885907342541,7279.211221554362
4,2024-10-08,7557.14,7488.641209859955,Uji,7489.462806902039,7291.140409321869
4,2024-10-09,7501.29,7535.594384524935,Uji,7536.850153820627,7323.848741917698
4,2024-10-10,7480.08,7493.282447128403,Uji,7493.969283225644,7280.827215232932
4,2024-10-11,7520.6,7468.369047496423,Uji,7468.977488508329,7274.451460845552
4,2024-10-14,7559.65,7501.075001349557,Uji,7502.064972004999,7304.287927043523
4,2024-10-15,7626.95,7539.6904760218795,Uji,7540.937557735556,7323.970368065922
4,2024-10-16,7648.94,7602.658277320982,Uji,7604.404481306196,7359.4575892473185
4,2024-10-17,7735.04,7629.581611106519,Uji,7631.392041144494,7366.686898567769
4,2024-10-18,7760.06,7706.883612461223,Uji,7709.383153915538,7414.326133653024
4,2024-10-21,7772.6,7738.625554981368,Uji,7741.18104860081,7421.788921740154
4,2024-10-22,7788.98,7752.423917389054,Uji,7755.040017235417,7426.980786230664
4,2024-10-23,7787.56,7768.102934456011,Uji,7770.835075576445,7435.374955506425
4,2024-10-24,7716.55,7768.7769460274185,Uji,7771.467407438895,7433.249031790596
4,2024-10-25,7694.66,7706.968833503855,Uji,7709.060575721396,7391.970864942169
4,2024-10-28,7634.63,7679.700375180373,Uji,7681.735544691215,7385.745850445127
4,2024-10-29,7606.6,7625.041211843613,Uji,7626.607769043569,7350.39302822599
4,2024-10-30,7569.85,7593.720823898435,Uji,7595.158825569272,7340.0651996983
4,2024-10-31,7574.02,7558.555870640393,Uji,7559.733451697942,7319.529358878222
4,2024-11-01,7505.26,7557.897786302681,Uji,7559.177343025322,7327.371453001588
4,2024-11-04,7479.5,7498.693673064817,Uji,7499.383508446324,7281.133555922591
4,2024-11-05,7491.93,7468.327678058252,Uji,7468.924121933088,7273.518269744001
4,2024-11-06,7383.87,7476.119301467047,Uji,7476.867674603568,7285.328675512159
4,2024-11-07,7243.86,7383.760893089866,Uji,7383.571783045625,7201.953692345693
4,2024-11-08,7287.19,7249.641484809001,Uji,7248.462559244712,7108.878248181406
4,2024-11-11,7266.46,7274.314838275992,Uji,7274.02845834025,7166.301820800374
4,2024-11-12,7321.99,7260.071340713581,Uji,7259.556342920145,7142.73189367301
4,2024-11-13,7308.67,7306.845695982065,Uji,7306.8427484095955,7190.138735939337
4,2024-11-14,7214.56,7300.196799879159,Uji,7300.017980482663,7170.4254746855
4,2024-11-15,7161.26,7216.544796612338,Uji,7215.549034235552,7098.076739586653
4,2024-11-18,7134.28,7161.341366604635,Uji,7159.97389982588,7071.384454113303
4,2024-11-19,7195.71,7132.885915676421,Uji,7131.336216522521,7058.807214096842
4,2024-11-20,7180.33,7184.264120583606,Uji,7183.285216252875,7111.918798463407
4,2024-11-21,7140.91,7176.343941645693,Uji,7175.164602387022,7089.600296840728
4,2024-11-22,7195.56,7140.41841126687,Uji,7138.907185690469,7060.912504805384
4,2024-11-25,7314.11,7184.73211235292,Uji,7183.744830710959,7110.706053383414
4,2024-11-26,7245.89,7293.532183389748,Uji,7293.534096726264,7195.595002851559
4,2024-11-28,7200.16,7244.48426722296,Uji,7243.759319530804,7121.996290178363
4,2024-11-29,7114.27,7198.2532995248575,Uji,7197.1964138031735,7097.028593158783
4,2024-12-02,7046.99,7118.872535613839,Uji,7117.105336638753,7036.538562647159
4,2024-12-03,7196.02,7052.164626833257,Uji,7049.89359981304,6997.416105510046
4,2024-12-04,7326.76,7176.643818360638,Uji,7175.759288060735,7126.566785707539
4,2024-12-05,7313.31,7304.656115043249,Uji,7304.769363880243,7205.539388399198
4,2024-12-06,7382.79,7304.693037266817,Uji,7304.5502092815295,7173.313888858627
4,2024-12-09,7437.73,7364.346888009402,Uji,7364.831582689378,7230.569656694012
4,2024-12-10,7453.29,7418.760472018817,Uji,7419.657154591182,7262.62486928471
4,2024-12-11,7464.75,7437.714190387826,Uji,7438.335662772756,7265.434371254525
4,2024-12-12,7394.24,7449.473866882427,Uji,7450.039490525825,7270.8968952942705
4,2024-12-13,7324.79,7389.599051628208,Uji,7389.547029559708,7214.652558510378
4,2024-12-16,7258.63,7321.102793747274,Uji,7320.738897826759,7171.273599879812
4,2024-12-17,7157.73,7256.610994057735,Uji,7255.987453200897,7130.325767995184
4,2024-12-18,7107.88,7162.2331882680155,Uji,7160.7882572162835,7061.316942775306
4,2024-12-19,6977.24,7109.438286950651,Uji,7107.659245973888,7038.477703349645
4,2024-12-20,6983.87,6990.480467488815,Uji,6987.60037891512,6943.220021321817
4,2024-12-23,7096.44,6984.47768444245,Uji,6981.793350879002,6970.026745003508
4,2024-12-24,7065.75,7083.697188284457,Uji,7081.999851948082,7058.101916887817
4,2024-12-27,7036.57,7066.987813648043,Uji,7064.901242610274,7015.218150432162
4,2024-12-30,7079.9,7038.649231382663,Uji,7036.337248618657,6997.167785457423
4,2025-01-02,7163.21,7073.971543641149,Uji,7072.072686429082,7036.304928745086
4,2025-01-03,7164.43,7150.875053882666,Uji,7149.666238899298,7095.147317957939
4,2025-01-06,7080.47,7159.475966925689,Uji,7158.190411634514,7082.367884812415
4,2025-01-07,7083.28,7086.03073486811,Uji,7084.002649873555,7015.660182879023
4,2025-01-08,7080.35,7080.901648500025,Uji,7078.986605495274,7031.739035565907
4,2025-01-09,7064.59,7078.588786635458,Uji,7076.644836735784,7028.9544586825905
4,2025-01-10,7088.87,7064.516920529662,Uji,7062.436916890201,7016.954115481429
4,2025-01-13,7016.88,7084.363236239016,Uji,7082.5142291999455,7038.787146747167
4,2025-01-14,6956.67,7023.48955590015,Uji,7020.979413527302,6977.756262543249
4,2025-01-15,7079.56,6964.232205366538,Uji,6961.266094217346,6941.940645590468
4,2025-01-16,7107.52,7066.449855816422,Uji,7064.6320309913735,7049.218760852869
4,2025-01-17,7154.66,7102.055497014584,Uji,7100.355419952931,7051.090210812148
4,2025-01-20,7170.74,7145.88176269538,Uji,7144.5684898806285,7083.81746992594
4,2025-01-21,7181.82,7164.230970149109,Uji,7163.010158028672,7088.776889885725
4,2025-01-22,7257.13,7175.39177231438,Uji,7174.251837445568,7094.900497547449
4,2025-01-23,7232.64,7242.370961185772,Uji,7241.884301457483,7152.726956782409
4,2025-01-24,7166.06,7227.7245770073705,Uji,7226.942642914133,7120.902120250527
4,2025-01-30,7073.48,7167.181179920504,Uji,7165.837035162518,7072.203465565502
4,2025-01-31,7109.2,7080.054350694478,Uji,7077.962867035925,7009.854292502455
4,2025-02-03,7030.06,7102.977621791425,Uji,7101.298746566834,7053.424119378385
4,2025-02-04,7073.46,7036.874223926122,Uji,7034.459127837474,6984.842045769144
4,2025-02-05,7024.23,7067.740995981751,Uji,7065.79223688489,7032.277820786291
4,2025-02-06,6875.54,7028.53548969751,Uji,7026.106431423479,6986.120904382516
4,2025-02-07,6742.58,6893.820542498269,Uji,6890.1304144692795,6876.463193180597
4,2025-02-10,6648.14,6763.894068983518,Uji,6759.186278631411,6820.086008788377
4,2025-02-11,6531.99,6669.821265840691,Uji,6665.8465807168295,6817.993387470275
4,2025-02-12,6645.78,6597.083153833005,Uji,6594.777508996206,6817.993387470275
4,2025-02-13,6613.57,6654.099883883457,Uji,6653.762845777879,6818.020019046097
4,2025-02-14,6638.46,6632.681852722324,Uji,6629.866436215646,6817.993387470275
4,2025-02-17,6830.88,6652.145585160265,Uji,6650.702043863097,6817.993387470275
4,2025-02-18,6873.55,6823.600807967216,Uji,6823.427676868469,6904.737264978328
4,2025-02-19,6794.87,6874.596293859518,Uji,6871.091785328424,6906.788697849552
4,2025-02-20,6788.04,6809.524261943726,Uji,6805.2802229935205,6837.424276452692
4,2025-02-21,6803.0,6796.427189080741,Uji,6792.382886949207,6844.995917874011
4,2025-02-24,6749.6,6808.915795075921,Uji,6805.191640684036,6857.972941798601
4,2025-02-25,6587.09,6763.485765556716,Uji,6758.922858733855,6821.622805848747
4,2025-02-26,6606.18,6641.139271990665,Uji,6637.773370469369,6817.993387470275
4,2025-02-27,6485.45,6622.072660303271,Uji,6620.777286234504,6817.993387470275
4,2025-02-28,6270.6,6584.303879054861,Uji,6583.988708575742,6817.993387470275
4,2025-03-03,6519.66,6588.487893535869,Uji,6589.609066718074,6818.059294156461
4,2025-03-04,6380.4,6630.241579452164,Uji,6633.844889836766,6818.230279215603
4,2025-03-05,6531.4,6587.119030538576,Uji,6587.859456218185,6818.031292217999
4,2025-03-06,6617.85,6610.344372869884,Uji,6612.6189583081805,6818.142162312298
4,2025-03-07,6636.0,6629.365310111947,Uji,6628.820067380822,6818.020639587669
4,2025-03-10,6598.21,6650.300185019085,Uji,6648.68939484016,6817.993387470275
4,2025-03-11,6545.85,6618.552890327876,Uji,6615.7470922155735,6817.993387470275
4,2025-03-12,6665.04,6587.845443936998,Uji,6586.45171887696,6817.993387470275
4,2025-03-13,6647.42,6671.888057115835,Uji,6671.535098240536,6818.008797585993
4,2025-03-14,6515.63,6663.6551963290685,Uji,6660.884788478325,6817.993387470275
4,2025-03-17,6471.95,6591.92123370536,Uji,6589.576436573716,6817.993387470275
4,2025-03-18,6223.39,6586.88883062307,Uji,6588.5948529254665,6818.034058799177
4,2025-03-19,6311.66,6589.042612453924,Uji,6590.31195286453,6818.0703604811715
4,2025-03-20,6381.67,6598.9399111777575,Uji,6604.099604466114,6818.2692181992825
4,2025-03-21,6258.18,6595.40884540655,Uji,6599.550171798545,6818.198062765628
4,2025-03-24,6161.22,6591.479498601335,Uji,6594.833344809788,6818.1425760066795
4,2025-03-25,6235.62,6596.425677108917,Uji,6601.204102544713,6818.242095361381
4,2025-03-26,6472.36,6601.258354684491,Uji,6607.138318979298,6818.319456210761
4,2025-03-27,6510.62,6611.4451392839155,Uji,6615.240103286808,6818.258565568953
