Fold,Date,Actual_Close,Predicted_GANN,Data,Predicted_GADAM,Predicted_ADAM
1,2022-01-05,6662.3,6690.852488238531,Latih,6702.076551831681,6796.612157455715
1,2022-01-06,6653.35,6667.109013845041,Latih,6678.2255485752385,6802.0912974197
1,2022-01-07,6701.32,6654.524808253509,Latih,6666.539423160865,6791.212334798606
1,2022-01-10,6691.12,6694.207542797345,Latih,6705.548092475255,6793.660831998022
1,2022-01-11,6647.97,6692.423103848713,Latih,6703.057362344284,6806.960544476543
1,2022-01-12,6647.06,6654.346354863358,Latih,6665.7671186253565,6799.282759994897
1,2022-01-13,6658.36,6647.082295911175,Latih,6659.471236177398,6786.240137717755
1,2022-01-14,6693.4,6656.603189671797,Latih,6668.811244699075,6787.1764153290105
1,2022-01-17,6645.05,6688.165954715924,Latih,6699.552662044484,6794.316302288206
1,2022-01-18,6614.06,6652.224347871256,Latih,6663.642516254498,6799.6542789686055
1,2022-01-19,6591.98,6618.666401233531,Latih,6631.546443077185,6781.83259377125
1,2022-01-20,6626.87,6595.282974978168,Latih,6609.133556597761,6770.172527647643
1,2022-01-21,6726.37,6621.749653169521,Latih,6635.524420188526,6767.282204141049
1,2022-01-24,6655.17,6711.7804514456,Latih,6723.171178446136,6788.397446081073
1,2022-01-25,6568.17,6665.796775575294,Latih,6676.384834218935,6810.62844767872
1,2022-01-26,6600.82,6584.817235427538,Latih,6594.77291975059,6779.957696377664
1,2022-01-27,6611.16,6596.059217420671,Latih,6610.728796655169,6757.351314389136
1,2022-01-28,6645.51,6609.607128818265,Latih,6623.493668566503,6768.253023500471
1,2022-01-31,6631.15,6640.4418663829665,Latih,6653.536818248045,6775.031076679855
1,2022-02-02,6707.65,6633.186052505979,Latih,6645.849506827306,6783.799511057169
1,2022-02-03,6683.85,6696.408223526794,Latih,6708.047484419068,6787.678146353991
1,2022-02-04,6731.39,6687.197846788781,Latih,6697.772084513027,6808.0815581935985
1,2022-02-07,6804.94,6724.298037040554,Latih,6734.550067987466,6806.028972308073
1,2022-02-08,6789.52,6793.98970657769,Latih,6802.078341626558,6828.162214639224
1,2022-02-09,6834.61,6791.440896934302,Latih,6798.442785705956,6848.577421736757
1,2022-02-10,6823.64,6827.729102896488,Latih,6834.226623063125,6848.776696183721
1,2022-02-11,6815.61,6824.871000067627,Latih,6830.728812122382,6861.129960542363
1,2022-02-14,6734.49,6816.427452248966,Latih,6822.628065305984,6856.979570099156
1,2022-02-15,6807.5,6746.43880174997,Latih,6753.993759404447,6845.88941116933
1,2022-02-16,6850.2,6796.624142619404,Latih,6804.610861575637,6829.366217174567
1,2022-02-17,6835.12,6843.6427415943535,Latih,6849.535939422885,6855.839164893668
1,2022-02-18,6892.82,6836.92870775763,Latih,6842.298187693992,6867.0355866480295
1,2022-02-21,6902.96,6884.037343164727,Latih,6888.675601512239,6868.68633193974
1,2022-02-22,6861.99,6901.032368577169,Latih,6904.429044148969,6887.081743546769
1,2022-02-23,6920.06,6867.529679241223,Latih,6871.42717851047,6885.739363012359
1,2022-02-24,6817.82,6911.18620769446,Latih,6914.852380644132,6879.662568512603
1,2022-02-25,6888.17,6832.785280525722,Latih,6836.934130622187,6882.158921964213
1,2022-03-01,6921.44,6877.566726314469,Latih,6882.605411512896,6862.998612146419
1,2022-03-02,6868.4,6916.146145303298,Latih,6919.305354269196,6887.6643744266485
1,2022-03-04,6928.33,6875.760828014656,Latih,6879.1186151063885,6890.735361615465
1,2022-03-07,6869.07,6919.176112847377,Latih,6922.579392919591,6882.470620622679
1,2022-03-08,6814.18,6877.375533412738,Latih,6880.578631710454,6891.803518228577
1,2022-03-09,6864.44,6821.950228337085,Latih,6827.2010382724175,6870.45576833312
1,2022-03-10,6924.01,6856.771137974303,Latih,6862.292036105436,6859.367107548755
1,2022-03-11,6922.6,6914.914121117641,Latih,6918.466034100105,6880.820297343775
1,2022-03-14,6952.2,6922.313356046727,Latih,6924.791246438077,6898.540720568346
1,2022-03-15,6918.19,6947.393661506229,Latih,6949.379780374819,6901.28538635497
1,2022-03-16,6992.4,6922.617880487492,Latih,6924.65295284157,6903.262094337987
1,2022-03-17,6964.38,6981.095055571853,Latih,6982.459338570891,6904.264374752092
1,2022-03-18,6954.96,6967.8788383269875,Latih,6968.364575066623,6916.503379143525
1,2022-03-21,6955.18,6955.785470554883,Latih,6956.95275797611,6911.049454444696
1,2022-03-22,7000.82,6954.612865772302,Latih,6955.950013347919,6909.777381243754
1,2022-03-23,6996.12,6993.629764336408,Latih,6994.164454561532,6916.262663039018
1,2022-03-24,7049.69,6996.206827737154,Latih,6995.98206371671,6922.93464329963
1,2022-03-25,7002.53,7041.286742082901,Latih,7040.211622258491,6931.162162762931
1,2022-03-28,7049.6,7008.740397067132,Latih,7007.502211494508,6930.785896145157
1,2022-03-29,7011.69,7042.135705244608,Latih,7040.943941080637,6932.037670530132
1,2022-03-30,7053.19,7016.551811903778,Latih,7015.154991717402,6932.291848843149
1,2022-03-31,7071.44,7046.525229244299,Latih,7045.101611244746,6933.905246001534
1,2022-04-01,7078.76,7068.107976970743,Latih,7065.599701657366,6942.695435138993
1,2022-04-04,7116.22,7076.996410689426,Latih,7074.023625880551,6946.444048290306
1,2022-04-05,7148.3,7110.0516187465955,Latih,7106.288403952198,6953.670679981763
1,2022-04-06,7104.22,7142.86416944035,Latih,7137.848969254574,6964.192303259429
1,2022-04-07,7127.37,7109.844916874246,Latih,7105.009156533555,6961.341395748909
1,2022-04-08,7210.83,7123.25285453685,Latih,7118.8252227807825,6959.055774391944
1,2022-04-11,7203.79,7197.886916500419,Latih,7191.572254482596,6976.106906406937
1,2022-04-12,7214.78,7203.927481200784,Latih,7196.1967130113535,6986.533492400705
1,2022-04-13,7262.78,7212.298231810422,Latih,7204.505090128273,6987.377391408741
1,2022-04-14,7235.53,7254.886540348626,Latih,7246.050984834528,6996.861116391481
1,2022-04-18,7275.29,7238.542490789985,Latih,7229.298384678457,6999.011609247984
1,2022-04-19,7199.23,7268.569334951738,Latih,7259.132242384054,7001.817319186987
1,2022-04-20,7227.36,7209.342285312505,Latih,7200.502509670347,6994.731892980397
1,2022-04-21,7276.19,7222.385308501813,Latih,7214.456152092309,6988.829368668854
1,2022-04-22,7225.61,7268.15804127107,Latih,7258.855908398726,7000.831623876155
1,2022-04-25,7215.98,7232.005765633677,Latih,7222.68789168367,6999.229958673776
1,2022-04-26,7232.15,7216.474723745676,Latih,7208.258050011486,6990.607350821554
1,2022-04-27,7196.76,7228.896079870556,Latih,7220.574198343846,6991.950195570052
1,2022-04-28,7228.91,7201.001793021052,Latih,7193.000810031979,6988.329705506622
1,2022-05-09,6909.75,7223.352519651744,Latih,7215.441847403141,6988.7431936538815
1,2022-05-10,6819.79,6957.499644371326,Latih,6953.915827220732,6940.301440893464
1,2022-05-11,6816.2,6832.882385672368,Latih,6837.213081086912,6881.053290613934
1,2022-05-12,6599.84,6816.3753969693535,Latih,6822.636674367225,6855.887696366351
1,2022-05-13,6597.99,6633.649670499423,Latih,6642.262988794754,6831.596512652673
1,2022-05-17,6644.47,6598.215942878802,Latih,6612.350929478636,6766.54961101058
1,2022-05-18,6793.41,6637.651375280778,Latih,6651.007426468891,6770.968718107967
1,2022-05-19,6823.33,6771.58713567379,Latih,6781.480571789176,6800.851888009938
1,2022-05-20,6918.14,6818.655722065603,Latih,6825.2788121426465,6848.736562765876
1,2022-05-23,6840.77,6903.9625511932845,Latih,6908.375306997943,6867.858891431136
1,2022-05-24,6914.14,6851.897480883638,Latih,6855.738261631768,6885.696676417037
1,2022-05-25,6883.5,6903.064634546088,Latih,6907.225723013926,6872.66291640882
1,2022-05-27,7026.26,6887.489091407701,Latih,6890.833015378759,6891.395347442673
1,2022-05-30,7037.56,7005.007567194762,Latih,7006.419326634469,6897.48077210431
1,2022-05-31,7148.97,7035.278587966031,Latih,7033.859696509904,6933.3381873941935
1,2022-06-02,7148.72,7132.075707465489,Latih,7128.499486545403,6953.376537056023
1,2022-06-03,7182.96,7147.953053062044,Latih,7142.326440723024,6968.81131782299
1,2022-06-06,7096.58,7177.164315275039,Latih,7170.943382301415,6974.452616207657
1,2022-06-07,7141.04,7108.474599092083,Latih,7103.005270925835,6964.889595018682
1,2022-06-08,7193.31,7133.826132181963,Latih,7129.300255844672,6960.2605787516195
1,2022-06-09,7182.83,7184.895927490083,Latih,7178.635662922945,6975.101503098068
1,2022-06-10,7086.65,7183.493325728265,Latih,7176.45233747014,6980.62518651372
1,2022-06-13,6995.44,7100.058988521174,Latih,7094.74268219836,6963.225429719742
1,2022-06-14,7049.88,7008.308044947447,Latih,7006.347415652337,6934.744756076388
1,2022-06-15,7007.05,7041.350930230684,Latih,7040.285010285444,6931.099198452285
1,2022-06-16,7050.33,7012.628780859772,Latih,7011.307965179744,6931.561555682472
1,2022-06-17,6936.97,7043.41212517745,Latih,7042.124099892445,6932.786574455551
1,2022-06-20,6976.38,6953.345814523751,Latih,6953.016180321032,6920.0068028545875
1,2022-06-21,7044.07,6970.123313435372,Latih,6971.421467027721,6908.184071894932
1,2022-06-22,6984.31,7033.635270099706,Latih,7033.0224231029215,6927.251201285175
1,2022-06-23,6998.27,6992.419642615378,Latih,6991.549578813374,6926.984826802066
1,2022-06-24,7042.94,6995.6588019073615,Latih,6995.700918785394,6920.99760452037
1,2022-06-27,7016.06,7035.831593546934,Latih,7034.834799299306,6930.341854270748
1,2022-06-28,6996.46,7019.322705786291,Latih,7017.972180404727,6932.091097351364
1,2022-06-29,6942.35,6998.698349142135,Latih,6998.186489809812,6925.108009250214
1,2022-06-30,6911.58,6949.699117465073,Latih,6950.443674658591,6913.41542703991
1,2022-07-01,6794.33,6915.549039384176,Latih,6917.881440860679,6900.798088167952
1,2022-07-04,6639.17,6811.6342518997535,Latih,6816.312896872794,6877.086961056038
1,2022-07-05,6703.27,6662.607856907858,Latih,6672.042944914713,6829.304540002979
1,2022-07-06,6646.41,6693.825188644844,Latih,6705.393171574195,6789.615459441574
1,2022-07-07,6652.59,6654.875822680009,Latih,6666.07075683923,6802.760862937603
1,2022-07-08,6740.22,6651.580641188038,Latih,6663.901611016704,6786.363935174377
1,2022-07-11,6722.15,6727.32566241356,Latih,6737.999758918011,6797.595742702517
1,2022-07-12,6718.29,6724.546834690294,Latih,6733.92084689381,6821.951452174222
1,2022-07-13,6640.99,6718.639815942368,Latih,6728.414634808325,6816.117251735961
1,2022-07-14,6690.09,6652.578258360636,Latih,6663.546909253313,6806.686911373172
1,2022-07-15,6651.9,6682.829855992512,Latih,6694.594823949355,6788.750987309249
1,2022-07-18,6659.25,6657.512495389594,Latih,6668.894898187533,6799.394319080147
1,2022-07-19,6736.09,6658.062451927973,Latih,6670.165673699095,6788.723683080704
1,2022-07-20,6874.74,6724.759761251531,Latih,6735.383279521191,6799.151809421214
1,2022-07-21,6864.13,6854.290778808038,Latih,6861.071764976424,6837.041954894104
1,2022-07-22,6886.96,6865.252983455104,Latih,6869.662384257955,6877.502242757721
1,2022-07-25,6858.41,6883.2216768134085,Latih,6887.427414236114,6876.76234880571
1,2022-07-26,6871.54,6862.131966648143,Latih,6866.416050748271,6880.556159528538
1,2022-07-27,6898.22,6869.223955153865,Latih,6873.804946363612,6873.3961425584985
1,2022-07-28,6956.82,6893.910058451341,Latih,6897.782152549671,6880.190401029631
1,2022-07-29,6951.12,6947.818797206932,Latih,6950.173755267912,6894.465659410999
1,2022-08-01,6968.78,6951.413460086638,Latih,6952.787364977652,6909.362753661919
1,2022-08-02,6988.16,6965.675171856936,Latih,6966.845286763963,6911.498476070214
1,2022-08-03,7046.63,6984.7799869907485,Latih,6985.28534732586,6917.164335600187
1,2022-08-04,7057.35,7037.52335848338,Latih,7036.648525936669,6929.549145416072
1,2022-08-05,7084.65,7055.12500620372,Latih,7052.984304044315,6939.4484686101005
1,2022-08-08,7086.85,7079.99261720903,Latih,7077.1765257550005,6945.463121724182
1,2022-08-09,7102.88,7085.814705879761,Latih,7082.456749982906,6949.620158869082
1,2022-08-10,7086.24,7099.825151225403,Latih,7096.14612798579,6952.583110779578
1,2022-08-11,7160.38,7087.926711168362,Latih,7084.243087989164,6952.051416845376
1,2022-08-12,7129.28,7148.852784364305,Latih,7144.179203544936,6962.0302472520425
1,2022-08-15,7093.28,7132.995526577313,Latih,7127.498598773558,6967.173654928263
1,2022-08-16,7133.45,7097.753026146964,Latih,7093.459383456781,6956.885742342527
1,2022-08-18,7186.56,7126.86625478514,Latih,7122.533955721933,6958.543957260902
1,2022-08-19,7172.43,7178.033914862957,Latih,7172.0316689253705,6972.928221550044
1,2022-08-22,7107.98,7173.634895575132,Latih,7166.900288614119,6977.963509545384
1,2022-08-23,7163.27,7116.541795890408,Latih,7111.195146846848,6965.31662977701
1,2022-08-24,7194.71,7154.461292353951,Latih,7149.336200033508,6965.529282029923
1,2022-08-25,7174.21,7189.302416404573,Latih,7182.607647452441,6978.42160444623
1,2022-08-26,7135.25,7176.332443631973,Latih,7169.416413365687,6979.390714653789
1,2022-08-29,7132.04,7140.092558136067,Latih,7134.236033220371,6970.084530458507
1,2022-08-30,7159.47,7131.723622181495,Latih,7126.641828374941,6964.140395684298
1,2022-09-02,7177.18,7155.972309205615,Uji,7149.72289036759,6973.65197351223
1,2022-09-05,7231.88,7172.859742453184,Uji,7166.659108295525,6974.1028941953755
1,2022-09-06,7233.15,7223.0615840233295,Uji,7215.459993953796,6986.515599057733
1,2022-09-07,7186.76,7232.046700875852,Uji,7223.41409132013,6994.324692823947
1,2022-09-08,7232.02,7192.60437120208,Uji,7184.7597861588865,6986.8109236193295
1,2022-09-09,7242.66,7224.564751436803,Uji,7216.784101333709,6987.869627145588
1,2022-09-12,7254.46,7240.190197589492,Uji,7231.388614106271,6995.920618652166
1,2022-09-13,7318.02,7251.80631107936,Uji,7242.602211781835,6999.354790061773
1,2022-09-14,7278.08,7307.8027260852905,Uji,7297.269117643936,7011.5304081297545
1,2022-09-15,7305.6,7282.866495797734,Uji,7271.859220182994,7013.7387167406705
1,2022-09-16,7168.87,7300.605213277443,Uji,7289.853086605173,7012.752641618315
1,2022-09-19,7195.49,7188.254094393341,Uji,7179.172378809538,6993.909432222903
1,2022-09-20,7196.95,7190.777519966452,Uji,7183.9658112657935,6979.3288475764375
1,2022-09-21,7188.31,7195.869315476506,Uji,7188.54114750394,6983.268716931401
1,2022-09-22,7218.91,7188.699993124095,Uji,7181.495981319037,6982.03922482258
1,2022-09-23,7178.58,7213.590224015804,Uji,7206.010325404495,6985.911698732435
1,2022-09-26,7127.5,7183.560425764409,Uji,7176.121606034126,6983.47681144601
1,2022-09-27,7112.45,7134.103732205709,Uji,7128.302237759907,6969.40682009345
1,2022-09-28,7077.03,7113.870708036499,Uji,7109.274608768301,6959.816325870807
1,2022-09-29,7036.2,7081.441766983343,Uji,7077.742824739289,6951.854041456038
1,2022-09-30,7040.8,7041.449596824713,Uji,7039.118144877023,6940.165299562268
1,2022-10-03,7009.72,7039.481793311901,Uji,7037.822903173036,6935.2560245907825
1,2022-10-04,7072.26,7013.598059872452,Uji,7012.397982056204,6930.74285083895
1,2022-10-05,7075.38,7062.530064909528,Uji,7060.809265492032,6936.792826424889
1,2022-10-06,7076.62,7074.2277956760645,Uji,7071.298900199007,6945.997643144184
1,2022-10-07,7026.78,7075.73754648931,Uji,7072.7294814098595,6946.636570532375
1,2022-10-10,6994.4,7033.343954659766,Uji,7031.184852742022,6938.546753847651
1,2022-10-11,6939.15,6998.486962927641,Uji,6997.813472690643,6926.255673075965
1,2022-10-12,6909.21,6946.680037851387,Uji,6947.5067187369405,6912.598790059138
1,2022-10-13,6880.63,6913.062455529023,Uji,6915.49535935526,6899.960645955848
1,2022-10-14,6814.53,6884.325535709902,Uji,6887.8105807632655,6889.609178241537
1,2022-10-17,6831.12,6824.004839884079,Uji,6829.013034657277,6873.961281007571
1,2022-10-18,6834.49,6828.360180846489,Uji,6834.457464067974,6855.906328231733
1,2022-10-19,6860.42,6833.6348556059975,Uji,6839.367245454827,6861.244051704448
1,2022-10-20,6980.65,6856.27067298774,Uji,6861.487342087072,6865.030012989086
1,2022-10-21,7017.77,6962.714625419434,Uji,6965.349926587399,6885.675660179302
1,2022-10-24,7053.04,7011.786823110643,Uji,7011.555349086586,6923.721739383986
1,2022-10-25,7048.38,7047.275230403014,Uji,7045.7421422816,6934.724921474508
1,2022-10-26,7043.94,7048.388711191484,Uji,7046.286665405102,6938.851869106345
1,2022-10-27,7091.76,7043.923140484161,Uji,7041.984666861363,6937.468553329758
1,2022-10-28,7056.04,7084.129060129,Uji,7081.435985407901,6944.778996764475
1,2022-10-31,7098.89,7060.524153640339,Uji,7057.573988717863,6945.500385454946
1,2022-11-01,7052.3,7091.9670617724205,Uji,7088.926079694106,6947.641762834841
1,2022-11-02,7015.69,7058.359270147154,Uji,7055.342975817987,6945.87087049728
1,2022-11-03,7034.57,7020.3585362184685,Uji,7018.841906596485,6933.330000345758
1,2022-11-04,7045.53,7031.197977340286,Uji,7030.026300985878,6931.374181996635
1,2022-11-07,7102.4,7043.286702971525,Uji,7041.575103433199,6935.813714513831
1,2022-11-08,7050.13,7093.447313890531,Uji,7090.538843833281,6946.763680789524
1,2022-11-09,7070.08,7057.012585082123,Uji,7053.96957734234,6945.998740377479
1,2022-11-10,6966.84,7066.504328308176,Uji,7064.076319830488,6942.044902398639
1,2022-11-11,7089.21,6981.605733268319,Uji,6980.41835803753,6927.701910961917
1,2022-11-14,7019.39,7070.815442328524,Uji,7069.588946510624,6929.219848823598
1,2022-11-15,7035.5,7028.947383046215,Uji,7026.587867246931,6939.070640544944
1,2022-11-16,7014.38,7032.526769062346,Uji,7031.270605744188,6932.042354872278
1,2022-11-17,7044.99,7016.813080031935,Uji,7015.629291909996,6930.779143940262
1,2022-11-18,7082.18,7039.909418888158,Uji,7038.579656536645,6932.919550690703
1,2022-11-21,7063.25,7076.097650016618,Uji,7073.552743991684,6943.336725798898
1,2022-11-22,7030.59,7065.299228539537,Uji,7062.399578549932,6945.364834941679
1,2022-11-23,7054.12,7034.66738681919,Uji,7032.6881889606175,6937.321102055364
1,2022-11-24,7080.52,7050.049331582853,Uji,7048.260925713845,6936.684833347849
1,2022-11-25,7053.15,7075.9983082021,Uji,7073.314137951207,6944.329806333833
1,2022-11-28,7017.36,7056.432148668835,Uji,7053.739749168226,6943.459911336951
1,2022-11-29,7012.07,7021.907745229069,Uji,7020.346297847096,6933.724919929556
1,2022-11-30,7081.31,7012.219934853378,Uji,7011.411062908235,6927.876286653331
1,2022-12-01,7020.8,7070.599920388531,Uji,7068.677398849796,6938.619551056676
1,2022-12-02,7019.64,7028.937592349117,Uji,7026.772244641846,6938.206949136309
1,2022-12-05,6987.33,7019.183019547526,Uji,7018.178291459147,6929.609071234516
1,2022-12-06,6892.57,6991.416686980784,Uji,6990.99855669266,6924.091844614794
1,2022-12-07,6818.75,6906.220889422345,Uji,6907.856885366487,6903.895029144334
1,2022-12-08,6804.23,6829.389364576972,Uji,6834.088498271742,6877.994963809296
1,2022-12-09,6715.12,6806.000549745593,Uji,6812.490431480443,6854.294703527134
1,2022-12-12,6734.45,6728.330063442015,Uji,6736.411925185346,6840.402442867794
1,2022-12-13,6810.32,6731.428154403292,Uji,6741.0499303251745,6815.737609015738
1,2022-12-14,6801.75,6799.02716793898,Uji,6806.965271019969,6829.655971167124
1,2022-12-15,6751.86,6802.664622917208,Uji,6809.3533570862155,6851.5002613300485
1,2022-12-16,6812.19,6759.016598022011,Uji,6766.593120530872,6843.590201000014
1,2022-12-19,6779.7,6803.1390286130045,Uji,6810.723316157494,6835.079215534963
1,2022-12-20,6768.32,6784.143746902973,Uji,6791.139832998546,6849.701579449216
1,2022-12-21,6820.66,6769.686706505447,Uji,6777.52496135655,6838.736568416991
1,2022-12-22,6824.43,6812.751319797074,Uji,6819.883863733447,6840.92371308569
1,2022-12-23,6800.67,6823.531003905571,Uji,6829.632275148071,6857.029430912177
1,2022-12-26,6835.81,6803.780023863945,Uji,6810.227408909236,6855.617755875031
1,2022-12-27,6923.03,6830.364509567656,Uji,6836.635408857503,6852.250156985561
1,2022-12-28,6850.52,6909.9419873387105,Uji,6914.039098665167,6872.126284924789
1,2022-12-29,6860.08,6860.885129812998,Uji,6864.477872534436,6887.992236175583
1,2022-12-30,6850.62,6858.2954271287135,Uji,6863.222384436768,6869.802703515929
1,2023-01-02,6850.98,6851.59559402291,Uji,6856.511684501212,6871.658378226204
1,2023-01-03,6888.76,6850.53678499345,Uji,6855.6210686755585,6868.858850774807
1,2023-01-04,6813.24,6882.8599907380785,Uji,6887.276755664394,6873.009937539144
1,2023-01-05,6653.84,6824.150982918775,Uji,6829.0117897195,6876.262284731312
1,2023-01-06,6684.56,6677.888297041372,Uji,6686.713038477318,6836.547566891946
1,2023-01-09,6688.27,6679.962120721356,Uji,6691.586832722145,6792.014264633091
1,2023-01-10,6622.5,6687.568036422151,Uji,6698.561259010453,6801.627442044052
1,2023-01-11,6584.45,6632.377776653925,Uji,6644.242703619014,6795.702044638428
1,2023-01-12,6629.93,6590.200351652692,Uji,6603.991673442801,6771.898749929695
1,2023-01-13,6641.83,6623.275920508959,Uji,6637.136034342805,6765.350630427627
1,2023-01-16,6688.06,6640.0093929346,Uji,6652.822540473354,6780.268361104757
1,2023-01-17,6767.34,6681.217186806218,Uji,6693.002158170062,6788.785761164458
1,2023-01-18,6765.79,6755.61411977413,Uji,6765.159648532299,6811.139209777747
1,2023-01-19,6819.91,6765.740485857753,Uji,6773.850938968688,6834.757768380679
1,2023-01-20,6874.93,6811.745220167075,Uji,6818.93758441869,6840.084435117879
1,2023-01-24,6860.85,6866.5591341901245,Uji,6871.790848045988,6862.208730777544
1,2023-01-25,6829.93,6862.478692369503,Uji,6866.941963107032,6877.208226435824
1,2023-01-26,6864.82,6834.03365770761,Uji,6839.297486738004,6869.675234547896
1,2023-01-27,6898.98,6859.370483651202,Uji,6864.594305867595,6864.132855964941
1,2023-01-30,6872.48,6893.588674598978,Uji,6897.571378253745,6878.255683320805
1,2023-01-31,6839.34,6875.886419025703,Uji,6879.702659729167,6885.667958445594
1,2023-02-01,6862.26,6843.751283288041,Uji,6848.635997114221,6874.171316781087
1,2023-02-02,6890.57,6858.542874337476,Uji,6863.6378560442145,6866.6819399166525
1,2023-02-03,6911.73,6886.0352361906025,Uji,6890.2122767425035,6876.587677705332
1,2023-02-06,6873.79,6908.198610236097,Uji,6911.483389112402,6887.345269443438
1,2023-02-07,6935.3,6878.846859960004,Uji,6882.405103134557,6889.633190770194
1,2023-02-08,6940.12,6925.908314335396,Uji,6929.090248690894,6884.833554725692
1,2023-02-09,6897.37,6938.909347250514,Uji,6940.87250862246,6903.802692742395
1,2023-02-10,6880.33,6903.097002928304,Uji,6905.7110979527715,6898.1326552856435
1,2023-02-13,6900.14,6882.359251443192,Uji,6886.067878881142,6886.025023480699
1,2023-02-14,6941.85,6896.819604641245,Uji,6900.496011401462,6883.032910485312
1,2023-02-15,6914.54,6935.308944996647,Uji,6937.890355129294,6893.439640776561
1,2023-02-16,6895.66,6918.00521721666,Uji,6920.295079802324,6901.21929914956
1,2023-02-17,6895.71,6897.933760650204,Uji,6901.057583842325,6892.816644371794
1,2023-02-20,6894.72,6895.249695902513,Uji,6898.720835633921,6887.157916858241
1,2023-02-21,6873.4,6894.411240859674,Uji,6897.8987968892325,6887.066973098561
1,2023-02-22,6809.97,6876.056975501223,Uji,6879.935758502527,6884.488390451715
1,2023-02-23,6839.45,6819.049396711624,Uji,6824.2750546837215,6871.3042672807405
1,2023-02-24,6856.58,6834.8169767773525,Uji,6840.852646129169,6855.429770270626
1,2023-02-27,6854.78,6853.706945191662,Uji,6858.899306353372,6866.107074072403
1,2023-02-28,6843.24,6854.643497111241,Uji,6859.551400541108,6871.053549472732
1,2023-03-01,6844.94,6844.526183202305,Uji,6849.66914776508,6869.278584711594
1,2023-03-02,6857.42,6844.311610791126,Uji,6849.637665609757,6865.998447976154
1,2023-03-03,6813.64,6855.217392326038,Uji,6860.293784368675,6867.843994379085
1,2023-03-06,6807.0,6819.7212621993185,Uji,6825.235598031319,6866.902926922483
1,2023-03-07,6766.76,6807.628611848984,Uji,6814.164281973278,6853.0581005025315
1,2023-03-08,6776.37,6772.4133312446165,Uji,6779.659143418104,6846.759770380298
1,2023-03-09,6799.79,6774.694036152392,Uji,6782.630071370632,6835.7159906578445
1,2023-03-10,6765.3,6796.087046921285,Uji,6803.436231131587,6841.105326296725
1,2023-03-13,6786.96,6770.082005900769,Uji,6777.52920258525,6844.440472401419
1,2023-03-14,6641.81,6783.529021949203,Uji,6791.306760163935,6836.4112567556285
1,2023-03-15,6628.14,6663.718752867891,Uji,6673.265167852953,6827.37604698304
1,2023-03-16,6565.73,6630.078181397924,Uji,6642.864900384705,6782.367368398935
1,2023-03-17,6678.24,6578.858019630073,Uji,6589.189532073217,6771.587431082754
1,2023-03-20,6612.49,6661.8380105969445,Uji,6675.198292463437,6764.928469917206
1,2023-03-21,6691.61,6622.388348450669,Uji,6634.610762463669,6791.621771622928
1,2023-03-24,6762.25,6680.012002635018,Uji,6692.276000734883,6780.3635038918555
1,2023-03-27,6708.93,6751.779057299521,Uji,6761.3481132716215,6811.659509366189
1,2023-03-28,6760.33,6716.709729824087,Uji,6725.747176264546,6827.14579679612
1,2023-03-29,6839.44,6752.640512040283,Uji,6761.923738738922,6816.650127306019
1,2023-03-30,6808.95,6827.6389398605,Uji,6834.590355900564,6840.5364319336795
1,2023-03-31,6805.28,6813.020563967262,Uji,6819.046273816859,6861.006922708791
1,2023-04-03,6827.17,6805.482043711577,Uji,6812.13429487351,6851.467027821581
1,2023-04-04,6833.18,6823.650159221327,Uji,6829.987145716585,6852.708589496653
1,2023-04-05,6819.67,6831.945390639342,Uji,6837.773556294479,6859.9188470912395
1,2023-04-06,6792.77,6821.273340897,Uji,6827.226992059983,6860.276102032107
1,2023-04-10,6771.23,6796.344432531628,Uji,6803.017805434499,6853.344309587519
1,2023-04-11,6811.31,6774.060109615951,Uji,6781.606394907266,6842.969040350953
2,2022-01-05,6662.3,6694.523510715978,Latih,6705.691882560718,6758.705392898347
2,2022-01-06,6653.35,6662.063704753978,Latih,6674.011944709881,6758.705392898347
2,2022-01-07,6701.32,6652.985929633688,Latih,6665.440603513582,6758.705392898347
2,2022-01-10,6691.12,6700.317138571608,Latih,6711.392176001687,6758.705392898347
2,2022-01-11,6647.97,6690.580462391393,Latih,6701.6186189393875,6758.705392898347
2,2022-01-12,6647.06,6647.875315536271,Latih,6660.2853175878645,6758.705392898347
2,2022-01-13,6658.36,6646.66947884203,Latih,6659.416173080069,6758.705392898347
2,2022-01-14,6693.4,6657.827526281786,Latih,6670.240633501871,6758.705392898347
2,2022-01-17,6645.05,6692.527728125469,Latih,6703.805218057203,6758.705392898347
2,2022-01-18,6614.06,6645.006543409834,Latih,6657.488076436681,6758.705392898347
2,2022-01-19,6591.98,6614.044403930313,Latih,6627.805249560707,6758.705392898347
2,2022-01-20,6626.87,6592.008830757032,Latih,6606.656372944196,6758.705392898347
2,2022-01-21,6726.37,6626.323529295482,Latih,6640.079246353367,6758.705392898347
2,2022-01-24,6655.17,6724.878528100422,Latih,6735.389444974534,6758.705392898347
2,2022-01-25,6568.17,6655.2395701239375,Latih,6667.180204098536,6758.705392898347
2,2022-01-26,6600.82,6576.610310716546,Latih,6591.646801180395,6758.705392898347
2,2022-01-27,6611.16,6600.4166097252855,Latih,6615.127042784399,6758.705392898347
2,2022-01-28,6645.51,6610.864739419898,Latih,6625.029918343879,6758.705392898347
2,2022-01-31,6631.15,6644.876384163062,Latih,6657.933589645264,6758.705392898347
2,2022-02-02,6707.65,6630.932748361462,Latih,6644.175938863317,6758.705392898347
2,2022-02-03,6683.85,6706.4134250702145,Latih,6717.457085725536,6758.705392898347
2,2022-02-04,6731.39,6683.442632878736,Latih,6694.654230462478,6758.705392898347
2,2022-02-07,6804.94,6730.243418504319,Latih,6740.194788500243,6758.705392898347
2,2022-02-08,6789.52,6803.249516940148,Latih,6810.64640942696,6774.12978490564
2,2022-02-09,6834.61,6788.537251046925,Latih,6795.871053684385,6799.261180237562
2,2022-02-10,6823.64,6832.976987619435,Latih,6839.064216442443,6807.929936286541
2,2022-02-11,6815.61,6822.459075708722,Latih,6828.553254728352,6822.831740767691
2,2022-02-14,6734.49,6814.447359860573,Latih,6820.861853264604,6815.643735319409
2,2022-02-15,6807.5,6734.242920361481,Latih,6743.1565026915305,6785.327941705911
2,2022-02-16,6850.2,6805.800866860779,Latih,6813.098506055805,6776.257867851881
2,2022-02-17,6835.12,6848.5078969949855,Latih,6853.997027768531,6820.519903590713
2,2022-02-18,6892.82,6833.912259885108,Latih,6839.549160806871,6833.069671854412
2,2022-02-21,6902.96,6890.813205764337,Latih,6894.821585937186,6846.077233875729
2,2022-02-22,6861.99,6901.24181885843,Latih,6904.5313917604535,6873.197304661613
2,2022-02-23,6920.06,6860.835146866778,Latih,6865.285133565108,6863.7277066016595
2,2022-02-24,6817.82,6917.917582557844,Latih,6920.913543282497,6866.204689418415
2,2022-02-25,6888.17,6817.316288926932,Latih,6822.973143639003,6856.056617648044
2,2022-03-01,6921.44,6886.095995215816,Latih,6890.368325920446,6837.409890286064
2,2022-03-02,6868.4,6919.467207365083,Latih,6922.233878861117,6877.437328161936
2,2022-03-04,6928.33,6867.299681686501,Latih,6871.424264662903,6873.4666808307575
2,2022-03-07,6869.07,6926.134060166526,Latih,6928.835085934449,6871.596181139391
2,2022-03-08,6814.18,6868.01059712116,Latih,6872.065655711334,6876.525036385101
2,2022-03-09,6864.44,6813.357456930014,Latih,6819.489368791315,6833.862083949482
2,2022-03-10,6924.01,6862.624620717505,Latih,6867.637281882505,6828.010377112066
2,2022-03-11,6922.6,6921.837627973604,Latih,6924.69711822455,6868.528140149752
2,2022-03-14,6952.2,6920.868030704605,Latih,6923.342928462374,6892.5717848700715
2,2022-03-15,6918.19,6950.103136003068,Latih,6951.697197228721,6901.847831164047
2,2022-03-16,6992.4,6916.7113423038,Latih,6919.116895035254,6902.70357972835
2,2022-03-17,6964.38,6989.789790044483,Latih,6990.205636002478,6913.418944483147
2,2022-03-18,6954.96,6962.633309196287,Latih,6963.360479123049,6934.626370901216
2,2022-03-21,6955.18,6953.127009614162,Latih,6954.338540985636,6919.959415805983
2,2022-03-22,7000.82,6953.277447741083,Latih,6954.549871802978,6916.156290633427
2,2022-03-23,6996.12,6998.371847995577,Latih,6998.268985085545,6931.444100067068
2,2022-03-24,7049.69,6994.052592253742,Latih,6993.764091833887,6948.660006144098
2,2022-03-25,7002.53,7046.946817039316,Latih,7045.079725186292,6964.563759938532
2,2022-03-28,7049.6,7000.7331212485415,Latih,6999.901384492574,6970.904491578394
2,2022-03-29,7011.69,7046.903501620357,Latih,7044.993184028332,6967.171473711783
2,2022-03-30,7053.19,7009.782635972559,Latih,7008.675850790202,6973.917558754737
2,2022-03-31,7071.44,7050.515630905693,Latih,7048.431513558095,6972.136245780045
2,2022-04-01,7078.76,7068.841730003424,Latih,7065.910944187111,6994.885539689121
2,2022-04-04,7116.22,7076.20378182716,Latih,7072.921809301444,7004.62173383957
2,2022-04-05,7148.3,7113.266579703166,Latih,7108.804777670575,7015.4205457938315
2,2022-04-06,7104.22,7145.228291977125,Latih,7139.532359224038,7038.810602991644
2,2022-04-07,7127.37,7101.904846662354,Latih,7097.305654936504,7044.553841921751
2,2022-04-08,7210.83,7124.463929383829,Latih,7119.483956562951,7029.190499544801
2,2022-04-11,7203.79,7207.087777167644,Latih,7199.429960847581,7054.618488912647
2,2022-04-12,7214.78,7200.725522338236,Latih,7192.681275085891,7092.786906131576
2,2022-04-13,7262.78,7211.533661007968,Latih,7203.209163891758,7091.789440816115
2,2022-04-14,7235.53,7259.036237132642,Latih,7249.188346596451,7106.356918419671
2,2022-04-18,7275.29,7232.454290925353,Latih,7223.08233191797,7122.6788946909455
2,2022-04-19,7199.23,7271.543810976838,Latih,7261.170575255845,7118.262919116094
2,2022-04-20,7227.36,7196.678445264185,Latih,7188.309377209627,7121.102590096667
2,2022-04-21,7276.19,7223.930480105964,Latih,7215.259997717825,7092.233939520191
2,2022-04-22,7225.61,7272.374875133132,Latih,7262.033117076848,7114.73831746824
2,2022-04-25,7215.98,7222.748587960093,Latih,7213.579036614386,7126.778075819686
2,2022-04-26,7232.15,7212.874466036645,Latih,7204.357336374011,7101.922289413881
2,2022-04-27,7196.76,7228.7821209091835,Latih,7219.847396529404,7100.784788846445
2,2022-04-28,7228.91,7193.931368838633,Latih,7185.945951637708,7101.049658597779
2,2022-05-09,6909.75,7225.444322610586,Latih,7216.744918436495,7091.423501753878
2,2022-05-10,6819.79,6910.339626238988,Latih,6911.015723430561,7013.759852360547
2,2022-05-11,6816.2,6819.189366917048,Latih,6824.8608170420275,6852.470002310314
2,2022-05-12,6599.84,6815.002927190694,Latih,6821.427262969945,6814.25591557357
2,2022-05-13,6597.99,6617.625806620575,Latih,6630.6174000046485,6758.700213880862
2,2022-05-17,6644.47,6597.845681549165,Latih,6612.41427454718,6758.705392898347
2,2022-05-18,6793.41,6643.755227767686,Latih,6656.938147733819,6758.705392898347
2,2022-05-19,6823.33,6791.239801374108,Latih,6799.606829209657,6756.928137941683
2,2022-05-20,6918.14,6821.859901499782,Latih,6828.2587457514155,6805.774635473522
2,2022-05-23,6840.77,6915.74580305283,Latih,6919.076606314826,6849.656697236933
2,2022-05-24,6914.14,6839.977494698799,Latih,6844.957355419732,6862.908457779626
2,2022-05-25,6883.5,6911.917746852384,Latih,6915.243954016612,6855.501386617759
2,2022-05-27,7026.26,6882.166712764543,Latih,6885.889193236274,6875.490712607544
2,2022-05-30,7037.56,7022.997156913341,Latih,7022.6425175256145,6902.504602325007
2,2022-05-31,7148.97,7035.176591796938,Latih,7033.458458351555,6972.927312675769
2,2022-06-02,7148.72,7145.331020367223,Latih,7140.178862029987,6998.732675300298
2,2022-06-03,7182.96,7145.876005462485,Latih,7139.932690549569,7053.743302217787
2,2022-06-06,7096.58,7179.703733429991,Latih,7172.731699736795,7060.466967271633
2,2022-06-07,7141.04,7094.602925249409,Latih,7089.985169772575,7057.062222885555
2,2022-06-08,7193.31,7137.915698649364,Latih,7132.579068641739,7028.456155221524
2,2022-06-09,7182.83,7189.875054729068,Latih,7182.6465812004435,7059.0515485192
2,2022-06-10,7086.65,7179.892330378376,Latih,7172.604533558569,7080.658095583389
2,2022-06-13,6995.44,7084.7909515357715,Latih,7080.473130673239,7053.702183957761
2,2022-06-14,7049.88,6993.990892443714,Latih,6993.107589712796,6983.752759577092
2,2022-06-15,7007.05,7047.129764150445,Latih,7045.261775497858,6964.347182843738
2,2022-06-16,7050.33,7005.20025923854,Latih,7004.231177629291,6972.487791209275
2,2022-06-17,6936.97,7047.656858094399,Latih,7045.692149608795,6969.274558370167
2,2022-06-20,6976.38,6935.963790511538,Latih,6937.100618479301,6949.337627894929
2,2022-06-21,7044.07,6974.09539410835,Latih,6974.858705057556,6915.812569780396
2,2022-06-22,6984.31,7041.253933404748,Latih,7039.697492920819,6954.569377193503
2,2022-06-23,6998.27,6982.691666332539,Latih,6982.448588810618,6962.524975808912
2,2022-06-24,7042.94,6996.05945031887,Latih,6995.824623352943,6942.582036776593
2,2022-06-27,7016.06,7040.29310235149,Latih,7038.613710647289,6963.200893640571
2,2022-06-28,6996.46,7014.05292645818,Latih,7012.862380196511,6972.632086259181
2,2022-06-29,6942.35,6994.496866757927,Latih,6994.08886779612,6955.0445016027015
2,2022-06-30,6911.58,6940.896322635462,Latih,6942.257440174272,6928.961467413056
2,2022-07-01,6794.33,6910.110538790272,Latih,6912.785647050784,6896.449277146503
2,2022-07-04,6639.17,6794.047680810124,Latih,6800.472263209254,6844.7453520027175
2,2022-07-05,6703.27,6646.328089667867,Latih,6658.618155987721,6758.705235958423
2,2022-07-06,6646.41,6702.142955224681,Latih,6713.260938143899,6758.705392898347
2,2022-07-07,6652.59,6646.420392763029,Latih,6658.79025742912,6758.705392898347
2,2022-07-08,6740.22,6652.122087453316,Latih,6664.713523266775,6758.705392898347
2,2022-07-11,6722.15,6738.745324994348,Latih,6748.6550162305175,6758.705392898347
2,2022-07-12,6718.29,6721.514935604354,Latih,6731.3403388914685,6758.705392898347
2,2022-07-13,6640.99,6717.57275044935,Latih,6727.643865607104,6758.705392898347
2,2022-07-14,6690.09,6641.172170377458,Latih,6653.597479676616,6758.705392898347
2,2022-07-15,6651.9,6689.133924694077,Latih,6700.635558466929,6758.705392898347
2,2022-07-18,6659.25,6651.750868483644,Latih,6664.04997005911,6758.705392898347
2,2022-07-19,6736.09,6658.7412641479195,Latih,6671.092906967862,6758.705392898347
2,2022-07-20,6874.74,6734.712181943528,Latih,6744.6984486525,6758.705392898347
2,2022-07-21,6864.13,6872.246002103727,Latih,6877.508421947401,6797.157467819483
2,2022-07-22,6886.96,6862.748894717137,Latih,6867.3367867684765,6852.827735656538
2,2022-07-25,6858.41,6885.229686836643,Latih,6889.206499664826,6856.063612684646
2,2022-07-26,6871.54,6857.18429826025,Latih,6861.856780930499,6855.951579999068
2,2022-07-27,6898.22,6869.953916937153,Latih,6874.435829699974,6848.5752690622585
2,2022-07-28,6956.82,6896.407396606847,Latih,6899.992128665492,6862.8622277620825
2,2022-07-29,6951.12,6954.494404749922,Latih,6956.124203438215,6893.353771670206
2,2022-08-01,6968.78,6949.2793359232455,Latih,6950.660676292232,6915.569806138324
2,2022-08-02,6988.16,6966.687112267071,Latih,6967.577723914438,6919.104698561179
2,2022-08-03,7046.63,6985.9602317047675,Latih,6986.141026496944,6932.824992036272
2,2022-08-04,7057.35,7043.866938295429,Latih,7042.148984209958,6960.269255864672
2,2022-08-05,7084.65,7054.874076788491,Latih,7052.414379783338,6987.8993365628085
2,2022-08-08,7086.85,7081.922986528943,Latih,7078.564786040255,6999.409445091544
2,2022-08-09,7102.88,7084.290627058814,Latih,7080.670561097333,7012.226504465401
2,2022-08-10,7086.24,7100.144070397687,Latih,7096.0256977582685,7016.42487162596
2,2022-08-11,7160.38,7083.817565288613,Latih,7080.085040661761,7020.370251629413
2,2022-08-12,7129.28,7156.9503142429185,Latih,7151.105736962039,7027.6297992629425
2,2022-08-15,7093.28,7126.750230193213,Latih,7121.310288875773,7055.03487295038
2,2022-08-16,7133.45,7090.960842858623,Latih,7086.827269466588,7033.745658412042
2,2022-08-18,7186.56,7130.393254223542,Latih,7125.308714573458,7025.444433244528
2,2022-08-19,7172.43,7183.152017434918,Latih,7176.1810599012,7054.2623698056395
2,2022-08-22,7107.98,7169.569001553139,Latih,7162.64261495777,7075.521003478833
2,2022-08-23,7163.27,7105.791351774407,Latih,7100.906036147547,7056.245193642443
2,2022-08-24,7194.71,7159.960242620786,Latih,7153.872812017877,7038.063748314444
2,2022-08-25,7174.21,7191.41629446038,Latih,7183.986354909622,7069.410166407295
2,2022-08-26,7135.25,7171.385603590688,Latih,7164.347161889752,7079.571667751143
2,2022-08-29,7132.04,7132.7469943601645,Latih,7127.028193218187,7062.4974560052815
2,2022-08-30,7159.47,7129.298530995325,Latih,7123.955578550771,7044.19202813751
2,2022-08-31,7178.59,7156.376810921509,Latih,7150.231312546808,7048.213815463846
2,2022-09-01,7153.1,7175.462544090233,Latih,7168.544990970573,7064.468397247858
2,2022-09-02,7177.18,7150.414080298025,Latih,7144.126573712307,7068.047613989182
2,2022-09-05,7231.88,7174.024212108931,Latih,7167.194679866513,7061.298704027599
2,2022-09-06,7233.15,7228.239512332766,Latih,7219.591001533953,7083.1389570582605
2,2022-09-07,7186.76,7229.88312173435,Latih,7220.804281664578,7108.193563927484
2,2022-09-08,7232.02,7184.058412754618,Latih,7176.366787090979,7099.5062665475125
2,2022-09-09,7242.66,7228.445955592482,Latih,7219.724624669043,7087.510496214698
2,2022-09-12,7254.46,7239.280056609601,Latih,7229.91406131932,7110.155940734221
2,2022-09-13,7318.02,7251.01427534947,Latih,7241.216874628753,7117.336345806196
2,2022-09-14,7278.08,7313.896067203384,Latih,7302.101045453051,7134.130621568041
2,2022-09-15,7305.6,7274.8867658729305,Latih,7263.838240079973,7156.220947157223
2,2022-09-16,7168.87,7301.79281544278,Latih,7290.2023088331,7143.607371604519
2,2022-09-19,7195.49,7166.8979737306445,Latih,7159.22536021777,7128.7829160857955
2,2022-09-20,7196.95,7192.2267322266935,Latih,7184.733164746844,7072.104914578267
2,2022-09-21,7188.31,7193.858548714006,Latih,7186.13010942825,7084.465951373646
2,2022-09-22,7218.91,7185.332406215751,Latih,7177.853635928713,7083.402705810139
2,2022-09-23,7178.58,7215.504151399222,Latih,7207.1662919695045,7085.5955152649385
2,2022-09-26,7127.5,7175.875206409774,Latih,7168.531808016976,7091.416551557253
2,2022-09-27,7112.45,7125.121014424637,Latih,7119.604038024619,7062.931282794541
2,2022-09-28,7077.03,7109.888290904237,Latih,7105.190496066285,7036.766527744594
2,2022-09-29,7036.2,7074.785986555882,Latih,7071.262147187658,7021.53743626243
2,2022-09-30,7040.8,7034.193789154354,Latih,7032.152718185845,6993.366450907049
2,2022-10-03,7009.72,7038.448385647598,Latih,7036.561564204159,6978.096555044706
2,2022-10-04,7072.26,7007.773715268432,Latih,7006.789343226611,6969.640362912471
2,2022-10-05,7075.38,7069.342951279946,Latih,7066.699006804294,6975.339972543771
2,2022-10-06,7076.62,7072.87006396658,Latih,7069.683959314294,7004.318615586816
2,2022-10-07,7026.78,7074.117377640673,Latih,7070.871590977378,7005.9808335793605
2,2022-10-10,6994.4,7024.883798996867,Latih,7023.129210649194,6990.061027072725
2,2022-10-11,6939.15,6992.537718429622,Latih,6992.11501195496,6958.769896673017
2,2022-10-12,6909.21,6937.720015518416,Latih,6939.192224103262,6927.048235222447
2,2022-10-13,6880.63,6907.746216418788,Latih,6910.5156007335045,6894.343322729512
2,2022-10-14,6814.53,6879.296057359022,Latih,6883.140233531636,6872.506365437251
2,2022-10-17,6831.12,6813.785432102117,Latih,6819.82394228879,6838.735606662071
2,2022-10-18,6834.49,6829.706651068067,Latih,6835.719624887144,6817.059490371677
2,2022-10-19,6860.42,6833.1541727933645,Latih,6838.946825379468,6825.008430250321
2,2022-10-20,6980.65,6858.797214696744,Latih,6863.785281133692,6835.029403102433
2,2022-10-21,7017.77,6977.769985483344,Latih,6978.953581548388,6883.874488174957
2,2022-10-24,7053.04,7015.299567532599,Latih,7014.50410631901,6947.569049474052
2,2022-10-25,7048.38,7050.410615676706,Latih,7048.287397868102,6974.588230308945
2,2022-10-26,7043.94,7046.057191871469,Latih,7043.821515397493,6987.550212492403
2,2022-10-27,7091.76,7041.637315218512,Latih,7039.568622823421,6984.1541670621
2,2022-10-28,7056.04,7088.852377402853,Latih,7085.376247771452,6994.749001955447
2,2022-10-31,7098.89,7053.900600861376,Latih,7051.156797754234,7006.03419315344
2,2022-11-01,7052.3,7095.98287557907,Latih,7092.205466134023,7001.658887438833
2,2022-11-02,7015.69,7050.256097111766,Latih,7047.573814454739,7007.722866733133
2,2022-11-03,7034.57,7013.753888643444,Latih,7012.507337248981,6976.360530448014
2,2022-11-04,7045.53,7032.147247708502,Latih,7030.59493250257,6967.582118232303
2,2022-11-07,7102.4,7043.110039463107,Latih,7041.092554323141,6979.000798045452
2,2022-11-08,7050.13,7099.376096090746,Latih,7095.568374820422,6997.594502133188
2,2022-11-09,7070.08,7048.1371391010925,Latih,7045.494943384592,7008.444700702487
2,2022-11-10,6966.84,7067.476307826705,Latih,7064.608342819876,6993.226550175008
2,2022-11-11,7089.21,6965.616064547354,Latih,6965.712335980588,6967.410919195467
2,2022-11-14,7019.39,7085.784874492953,Latih,7082.938208475778,6954.4852125543875
2,2022-11-15,7035.5,7017.671961100162,Latih,7016.049516168297,6992.781154671368
2,2022-11-16,7014.38,7033.092429609361,Latih,7031.485588989916,6969.414369422251
2,2022-11-17,7044.99,7012.340173810184,Latih,7011.253521778047,6969.011078658157
2,2022-11-18,7082.18,7042.43304547197,Latih,7040.576446173851,6970.512769528681
2,2022-11-21,7063.25,7079.394684357116,Latih,7076.199387509295,6993.312194533405
2,2022-11-22,7030.59,7060.956081754035,Latih,7058.063947998947,7004.492818902193
2,2022-11-23,7054.12,7028.553054414453,Latih,7026.779633275928,6985.827953769024
2,2022-11-24,7080.52,7051.568742634123,Latih,7049.321228405897,6980.22331521159
2,2022-11-25,7053.15,7077.819500762293,Latih,7074.608734121986,6997.120274523554
2,2022-11-28,7017.36,7050.9652862072635,Latih,7048.3890949387005,7000.4465937877285
2,2022-11-29,7012.07,7015.409918718994,Latih,7014.107048311889,6977.266387687976
2,2022-11-30,7081.31,7009.928903981507,Latih,7009.041834692418,6960.777292817884
2,2022-12-01,7020.8,7078.301082128355,Latih,7075.367964633175,6978.2125112283775
2,2022-12-02,7019.64,7019.008820210755,Latih,7017.400589551986,6989.999775662479
2,2022-12-05,6987.33,7017.432605296433,Latih,7016.292997250021,6964.71352546578
2,2022-12-06,6892.57,6985.501742927488,Latih,6985.34291972464,6953.477613403848
2,2022-12-07,6818.75,6891.648260678692,Latih,6894.573060357912,6908.628667190121
2,2022-12-08,6804.23,6818.039737135503,Latih,6823.865638565455,6845.054097672738
2,2022-12-09,6715.12,6803.169074019225,Latih,6809.961142459842,6809.842159577641
2,2022-12-12,6734.45,6715.0242590773305,Latih,6724.602425934544,6774.19522885385
2,2022-12-13,6810.32,6733.489014597706,Latih,6743.124161857241,6758.705392898347
2,2022-12-14,6801.75,6808.58672986749,Latih,6815.799800863597,6777.180427983729
2,2022-12-15,6751.86,6800.65884235862,Latih,6807.585991233619,6805.547408883901
2,2022-12-16,6812.19,6751.306112682695,Latih,6759.796259888436,6785.408407046824
2,2022-12-19,6779.7,6810.558074669871,Latih,6817.590081833932,6784.967338601082
2,2022-12-20,6768.32,6778.8865218949595,Latih,6786.463917714089,6798.974697616727
2,2022-12-21,6820.66,6767.41201630893,Latih,6775.564798728554,6781.815671052067
2,2022-12-22,6824.43,6819.043547307882,Latih,6825.702620373105,6794.561008880764
2,2022-12-23,6800.67,6823.140396757756,Latih,6829.310826160347,6817.354335648451
2,2022-12-26,6835.81,6799.692114848227,Latih,6806.550636136563,6810.994076198074
2,2022-12-27,6923.03,6834.241856145,Latih,6840.213061524368,6812.917733683619
2,2022-12-28,6850.52,6920.665869662809,Latih,6923.760029939759,6856.420538911262
2,2022-12-29,6860.08,6849.645352722444,Latih,6854.2966933429625,6868.167245585065
2,2022-12-30,6850.62,6858.575234384575,Latih,6863.458621892372,6841.512568933106
2,2023-01-02,6850.98,6849.296632211842,Latih,6854.396215674617,6842.296506272293
2,2023-01-03,6888.76,6849.58506537173,Latih,6854.74164044682,6838.523580825067
2,2023-01-04,6813.24,6886.914616278154,Latih,6890.931538466854,6851.251744942107
2,2023-01-05,6653.84,6812.56869929317,Latih,6818.587748929295,6841.651572865582
2,2023-01-06,6684.56,6659.74667734952,Latih,6671.550812825425,6758.646226547088
2,2023-01-09,6688.27,6683.761568433807,Latih,6695.337535680549,6758.705392898347
2,2023-01-10,6622.5,6687.645484037117,Latih,6698.889568185079,6758.705392898347
2,2023-01-11,6584.45,6622.690448530324,Latih,6636.147217453429,6758.705392898347
2,2023-01-12,6629.93,6586.124221184349,Latih,6601.065993499835,6758.705392898347
2,2023-01-13,6641.83,6629.293309077852,Latih,6643.010906549255,6758.705392898347
2,2023-01-16,6688.06,6641.373944674442,Latih,6654.407356943201,6758.705392898347
2,2023-01-17,6767.34,6687.13422981547,Latih,6698.690949501562,6758.705392898347
2,2023-01-18,6765.79,6765.792284195748,Latih,6774.631477001933,6758.705392898347
2,2023-01-19,6819.91,6764.824480525877,Latih,6773.142027445463,6775.887063652007
2,2023-01-20,6874.93,6818.284540996585,Latih,6824.98430634204,6793.270155587822
2,2023-01-24,6860.85,6873.029580723088,Latih,6877.685472601395,6833.861276829874
2,2023-01-25,6829.93,6859.509520170727,Latih,6864.194759814779,6851.813724389114
2,2023-01-26,6864.82,6828.860184379255,Latih,6834.576967722213,6835.723996785021
2,2023-01-27,6898.98,6863.112076120714,Latih,6868.000396026115,6834.618085982239
2,2023-01-30,6872.48,6897.1104874653065,Latih,6900.720554111645,6860.3500007224475
2,2023-01-31,6839.34,6871.171053305905,Latih,6875.333862363737,6865.582893440465
2,2023-02-01,6862.26,6838.240035222805,Latih,6843.590206903852,6843.643118078149
2,2023-02-02,6890.57,6860.649621456901,Latih,6865.54753711764,6837.637879155314
2,2023-02-03,6911.73,6888.783120590491,Latih,6892.664648464962,6856.496183954516
2,2023-02-06,6873.79,6909.890688377069,Latih,6912.932408299493,6875.191674792808
2,2023-02-07,6935.3,6872.556003293138,Latih,6876.5879917145185,6871.265755339901
2,2023-02-08,6940.12,6933.058765262712,Latih,6935.5114448112745,6876.135040674549
2,2023-02-09,6897.37,6938.258252196958,Latih,6940.124895650199,6903.051470699355
2,2023-02-10,6880.33,6896.055088897987,Latih,6899.173866322979,6890.7999779707625
2,2023-02-13,6900.14,6878.915500463885,Latih,6882.853571550888,6867.534262032549
2,2023-02-14,6941.85,6898.3668588149985,Latih,6901.830836812303,6867.118640274445
2,2023-02-15,6914.54,6939.717569288065,Latih,6941.784154204181,6889.159148647828
2,2023-02-16,6895.66,6913.031549491332,Latih,6915.621103073405,6897.22917888765
2,2023-02-17,6895.71,6894.183737247034,Latih,6897.537364057943,6879.704370200676
2,2023-02-20,6894.72,6894.098944848223,Latih,6897.586374154135,6871.951874266606
2,2023-02-21,6873.4,6893.1211642831995,Latih,6896.638031034811,6871.642792296749
2,2023-02-22,6809.97,6872.049759939056,Latih,6876.215416335504,6864.136243643205
2,2023-02-23,6839.45,6809.228703835639,Latih,6815.456281790468,6834.2420355049135
2,2023-02-24,6856.58,6837.904318305886,Latih,6843.699302570857,6817.9567831757995
2,2023-02-27,6854.78,6855.038503522614,Latih,6860.106564480701,6835.791794832086
2,2023-02-28,6843.24,6853.381868107357,Latih,6858.381346318761,6842.24146519903
2,2023-03-01,6844.94,6841.967448092139,Latih,6847.327148268558,6837.658146825469
2,2023-03-02,6857.42,6843.565029256082,Latih,6848.956251937188,6833.475518497264
2,2023-03-03,6813.64,6855.90747988049,Latih,6860.9109040099775,6838.330656818784
2,2023-03-06,6807.0,6812.741109009417,Latih,6818.9727898222545,6828.888299045598
2,2023-03-07,6766.76,6805.869494447442,Latih,6812.614839630755,6808.661747151049
2,2023-03-08,6776.37,6766.064799163368,Latih,6774.068847375242,6792.530228687257
2,2023-03-09,6799.79,6775.273495810059,Latih,6783.276759322314,6779.171323016612
2,2023-03-10,6765.3,6798.481009456546,Latih,6805.710514304669,6790.924262447387
2,2023-03-13,6786.96,6764.571022549,Latih,6772.670714434413,6789.0771468046605
2,2023-03-14,6641.81,6785.726143132477,Latih,6793.421131794483,6782.096817715495
2,2023-03-15,6628.14,6647.663205624308,Latih,6659.955082358283,6758.705392898347
2,2023-03-16,6565.73,6627.9325446538705,Latih,6641.292851573835,6758.705392898347
2,2023-03-17,6678.24,6571.984722956643,Latih,6587.2999156044825,6758.705392898347
2,2023-03-20,6612.49,6676.8909851913295,Latih,6689.288757138865,6758.705392898347
2,2023-03-21,6691.61,6613.736162710047,Latih,6627.586817211814,6758.705392898347
2,2023-03-24,6762.25,6690.433095802979,Latih,6702.09328373881,6758.705392898347
2,2023-03-27,6708.93,6760.788546186413,Latih,6769.755488090542,6758.705392898347
2,2023-03-28,6760.33,6708.610057133157,Latih,6718.6754327737,6758.699092881407
2,2023-03-29,6839.44,6759.014699068095,Latih,6767.915277804461,6758.705392898347
2,2023-03-30,6808.95,6837.541562882102,Latih,6843.692666254081,6797.526478420228
2,2023-03-31,6805.28,6807.97952930245,Latih,6814.481236464117,6819.927791678343
2,2023-04-03,6827.17,6804.136810429128,Latih,6810.967508510979,6806.159071026775
2,2023-04-04,6833.18,6825.738245735799,Latih,6831.936431084907,6811.9378232196295
2,2023-04-05,6819.67,6831.831774575746,Latih,6837.6921803689365,6822.9468001518
2,2023-04-06,6792.77,6818.526497519049,Latih,6824.750443435643,6820.9213559157
2,2023-04-10,6771.23,6791.853010496229,Latih,6798.983396572501,6806.40477168742
2,2023-04-11,6811.31,6770.380041727152,Latih,6778.351558534829,6788.162971748739
2,2023-04-14,6818.57,6784.621734468966,Uji,6792.116400528282,6795.495115307004
2,2023-04-17,6787.58,6817.101438171301,Uji,6823.699551286136,6800.975838584633
2,2023-04-18,6821.81,6786.717398110955,Uji,6794.011898507506,6804.223956926795
2,2023-04-26,6910.15,6820.3166439694505,Uji,6826.803060698544,6802.869453284772
2,2023-04-27,6945.48,6907.84078393285,Uji,6911.422982532726,6846.370711533166
2,2023-04-28,6915.72,6943.375166311314,Uji,6945.260821915319,6894.486967599733
2,2023-05-02,6863.3,6914.223171912478,Uji,6916.7512498844135,6899.115820971176
2,2023-05-03,6812.72,6862.220119273999,Uji,6866.53926291589,6869.414648939113
2,2023-05-04,6844.03,6811.873948670658,Uji,6818.09114617053,6831.001562379038
2,2023-05-05,6787.63,6842.448939778245,Uji,6848.086378779747,6820.613439785276
2,2023-05-08,6769.63,6786.94778591904,Uji,6794.058285464973,6814.71743104938
2,2023-05-09,6779.98,6768.762686132815,Uji,6776.819219539193,6785.515081355004
2,2023-05-10,6811.9,6778.86060438755,Uji,6786.7346390825805,6781.55441091898
2,2023-05-11,6755.94,6810.471466251942,Uji,6817.310594249699,6796.442202906937
2,2023-05-12,6707.76,6755.409363039459,Uji,6763.703951890197,6790.943722997934
2,2023-05-15,6711.74,6707.409231306482,Uji,6717.555061077943,6758.705392898347
2,2023-05-16,6676.56,6710.998996652682,Uji,6721.370393934569,6758.705392898347
2,2023-05-17,6663.11,6676.2691107434175,Uji,6687.670818624811,6758.705392898347
2,2023-05-19,6700.56,6662.730284660173,Uji,6674.788954272433,6758.705392898347
2,2023-05-22,6729.65,6699.635626952666,Uji,6710.663593615611,6758.705392898347
2,2023-05-23,6736.68,6728.643068471722,Uji,6738.527032770388,6758.705392898347
2,2023-05-24,6745.8,6735.795560657255,Uji,6745.259430409991,6758.705392898347
2,2023-05-25,6704.23,6744.856206905865,Uji,6753.995177386428,6758.705392898347
2,2023-05-26,6687.0,6703.84946390571,Uji,6714.174216400255,6758.705392898347
2,2023-05-29,6681.1,6686.530537978724,Uji,6697.67184889661,6758.705392898347
2,2023-05-30,6636.42,6680.5787931499035,Uji,6692.021193311529,6758.705392898347
2,2023-05-31,6633.26,6636.392570604244,Uji,6649.222022627081,6758.705392898347
2,2023-06-05,6633.44,6632.952834220165,Uji,6646.19767259122,6758.705392898347
2,2023-06-06,6618.92,6633.108210349687,Uji,6646.37028408737,6758.705392898347
2,2023-06-07,6619.75,6618.763587437875,Uji,6632.461382453897,6758.705392898347
2,2023-06-08,6666.33,6619.480410539663,Uji,6633.257314487258,6758.705392898347
2,2023-06-09,6694.02,6665.50781864093,Uji,6677.876814532444,6758.705392898347
2,2023-06-12,6722.37,6693.196942380386,Uji,6704.3986527489305,6758.705392898347
2,2023-06-13,6719.01,6721.4038669783085,Uji,6731.553833237759,6758.705392898347
2,2023-06-14,6699.72,6718.285683683028,Uji,6728.333538102082,6758.705392898347
2,2023-06-15,6713.79,6699.203100522774,Uji,6709.855633258094,6758.705392898347
2,2023-06-16,6698.55,6712.967269916554,Uji,6723.334597970417,6758.705392898347
2,2023-06-19,6686.06,6698.010009592342,Uji,6708.73517188238,6758.705392898347
2,2023-06-20,6660.46,6685.561422739492,Uji,6696.771753593849,6758.705392898347
2,2023-06-21,6702.63,6660.179584919227,Uji,6672.249935345812,6758.705392898347
2,2023-06-22,6652.26,6701.66196798833,Uji,6712.646630442311,6758.705392898347
2,2023-06-23,6639.73,6652.195697882559,Uji,6664.394060841961,6758.705392898347
2,2023-06-26,6664.67,6639.457865145216,Uji,6652.394423061024,6758.705392898347
2,2023-06-27,6661.88,6664.009748598648,Uji,6676.285488545462,6758.705392898347
2,2023-07-03,6696.72,6661.430497001571,Uji,6673.611434024438,6758.705392898347
2,2023-07-04,6681.75,6695.832927759903,Uji,6706.98526931243,6758.705392898347
2,2023-07-05,6718.98,6681.290089724377,Uji,6692.643258329348,6758.705392898347
2,2023-07-06,6757.33,6717.967286207696,Uji,6728.307228244863,6758.705392898347
2,2023-07-07,6716.46,6756.122116913224,Uji,6765.0409455207255,6758.705392898347
2,2023-07-10,6731.04,6716.014796616157,Uji,6725.888806439659,6758.701693600144
2,2023-07-11,6796.92,6730.129435279689,Uji,6739.857603074037,6758.705392898347
2,2023-07-12,6808.21,6795.323153990537,Uji,6802.963975958855,6771.315246732858
2,2023-07-13,6810.21,6806.946147164436,Uji,6813.774939547214,6802.184343257578
2,2023-07-14,6869.57,6809.002441305551,Uji,6815.690055016908,6807.496176757249
2,2023-07-17,6867.14,6867.664903309087,Uji,6872.551631395261,6828.084901155864
2,2023-07-18,6830.2,6865.686025390367,Uji,6870.220356087725,6851.702521243134
2,2023-07-20,6864.19,6829.171642867957,Uji,6834.83522357676,6838.402243844009
2,2023-07-21,6880.8,6862.491513242165,Uji,6867.3968499193,6834.519393190181
2,2023-07-24,6899.4,6879.144004992884,Uji,6883.305737891239,6854.037159549036
2,2023-07-25,6917.71,6897.639038708552,Uji,6901.121961596653,6867.0656394201915
2,2023-07-26,6948.28,6915.861736816512,Uji,6918.660177437114,6880.816468920451
2,2023-07-27,6896.66,6946.195376741341,Uji,6947.942521652631,6898.530300535604
2,2023-07-28,6900.23,6895.4116352105575,Uji,6898.493262713596,6893.921423374458
2,2023-07-31,6931.36,6898.571822355434,Uji,6901.916077610895,6873.868447035592
2,2023-08-01,6886.5,6929.353974162388,Uji,6931.735649605442,6885.7031970066255
2,2023-08-02,6854.51,6885.25316056524,Uji,6888.761888860805,6883.575719400091
2,2023-08-03,6898.08,6853.327835933605,Uji,6858.120938145259,6854.4636998418355
2,2023-08-04,6852.84,6896.147974912866,Uji,6899.85904361014,6855.807733348945
2,2023-08-07,6886.37,6851.760140615143,Uji,6856.520532062688,6858.672806177178
2,2023-08-08,6868.81,6884.566503558797,Uji,6888.64198675905,6851.221321016886
2,2023-08-09,6875.11,6867.455433350841,Uji,6871.819080671113,6859.171807874778
2,2023-08-10,6893.28,6873.555060427826,Uji,6877.854990139049,6854.043638925888
2,2023-08-11,6879.98,6891.551989245458,Uji,6895.25985188429,6862.6863877875
2,2023-08-14,6910.17,6878.540615825993,Uji,6882.518572073621,6865.7346991867225
2,2023-08-15,6915.1,6908.274072642372,Uji,6911.438721365081,6870.3144303620265
2,2023-08-16,6900.54,6913.359598771976,Uji,6916.159407011914,6884.379251809759
2,2023-08-18,6859.91,6899.009191502973,Uji,6902.211931787178,6881.559758819383
2,2023-08-21,6866.03,6858.762889693418,Uji,6863.292803652922,6862.039257221857
2,2023-08-22,6916.45,6864.520634356479,Uji,6869.157648603957,6847.3577963936705
2,2023-08-23,6921.41,6914.379618596481,Uji,6917.4551927024595,6866.66508389477
2,2023-08-24,6899.39,6919.638563341843,Uji,6922.203477355885,6889.064581133766
2,2023-08-25,6895.44,6897.917876113102,Uji,6901.10994448249,6883.773396444065
2,2023-08-28,6921.73,6893.858669824942,Uji,6897.327512959882,6873.396864984672
2,2023-08-29,6957.83,6919.805390480804,Uji,6922.511236546385,6880.525479881805
2,2023-08-30,6966.66,6955.659437063984,Uji,6957.090325608901,6903.364453747317
2,2023-08-31,6953.26,6964.640167261416,Uji,6965.546562581116,6921.159916542816
2,2023-09-01,6977.65,6951.463625782183,Uji,6952.709997816733,6920.3315203652255
2,2023-09-04,6996.75,6975.465928042586,Uji,6976.074316867049,6922.938808158684
2,2023-09-05,6991.71,6994.510318751392,Uji,6994.368938300071,6939.335286053767
2,2023-09-06,6995.95,6989.666524944362,Uji,6989.539941685853,6945.516768510988
2,2023-09-07,6954.81,6993.8198727667905,Uji,6993.601771112737,6944.854616552641
2,2023-09-08,6924.78,6953.20328241711,Uji,6954.193035256319,6932.900547399569
2,2023-09-11,6963.39,6923.24087267195,Uji,6925.429332648861,6905.971965740666
2,2023-09-12,6933.97,6961.1743956649825,Uji,6962.416149181777,6906.470967438267
2,2023-09-13,6935.48,6932.381704011608,Uji,6934.232070552755,6912.562747519062
2,2023-09-14,6959.33,6933.664418848504,Uji,6935.680267329265,6900.959147635743
2,2023-09-15,6982.79,6957.239149496608,Uji,6958.526370751314,6909.522081336127
2,2023-09-18,6936.08,6980.587415834721,Uji,6980.997567115482,6927.1481835338955
2,2023-09-19,6980.32,6934.604287211944,Uji,6936.252111571481,6921.248453079807
2,2023-09-20,7011.68,6977.9817647004675,Uji,6978.632930864151,6916.758289760994
2,2023-09-21,6991.47,7009.280248856604,Uji,7008.670469992816,6945.405386005094
2,2023-09-22,7016.84,6989.535502528009,Uji,6989.309195157942,6951.580523605398
2,2023-09-25,6998.38,7014.457652101576,Uji,7013.612553032101,6951.711815061621
2,2023-09-26,6923.8,6996.399337353763,Uji,6995.928024342714,6956.00479457622
2,2023-09-27,6937.83,6922.58233033185,Uji,6924.488006986129,6923.574751149761
2,2023-09-29,6939.89,6935.913973295737,Uji,6937.931951675465,6897.556690088554
2,2023-10-02,6961.46,6938.049028858592,Uji,6939.904439897289,6904.016023470805
2,2023-10-03,6940.89,6959.374967339091,Uji,6960.566455240302,6912.046101290033
2,2023-10-04,6886.58,6939.204936237087,Uji,6940.860943892648,6914.072733785556
2,2023-10-05,6874.83,6885.399899393959,Uji,6888.8379374638625,6887.523969162149
2,2023-10-06,6888.52,6873.4047344008495,Uji,6877.585681229872,6861.262763319055
2,2023-10-09,6891.46,6886.847087270959,Uji,6890.700209019227,6860.986145493427
2,2023-10-10,6922.19,6889.849123812659,Uji,6893.515666411563,6867.598562561314
2,2023-10-11,6931.75,6920.231549633789,Uji,6922.9521480522035,6879.040895462972
2,2023-10-12,6935.15,6929.895416899371,Uji,6932.107955944587,6894.869654393836
2,2023-10-13,6926.78,6933.322581274559,Uji,6935.364280002763,6899.935719972893
2,2023-10-16,6896.29,6925.077137039948,Uji,6927.34635381763,6898.547788127109
2,2023-10-17,6939.62,6894.8931953824,Uji,6898.14010304515,6884.950916692061
2,2023-10-18,6927.91,6937.486870051672,Uji,6939.64824668174,6886.832312498135
2,2023-10-19,6846.43,6926.225354362178,Uji,6928.428544271935,6900.76344355081
2,2023-10-20,6849.17,6845.639057608582,Uji,6850.378531206288,6868.8134793511435
2,2023-10-23,6741.96,6847.76696119491,Uji,6853.008059628942,6836.196677415407
2,2023-10-24,6806.76,6741.861927680397,Uji,6750.3101270865145,6801.625323249133
2,2023-10-25,6834.39,6805.122796710165,Uji,6812.389160020384,6779.085387198357
2,2023-10-26,6714.52,6832.882195905482,Uji,6838.852459645307,6814.950957655939
2,2023-10-27,6758.79,6714.645854501147,Uji,6724.0258734946165,6786.4063207620675
2,2023-10-30,6735.89,6757.5329171479,Uji,6766.439773481216,6758.705392898347
2,2023-10-31,6752.21,6735.22221427577,Uji,6744.500973388427,6762.412582937505
2,2023-11-01,6642.42,6751.183733172144,Uji,6760.135429483677,6758.705392898347
2,2023-11-02,6751.39,6644.659728598307,Uji,6657.22581300908,6758.705392898347
2,2023-11-03,6788.85,6749.709080808485,Uji,6759.3554829025525,6758.705392898347
2,2023-11-06,6878.84,6787.49460945341,Uji,6795.232442714602,6777.002144230334
2,2023-11-07,6843.79,6876.671909733754,Uji,6881.4327047411025,6822.381973366175
2,2023-11-08,6804.11,6842.6818834650885,Uji,6847.852538293339,6847.742030167021
2,2023-11-09,6838.23,6803.228486990364,Uji,6809.84469303641,6820.106209951673
2,2023-11-10,6809.26,6836.657273671663,Uji,6842.530996938384,6815.139128624532
2,2023-11-13,6838.31,6808.277199497851,Uji,6814.778278899822,6819.533110190067
2,2023-11-14,6862.06,6836.772960815466,Uji,6842.60735942129,6817.285013042126
2,2023-11-15,6958.21,6860.444702756444,Uji,6865.356025570671,6837.147419473565
2,2023-11-16,6958.01,6955.610696007661,Uji,6957.457834070377,6878.936709773582
2,2023-11-17,6977.67,6956.096582011633,Uji,6957.260538166218,6918.435999966013
2,2023-11-20,6994.89,6975.519466976578,Uji,6976.0931496579,6924.900108805942
2,2023-11-21,6961.79,6992.672731604037,Uji,6992.587266605553,6938.724184410622
2,2023-11-22,6906.95,6960.092048270755,Uji,6960.87930376833,6934.788534682442
2,2023-11-23,7004.34,6905.6742955452655,Uji,6908.3493813857895,6902.90715322946
2,2023-11-24,7009.63,7001.50670055276,Uji,7001.643686686216,6912.769459818648
2,2023-11-27,7013.41,7007.425667357504,Uji,7006.705268267452,6954.607087615184
2,2023-11-28,7041.07,7011.197920205056,Uji,7010.325872308671,6958.042592226319
2,2023-11-29,7036.09,7038.553131836716,Uji,7036.821546397868,6968.808312276656
2,2023-11-30,7080.74,7033.829419491353,Uji,7032.049451716009,6978.532220273073
2,2023-12-01,7059.91,7077.908732318947,Uji,7074.820603019067,6988.9893964332905
2,2023-12-04,7093.6,7057.645860042042,Uji,7054.864615553087,7002.788137450277
2,2023-12-05,7100.85,7090.783814624618,Uji,7087.137875995705,7002.357270099579
2,2023-12-06,7087.4,7098.186401788664,Uji,7094.080718863081,7019.079936416209
3,2022-01-05,6662.3,6691.315972554104,Latih,6696.757090920972,6759.865313454892
3,2022-01-06,6653.35,6675.795152173652,Latih,6679.721553656324,6775.126936341254
3,2022-01-07,6701.32,6662.512003646208,Latih,6667.628099430962,6757.203298468019
3,2022-01-10,6691.12,6695.238013348894,Latih,6700.799504637289,6753.612894152129
3,2022-01-11,6647.97,6694.908327409046,Latih,6698.385365050005,6779.032363924114
3,2022-01-12,6647.06,6665.987684877826,Latih,6670.180951490863,6772.493820720342
3,2022-01-13,6658.36,6655.273805447307,Latih,6660.926293866498,6749.376233650172
3,2022-01-14,6693.4,6662.004717762632,Latih,6667.590075129433,6749.17181939947
3,2022-01-17,6645.05,6688.8017837654215,Latih,6694.355226277726,6756.096244245793
3,2022-01-18,6614.06,6664.729575978978,Latih,6668.871422346992,6773.64109640303
3,2022-01-19,6591.98,6634.304625043505,Latih,6640.3407026613595,6746.98798915031
3,2022-01-20,6626.87,6613.4411717033445,Latih,6620.71052808211,6729.849196625821
3,2022-01-21,6726.37,6629.688657560804,Latih,6637.398931050384,6718.90416150259
3,2022-01-24,6655.17,6714.410085895677,Latih,6720.145455409607,6740.066759152435
3,2022-01-25,6568.17,6678.708293458536,Latih,6681.653697107748,6791.540475848049
3,2022-01-26,6600.82,6630.331774948397,Latih,6633.437688904637,6751.256620556736
3,2022-01-27,6611.16,6608.074908075115,Latih,6616.811299626238,6705.508969079572
3,2022-01-28,6645.51,6622.113526160575,Latih,6629.662330888593,6723.242597545108
3,2022-01-31,6631.15,6645.658595163088,Latih,6652.562550559353,6729.635948899409
3,2022-02-02,6707.65,6644.916499128575,Latih,6650.789303175743,6747.661642563069
3,2022-02-03,6683.85,6698.354638454932,Latih,6704.176403396893,6741.889291277104
3,2022-02-04,6731.39,6691.929798225926,Latih,6695.256801299768,6782.2384672066855
3,2022-02-07,6804.94,6725.192486417911,Latih,6730.093854756973,6770.689280636933
3,2022-02-08,6789.52,6795.444603071541,Latih,6799.108701891632,6798.582661687166
3,2022-02-09,6834.61,6790.021947565704,Latih,6792.780458185703,6838.341104533709
3,2022-02-10,6823.64,6828.12451727662,Latih,6830.746176283096,6831.65048654381
3,2022-02-11,6815.61,6823.460666302179,Latih,6825.538999292587,6855.964875052609
3,2022-02-14,6734.49,6815.146706580851,Latih,6817.440719866488,6849.628986130394
3,2022-02-15,6807.5,6748.459928695285,Latih,6747.7177934257925,6842.034326919652
3,2022-02-16,6850.2,6798.0508595455,Latih,6801.651733996303,6800.384533791871
3,2022-02-17,6835.12,6843.896105235256,Latih,6846.145300962664,6842.130575932897
3,2022-02-18,6892.82,6835.33624307338,Latih,6837.107489472962,6864.971836637298
3,2022-02-21,6902.96,6884.613092296166,Latih,6886.144310292346,6858.963324396053
3,2022-02-22,6861.99,6899.997397362932,Latih,6900.644572768554,6891.027675380154
3,2022-02-23,6920.06,6864.944999910334,Latih,6865.770593589286,6894.982561458989
3,2022-02-24,6817.82,6911.663795635746,Latih,6912.60758749728,6874.780088632744
3,2022-02-25,6888.17,6827.842115093802,Latih,6828.773912261163,6902.631320103452
3,2022-03-01,6921.44,6878.5787970674455,Latih,6880.387664208752,6849.286319016852
3,2022-03-02,6868.4,6915.799655866669,Latih,6916.367509350824,6889.201970827026
3,2022-03-04,6928.33,6872.665076540154,Latih,6873.182843768637,6905.376333890006
3,2022-03-07,6869.07,6919.681632140922,Latih,6920.471465937244,6878.622919606012
3,2022-03-08,6814.18,6874.0245349997695,Latih,6874.440919037503,6909.183898220406
3,2022-03-09,6864.44,6818.945908255313,Latih,6820.61736328337,6874.504883266431
3,2022-03-10,6924.01,6857.216314004699,Latih,6859.261151531377,6846.356160960235
3,2022-03-11,6922.6,6915.42519720857,Latih,6916.3039935216775,6876.279873804193
3,2022-03-14,6952.2,6920.817608149099,Latih,6920.876415780532,6908.916629530237
3,2022-03-15,6918.19,6946.801389046958,Latih,6946.648888281038,6909.305997481094
3,2022-03-16,6992.4,6920.064094735133,Latih,6919.764115280854,6924.214079559195
3,2022-03-17,6964.38,6981.812264679726,Latih,6981.40753903633,6908.465516929374
3,2022-03-18,6954.96,6965.335635323578,Latih,6964.11437367683,6948.091076500466
3,2022-03-21,6955.18,6953.894266481451,Latih,6953.137412489108,6932.34341067021
3,2022-03-22,7000.82,6953.038899056963,Latih,6952.4117671216045,6927.182351597297
3,2022-03-23,6996.12,6993.36994842535,Latih,6992.3834689045525,6929.096592687417
3,2022-03-24,7049.69,6994.304637771306,Latih,6992.71819934195,6953.959239609889
3,2022-03-25,7002.53,7041.090715884034,Latih,7039.151745545927,6952.533059262685
3,2022-03-28,7049.6,7005.410962296187,Latih,7003.09278026229,6974.982059837635
3,2022-03-29,7011.69,7041.725470615689,Latih,7039.697761960689,6954.917604464345
3,2022-03-30,7053.19,7013.490453771412,Latih,7011.1020523316265,6974.451109655554
3,2022-03-31,7071.44,7045.916663379733,Latih,7043.733135800425,6958.123214507155
3,2022-04-01,7078.76,7066.658067904182,Latih,7063.753244435257,6964.67200364595
3,2022-04-04,7116.22,7075.156185416051,Latih,7071.939679258533,6967.160084357315
3,2022-04-05,7148.3,7109.054222469402,Latih,7105.443169343544,6958.397680013828
3,2022-04-06,7104.22,7141.559350439387,Latih,7137.175345769005,6958.683086475186
3,2022-04-07,7127.37,7106.205090253425,Latih,7101.717684593272,6979.156482449825
3,2022-04-08,7210.83,7121.738107107952,Latih,7117.684931796863,6961.60351425653
3,2022-04-11,7203.79,7198.024451730335,Latih,7192.996903692568,6943.78948771005
3,2022-04-12,7214.78,7201.1067518330465,Latih,7194.969997254098,6966.622273658568
3,2022-04-13,7262.78,7210.027934539404,Latih,7203.9036454744,6961.757136021905
3,2022-04-14,7235.53,7253.6433329523525,Latih,7246.990963463874,6950.931420080713
3,2022-04-18,7275.29,7234.926139564604,Latih,7227.816940378039,6970.622448115402
3,2022-04-19,7199.23,7267.0034493024095,Latih,7259.964065961931,6952.576598881535
3,2022-04-20,7227.36,7204.262141100254,Latih,7197.261768540824,6984.009109732564
3,2022-04-21,7276.19,7220.629809309332,Latih,7214.470858941165,6957.061852222733
3,2022-04-22,7225.61,7266.887896678541,Latih,7259.955411846135,6950.281868156246
3,2022-04-25,7215.98,7227.659552054493,Latih,7220.4407639611645,6976.775838326271
3,2022-04-26,7232.15,7213.519085563507,Latih,7207.080961490955,6966.867010259682
3,2022-04-27,7196.76,7226.7264321077755,Latih,7220.296468911259,6959.890627088599
3,2022-04-28,7228.91,7197.273830494965,Latih,7190.8945813138125,6973.933970186765
3,2022-05-09,6909.75,7221.72345637807,Latih,7215.586836319057,6956.006767535262
3,2022-05-10,6819.79,6953.438557782821,Latih,6939.349007087101,7046.555633069341
3,2022-05-11,6816.2,6828.433106006717,Latih,6829.493347291684,6897.050603674396
3,2022-05-12,6599.84,6815.238785476122,Latih,6817.581876117918,6847.539263785518
3,2022-05-13,6597.99,6708.850589986313,Latih,6706.756047343779,6838.235551224983
3,2022-05-17,6644.47,6613.788535804605,Latih,6621.484197066285,6722.388664999923
3,2022-05-18,6793.41,6641.920084399144,Latih,6649.275993145864,6722.561063506177
3,2022-05-19,6823.33,6775.576860682694,Latih,6780.543426350086,6751.163487921977
3,2022-05-20,6918.14,6818.596156425211,Latih,6821.251602355275,6833.342052302098
3,2022-05-23,6840.77,6905.660439991996,Latih,6907.158521244273,6853.487937075832
3,2022-05-24,6914.14,6847.896234852113,Latih,6848.675665773489,6902.479491937205
3,2022-05-25,6883.5,6904.071176644013,Latih,6905.3571647993185,6862.901866302827
3,2022-05-27,7026.26,6885.187088857336,Latih,6885.688780953628,6901.963451047883
3,2022-05-30,7037.56,7007.849943231403,Latih,7007.664843801319,6890.758164691074
3,2022-05-31,7148.97,7033.736600736442,Latih,7031.471912796559,6964.3811715472275
3,2022-06-02,7148.72,7133.386322769598,Latih,7130.094395768718,6938.849915709545
3,2022-06-03,7182.96,7145.579433846551,Latih,7140.735326159673,6966.743027719908
3,2022-06-06,7096.58,7175.790369170985,Latih,7170.68246789225,6957.000466292553
3,2022-06-07,7141.04,7103.319906694961,Latih,7098.4087184006685,6989.972109395918
3,2022-06-08,7193.31,7132.9593564970055,Latih,7128.906046665982,6955.83090514069
3,2022-06-09,7182.83,7184.0750932265155,Latih,7178.993557854973,6952.156448285631
3,2022-06-10,7086.65,7180.643982933246,Latih,7174.915182476125,6968.172705585414
3,2022-06-13,6995.44,7094.535889481973,Latih,7089.703933429192,6992.746941767988
3,2022-06-14,7049.88,7003.267790697275,Latih,7000.489371126948,6989.08831342524
3,2022-06-15,7007.05,7041.182727519337,Latih,7039.251738697353,6952.270252150349
3,2022-06-16,7050.33,7009.423871306836,Latih,7007.067844331324,6974.8070942426275
3,2022-06-17,6936.97,7042.873822457854,Latih,7040.7773741162455,6956.555967588477
3,2022-06-20,6976.38,6947.583622466973,Latih,6945.768275948813,6978.780544072444
3,2022-06-21,7044.07,6969.756902015859,Latih,6969.215190239006,6918.142499888586
3,2022-06-22,6984.31,7033.927932923499,Latih,7032.308178390326,6942.430791530063
3,2022-06-23,6998.27,6988.693900976833,Latih,6986.596376475748,6973.88527397042
3,2022-06-24,7042.94,6994.363781702576,Latih,6992.990871249494,6944.98299341028
3,2022-06-27,7016.06,7035.369089823428,Latih,7033.452808514299,6953.697867376856
3,2022-06-28,6996.46,7016.607684217155,Latih,7014.278112828792,6971.741295251901
3,2022-06-29,6942.35,6996.303021080551,Latih,6994.501350755749,6962.336378860527
3,2022-06-30,6911.58,6946.332407714775,Latih,6945.226474492004,6949.453494398645
3,2022-07-01,6794.33,6913.128941924022,Latih,6913.017962977932,6918.5485931513185
3,2022-07-04,6639.17,6807.822791158589,Latih,6807.385691050919,6897.054392652555
3,2022-07-05,6703.27,6695.922136896567,Latih,6694.201839922236,6827.513976133202
3,2022-07-06,6646.41,6695.380111239868,Latih,6701.124190919566,6746.072211065167
3,2022-07-07,6652.59,6667.888182514621,Latih,6671.686285609617,6778.957750200359
3,2022-07-08,6740.22,6658.305458794621,Latih,6663.962588151557,6748.679599748576
3,2022-07-11,6722.15,6729.507448731832,Latih,6734.77593318256,6754.179088557089
3,2022-07-12,6718.29,6723.313355030737,Latih,6727.500512196741,6800.6286202133015
3,2022-07-13,6640.99,6717.890968564769,Latih,6722.360314923694,6790.860612098307
3,2022-07-14,6690.09,6668.091699965758,Latih,6671.431493643387,6786.86122234109
3,2022-07-15,6651.9,6683.943136715607,Latih,6689.764699877665,6746.716651232117
3,2022-07-18,6659.25,6668.160697482242,Latih,6672.354614274963,6772.040847260383
3,2022-07-19,6736.09,6663.690723363621,Latih,6669.1055767132475,6751.784566460276
3,2022-07-20,6874.74,6726.60218807312,Latih,6731.809992823324,6757.640353735711
3,2022-07-21,6864.13,6857.611421472767,Latih,6860.665158509353,6803.904942901762
3,2022-07-22,6886.96,6863.6905342597165,Latih,6864.893007955591,6879.57944602136
3,2022-07-25,6858.41,6882.6703329799,Latih,6883.842651790423,6874.653819254082
3,2022-07-26,6871.54,6860.000562772194,Latih,6861.077260329166,6886.061042452795
3,2022-07-27,6898.22,6868.41496404473,Latih,6869.78742609803,6870.90869459335
3,2022-07-28,6956.82,6893.440155888244,Latih,6894.421232191666,6879.1629274636925
3,2022-07-29,6951.12,6948.16497278457,Latih,6948.316487070969,6896.107775872393
3,2022-08-01,6968.78,6949.660655098012,Latih,6949.039262679867,6928.0435706389435
3,2022-08-02,6988.16,6964.621782870346,Latih,6963.94200880056,6925.609387581397
3,2022-08-03,7046.63,6983.704780800398,Latih,6982.627410643752,6936.062797183444
3,2022-08-04,7057.35,7037.501365307632,Latih,7035.697318463985,6948.996261140755
3,2022-08-05,7084.65,7053.483678743904,Latih,7050.780366137093,6967.017224186712
3,2022-08-08,7086.85,7078.78786493189,Latih,7075.721931421229,6961.976224155479
3,2022-08-09,7102.88,7083.772725310395,Latih,7080.308747313091,6968.171898465806
3,2022-08-10,7086.24,7098.174519194436,Latih,7094.554856792759,6964.189390960389
3,2022-08-11,7160.38,7085.26531366534,Latih,7081.551801189253,6972.896911170536
3,2022-08-12,7129.28,7148.887099679786,Latih,7144.82706385203,6947.781008051089
3,2022-08-15,7093.28,7129.682630248741,Latih,7124.831123965457,6975.088420265967
3,2022-08-16,7133.45,7094.4242379362095,Latih,7090.2875257457,6977.499510734732
3,2022-08-18,7186.56,7125.888585171774,Latih,7121.940559609607,6957.152608338646
3,2022-08-19,7172.43,7177.268115493141,Latih,7172.345179124555,6952.169362199358
3,2022-08-22,7107.98,7170.707219560227,Latih,7165.153698577961,6969.4272384959995
3,2022-08-23,7163.27,7112.2143647743,Latih,7107.3610648918875,6984.1195057589375
3,2022-08-24,7194.71,7153.861826223214,Latih,7149.475938273747,6952.393113690666
3,2022-08-25,7174.21,7187.788471182668,Latih,7182.385926407062,6957.3121489811465
3,2022-08-26,7135.25,7173.187229075513,Latih,7167.506228035172,6970.959330871755
3,2022-08-29,7132.04,7136.495930419044,Latih,7131.404933812098,6976.854397968109
3,2022-08-30,7159.47,7129.319919664935,Latih,7124.797404301837,6968.03240129357
3,2022-08-31,7178.59,7153.18676035114,Latih,7148.494974070269,6959.47590213006
3,2022-09-01,7153.1,7173.128802583895,Latih,7167.905169321379,6960.920556548291
3,2022-09-02,7177.18,7152.7480011642765,Latih,7147.456569854695,6972.901798728162
3,2022-09-05,7231.88,7171.173779533587,Latih,7166.0499600625835,6959.728396047406
3,2022-09-06,7233.15,7222.164636923759,Latih,7216.27799974331,6950.2774738383805
3,2022-09-07,7186.76,7229.381183018177,Latih,7222.721594293205,6963.57862561708
3,2022-09-08,7232.02,7188.553934450829,Latih,7182.238716758572,6977.0108894920895
3,2022-09-09,7242.66,7223.355810945121,Latih,7217.334339950172,6952.630272335462
3,2022-09-12,7254.46,7237.795449770779,Latih,7231.059677922814,6960.924995706134
3,2022-09-13,7318.02,7249.402098772617,Latih,7242.425805281491,6960.246118435913
3,2022-09-14,7278.08,7306.849285266499,Latih,7299.212274696329,6945.22355989342
3,2022-09-15,7305.6,7278.658929040527,Latih,7270.447025109624,6972.388067097718
3,2022-09-16,7168.87,7298.512546836236,Latih,7290.642996139027,6954.633588042311
3,2022-09-19,7195.49,7180.827333604179,Latih,7173.641144175014,7000.161590886174
3,2022-09-20,7196.95,7189.101296064937,Latih,7183.614586650216,6958.490140048913
3,2022-09-21,7188.31,7193.356789357746,Latih,7187.4873707289335,6964.725183860117
3,2022-09-22,7218.91,7185.889184225284,Latih,7180.066847573601,6967.532435536438
3,2022-09-23,7178.58,7211.95053828546,Latih,7206.009824091281,6956.723758786969
3,2022-09-26,7127.5,7179.743102930866,Latih,7173.690378471098,6975.767342376167
3,2022-09-27,7112.45,7130.138518307284,Latih,7125.047073300555,6980.136774053629
3,2022-09-28,7077.03,7111.155692888571,Latih,7106.89419103868,6971.635383223349
3,2022-09-29,7036.2,7078.197905338475,Latih,7074.422782732316,6977.890605024751
3,2022-09-30,7040.8,7038.192663251821,Latih,7035.230310090843,6980.588402314242
3,2022-10-03,7009.72,7037.7055665684375,Latih,7035.276898828211,6967.895370320135
3,2022-10-04,7072.26,7010.7701019728775,Latih,7008.519897345959,6971.291191550547
3,2022-10-05,7075.38,7062.538574265308,Latih,7060.23375454492,6953.584377391986
3,2022-10-06,7076.62,7072.262527101703,Latih,7069.060907816954,6968.320453313642
3,2022-10-07,7026.78,7073.705253400871,Latih,7070.4504539019545,6968.749078665429
3,2022-10-10,6994.4,7029.827765315237,Latih,7026.944689235748,6983.149213470276
3,2022-10-11,6939.15,6995.678265664039,Latih,6993.743151564059,6966.918441714698
3,2022-10-12,6909.21,6943.276832239082,Latih,6942.2246621501945,6948.197212728909
3,2022-10-13,6880.63,6910.679378753946,Latih,6910.631512077199,6916.699325189637
3,2022-10-14,6814.53,6882.103152095419,Latih,6882.696026287419,6899.145056636974
3,2022-10-17,6831.12,6820.543085859452,Latih,6822.050561087165,6880.862766197962
3,2022-10-18,6834.49,6827.829133920108,Latih,6830.1291557628265,6845.238883222974
3,2022-10-19,6860.42,6832.653848316407,Latih,6834.6961523843165,6854.475941155889
3,2022-10-20,6980.65,6855.929182429948,Latih,6857.722086539009,6857.344376982489
3,2022-10-21,7017.77,6964.998259327464,Latih,6965.491095528059,6876.2994464546855
3,2022-10-24,7053.04,7011.177159295142,Latih,7009.7030898512,6943.740701813748
3,2022-10-25,7048.38,7046.461558795039,Latih,7044.194449496333,6960.388485366755
3,2022-10-26,7043.94,7046.276190325086,Latih,7043.553417167727,6971.153891537244
3,2022-10-27,7091.76,7041.835776962105,Latih,7039.212638236348,6971.245454772765
3,2022-10-28,7056.04,7083.572739007542,Latih,7080.6383659929725,6956.617263838701
3,2022-10-31,7098.89,7057.355386663145,Latih,7054.032789117163,6978.65786189204
3,2022-11-01,7052.3,7091.217775933813,Latih,7088.058978828261,6957.623248750024
3,2022-11-02,7015.69,7054.846948601668,Latih,7051.454041969841,6981.495828953441
3,2022-11-03,7034.57,7017.323868349255,Latih,7014.866592702925,6975.236212834175
3,2022-11-04,7045.53,7029.918297231259,Latih,7027.824270248475,6960.619500934534
3,2022-11-07,7102.4,7041.701167347494,Latih,7039.2583301741515,6967.0333217388925
3,2022-11-08,7050.13,7093.146567596864,Latih,7090.106955153416,6954.006231907062
3,2022-11-09,7070.08,7053.321627062624,Latih,7049.89665984637,6982.985906269606
3,2022-11-10,6966.84,7065.116021053262,Latih,7062.264512318439,6964.292298710399
3,2022-11-11,7089.21,6976.1636829436375,Latih,6973.83971655255,6984.490197858866
3,2022-11-14,7019.39,7072.729849354692,Latih,7070.890827328034,6937.5365303275485
3,2022-11-15,7035.5,7024.704214884104,Latih,7021.703209661902,6988.382577008065
3,2022-11-16,7014.38,7031.151845032039,Latih,7028.998987997832,6961.9425941718155
3,2022-11-17,7044.99,7014.294972660601,Latih,7012.082299095452,6969.070491629296
3,2022-11-18,7082.18,7038.974582791988,Latih,7036.817555639806,6959.567241165691
3,2022-11-21,7063.25,7075.229274580546,Latih,7072.355031976767,6959.5878675556705
3,2022-11-22,7030.59,7062.655382408566,Latih,7059.41013382501,6974.227133964355
3,2022-11-23,7054.12,7031.702749004426,Latih,7028.976433488789,6978.492043652589
3,2022-11-24,7080.52,7048.843906837767,Latih,7046.389456110064,6963.924700568968
3,2022-11-25,7053.15,7074.780605758497,Latih,7071.791931530304,6962.337185980135
3,2022-11-28,7017.36,7053.550669671362,Latih,7050.407387198275,6976.667953338678
3,2022-11-29,7012.07,7018.893402106823,Latih,7016.411329952539,6975.46104048496
3,2022-11-30,7081.31,7010.233681313454,Latih,7008.2921102566115,6962.461572079711
3,2022-12-01,7020.8,7070.792807135649,Latih,7068.384541585512,6951.612718709759
3,2022-12-02,7019.64,7025.069212306799,Latih,7022.167348276437,6985.728409017381
3,2022-12-05,6987.33,7017.302389999688,Latih,7015.2536513949035,6963.327521739059
3,2022-12-06,6892.57,6988.63888232356,Latih,6986.8585558283885,6963.942277840429
3,2022-12-07,6818.75,6901.3523942447155,Latih,6900.762367391333,6942.4867069829015
3,2022-12-08,6804.23,6825.600362802778,Latih,6826.9083449674,6887.58131949429
3,2022-12-09,6715.12,6804.551737167569,Latih,6807.002780056926,6846.498124331273
3,2022-12-12,6734.45,6733.876902829282,Latih,6733.685088612459,6835.027788863218
3,2022-12-13,6810.32,6731.379192732595,Latih,6735.820469265155,6787.502209829718
3,2022-12-14,6801.75,6800.536855197878,Latih,6804.116251299115,6800.473406628699
3,2022-12-15,6751.86,6801.422220567794,Latih,6804.010204750629,6841.774277465976
3,2022-12-16,6812.19,6756.407478534605,Latih,6759.504418890204,6835.11051862303
3,2022-12-19,6779.7,6804.128245993288,Latih,6807.450238199564,6810.101536431643
3,2022-12-20,6768.32,6782.157374106078,Latih,6784.891379677981,6841.934042308367
3,2022-12-21,6820.66,6768.487009946731,Latih,6771.763063595322,6823.656258287166
3,2022-12-22,6824.43,6813.442495948705,Latih,6816.468746078644,6819.467688661847
3,2022-12-23,6800.67,6822.603931258354,Latih,6824.870704257224,6848.340150636472
3,2022-12-26,6835.81,6802.040653547378,Latih,6804.440264981718,6849.475431624986
3,2022-12-27,6923.03,6830.426669018304,Latih,6832.8834290048835,6837.816790668405
3,2022-12-28,6850.52,6911.369600538657,Latih,6912.65540933405,6860.529158855417
3,2022-12-29,6860.08,6857.051728864649,Latih,6857.6868423161295,6905.546277407453
3,2022-12-30,6850.62,6857.415044788161,Latih,6858.987022324542,6866.1283045155205
3,2023-01-02,6850.98,6850.125768249072,Latih,6851.638198294379,6871.003127587478
3,2023-01-03,6888.76,6849.3896303266665,Latih,6851.031199509242,6865.825589822571
3,2023-01-04,6813.24,6882.794741499466,Latih,6884.136420907718,6867.507784025411
3,2023-01-05,6653.84,6820.309738612805,Latih,6821.713880110715,6885.273854215187
3,2023-01-06,6684.56,6704.574358203578,Latih,6702.159994416404,6838.001934938467
3,2023-01-09,6688.27,6680.49118704246,Latih,6686.176672080622,6753.4559318083775
3,2023-01-10,6622.5,6689.212540385888,Latih,6693.277934591042,6769.990763456252
3,2023-01-11,6584.45,6649.662967762883,Latih,6654.172361827355,6770.331390350786
3,2023-01-12,6629.93,6613.22329985418,Latih,6617.849995301671,6734.178126592957
3,2023-01-13,6641.83,6629.797304828026,Latih,6637.734373322436,6714.950486103166
3,2023-01-16,6688.06,6647.814024891044,Latih,6654.118492198523,6739.590020504021
3,2023-01-17,6767.34,6682.243948161021,Latih,6688.0696590210655,6747.115469208384
3,2023-01-18,6765.79,6757.410459167387,Latih,6761.972478551294,6773.841732885567
3,2023-01-19,6819.91,6764.875418741133,Latih,6768.343634116379,6816.773635510537
3,2023-01-20,6874.93,6812.4982108474105,Latih,6815.565646497343,6818.049714030657
3,2023-01-24,6860.85,6867.118909314315,Latih,6869.001941779594,6849.913024972417
3,2023-01-25,6829.93,6860.81494645659,Latih,6862.040400641302,6879.554828873318
3,2023-01-26,6864.82,6831.939412943458,Latih,6833.602617415523,6870.612638637166
3,2023-01-27,6898.98,6859.30688830916,Latih,6861.129050504009,6855.014738334157
3,2023-01-30,6872.48,6893.362582725926,Latih,6894.431433286711,6875.504837200683
3,2023-01-31,6839.34,6873.765673805516,Latih,6874.564879157286,6893.210575199767
3,2023-02-01,6862.26,6841.545638417042,Latih,6842.973163963593,6877.364978857082
3,2023-02-02,6890.57,6858.094549818078,Latih,6859.805464026967,6860.078360134402
3,2023-02-03,6911.73,6885.650106472415,Latih,6886.8203402239515,6873.769395523708
3,2023-02-06,6873.79,6907.491794382379,Latih,6908.1019768059705,6890.137512132568
3,2023-02-07,6935.3,6876.343255113405,Latih,6876.9544015965275,6900.259262835726
3,2023-02-08,6940.12,6926.43769407903,Latih,6927.097940338302,6881.854850716037
3,2023-02-09,6897.37,6937.5482335618635,Latih,6937.312846096207,6915.801090745972
3,2023-02-10,6880.33,6900.331074060842,Latih,6900.362125745758,6916.766383377062
3,2023-02-13,6900.14,6880.518933244985,Latih,6881.279307175619,6892.635457639141
3,2023-02-14,6941.85,6896.115241728767,Latih,6896.95865929906,6884.062367683691
3,2023-02-15,6914.54,6935.158329982807,Latih,6935.399860525478,6896.573192426308
3,2023-02-16,6895.66,6915.687354141222,Latih,6915.560277642952,6918.39050980811
3,2023-02-17,6895.71,6895.970655219003,Latih,6896.371860924109,6902.660824809119
3,2023-02-20,6894.72,6893.91106533949,Latih,6894.575257516845,6892.301399801417
3,2023-02-21,6873.4,6893.042313181503,Latih,6893.713567655428,6892.289920766993
3,2023-02-22,6809.97,6874.103498201412,Latih,6874.954942127805,6890.908827017887
3,2023-02-23,6839.45,6815.710367527041,Latih,6817.354268388483,6876.715740812462
3,2023-02-24,6856.58,6834.677566213345,Latih,6836.976198016739,6843.063673459626
3,2023-02-27,6854.78,6853.090542768874,Latih,6854.844256736973,6859.915523753503
3,2023-02-28,6843.24,6853.409646473863,Latih,6854.938465531209,6869.245759161155
3,2023-03-01,6844.94,6843.017667641974,Latih,6844.661635763384,6867.804445321302
3,2023-03-02,6857.42,6843.233146157301,Latih,6845.024817166962,6861.5380807853135
3,2023-03-03,6813.64,6854.444149611332,Latih,6856.114707839825,6862.961481053869
3,2023-03-06,6807.0,6817.170872877571,Latih,6819.009065364633,6868.09009840254
3,2023-03-07,6766.76,6806.428626555832,Latih,6808.929329721066,6843.802613880671
3,2023-03-08,6776.37,6770.151223318306,Latih,6773.058647505966,6838.577254278994
3,2023-03-09,6799.79,6774.154424473671,Latih,6777.548115805117,6816.871095203194
3,2023-03-10,6765.3,6795.908360546262,Latih,6798.9852125916195,6823.065401894186
3,2023-03-13,6786.96,6768.058474274901,Latih,6771.077841468183,6834.563022488987
3,2023-03-14,6641.81,6783.3441986495545,Latih,6786.675652091234,6816.485987050269
3,2023-03-15,6628.14,6692.116254065351,Latih,6690.602837540524,6823.635430117283
3,2023-03-16,6565.73,6642.195811030204,Latih,6648.219086834278,6745.606043441618
3,2023-03-17,6678.24,6617.002575763321,Latih,6620.959530086152,6736.728546084039
3,2023-03-20,6612.49,6665.092017522914,Latih,6672.0559015500685,6706.139464013297
3,2023-03-21,6691.61,6641.150361333052,Latih,6646.0836837615925,6764.712739300158
3,2023-03-24,6762.25,6682.109865416154,Latih,6688.317130860852,6731.500854803495
3,2023-03-27,6708.93,6753.310829638864,Latih,6757.86305148753,6775.61445900443
3,2023-03-28,6760.33,6720.193266036382,Latih,6721.466923197678,6812.088889106247
3,2023-03-29,6839.44,6753.545096105064,Latih,6757.870719123806,6784.836473124652
3,2023-03-30,6808.95,6829.137564484512,Latih,6832.128682491517,6815.820741133425
3,2023-03-31,6805.28,6811.0255538627825,Latih,6813.1511481902335,6858.038320485392
3,2023-04-03,6827.17,6804.387062347563,Latih,6806.966594194504,6841.161135603822
3,2023-04-04,6833.18,6823.310026395355,Latih,6825.76992518041,6840.007246024347
3,2023-04-05,6819.67,6831.056805232202,Latih,6833.164441148376,6852.256698533931
3,2023-04-06,6792.77,6819.795267122719,Latih,6821.924515908395,6855.0240874696165
3,2023-04-10,6771.23,6794.53345471415,Latih,6797.061129126281,6846.552694584764
3,2023-04-11,6811.31,6772.5132588509,Latih,6775.584304119078,6830.943449767267
3,2023-04-12,6798.96,6805.509384582372,Latih,6808.568031596574,6820.697290544544
3,2023-04-13,6785.6,6799.068547691138,Latih,6801.664535810085,6842.207947315313
3,2023-04-14,6818.57,6785.8937101310785,Latih,6788.766226395696,6834.905241202748
3,2023-04-17,6787.58,6813.522176589999,Latih,6816.323711169097,6828.86886091504
3,2023-04-18,6821.81,6789.827386900216,Latih,6792.410909505218,6845.74505931709
3,2023-04-26,6910.15,6816.604162812862,Latih,6819.352786217663,6830.082791225349
3,2023-04-27,6945.48,6898.434791381999,Latih,6900.016454353675,6852.339787013569
3,2023-04-28,6915.72,6939.479491423716,Latih,6939.553073827972,6902.209331068441
3,2023-05-02,6863.3,6917.133936678516,Latih,6916.946953969346,6920.429069737839
3,2023-05-03,6812.72,6867.523702217679,Latih,6868.1610576680705,6902.036764412269
3,2023-05-04,6844.03,6817.013574233983,Latih,6818.7769063774085,6871.280911252539
3,2023-05-05,6787.63,6839.0287704396615,Latih,6841.25328175906,6844.752862699069
3,2023-05-08,6769.63,6792.708445180685,Latih,6794.936431598396,6859.719528208712
3,2023-05-09,6779.98,6770.527520415512,Latih,6773.682730322806,6828.059745928083
3,2023-05-10,6811.9,6777.662323229639,Latih,6780.9878577941945,6818.588017969165
3,2023-05-11,6755.94,6807.0054031956515,Latih,6809.937422111365,6825.522475760614
3,2023-05-12,6707.76,6761.141638594891,Latih,6764.065137914743,6840.841202359236
3,2023-05-15,6711.74,6717.989235377034,Latih,6719.485253990313,6808.68237354103
3,2023-05-16,6676.56,6710.502999233622,Latih,6715.22418933021,6782.994940059214
3,2023-05-17,6663.11,6688.411821684854,Latih,6691.664311924891,6784.24519075188
3,2023-05-19,6700.56,6671.86638538213,Latih,6676.418450290873,6765.079664841916
3,2023-05-22,6729.65,6695.654341336654,Latih,6701.085628538299,6758.817649783816
3,2023-05-23,6736.68,6725.517755619904,Latih,6730.199598635606,6779.589298873572
3,2023-05-24,6745.8,6734.967601669453,Latih,6739.18878116893,6795.3347451249065
3,2023-05-25,6704.23,6743.805157816433,Latih,6747.857100028122,6799.325458346339
3,2023-05-26,6687.0,6713.4334039101195,Latih,6715.300977792908,6803.166921700271
3,2023-05-29,6681.1,6693.0609763564335,Latih,6696.475753687637,6780.486793457596
3,2023-05-30,6636.42,6685.38002260761,Latih,6689.425362132506,6771.117367908982
3,2023-05-31,6633.26,6656.530950286624,Latih,6661.16113204242,6766.842010505822
3,2023-06-05,6633.44,6644.074152112762,Latih,6650.234442075278,6742.84925916078
3,2023-06-06,6618.92,6643.441129325266,Latih,6649.706159871902,6741.162446440183
3,2023-06-07,6619.75,6634.559411404738,Latih,6640.9439404933255,6740.895626149797
3,2023-06-08,6666.33,6631.652508481824,Latih,6638.518249006654,6733.144968654833
3,2023-06-09,6694.02,6660.593054358375,Latih,6666.911197859211,6734.754253053092
3,2023-06-12,6722.37,6690.237402928041,Latih,6695.6748107867115,6760.377475686099
3,2023-06-13,6719.01,6718.359792957028,Latih,6723.189663950821,6775.90686050239
3,2023-06-14,6699.72,6718.551349343976,Latih,6723.012007957122,6790.9963651323615
3,2023-06-15,6713.79,6704.356973989177,Latih,6707.164640435297,6788.715534800321
3,2023-06-16,6698.55,6711.417577849347,Latih,6716.2349272792235,6778.743033964662
3,2023-06-19,6686.06,6702.409450425225,Latih,6705.402799221147,6785.89240977171
3,2023-06-20,6660.46,6691.146555906402,Latih,6694.760523630845,6777.423214045791
3,2023-06-21,6702.63,6672.473328117295,Latih,6676.728776570126,6770.097998264161
3,2023-06-22,6652.26,6697.187151152062,Latih,6702.639255313593,6757.451084187652
3,2023-06-23,6639.73,6671.333013841226,Latih,6675.102049420341,6778.761530455677
3,2023-06-26,6664.67,6651.778316155311,Latih,6657.349885228809,6751.4889925338575
3,2023-06-27,6661.88,6664.157899886681,Latih,6669.935228410228,6745.406471908564
3,2023-07-03,6696.72,6668.3123126585915,Latih,6673.2749324078995,6758.685125228192
3,2023-07-04,6681.75,6692.126029180603,Latih,6697.604454409348,6758.063284410264
3,2023-07-05,6718.98,6688.066957412378,Latih,6691.779741238819,6776.335979093937
3,2023-07-06,6757.33,6713.9987463554935,Latih,6719.026238343289,6769.254916993705
3,2023-07-07,6716.46,6752.015514768089,Latih,6756.2243744835505,6790.140414788157
3,2023-07-10,6731.04,6723.663420740685,Latih,6725.037440983227,6809.643944453927
3,2023-07-11,6796.92,6728.516989662967,Latih,6732.966202871672,6788.134094802766
3,2023-07-12,6808.21,6788.322826271086,Latih,6792.054386838407,6798.075409433574
3,2023-07-13,6810.21,6805.634196661743,Latih,6808.358696158262,6834.67418079499
3,2023-07-14,6869.57,6808.658473832639,Latih,6811.209846173259,6840.948751046992
3,2023-07-17,6867.14,6861.304464498798,Latih,6863.364659718017,6844.379009380676
3,2023-07-18,6830.2,6865.7726786482735,Latih,6867.0238037205145,6876.860439422172
3,2023-07-20,6864.19,6832.878743227159,Latih,6834.452088382875,6874.075204175156
3,2023-07-21,6880.8,6858.780601484815,Latih,6860.603907099107,6855.138160374203
3,2023-07-24,6899.4,6877.236871039313,Latih,6878.4564511868775,6874.444685595672
3,2023-07-25,6917.71,6895.514049720808,Latih,6896.356705011472,6884.291186092538
3,2023-07-26,6948.28,6913.756880978988,Latih,6914.197164725111,6895.218442164405
3,2023-07-27,6896.66,6942.794667953303,Latih,6942.740949659397,6906.468321879552
3,2023-07-28,6900.23,6900.613252043769,Latih,6900.536015181287,6921.21668395524
3,2023-07-31,6931.36,6898.01428206627,Latih,6898.629239947542,6893.0278074485495
3,2023-08-01,6886.5,6925.904210438181,Latih,6926.2264081016665,6896.210369742556
3,2023-08-02,6854.51,6889.755296158238,Latih,6889.993374022586,6911.5317194799045
3,2023-08-03,6898.08,6856.505062270203,Latih,6857.618595869282,6885.655352749867
3,2023-08-04,6852.84,6891.418949030085,Latih,6892.638618857606,6869.81130338643
3,2023-08-07,6886.37,6856.320523339847,Latih,6857.285569351056,6891.944854714616
3,2023-08-08,6868.81,6880.891284424109,Latih,6882.22569975589,6868.434648795168
3,2023-08-09,6875.11,6869.119489782493,Latih,6870.123210274915,6886.145946951551
3,2023-08-10,6893.28,6872.726619410258,Latih,6873.92613366757,6876.75654519264
3,2023-08-11,6879.98,6889.475248074276,Latih,6890.445047123178,6880.928008366269
3,2023-08-14,6910.17,6879.75409773652,Latih,6880.574243358117,6890.3770921361875
3,2023-08-15,6915.1,6904.93412202482,Latih,6905.704181390748,6884.264394205553
3,2023-08-16,6900.54,6912.65188939576,Latih,6912.962383824931,6901.026497283026
3,2023-08-18,6859.91,6900.342754875168,Latih,6900.698089282557,6903.159893766687
3,2023-08-21,6866.03,6862.838440153639,Latih,6863.714007988314,6893.572725283845
3,2023-08-22,6916.45,6863.716048207322,Latih,6865.110549109916,6871.515379498642
3,2023-08-23,6921.41,6908.925821725772,Latih,6909.841476500974,6876.855372504633
3,2023-08-24,6899.39,6918.924284908819,Latih,6919.097905304479,6904.720930348381
3,2023-08-25,6895.44,6900.030220226988,Latih,6900.306524172768,6906.577664166436
3,2023-08-28,6921.73,6894.088272933408,Latih,6894.702513375028,6894.337807412191
3,2023-08-29,6957.83,6916.865860868739,Latih,6917.329977063286,6893.203154183371
3,2023-08-30,6966.66,6951.676570838741,Latih,6951.492278528265,6909.049781845556
3,2023-08-31,6953.26,6963.49710653668,Latih,6962.740387064271,6929.208535693038
3,2023-09-01,6977.65,6952.646997647337,Latih,6951.87162474399,6933.52788111483
3,2023-09-04,6996.75,6972.693606709296,Latih,6971.914825967604,6927.132377441573
3,2023-09-05,6991.71,6992.279260795173,Latih,6991.01109653121,6941.268225414803
3,2023-09-06,6995.95,6989.956505083498,Latih,6988.461316009816,6951.552319259099
3,2023-09-07,6954.81,6993.139426097331,Latih,6991.681364525613,6948.952990561775
3,2023-09-08,6924.78,6957.279505477004,Latih,6956.083443898015,6949.663255816749
3,2023-09-11,6963.39,6926.174797286737,Latih,6925.786976315129,6925.905376277614
3,2023-09-12,6933.97,6956.926704528384,Latih,6956.656409139685,6910.9421186063155
3,2023-09-13,6935.48,6935.2468665197985,Latih,6934.667623681177,6930.975275674809
3,2023-09-14,6959.33,6933.302246344437,Latih,6933.121630912174,6914.888821389126
3,2023-09-15,6982.79,6954.533415530972,Latih,6954.145549719386,6916.654754251288
3,2023-09-18,6936.08,6977.909348135646,Latih,6977.005688054616,6930.665588365246
3,2023-09-19,6980.32,6939.271927164545,Latih,6938.405618785371,6941.704944382658
3,2023-09-20,7011.68,6973.137298293764,Latih,6972.577291805798,6917.808890450644
3,2023-09-21,6991.47,7005.762059325634,Latih,7004.340138776361,6943.320282177975
3,2023-09-22,7016.84,6991.408109698352,Latih,6989.706522204932,6959.736512083464
3,2023-09-25,6998.38,7011.56143790847,Latih,7009.943746014296,6949.642136187009
3,2023-09-26,6923.8,6998.085589574633,Latih,6996.258091422376,6962.839842135959
3,2023-09-27,6937.83,6930.164120468844,Latih,6929.176183648754,6949.7782255209
3,2023-09-29,6939.89,6934.244446386744,Latih,6934.187342674483,6909.399869975493
3,2023-10-02,6961.46,6937.627039823582,Latih,6937.3581120542185,6917.180525415884
3,2023-10-03,6940.89,6956.9058090985345,Latih,6956.43987688487,6919.158685894953
3,2023-10-04,6886.58,6941.143121875574,Latih,6940.536795690109,6930.187997757245
3,2023-10-05,6874.83,6890.887819488092,Latih,6890.992319057329,6916.76492607777
3,2023-10-06,6888.52,6874.45934826855,Latih,6875.413206705194,6886.49776142065
3,2023-10-09,6891.46,6885.240269071503,Latih,6886.25116396044,6880.58726937179
3,2023-10-10,6922.19,6889.362139229222,Latih,6890.159125002069,6888.21593970601
3,2023-10-11,6931.75,6916.82859884684,Latih,6917.344729416119,6891.037002095623
3,2023-10-12,6935.15,6928.695543922234,Latih,6928.708345736015,6908.27739080076
3,2023-10-13,6926.78,6932.763426746179,Latih,6932.616351617624,6913.657515587257
3,2023-10-16,6896.29,6925.750409312892,Latih,6925.621247755635,6915.194540360616
3,2023-10-17,6939.62,6897.890882446214,Latih,6898.11644995664,6909.402919094012
3,2023-10-18,6927.91,6932.759929227877,Latih,6933.072598395993,6894.372648075267
3,2023-10-19,6846.43,6927.246450346161,Latih,6927.046105323482,6917.692127147364
3,2023-10-20,6849.17,6853.983441255131,Latih,6854.582391264179,6908.063728304551
3,2023-10-23,6741.96,6847.3242560899635,Latih,6849.038421197273,6863.454967434148
3,2023-10-24,6806.76,6760.948781848576,Latih,6759.013264188792,6860.745713530222
3,2023-10-25,6834.39,6798.229681378633,Latih,6801.732132077248,6804.455039754542
3,2023-10-26,6714.52,6829.851215157842,Latih,6832.234101280307,6841.103179931975
3,2023-10-27,6758.79,6740.6057693206,Latih,6739.404696874045,6851.556096294262
3,2023-10-30,6735.89,6752.807960493143,Latih,6757.067612693931,6787.789858289986
3,2023-10-31,6752.21,6737.516888951086,Latih,6741.337759545022,6810.911368858251
3,2023-11-01,6642.42,6749.378072089279,Latih,6753.390992309923,6799.062987533838
3,2023-11-02,6751.39,6676.953043721183,Latih,6679.139597999021,6805.0517029247
3,2023-11-03,6788.85,6738.238913490348,Latih,6743.562069084519,6749.015271825517
3,2023-11-06,6878.84,6783.463405731647,Latih,6786.974106986254,6808.926415122482
3,2023-11-07,6843.79,6867.1111071581045,Latih,6869.396892307739,6833.020885958111
3,2023-11-08,6804.11,6846.184289323724,Latih,6847.488347990252,6881.030243516606
3,2023-11-09,6838.23,6807.235858263703,Latih,6809.338539362284,6860.2354345781005
3,2023-11-10,6809.26,6832.9471690339205,Latih,6835.337072612977,6839.799749025143
3,2023-11-13,6838.31,6811.164490535291,Latih,6813.304545755717,6857.386481722036
3,2023-11-14,6862.06,6833.591698880828,Latih,6835.909096215105,6842.62924133066
3,2023-11-15,6958.21,6857.803134799638,Latih,6859.529989620784,6859.505260372797
3,2023-11-16,6958.01,6945.363370945504,Latih,6946.00843887215,6876.317673905831
3,2023-11-17,6977.67,6955.900317426972,Latih,6955.2057461643735,6929.077176976848
3,2023-11-20,6994.89,6973.240564763601,Latih,6972.39533117419,6929.739979114879
3,2023-11-21,6961.79,6990.638835032043,Latih,6989.384974721131,6941.2061220449705
3,2023-11-22,6906.95,6963.32572813993,Latih,6962.089983180218,6949.355788086108
3,2023-11-23,7004.34,6911.206158818052,Latih,6910.860151126132,6929.035386117149
3,2023-11-24,7009.63,6991.10445336586,Latih,6990.763355651555,6902.766198757931
3,2023-11-27,7013.41,7006.628098664938,Latih,7004.887096830665,6956.421940893582
3,2023-11-28,7041.07,7010.555811716973,Latih,7008.711498572886,6959.473615291171
3,2023-11-29,7036.09,7035.404558246199,Latih,7033.29174331254,6959.420076357179
3,2023-11-30,7080.74,7034.088594565454,Latih,7031.628763040366,6969.959130317622
3,2023-12-01,7059.91,7072.965931840011,Latih,7070.227061130472,6957.772341677599
3,2023-12-04,7093.6,7059.545236679382,Latih,7056.346128433412,6974.8117576003615
3,2023-12-05,7100.85,7086.97721435375,Latih,7083.805682694385,6960.085232594066
3,2023-12-06,7087.4,7097.133917819929,Latih,7093.435830296348,6966.448967142755
3,2023-12-11,7088.79,7153.589064635713,Uji,7148.860240532834,6960.083483834916
3,2023-12-12,7125.31,7093.83741714127,Uji,7089.312794299196,6986.340743759926
3,2023-12-13,7075.34,7118.199515386894,Uji,7114.37771436341,6958.332617205434
3,2023-12-14,7176.02,7078.138313007423,Uji,7074.197013441988,6981.579993592556
3,2023-12-15,7190.99,7161.484891560157,Uji,7157.454763997872,6940.637282081296
3,2023-12-18,7119.52,7185.923845528447,Uji,7180.372566545092,6961.54791268354
3,2023-12-19,7187.85,7124.473883858994,Uji,7119.27159442611,6985.492012652215
3,2023-12-20,7219.67,7176.855228973709,Uji,7172.116540075622,6948.325858626416
3,2023-12-21,7209.62,7212.570450984326,Uji,7206.630274869885,6956.393960747175
3,2023-12-22,7237.52,7207.240412453499,Uji,7200.934835356558,6967.181697226816
3,2023-12-26,7237.52,7230.760236548274,Uji,7224.377041449039,6956.784203077606
3,2023-12-27,7245.92,7233.868992238134,Uji,7227.096630967943,6963.751707933002
3,2023-12-28,7303.89,7241.287318234534,Uji,7234.449445756167,6961.376893006616
3,2023-12-29,7272.8,7293.418904670574,Uji,7286.011340268947,6947.08567450886
3,2024-01-02,7323.59,7272.421463870501,Uji,7264.447884423826,6970.352152726704
3,2024-01-03,7279.09,7313.811902564268,Uji,7305.875629979471,6948.228959433487
3,2024-01-04,7359.76,7280.171471185779,Uji,7271.874102256393,6973.4935519207065
3,2024-01-05,7350.62,7346.45598962675,Uji,7338.149563021763,6939.573991677811
3,2024-01-08,7283.58,7347.372787821398,Uji,7338.012442368372,6962.303780196362
3,2024-01-09,7200.2,7287.14866147647,Uji,7278.439123467302,6978.974387298282
3,2024-01-10,7227.3,7206.042467595425,Uji,7198.91891961583,6985.805130220111
3,2024-01-11,7219.96,7220.68496248254,Uji,7214.512829160777,6957.321027296834
3,2024-01-12,7241.14,7217.222329684583,Uji,7210.729590518561,6966.163829721266
3,2024-01-15,7224.0,7235.109310875624,Uji,7228.553661220162,6958.342975240402
3,2024-01-16,7242.79,7222.332293602316,Uji,7215.614995825377,6968.477976157123
3,2024-01-17,7200.63,7237.016669029087,Uji,7230.391741607278,6958.885404456906
3,2024-01-18,7252.97,7201.877147498812,Uji,7195.319255844439,6975.497046987469
3,2024-01-19,7227.4,7243.403002926798,Uji,7237.024560865253,6950.171158250026
3,2024-01-22,7247.93,7226.653253263324,Uji,7219.744219739525,6970.471068348938
3,2024-01-23,7256.23,7241.93489719996,Uji,7235.22239730069,6958.281320270352
3,2024-01-24,7227.82,7251.552534448,Uji,7244.488802999349,6961.061757639699
3,2024-01-25,7178.04,7227.387283706754,Uji,7220.429643646567,6971.166446731145
3,2024-01-26,7137.09,7180.258986880265,Uji,7174.086225798807,6978.145071901138
3,2024-01-29,7157.17,7138.547718142348,Uji,7133.388878648357,6977.290646116192
3,2024-01-30,7192.22,7151.718251064498,Uji,7146.973912329156,6961.387295881563
3,2024-01-31,7207.94,7184.909699741089,Uji,7179.611721794687,6956.492788059168
3,2024-02-01,7201.7,7202.698167499985,Uji,7196.78852741071,6960.8015512461
3,2024-02-02,7238.79,7198.9389182461155,Uji,7192.8587517196775,6966.491430602127
3,2024-02-05,7198.62,7230.999323312133,Uji,7224.716704284041,6954.4472330928365
3,2024-02-06,7247.41,7199.656357897605,Uji,7193.169896328533,6975.066448676641
3,2024-02-07,7235.15,7238.268780580849,Uji,7231.961768604606,6951.241084970287
3,2024-02-12,7297.67,7232.877983879536,Uji,7225.986034387438,6966.891537727767
3,2024-02-13,7209.74,7286.725775641895,Uji,7279.516942023731,6946.1545723611625
3,2024-02-15,7303.28,7216.037657460061,Uji,7208.64300697216,6986.626688301023
3,2024-02-16,7335.54,7288.8488140905865,Uji,7281.950631841517,6938.222873454143
3,2024-02-19,7296.7,7327.761664627892,Uji,7319.306907374959,6952.462301777056
3,2024-02-20,7352.6,7297.055157864192,Uji,7288.453504842616,6971.499204209501
3,2024-02-21,7349.02,7342.094853345259,Uji,7333.5986639524535,6945.9959733582045
3,2024-02-22,7339.64,7345.161997535333,Uji,7335.914021067722,6960.967997245245
3,2024-02-23,7295.1,7336.479184153183,Uji,7327.3544279457155,6962.725858911329
3,2024-02-26,7283.82,7296.098990168669,Uji,7287.452676528788,6972.975470812375
3,2024-02-27,7285.32,7281.174182778693,Uji,7273.237327274179,6965.041485066467
3,2024-02-28,7328.64,7281.242025665736,Uji,7273.4507655704965,6961.800451440864
3,2024-02-29,7316.11,7319.666793040138,Uji,7311.51640955935,6949.927856528214
3,2024-03-01,7311.91,7313.428027510743,Uji,7304.771221315959,6964.2886218321855
3,2024-03-04,7276.75,7308.322637270789,Uji,7299.873395335177,6962.34687141543
3,2024-03-05,7247.46,7276.803540421819,Uji,7268.687280164455,6971.238190696294
3,2024-03-06,7329.8,7247.018584890457,Uji,7239.621423363776,6970.738404299074
3,2024-03-07,7373.96,7316.472706871729,Uji,7308.841390978793,6940.145118480375
3,2024-03-08,7381.91,7364.646941030132,Uji,7355.522364182578,6948.223264756253
3,2024-03-13,7421.21,7376.588365309347,Uji,7366.785807991135,6957.003829290919
3,2024-03-14,7433.31,7412.181622579211,Uji,7401.961425703876,6947.878490163735
3,2024-03-15,7328.05,7427.24677910101,Uji,7416.383845977897,6954.272043297939
3,2024-03-18,7302.45,7335.635654482944,Uji,7325.42550176273,6987.052264534291
3,2024-03-19,7336.75,7301.29858920286,Uji,7292.756618192293,6968.0031656277715
3,2024-03-20,7331.13,7328.7378309537,Uji,7320.285226019721,6951.912922363928
3,2024-03-21,7338.35,7327.596474148137,Uji,7318.709280145269,6962.067563191109
3,2024-03-22,7350.15,7333.346483914955,Uji,7324.48135118137,6958.6228663844395
3,2024-03-25,7377.76,7344.572082781896,Uji,7335.514048462017,6957.089922049097
3,2024-03-26,7365.66,7370.270412378419,Uji,7360.832314403164,6952.230972329429
3,2024-03-27,7310.09,7362.66079903494,Uji,7352.932048320876,6962.546902558261
3,2024-03-28,7288.81,7312.236494769553,Uji,7303.110169162848,6975.235495394523
3,2024-04-01,7205.06,7287.251300186611,Uji,7279.066345082617,6967.374195253306
3,2024-04-02,7236.98,7210.917290667381,Uji,7203.682853421654,6985.737242493089
3,2024-04-03,7166.84,7229.77519190678,Uji,7223.459839694588,6955.798082276635
3,2024-04-04,7254.4,7171.388518189273,Uji,7165.175311447462,6983.59904813176
3,2024-04-05,7286.88,7240.900797622294,Uji,7234.982637937158,6941.328490345528
3,2024-04-16,7164.81,7279.3416177088975,Uji,7271.948446940278,6954.012374984078
3,2024-04-17,7130.84,7175.155928319178,Uji,7168.262543947777,6996.634478199539
3,2024-04-18,7166.81,7131.55384737976,Uji,7126.628399972395,6975.753666182811
3,2024-04-19,7087.32,7159.535294147213,Uji,7154.802927686054,6957.101132043652
3,2024-04-22,7073.82,7093.342563141655,Uji,7088.728843262861,6988.556870003399
3,2024-04-23,7110.81,7072.5629101157865,Uji,7069.16341200716,6972.522452512438
3,2024-04-24,7174.53,7103.725977537703,Uji,7100.226127557826,6958.693489350133
3,2024-04-25,7155.29,7164.121302919468,Uji,7159.608069431861,6949.916512013725
3,2024-04-26,7036.08,7154.229693404514,Uji,7148.977810955721,6971.268681881482
3,2024-04-29,7155.78,7046.8068266273185,Uji,7042.753740996186,7000.16620940393
3,2024-04-30,7234.2,7139.235563408213,Uji,7135.911127423124,6936.555005624344
3,2024-05-01,7234.2,7221.829054526775,Uji,7216.222756890145,6944.277301833084
3,2024-05-02,7117.42,7230.567110762089,Uji,7223.866897016852,6963.861162319832
3,2024-05-03,7134.72,7127.434039861038,Uji,7121.645378032997,6996.876479561983
3,2024-05-06,7135.89,7129.70002816029,Uji,7125.40529988654,6962.822085504585
3,2024-05-07,7123.61,7132.660946441964,Uji,7128.115786889866,6966.811588046604
3,2024-05-08,7088.79,7121.946388806775,Uji,7117.480730536057,6970.575545498186
3,2024-05-13,7099.26,7089.827153689335,Uji,7085.804604083369,6977.352928845938
3,2024-05-14,7083.76,7095.19373680241,Uji,7091.575240240167,6965.697314587885
3,2024-05-15,7179.83,7082.671724485228,Uji,7079.028117535183,6972.694055109078
3,2024-05-16,7246.7,7165.787825549921,Uji,7161.610578019103,6941.662906903079
3,2024-05-17,7317.24,7235.5480700624885,Uji,7229.508752756207,6946.7494195122035
3,2024-05-20,7266.69,7305.295849061111,Uji,7297.773090755441,6943.506188727668
3,2024-05-21,7186.04,7268.513032009099,Uji,7260.40094186971,6975.413420428092
3,2024-05-22,7222.38,7191.655291544283,Uji,7184.877818516576,6985.590391564425
3,2024-05-27,7176.42,7214.762049759713,Uji,7208.82595408329,6955.17588273888
3,2024-05-28,7253.63,7178.222130869709,Uji,7172.137883905253,6977.244595458562
3,2024-05-29,7140.23,7241.288259874076,Uji,7235.242440770954,6943.938625477603
3,2024-05-30,7034.14,7149.743408743817,Uji,7143.505674533921,6995.280041817484
3,2024-05-31,6970.74,7043.41544455475,Uji,7039.5876798141635,6996.953738844452
3,2024-06-03,7036.19,6975.603272895867,Uji,6973.7501711160485,6970.935879563147
3,2024-06-04,7099.31,7026.340336009325,Uji,7024.860796088042,6939.025912624051
3,2024-06-05,6947.67,7089.376915468048,Uji,7086.491731909583,6952.547363215736
3,2024-06-06,6974.9,6962.490852585488,Uji,6959.908742439799,6996.382881081758
3,2024-06-07,6897.95,6969.642156511599,Uji,6968.962741161638,6923.956496304321
3,2024-06-10,6921.55,6904.718665929482,Uji,6904.260065052256,6935.876509493936
3,2024-06-11,6855.69,6916.986570090102,Uji,6917.417123560952,6894.573598437651
3,2024-06-12,6850.1,6861.452660626808,Uji,6862.0680444878735,6904.9372159833165
3,2024-06-13,6831.56,6849.17740270976,Uji,6850.755142183341,6868.573428527753
3,2024-06-14,6734.83,6832.181122846043,Uji,6833.981560071445,6864.777074191908
3,2024-06-19,6726.92,6752.422426360423,Uji,6751.14092220294,6850.801103161015
3,2024-06-20,6819.32,6726.925361006132,Uji,6731.1504527937095,6797.863069716723
3,2024-06-21,6879.98,6807.646076804432,Uji,6811.260291148755,6796.694584724338
3,2024-06-24,6889.17,6871.513047819774,Uji,6873.364871660214,6849.7876748133085
3,2024-06-25,6882.7,6886.388172513885,Uji,6887.32214442019,6883.4391816664165
3,2024-06-26,6905.64,6881.6982695121,Uji,6882.5545113161625,6888.228405219956
3,2024-06-27,6967.95,6901.236550160989,Uji,6902.00403122817,6885.5791247868965
3,2024-06-28,7063.58,6958.821103928141,Uji,6958.782227667027,6900.6172203818405
3,2024-07-01,7139.63,7050.218610889976,Uji,7048.564195053642,6938.571055885007
3,2024-07-02,7125.14,7128.037047888116,Uji,7124.4551407480985,6947.988437790325
3,2024-07-03,7196.75,7123.714249788001,Uji,7119.184560028389,6971.076946134621
3,2024-07-04,7220.89,7185.341374211394,Uji,7180.454803065144,6947.213199406913
3,2024-07-05,7253.37,7214.639546939221,Uji,7208.565702849713,6958.271724515013
3,2024-07-08,7250.98,7246.013720978589,Uji,7239.349603415818,6955.117590767197
3,2024-07-09,7269.8,7247.522182685824,Uji,7240.423610574097,6963.9045225787695
3,2024-07-10,7287.04,7263.876578261349,Uji,7256.664471324774,6957.987035493306
3,2024-07-11,7300.41,7281.1988896066905,Uji,7273.589724662995,6957.812966697864
3,2024-07-12,7327.58,7294.927411217787,Uji,7286.973471681572,6958.338446402602
3,2024-07-15,7278.86,7320.412123158079,Uji,7312.059511375527,6953.99596355205
3,2024-07-16,7224.29,7280.412979308462,Uji,7272.061712725257,6974.554959045107
3,2024-07-17,7224.22,7226.791360396235,Uji,7219.545668315975,6977.815856781061
3,2024-07-18,7321.07,7220.6490904999655,Uji,7214.165050289717,6964.207820191436
3,2024-07-19,7294.5,7306.173322594861,Uji,7298.934311671355,6936.809517340709
3,2024-07-22,7321.98,7293.499930511214,Uji,7285.117320783234,6968.507615382725
3,2024-07-23,7313.86,7314.808022680383,Uji,7306.581590596536,6954.103265619926
3,2024-07-24,7262.76,7310.698887076477,Uji,7302.152521748045,6963.261472451144
3,2024-07-25,7240.28,7264.665672198032,Uji,7256.631379420849,6975.680397658402
3,2024-07-26,7288.17,7239.11876720795,Uji,7231.972888919204,6969.274558370167
3,2024-07-29,7288.9,7278.907521879768,Uji,7271.70128898034,6950.121430714182
3,2024-07-30,7241.86,7284.888412694431,Uji,7277.008459122276,6961.874616764837
3,2024-07-31,7255.76,7243.42685779521,Uji,7235.903920129627,6975.35584589606
3,2024-08-01,7325.98,7250.460994858237,Uji,7243.485822366567,6959.6788030314965
3,2024-08-02,7308.12,7314.023905981283,Uji,7306.306631850103,6943.297862188866
3,2024-08-05,7059.65,7306.075347242454,Uji,7297.51795127938,6965.883221137577
3,2024-08-06,7129.21,7084.651588883469,Uji,7078.282787417242,7031.66893966085
3,2024-08-07,7212.13,7118.396811291053,Uji,7114.950993484928,6949.95287723606
3,2024-08-08,7195.12,7199.377542913045,Uji,7194.314212572658,6943.8814993453525
4,2022-01-05,6662.3,6697.44191382648,Latih,6704.006674834505,6795.087724240449
4,2022-01-06,6653.35,6666.615451117169,Latih,6672.505838571203,6790.469266018893
4,2022-01-07,6701.32,6655.281724700341,Latih,6659.361068038802,6777.9826509279255
4,2022-01-10,6691.12,6707.947230171875,Latih,6714.210369191783,6794.1320643627905
4,2022-01-11,6647.97,6693.047690887764,Latih,6696.701310387567,6803.26064458969
4,2022-01-12,6647.06,6651.961071002046,Latih,6658.140630828898,6783.756919540192
4,2022-01-13,6658.36,6646.479704476008,Latih,6650.663124271343,6771.637251365804
4,2022-01-14,6693.4,6657.094087466757,Latih,6664.380499539833,6775.768274182105
4,2022-01-17,6645.05,6696.907394829407,Latih,6703.436048074678,6792.42898801687
4,2022-01-18,6614.06,6649.041306551555,Latih,6655.230316709439,6783.247092926527
4,2022-01-19,6591.98,6616.524178327774,Latih,6623.954342734522,6758.052277691386
4,2022-01-20,6626.87,6593.4290430711235,Latih,6601.689130119387,6741.044500126262
4,2022-01-21,6726.37,6633.436011116214,Latih,6640.843596859285,6748.544417284152
4,2022-01-24,6655.17,6745.734204277119,Latih,6751.024928796908,6796.618729579475
4,2022-01-25,6568.17,6660.022235692452,Latih,6665.535773420643,6796.159890798357
4,2022-01-26,6600.82,6570.095707114265,Latih,6578.078786990122,6743.027983695289
4,2022-01-27,6611.16,6607.99507681184,Latih,6615.773982350384,6731.9561258220865
4,2022-01-28,6645.51,6611.833721123864,Latih,6619.754342844045,6744.866906933805
4,2022-01-31,6631.15,6651.0620161509605,Latih,6658.230602892945,6760.998479798458
4,2022-02-02,6707.65,6633.903880070008,Latih,6639.359054570505,6764.800719004892
4,2022-02-03,6683.85,6721.680345218795,Latih,6727.504489859957,6790.531216752554
4,2022-02-04,6731.39,6688.777421128168,Latih,6693.895906577721,6802.169422234324
4,2022-02-07,6804.94,6736.500493965466,Latih,6742.37256251516,6814.102643522053
4,2022-02-08,6789.52,6813.642408522396,Latih,6818.220764244824,6855.570049694214
4,2022-02-09,6834.61,6792.067108856466,Latih,6794.60331397536,6869.651353203093
4,2022-02-10,6823.64,6834.251214689047,Latih,6838.793087738188,6882.92029022578
4,2022-02-11,6815.61,6824.393472258478,Latih,6826.568729029328,6890.965068740286
4,2022-02-14,6734.49,6815.506334415107,Latih,6817.783463427453,6884.861654535569
4,2022-02-15,6807.5,6742.523289477547,Latih,6745.4027704376185,6851.234946268233
4,2022-02-16,6850.2,6815.937455672651,Latih,6820.4887919807725,6857.407499146495
4,2022-02-17,6835.12,6848.4701491475425,Latih,6852.8362796521515,6893.865118067898
4,2022-02-18,6892.82,6837.068964690598,Latih,6839.0990405893635,6899.665371858516
4,2022-02-21,6902.96,6893.152115801015,Latih,6896.769485330619,6917.913870586197
4,2022-02-22,6861.99,6896.090018164554,Latih,6897.471783255377,6937.578290047092
4,2022-02-23,6920.06,6871.957104695474,Latih,6873.481439212596,6924.466117339175
4,2022-02-24,6817.82,6919.22303231303,Latih,6922.476686913412,6935.797775284094
4,2022-02-25,6888.17,6829.420738096864,Latih,6829.364760075838,6912.011847977678
4,2022-03-01,6921.44,6892.131971311606,Latih,6895.652950050273,6911.394098842184
4,2022-03-02,6868.4,6913.84722895805,Latih,6917.391710708778,6943.471883632585
4,2022-03-04,6928.33,6880.858514995015,Latih,6879.99601392094,6931.989718500417
4,2022-03-07,6869.07,6927.609677522224,Latih,6930.731156767649,6940.750731269164
4,2022-03-08,6814.18,6881.684740242994,Latih,6880.703508881366,6934.1282857507895
4,2022-03-09,6864.44,6824.6460326785145,Latih,6825.44836707595,6896.696235569158
4,2022-03-10,6924.01,6864.086646651064,Latih,6868.170844434534,6901.20527162675
4,2022-03-11,6922.6,6923.393795645874,Latih,6926.576656795186,6937.9966643464995
4,2022-03-14,6952.2,6919.224971505444,Latih,6920.339231466692,6953.695021625802
4,2022-03-15,6918.19,6942.184130590005,Latih,6945.368853364034,6964.781565649555
4,2022-03-16,6992.4,6925.32140461747,Latih,6926.346616863054,6959.673396703646
4,2022-03-17,6964.38,6992.548215432216,Latih,6994.647093877842,6979.157910820293
4,2022-03-18,6954.96,6969.094226155327,Latih,6969.630684344815,6988.536207318355
4,2022-03-21,6955.18,6953.807779200718,Latih,6954.527865983889,6977.244574304867
4,2022-03-22,7000.82,6950.932603247806,Latih,6951.69108604078,6974.7609859401455
4,2022-03-23,6996.12,6992.867199656416,Latih,6995.211088599612,6992.508112933089
4,2022-03-24,7049.69,6993.012018545915,Latih,6993.293951267054,7003.132689611963
4,2022-03-25,7002.53,7041.600475390012,Latih,7043.201317511852,7022.611334439569
4,2022-03-28,7049.6,7012.975720036082,Latih,7013.006488555721,7018.943675186686
4,2022-03-29,7011.69,7039.760776474531,Latih,7041.443736931141,7024.324442874246
4,2022-03-30,7053.19,7019.069851973109,Latih,7019.037790658526,7022.468971860461
4,2022-03-31,7071.44,7041.680680388267,Latih,7043.3857734942985,7028.213635468536
4,2022-04-01,7078.76,7060.1611323845955,Latih,7059.701931620893,7046.603229836281
4,2022-04-04,7116.22,7070.909326115905,Latih,7070.322293788253,7054.4167790473075
4,2022-04-05,7148.3,7100.684462121787,Latih,7101.609017353119,7070.930010834991
4,2022-04-06,7104.22,7131.7597361458,Latih,7130.503604867524,7093.577502914728
4,2022-04-07,7127.37,7112.587018313471,Latih,7111.498795242373,7085.243164188922
4,2022-04-08,7210.83,7113.919269357983,Latih,7112.858194980685,7082.1940297485
4,2022-04-11,7203.79,7203.299129898622,Latih,7202.40327471502,7104.080324165883
4,2022-04-12,7214.78,7199.205520567967,Latih,7197.16595555432,7104.080324165883
4,2022-04-13,7262.78,7204.29303065069,Latih,7202.207545560672,7104.080324165883
4,2022-04-14,7235.53,7243.261334918816,Latih,7242.122485997755,7104.080324165883
4,2022-04-18,7275.29,7237.089169879037,Latih,7234.6106751263915,7104.080324165883
4,2022-04-19,7199.23,7254.923741521915,Latih,7252.286594973882,7104.080324165883
4,2022-04-20,7227.36,7216.838209352569,Latih,7213.009105867222,7104.080324165883
4,2022-04-21,7276.19,7211.239114455059,Latih,7209.086145469025,7104.080324165883
4,2022-04-22,7225.61,7256.270730428776,Latih,7254.944633088192,7104.080324165883
4,2022-04-25,7215.98,7234.760484204369,Latih,7232.293572894412,7104.080324165883
4,2022-04-26,7232.15,7212.095720384195,Latih,7209.9095007122305,7104.080324165883
4,2022-04-27,7196.76,7219.814947276191,Latih,7217.557985864953,7104.080324165883
4,2022-04-28,7228.91,7201.346492416932,Latih,7199.265092558934,7104.080324165883
4,2022-05-09,6909.75,7211.482780445889,Latih,7209.329604612663,7104.080324165883
4,2022-05-10,6819.79,6929.368550897879,Latih,6923.029511886876,7031.861437391097
4,2022-05-11,6816.2,6831.205648362667,Latih,6831.281225155027,6909.963750517408
4,2022-05-12,6599.84,6814.6655264401725,Latih,6816.954885292678,6884.04039362017
4,2022-05-13,6597.99,6605.679693997134,Latih,6610.639175364678,6799.214144706752
4,2022-05-17,6644.47,6598.2375550772285,Latih,6604.234242595438,6739.495809352417
4,2022-05-18,6793.41,6653.34338553072,Latih,6660.374522314381,6757.003976128123
4,2022-05-19,6823.33,6822.9912810075575,Latih,6826.782143618494,6827.398677526742
4,2022-05-20,6918.14,6819.403464770347,Latih,6824.283119282156,6879.609700936115
4,2022-05-23,6840.77,6927.3056638634625,Latih,6930.126826843662,6924.511158314985
4,2022-05-24,6914.14,6852.706250336799,Latih,6852.32435871068,6920.382229826491
4,2022-05-25,6883.5,6917.707075107138,Latih,6920.848101412099,6927.716901934785
4,2022-05-27,7026.26,6889.922222771682,Latih,6891.347839466967,6935.850805732651
4,2022-05-30,7037.56,7043.327184027488,Latih,7044.1254073370055,6982.819881775427
4,2022-05-31,7148.97,7028.874253684336,Latih,7028.762763048464,7026.129753444248
4,2022-06-02,7148.72,7151.862180389234,Latih,7151.433437874385,7072.386577041208
4,2022-06-03,7182.96,7142.547696249551,Latih,7141.149926357336,7102.47322491652
4,2022-06-06,7096.58,7165.354977784226,Latih,7163.7221777713985,7104.080324165883
4,2022-06-07,7141.04,7118.290726177756,Latih,7109.7752927363545,7091.734184173406
4,2022-06-08,7193.31,7126.23712299711,Latih,7126.747208169763,7085.408176535428
4,2022-06-09,7182.83,7178.179607040953,Latih,7177.9033109057655,7104.080324165883
4,2022-06-10,7086.65,7179.574015666318,Latih,7177.753139845204,7104.080324165883
4,2022-06-13,6995.44,7108.195290468993,Latih,7099.835974944892,7087.850524741471
4,2022-06-14,7049.88,7013.4631037295385,Latih,7008.031451633027,7026.275063595825
4,2022-06-15,7007.05,7042.0162899554325,Latih,7043.6038421452595,7022.49953353291
4,2022-06-16,7050.33,7016.058105162434,Latih,7016.056864079289,7020.747175843768
4,2022-06-17,6936.97,7039.434164760168,Latih,7041.154823117311,7025.839960529857
4,2022-06-20,6976.38,6953.269433530613,Latih,6949.316170018956,6993.711394754101
4,2022-06-21,7044.07,6967.88471306269,Latih,6970.628437625813,6978.070877120543
4,2022-06-22,6984.31,7040.052172454651,Latih,7041.551038911398,7015.050293936782
4,2022-06-23,6998.27,6998.993677322915,Latih,6996.663647141506,7010.350208642534
4,2022-06-24,7042.94,6989.152249964524,Latih,6989.489307462026,6999.463634140541
4,2022-06-27,7016.06,7032.763497990423,Latih,7034.564154498631,7020.581801514678
4,2022-06-28,6996.46,7019.854216520838,Latih,7019.82024186974,7022.346363188081
4,2022-06-29,6942.35,6998.128771650245,Latih,6998.34381516104,7007.420476743034
4,2022-06-30,6911.58,6955.670981128261,Latih,6954.412160836503,6981.105971807885
4,2022-07-01,6794.33,6917.7427562475605,Latih,6918.855309719484,6954.425683471605
4,2022-07-04,6639.17,6805.367072957782,Latih,6805.80895026925,6900.596132505574
4,2022-07-05,6703.27,6645.192959813485,Latih,6649.886089870939,6808.491991037754
4,2022-07-06,6646.41,6714.158605682271,Latih,6720.19500139715,6791.020875765111
4,2022-07-07,6652.59,6650.631683498333,Latih,6656.6443887458845,6786.46566107216
4,2022-07-08,6740.22,6650.211382934461,Latih,6657.637675420354,6773.35491043868
4,2022-07-11,6722.15,6755.736261407159,Latih,6760.992339022479,6808.9999560267015
4,2022-07-12,6718.29,6726.2698448336305,Latih,6729.544727126975,6825.893915925056
4,2022-07-13,6640.99,6717.892223333138,Latih,6721.270283590871,6819.47032812479
4,2022-07-14,6690.09,6645.439566912809,Latih,6651.300181299309,6788.461193490054
4,2022-07-15,6651.9,6697.545233998314,Latih,6703.94231950225,6786.409450348045
4,2022-07-18,6659.25,6655.933745829771,Latih,6662.068516775827,6784.999036921287
4,2022-07-19,6736.09,6656.876826812635,Latih,6664.200742867004,6777.4330062300205
4,2022-07-20,6874.74,6748.887292358896,Latih,6754.332273171268,6809.215620079069
4,2022-07-21,6864.13,6897.756301566401,Latih,6900.603191165963,6883.901728434599
4,2022-07-22,6886.96,6864.333725620542,Latih,6866.059813716446,6917.599850694578
4,2022-07-25,6858.41,6878.156444284952,Latih,6882.285605476535,6923.5539470833955
4,2022-07-26,6871.54,6864.430788664852,Latih,6866.144543497001,6918.715558586161
4,2022-07-27,6898.22,6864.047681811486,Latih,6865.791894892489,6916.018297073286
4,2022-07-28,6956.82,6889.9307552183045,Latih,6893.863463290371,6929.938311485094
4,2022-07-29,6951.12,6954.4137380463335,Latih,6957.176156424329,6959.923552525089
4,2022-08-01,6968.78,6948.815470537587,Latih,6949.59409507577,6973.694817950773
4,2022-08-02,6988.16,6958.79145199363,Latih,6959.472444657728,6978.984314315367
4,2022-08-03,7046.63,6977.411758546877,Latih,6977.884352666187,6991.31062283342
4,2022-08-04,7057.35,7040.005166430528,Latih,7041.585220409686,7019.254773361735
4,2022-08-05,7084.65,7048.6381407881345,Latih,7048.303824015911,7039.353959761913
4,2022-08-08,7086.85,7070.325913614093,Latih,7069.758014651595,7052.856996092853
4,2022-08-09,7102.88,7080.555179455339,Latih,7079.856449644625,7061.154309171496
4,2022-08-10,7086.24,7091.976195386709,Latih,7091.157597628892,7067.966459419786
4,2022-08-11,7160.38,7085.9962430990345,Latih,7085.2244445181495,7065.889248217402
4,2022-08-12,7129.28,7152.684449684688,Latih,7152.569804629155,7090.083388454975
4,2022-08-15,7093.28,7133.213871897525,Latih,7131.901685030526,7098.249043296637
4,2022-08-16,7133.45,7099.172047174038,Latih,7098.239838596644,7075.816775718986
4,2022-08-18,7186.56,7117.843108856741,Latih,7118.506726356809,7081.566869065821
4,2022-08-19,7172.43,7171.970623201202,Latih,7171.77292899854,7104.080324165883
4,2022-08-22,7107.98,7170.456553475927,Latih,7168.736050254176,7104.080324165883
4,2022-08-23,7163.27,7122.84203662998,Latih,7121.128773059909,7093.280573772253
4,2022-08-24,7194.71,7150.353798961707,Latih,7150.435865584679,7097.131861618818
4,2022-08-25,7174.21,7177.877299871516,Latih,7176.101878720592,7104.080324165883
4,2022-08-26,7135.25,7174.261197280954,Latih,7172.493843170474,7104.080324165883
4,2022-08-29,7132.04,7141.641602130003,Latih,7140.229663205213,7103.1384454823165
4,2022-08-30,7159.47,7126.996303899353,Latih,7125.771613394087,7092.465699263872
4,2022-08-31,7178.59,7144.301863851614,Latih,7142.901611793108,7102.220405937495
4,2022-09-01,7153.1,7165.882800103495,Latih,7164.234589974949,7104.080324165883
4,2022-09-02,7177.18,7154.978540166685,Latih,7153.425014339753,7104.080324165883
4,2022-09-05,7231.88,7162.896702344487,Latih,7161.285104168723,7104.080324165883
4,2022-09-06,7233.15,7215.608554514722,Latih,7214.793524870947,7104.080324165883
4,2022-09-07,7186.76,7225.584535970764,Latih,7223.253368129806,7104.080324165883
4,2022-09-08,7232.02,7194.982890302015,Latih,7192.96613019116,7104.080324165883
4,2022-09-09,7242.66,7213.19490635641,Latih,7212.495711139515,7104.080324165883
4,2022-09-12,7254.46,7231.986353104192,Latih,7229.588994162159,7104.080324165883
4,2022-09-13,7318.02,7243.2876562238525,Latih,7240.763810224611,7104.080324165883
4,2022-09-14,7278.08,7300.126626969661,Latih,7298.0656015599625,7104.080324165883
4,2022-09-15,7305.6,7283.254153323256,Latih,7280.248249945723,7104.080324165883
4,2022-09-16,7168.87,7288.835717921341,Latih,7285.8092332483175,7104.080324165883
4,2022-09-19,7195.49,7194.350816998554,Latih,7182.785214880776,7104.080324165883
4,2022-09-20,7196.95,7180.195332915854,Latih,7178.390798022818,7104.080324165883
4,2022-09-21,7188.31,7189.711803337408,Latih,7187.784401213003,7104.080324165883
4,2022-09-22,7218.91,7184.404931808782,Latih,7182.5308445478195,7104.080324165883
4,2022-09-23,7178.58,7202.087263919188,Latih,7200.038856188132,7104.080324165883
4,2022-09-26,7127.5,7184.946406042647,Latih,7183.046359459233,7104.080324165883
4,2022-09-27,7112.45,7137.863124494619,Latih,7136.486194456882,7102.211563220086
4,2022-09-28,7077.03,7111.414970418278,Latih,7110.35818812019,7082.760429068863
4,2022-09-29,7036.2,7082.910186435044,Latih,7082.1613996041415,7064.929735810814
4,2022-09-30,7040.8,7044.25380773073,Latih,7043.936555851753,7039.4476615393705
4,2022-10-03,7009.72,7034.229062049443,Latih,7034.053086801821,7030.095944905334
4,2022-10-04,7072.26,7014.929702024511,Latih,7014.948473407082,7019.305761194281
4,2022-10-05,7075.38,7065.53931448227,Latih,7066.7308577252015,7035.066741460616
4,2022-10-06,7076.62,7068.913095588742,Latih,7068.345920591412,7053.330521024522
4,2022-10-07,7026.78,7070.7429175508605,Latih,7070.15402359849,7054.661892968473
4,2022-10-10,6994.4,7037.8255141568725,Latih,7037.574970496948,7035.685266273076
4,2022-10-11,6939.15,7000.191063998987,Latih,7000.374899439862,7009.545469646505
4,2022-10-12,6909.21,6952.871045841023,Latih,6951.19835017626,6979.3041000724315
4,2022-10-13,6880.63,6915.131879292767,Latih,6916.274322183768,6952.634567790076
4,2022-10-14,6814.53,6886.422083887494,Latih,6887.88842362348,6933.394159214539
4,2022-10-17,6831.12,6825.245475837618,Latih,6825.860587671429,6899.984304370919
4,2022-10-18,6834.49,6823.233912762433,Latih,6828.176940082341,6888.388011301197
4,2022-10-19,6860.42,6830.526362187893,Latih,6832.641607417495,6894.218128654995
4,2022-10-20,6980.65,6853.689188187752,Latih,6858.129602689776,6905.185916535297
4,2022-10-21,7017.77,6993.762718713333,Latih,6995.442938444664,6958.850455154822
4,2022-10-24,7053.04,7006.728831448606,Latih,7008.955438034585,7006.022551715425
4,2022-10-25,7048.38,7039.8566501474925,Latih,7041.641379422004,7029.813546778018
4,2022-10-26,7043.94,7044.698736038264,Latih,7044.399117882307,7037.625751482303
4,2022-10-27,7091.76,7040.235749336536,Latih,7039.986498471553,7034.634327408129
4,2022-10-28,7056.04,7080.159170508444,Latih,7081.277127863228,7051.9555043233
4,2022-10-31,7098.89,7062.241601430235,Latih,7061.725103994665,7051.153247493561
4,2022-11-01,7052.3,7085.616161385835,Latih,7086.70195400244,7058.0182989109135
4,2022-11-02,7015.69,7062.029117653427,Latih,7061.508224715051,7051.6481811094845
4,2022-11-03,7034.57,7022.609886509233,Latih,7022.538782787376,7024.755408996397
4,2022-11-04,7045.53,7023.484436432176,Latih,7023.438257796817,7022.088528164678
4,2022-11-07,7102.4,7036.8679150868,Latih,7036.666187363917,7031.484510097557
4,2022-11-08,7050.13,7092.745460089506,Latih,7093.610339906277,7056.512451361475
4,2022-11-09,7070.08,7061.704729546365,Latih,7061.183888319788,7051.764429230746
4,2022-11-10,6966.84,7058.2703422129725,Latih,7057.833429234084,7045.241709914263
4,2022-11-11,7089.21,6984.0451928222665,Latih,6979.317907122421,7010.672890260271
4,2022-11-14,7019.39,7097.843157396378,Latih,7098.065621550145,7029.942050595337
4,2022-11-15,7035.5,7036.925004911477,Latih,7032.015952242667,7036.254664877707
4,2022-11-16,7014.38,7025.293159980827,Latih,7025.224952119642,7023.457908279948
4,2022-11-17,7044.99,7016.344226539187,Latih,7016.3533795273825,7019.66639927154
4,2022-11-18,7082.18,7030.924264481121,Latih,7032.873178713376,7025.769425637775
4,2022-11-21,7063.25,7068.157379376947,Latih,7069.533999143897,7048.529235742148
4,2022-11-22,7030.59,7063.987443432866,Latih,7063.4618964326955,7051.334911038932
4,2022-11-23,7054.12,7036.082774862105,Latih,7035.862586027438,7033.515749511773
4,2022-11-24,7080.52,7041.332918548639,Latih,7041.088838863428,7033.728078153187
4,2022-11-25,7053.15,7066.528974866925,Latih,7066.003221019564,7050.375657191333
4,2022-11-28,7017.36,7056.703629877624,Latih,7056.254719761667,7046.968108280953
4,2022-11-29,7012.07,7023.998865395837,Latih,7023.9126618290475,7025.634406133943
4,2022-11-30,7081.31,7008.980259697489,Latih,7009.082131938985,7013.824414060167
4,2022-12-01,7020.8,7075.975686073362,Latih,7076.964363933861,7039.214803314264
4,2022-12-02,7019.64,7035.332953795249,Latih,7033.384918663556,7034.646789951378
4,2022-12-05,6987.33,7015.143995714239,Latih,7015.1791597366855,7017.69612806683
4,2022-12-06,6892.57,6993.174445302536,Latih,6993.437244658519,7004.858519148877
4,2022-12-07,6818.75,6906.813700503746,Latih,6904.540062037745,6959.3246781957605
4,2022-12-08,6804.23,6829.786366362602,Latih,6830.148245523006,6904.875723316709
4,2022-12-09,6715.12,6806.330593028692,Latih,6808.706879413156,6879.11797345165
4,2022-12-12,6734.45,6722.596006020922,Latih,6725.954997553247,6840.625055739911
4,2022-12-13,6810.32,6731.806303816158,Latih,6737.989586892446,6823.815825622111
4,2022-12-14,6801.75,6819.397802328496,Latih,6823.876302569538,6858.489439234171
4,2022-12-15,6751.86,6801.968237485316,Latih,6804.397321615246,6875.8580358678455
4,2022-12-16,6812.19,6759.885667767547,Latih,6762.713540353499,6854.186836673054
4,2022-12-19,6779.7,6816.987696428328,Latih,6821.6351908243,6863.961866083179
4,2022-12-20,6768.32,6787.8290167629975,Latih,6790.402195817258,6867.822824035918
4,2022-12-21,6820.66,6769.7983151993385,Latih,6772.587610784197,6854.552645930085
4,2022-12-22,6824.43,6822.907249336272,Latih,6827.5426948833765,6871.732934052383
4,2022-12-23,6800.67,6820.445922900468,Latih,6822.674856517344,6887.467050039805
4,2022-12-26,6835.81,6805.7732691288265,Latih,6808.1500467753685,6879.287277877367
4,2022-12-27,6923.03,6832.710590955646,Latih,6837.3606709415035,6886.4259364164245
4,2022-12-28,6850.52,6929.919979652805,Latih,6932.771213043375,6929.809497396988
4,2022-12-29,6860.08,6862.719076448713,Latih,6862.109032371078,6925.494199589532
4,2022-12-30,6850.62,6853.855984591279,Latih,6855.712593264613,6909.425534126798
4,2023-01-02,6850.98,6850.599640977415,Latih,6852.480993745956,6908.366450653712
4,2023-01-03,6888.76,6847.805238852533,Latih,6849.724186098012,6905.926248487273
4,2023-01-04,6813.24,6883.906408352293,Latih,6887.825542077459,6920.665507054369
4,2023-01-05,6653.84,6824.105773671895,Latih,6824.613040551573,6901.701420469919
4,2023-01-06,6684.56,6660.501991895746,Latih,6664.670143782805,6819.333886546521
4,2023-01-09,6688.27,6687.313537702574,Latih,6694.012568393364,6787.770608287479
4,2023-01-10,6622.5,6685.765480398251,Latih,6690.549584435835,6797.585688484934
4,2023-01-11,6584.45,6626.013700438744,Latih,6632.633275952347,6773.109175975942
4,2023-01-12,6629.93,6585.953624377402,Latih,6594.197832671779,6740.427966218014
4,2023-01-13,6641.83,6639.210874414154,Latih,6646.446143519292,6747.6768484539
4,2023-01-16,6688.06,6641.495967043348,Latih,6648.992833205173,6764.690934858345
4,2023-01-17,6767.34,6694.835419446543,Latih,6701.295037441865,6785.851816177394
4,2023-01-18,6765.79,6779.3399821943285,Latih,6784.342555649306,6829.182579412491
4,2023-01-19,6819.91,6764.141665070973,Latih,6767.000771582746,6850.20158941451
4,2023-01-20,6874.93,6822.672477774649,Latih,6827.295564202101,6870.752349088227
4,2023-01-24,6860.85,6875.372332807815,Latih,6879.258939812219,6906.833092427889
4,2023-01-25,6829.93,6862.202165318761,Latih,6863.9501016491995,6916.380538216274
4,2023-01-26,6864.82,6837.0165806395125,Latih,6839.037348414691,6900.558331181445
4,2023-01-27,6898.98,6860.301808464561,Latih,6864.572530702387,6905.647573609391
4,2023-01-30,6872.48,6892.673600680866,Latih,6896.503117860593,6928.400299197478
4,2023-01-31,6839.34,6877.692175765073,Latih,6879.257983143962,6927.446035538357
4,2023-02-01,6862.26,6847.03791334215,Latih,6848.944501467976,6907.376531710068
4,2023-02-02,6890.57,6854.631351286206,Latih,6859.084978152548,6907.221577308217
4,2023-02-03,6911.73,6883.076873549259,Latih,6887.090174458064,6924.443002165597
4,2023-02-06,6873.79,6901.322011010089,Latih,6905.145452053586,6940.363409904285
4,2023-02-07,6935.3,6882.658421682156,Latih,6884.161218235529,6931.43063639943
4,2023-02-08,6940.12,6934.681317571444,Latih,6937.691202757402,6944.9217014492
4,2023-02-09,6897.37,6934.558321060581,Latih,6935.503897137684,6963.5634166867
4,2023-02-10,6880.33,6907.5287453866395,Latih,6908.748678406517,6948.3106858242
4,2023-02-13,6900.14,6882.4229261553655,Latih,6883.941443095244,6930.049129867595
4,2023-02-14,6941.85,6890.197846653498,Latih,6893.900721640624,6933.079415357751
4,2023-02-15,6914.54,6935.583766009254,Latih,6938.754035335822,6954.645717170879
4,2023-02-16,6895.66,6919.560994766991,Latih,6920.655190550726,6955.436442269728
4,2023-02-17,6895.71,6898.1788386655235,Latih,6899.518949903288,6940.672336183829
4,2023-02-20,6894.72,6892.154957205691,Latih,6893.574704611935,6935.543120536251
4,2023-02-21,6873.4,6891.509231987633,Latih,6892.935598503985,6935.173096767707
4,2023-02-22,6809.97,6876.940389649903,Latih,6878.517935606873,6926.640856992048
4,2023-02-23,6839.45,6820.4583595878175,Latih,6821.257901548176,6896.245489684381
4,2023-02-24,6856.58,6834.653894457848,Latih,6839.32649493161,6890.372684241571
4,2023-02-27,6854.78,6847.964821460279,Latih,6852.254315080676,6905.0503799134885
4,2023-02-28,6843.24,6852.257469500336,Latih,6854.124963507089,6909.024173008839
4,2023-03-01,6844.94,6843.966129134329,Latih,6845.920809232029,6904.061133223215
4,2023-03-02,6857.42,6841.400086308153,Latih,6843.391947188409,6901.572994220295
4,2023-03-03,6813.64,6850.287663701805,Latih,6852.186262354884,6906.873013935724
4,2023-03-06,6807.0,6823.85158433023,Latih,6824.8454592264,6893.310017775335
4,2023-03-07,6766.76,6806.542740678815,Latih,6808.921586797265,6878.797980847395
4,2023-03-08,6776.37,6775.140467101955,Latih,6777.654617139126,6861.392772260939
4,2023-03-09,6799.79,6771.027724406146,Latih,6774.902722111964,6854.143553898368
4,2023-03-10,6765.3,6795.20622182491,Latih,6800.477153654126,6865.840297135149
4,2023-03-13,6786.96,6773.504525597417,Latih,6776.154703518474,6858.860807509456
4,2023-03-14,6641.81,6782.498965421046,Latih,6787.960985270764,6857.849402313862
4,2023-03-15,6628.14,6647.720826404998,Latih,6652.488880393365,6807.5052523696695
4,2023-03-16,6565.73,6630.766544694609,Latih,6636.1963868782,6762.625255386852
4,2023-03-17,6678.24,6567.04583699272,Latih,6575.491821085793,6734.7113304043005
4,2023-03-20,6612.49,6703.356554113642,Latih,6709.119652977602,6761.293754163406
4,2023-03-21,6691.61,6615.628226184553,Latih,6622.560845529592,6766.494771642112
4,2023-03-24,6762.25,6707.09445091577,Latih,6713.097389097528,6779.226552366043
4,2023-03-27,6708.93,6772.155804345333,Latih,6777.333202460432,6828.1781294536895
4,2023-03-28,6760.33,6715.419520301836,Latih,6719.534667596238,6826.778239377767
4,2023-03-29,6839.44,6765.133911045515,Latih,6770.576370907747,6832.157223008306
4,2023-03-30,6808.95,6848.035511487755,Latih,6852.0897681403485,6876.831950010097
4,2023-03-31,6805.28,6816.12364400032,Latih,6818.379726310997,6886.589319841302
4,2023-04-03,6827.17,6803.888296534446,Latih,6806.298867840795,6876.852427881991
4,2023-04-04,6833.18,6820.897987436086,Latih,6825.827026714713,6884.334788884557
4,2023-04-05,6819.67,6828.3834252906145,Latih,6830.524448851377,6892.633265478648
4,2023-04-06,6792.77,6821.280965009957,Latih,6823.489653458028,6889.036580668129
4,2023-04-10,6771.23,6798.965410959748,Latih,6801.416757018593,6874.927688915169
4,2023-04-11,6811.31,6775.936738291109,Latih,6778.650612219,6859.244560760293
4,2023-04-12,6798.96,6810.684803963928,Latih,6815.5962612313315,6868.903031778371
4,2023-04-13,6785.6,6800.420891218212,Latih,6802.865049337176,6875.046781185305
4,2023-04-14,6818.57,6787.528235091592,Latih,6790.116798405673,6866.501458324825
4,2023-04-17,6787.58,6815.688178951769,Latih,6820.592525846987,6875.635235587394
4,2023-04-18,6821.81,6795.143236855295,Latih,6797.635073251751,6872.616404260432
4,2023-04-26,6910.15,6819.117214114099,Latih,6823.963178389698,6877.430798483527
4,2023-04-27,6945.48,6917.942131083648,Latih,6920.94919797663,6921.000237520974
4,2023-04-28,6915.72,6937.323247460766,Latih,6940.525164407535,6958.782195581839
4,2023-05-02,6863.3,6921.514356213849,Latih,6922.585048985522,6956.88362278466
4,2023-05-03,6812.72,6875.554358335769,Latih,6874.860954840219,6928.453458925527
4,2023-05-04,6844.03,6823.040484783083,Latih,6823.9561714411075,6894.556944353619
4,2023-05-05,6787.63,6839.514286325009,Latih,6844.103708372148,6892.897512764968
4,2023-05-08,6769.63,6797.133132687238,Latih,6798.741136893061,6879.578777281082
4,2023-05-09,6779.98,6773.218171517575,Latih,6775.964843653166,6857.2228104609585
4,2023-05-10,6811.9,6774.361584004783,Latih,6778.4874097854145,6856.325222932133
4,2023-05-11,6755.94,6809.045591688184,Latih,6814.050957580237,6871.517787117993
4,2023-05-12,6707.76,6764.246510740839,Latih,6766.851505478643,6858.535902284418
4,2023-05-15,6711.74,6714.097288418131,Latih,6718.329821493345,6824.604094410568
4,2023-05-16,6676.56,6708.897162967936,Latih,6712.6863966572455,6813.0078013408465
4,2023-05-17,6663.11,6681.454229038967,Latih,6686.86592038156,6800.4596233547
4,2023-05-19,6700.56,6666.380795907092,Latih,6670.332436961096,6785.65370828035
4,2023-05-22,6729.65,6704.384119246021,Latih,6710.788366833942,6796.499120191362
4,2023-05-23,6736.68,6729.863349368591,Latih,6735.988275681158,6817.98511358264
4,2023-05-24,6745.8,6732.591133770067,Latih,6736.920794529338,6828.6423462617695
4,2023-05-25,6704.23,6740.9427830201585,Latih,6746.033628513834,6834.093752265007
4,2023-05-26,6687.0,6710.29568268122,Latih,6714.742431878464,6820.470951410562
4,2023-05-29,6681.1,6691.227319256677,Latih,6694.897021125569,6802.457534515289
4,2023-05-30,6636.42,6681.755579540147,Latih,6685.538956868364,6795.472460015442
4,2023-05-31,6633.26,6640.010584437855,Latih,6646.526917347321,6776.548424218321
4,2023-06-05,6633.44,6633.549576687969,Latih,6637.877072015711,6763.139580926918
4,2023-06-06,6618.92,6632.656067927189,Latih,6638.088017366536,6762.347614744924
4,2023-06-07,6619.75,6621.219021338528,Latih,6627.447009263939,6756.76966997268
4,2023-06-08,6666.33,6618.904349561041,Latih,6625.383475832052,6753.131693291685
4,2023-06-09,6694.02,6674.212082264734,Latih,6680.953801044537,6771.4094608968735
4,2023-06-12,6722.37,6695.51531323494,Latih,6702.127403465823,6794.84268788698
4,2023-06-13,6719.01,6722.722803348916,Latih,6728.952924385983,6813.380410699277
4,2023-06-14,6699.72,6718.444078710395,Latih,6721.816243823188,6819.809350670605
4,2023-06-15,6713.79,6704.471822454945,Latih,6707.991198127882,6811.41750842574
4,2023-06-16,6698.55,6710.689429236965,Latih,6717.210623055415,6811.609747033744
4,2023-06-19,6686.06,6702.014994945542,Latih,6705.564557380394,6809.540577015905
4,2023-06-20,6660.46,6688.776658379152,Latih,6692.476908992543,6800.544327279356
4,2023-06-21,6702.63,6664.54902182461,Latih,6670.6143502903105,6787.217369619633
4,2023-06-22,6652.26,6707.631258159892,Latih,6713.949392676668,6796.578627080347
4,2023-06-23,6639.73,6656.564035076211,Latih,6662.496024671505,6788.5582306784645
4,2023-06-26,6664.67,6642.766765080252,Latih,6647.172157767275,6769.966494893455
4,2023-06-27,6661.88,6666.790495552432,Latih,6673.823758983774,6776.214702131772
4,2023-07-03,6696.72,6661.743921821575,Latih,6665.754417365353,6781.934621644641
4,2023-07-04,6681.75,6700.018764418379,Latih,6706.506164577023,6794.675555356767
4,2023-07-05,6718.98,6685.308542025698,Latih,6689.046244908585,6798.375017365244
4,2023-07-06,6757.33,6721.8867270034725,Latih,6728.050876714606,6808.7206347513475
4,2023-07-07,6716.46,6758.752507144235,Latih,6764.397147207581,6833.735234371455
4,2023-07-10,6731.04,6722.969132497328,Latih,6727.044823690075,6828.354725242883
4,2023-07-11,6796.92,6727.273506187517,Latih,6733.560923896451,6822.859726194173
4,2023-07-12,6808.21,6803.926459841159,Latih,6808.7061295920885,6852.366555537615
4,2023-07-13,6810.21,6801.987215715078,Latih,6805.272181808976,6874.70731908921
4,2023-07-14,6869.57,6806.946325404076,Latih,6809.326024767188,6878.561192525661
4,2023-07-17,6867.14,6871.433083193338,Latih,6875.336212117111,6902.110719348827
4,2023-07-18,6830.2,6864.687020622526,Latih,6866.414298089777,6917.356469118636
4,2023-07-20,6864.19,6839.215107719334,Latih,6841.207330582173,6902.378250334302
4,2023-07-21,6880.8,6859.458311476145,Latih,6863.748554917608,6905.477028100529
4,2023-07-24,6899.4,6872.091917352115,Latih,6874.893016154801,6921.183090437691
4,2023-07-25,6917.71,6889.853963198699,Latih,6892.893505100646,6932.920815274161
4,2023-07-26,6948.28,6908.060652937928,Latih,6910.034569824377,6945.088808123513
4,2023-07-27,6896.66,6938.708451386137,Latih,6941.932759541316,6961.928910184548
4,2023-07-28,6900.23,6909.6721476900975,Latih,6908.424367867152,6950.260789427802
4,2023-07-31,6931.36,6895.497142403759,Latih,6896.881493084469,6937.567456425471
4,2023-08-01,6886.5,6922.727695979517,Latih,6926.168107737344,6950.605009009287
4,2023-08-02,6854.51,6897.4522879076385,Latih,6898.164850624242,6941.709312863393
4,2023-08-03,6898.08,6861.676256336008,Latih,6863.418866351281,6917.078725053112
4,2023-08-04,6852.84,6894.354544377365,Latih,6898.078595345654,6925.23995853607
4,2023-08-07,6886.37,6864.27518786553,Latih,6864.297320514952,6919.589410399835
4,2023-08-08,6868.81,6880.481018871701,Latih,6884.484623818435,6920.24651221339
4,2023-08-09,6875.11,6871.193295587336,Latih,6872.837860034144,6922.585023129624
4,2023-08-10,6893.28,6869.7707040322175,Latih,6871.4462179899565,6920.237876343172
4,2023-08-11,6879.98,6883.937538854516,Latih,6887.028611562885,6928.9974153256835
4,2023-08-14,6910.17,6880.876769259608,Latih,6882.415014250315,6928.79816976909
4,2023-08-15,6915.1,6902.2711810571345,Latih,6906.0026268124975,6936.870950222058
4,2023-08-16,6900.54,6909.771330918114,Latih,6910.995917999784,6947.014322767302
4,2023-08-18,6859.91,6901.620517362395,Latih,6902.9245854771525,6942.716193276687
4,2023-08-21,6866.03,6869.7903545153495,Latih,6871.386671854889,6923.000113729876
4,2023-08-22,6916.45,6860.845816576515,Latih,6862.6216514218195,6914.29202798609
4,2023-08-23,6921.41,6913.717070363204,Latih,6917.113630516569,6935.500484159035
4,2023-08-24,6899.39,6916.004076328914,Latih,6917.158516356985,6951.172209862515
4,2023-08-25,6895.44,6902.8762349462895,Latih,6904.161531678477,6943.991302784725
4,2023-08-28,6921.73,6893.171171598472,Latih,6894.576956819334,6936.455652774615
4,2023-08-29,6957.83,6912.240362411777,Latih,6915.868022589128,6945.566806125685
4,2023-08-30,6966.66,6949.305724235817,Latih,6952.335208193108,6966.726136090801
4,2023-08-31,6953.26,6959.5271298838115,Latih,6960.194315497921,6979.9925650913
4,2023-09-01,6977.65,6953.402927536413,Latih,6954.125108647391,6977.207522801804
4,2023-09-04,6996.75,6965.407123266505,Latih,6967.957057867692,6983.005320282031
4,2023-09-05,6991.71,6985.999485081483,Latih,6986.375223003674,6997.058415005256
4,2023-09-06,6995.95,6988.758412913133,Latih,6989.087972199965,7000.313776094964
4,2023-09-07,6954.81,6989.975605207731,Latih,6990.297330157209,7000.582574019482
4,2023-09-08,6924.78,6963.8361705637435,Latih,6964.42356487398,6985.795585463095
4,2023-09-11,6963.39,6930.563791534347,Latih,6931.532560352725,6962.939022585199
4,2023-09-12,6933.97,6955.283970034167,Latih,6958.20889273648,6969.712569976496
4,2023-09-13,6935.48,6939.459539392037,Latih,6940.328556152625,6968.8402178049555
4,2023-09-14,6959.33,6931.030025102538,Latih,6932.013273224276,6961.402561651514
4,2023-09-15,6982.79,6947.45687233214,Latih,6950.592960160419,6971.057076717066
4,2023-09-18,6936.08,6970.790373120354,Latih,6972.550435867356,6986.652553374815
4,2023-09-19,6980.32,6947.094062359377,Latih,6947.86635220234,6974.9483119273655
4,2023-09-20,7011.68,6972.944428054141,Latih,6975.57601558392,6979.355062049079
4,2023-09-21,6991.47,6999.368277585557,Latih,7001.746968568614,7003.572446739724
4,2023-09-22,7016.84,6993.388015027095,Latih,6993.655959706952,7004.292223252109
4,2023-09-25,6998.38,7003.862394789508,Latih,7005.057040740302,7008.612743951133
4,2023-09-26,6923.8,6999.662414290955,Latih,6999.860884170583,7008.377196712545
4,2023-09-27,6937.83,6938.788320257707,Latih,6935.8563647509045,6974.4407606328
4,2023-09-29,6939.89,6929.33798922543,Latih,6930.34812748198,6959.539902697847
4,2023-10-02,6961.46,6935.216276118797,Latih,6936.152725063605,6964.164204352544
4,2023-10-03,6940.89,6950.295513899967,Latih,6952.008829181835,6973.085135855722
4,2023-10-04,6886.58,6943.465962631746,Latih,6944.295419867082,6970.995643101382
4,2023-10-05,6874.83,6899.746430101433,Latih,6898.296017599144,6944.339168047949
4,2023-10-06,6888.52,6875.284733022487,Latih,6876.88686793927,6924.97527169947
4,2023-10-09,6891.46,6880.665914404429,Latih,6882.22349960748,6927.076399608296
4,2023-10-10,6922.19,6887.023362815417,Latih,6888.5026305008305,6931.949021315617
4,2023-10-11,6931.75,6913.876963241736,Latih,6917.443189803403,6944.659729481979
4,2023-10-12,6935.15,6924.757358183902,Latih,6925.816208953899,6956.744647328303
4,2023-10-13,6926.78,6930.097195983571,Latih,6931.092105115694,6960.669288359926
4,2023-10-16,6896.29,6925.593124258559,Latih,6926.631367877168,6958.3527808136205
4,2023-10-17,6939.62,6902.52692175273,Latih,6903.81082226638,6944.254308987899
4,2023-10-18,6927.91,6933.894755272311,Latih,6937.0742292988725,6952.731604978487
4,2023-10-19,6846.43,6927.782601773781,Latih,6928.794084537071,6960.009678524182
4,2023-10-20,6849.17,6858.664974931512,Latih,6858.041640921865,6925.2399326801715
4,2023-10-23,6741.96,6845.251038028034,Latih,6847.200210819276,6904.082154068986
4,2023-10-24,6806.76,6750.823252785823,Latih,6753.059089927695,6863.281674951945
4,2023-10-25,6834.39,6813.016721625952,Latih,6817.6800915438225,6859.157788363729
4,2023-10-26,6714.52,6829.330423442156,Latih,6834.092769740851,6887.53639556054
4,2023-10-27,6758.79,6722.62205583902,Latih,6725.516080742198,6848.617165788444
4,2023-10-30,6735.89,6761.741836890601,Latih,6767.293434501909,6833.084803379805
4,2023-10-31,6752.21,6741.412080512365,Latih,6744.513586075922,6836.282686806352
4,2023-11-01,6642.42,6747.92684913995,Latih,6753.913511033377,6836.362400542529
4,2023-11-02,6751.39,6647.608146397779,Latih,6652.91318862156,6798.265336642292
4,2023-11-03,6788.85,6772.143923559808,Latih,6776.986798055495,6810.555369334249
4,2023-11-06,6878.84,6788.564074111607,Latih,6793.80426327708,6854.788606863055
4,2023-11-07,6843.79,6888.5358553308615,Latih,6891.935104497708,6899.878295185605
4,2023-11-08,6804.11,6852.053001052174,Latih,6853.901930523548,6910.8354562914765
4,2023-11-09,6838.23,6813.87805918458,Latih,6815.234149367838,6885.899898154176
4,2023-11-10,6809.26,6834.742683614523,Latih,6839.373500955732,6888.301859446205
4,2023-11-13,6838.31,6815.942652708321,Latih,6818.201734303265,6886.379473366178
4,2023-11-14,6862.06,6833.450922907621,Latih,6838.143923685582,6889.737275527157
4,2023-11-15,6958.21,6854.664576116237,Latih,6859.110523780618,6906.863188694158
4,2023-11-16,6958.01,6965.870745388912,Latih,6968.146891877102,6950.601363327548
4,2023-11-17,6977.67,6953.867015065,Latih,6954.592247172042,6976.744004102993
4,2023-11-20,6994.89,6966.944437444852,Latih,6967.534986174749,6984.308405872632
4,2023-11-21,6961.79,6984.762590591956,Latih,6985.151101328182,6996.343059851577
4,2023-11-22,6906.95,6968.161810730742,Latih,6968.705586139607,6988.211534796405
4,2023-11-23,7004.34,6920.884868500274,Latih,6918.79568601672,6957.932700024889
4,2023-11-24,7009.63,7010.186489090971,Latih,7011.839043010525,6980.71991738205
4,2023-11-27,7013.41,7003.172042290023,Latih,7003.345949065736,7009.328280096105
4,2023-11-28,7041.07,7007.3959136391195,Latih,7007.521366460374,7012.235724210791
4,2023-11-29,7036.09,7027.097850009256,Latih,7028.428291140848,7023.985782311015
4,2023-11-30,7080.74,7032.643216348941,Latih,7032.479083102995,7029.598735970312
4,2023-12-01,7059.91,7068.7972611618625,Latih,7070.099933058082,7045.5441722190935
4,2023-12-04,7093.6,7061.2928967893695,Latih,7060.796463531313,7049.647865350302
4,2023-12-05,7100.85,7078.100937535822,Latih,7079.370720728695,7057.023570770082
4,2023-12-06,7087.4,7092.784864479364,Latih,7091.951683994593,7069.020449280797
4,2023-12-07,7134.62,7086.120351413549,Latih,7085.349121662438,7065.785204080401
4,2023-12-08,7159.6,7120.860905947749,Latih,7121.421254987781,7080.416850396454
4,2023-12-11,7088.79,7145.216438705988,Latih,7143.804396357603,7102.714667300048
4,2023-12-12,7125.31,7105.898355838122,Latih,7101.853355597319,7082.345028197825
4,2023-12-13,7075.34,7109.0974027801185,Latih,7109.913880354229,7077.187914035379
4,2023-12-14,7176.02,7085.906419706404,Latih,7085.114763795197,7067.78174487835
4,2023-12-15,7190.99,7174.757009997438,Latih,7174.105337922643,7093.172030708851
4,2023-12-18,7119.52,7179.481296413016,Latih,7177.67743377335,7104.080324165883
4,2023-12-19,7187.85,7136.510550713605,Latih,7132.77825171358,7102.277650897565
4,2023-12-20,7219.67,7177.307229013513,Latih,7176.902791043591,7104.080324165883
4,2023-12-21,7209.62,7202.447695149257,Latih,7200.395977863147,7104.080324165883
4,2023-12-22,7237.52,7205.938706901147,Latih,7203.821522479131,7104.080324165883
4,2023-12-26,7237.52,7221.363974176721,Latih,7219.096928964929,7104.080324165883
4,2023-12-27,7245.92,7230.315131225663,Latih,7227.929924556093,7104.080324165883
4,2023-12-28,7303.89,7235.929998221475,Latih,7233.486926050264,7104.080324165883
4,2023-12-29,7272.8,7285.146546560609,Latih,7283.341442837798,7104.080324165883
4,2024-01-02,7323.59,7275.191353247248,Latih,7272.281737237058,7104.080324165883
4,2024-01-03,7279.09,7301.991457818832,Latih,7300.016222281541,7104.080324165883
4,2024-01-04,7359.76,7285.716307147824,Latih,7282.679842097842,7104.080324165883
4,2024-01-05,7350.62,7344.538839030356,Latih,7341.714392351002,7104.080324165883
4,2024-01-08,7283.58,7345.134558940024,Latih,7341.451748130411,7104.080324165883
4,2024-01-09,7200.2,7297.389676652039,Latih,7294.207746315087,7104.080324165883
4,2024-01-10,7227.3,7220.1462647641465,Latih,7214.024363591746,7104.080324165883
4,2024-01-11,7219.96,7211.510239410475,Latih,7209.3535988868025,7104.080324165883
4,2024-01-12,7241.14,7215.298335440234,Latih,7213.077520575598,7104.080324165883
4,2024-01-15,7224.0,7227.101139574127,Latih,7224.765369383173,7104.080324165883
4,2024-01-16,7242.79,7222.439217586593,Latih,7220.131785460786,7104.080324165883
4,2024-01-17,7200.63,7229.5002050054845,Latih,7227.135889902192,7104.080324165883
4,2024-01-18,7252.97,7207.347026000097,Latih,7205.193798455074,7104.080324165883
4,2024-01-19,7227.4,7235.079390860873,Latih,7234.015679181892,7104.080324165883
4,2024-01-22,7247.93,7228.5072867775725,Latih,7226.126423899012,7104.080324165883
4,2024-01-23,7256.23,7234.0267972184,Latih,7231.612735365707,7104.080324165883
4,2024-01-24,7227.82,7246.161591093619,Latih,7243.603253325302,7104.080324165883
4,2024-01-25,7178.04,7229.8340046597295,Latih,7227.436387158708,7104.080324165883
4,2024-01-26,7137.09,7187.44398244865,Latih,7185.509961214138,7104.080324165883
4,2024-01-29,7157.17,7144.100291264124,Latih,7142.659445444412,7103.986415541234
4,2024-01-30,7192.22,7144.384602727957,Latih,7142.978817507095,7102.565892458024
4,2024-01-31,7207.94,7174.255819253992,Latih,7172.5233188951715,7104.080324165883
4,2024-02-01,7201.7,7196.008904080464,Latih,7194.019602934195,7104.080324165883
4,2024-02-02,7238.79,7196.881282107903,Latih,7194.868348670078,7104.080324165883
4,2024-02-05,7198.62,7219.671912443713,Latih,7217.429688894824,7104.080324165883
4,2024-02-06,7247.41,7204.720170099809,Latih,7202.597659362628,7104.080324165883
4,2024-02-07,7235.15,7228.820556848126,Latih,7227.874386085348,7104.080324165883
4,2024-02-12,7297.67,7231.903924498635,Latih,7229.493223912793,7104.080324165883
4,2024-02-13,7209.74,7280.443927388274,Latih,7278.664162446343,7104.080324165883
4,2024-02-15,7303.28,7231.043750455457,Latih,7223.648084281759,7104.080324165883
4,2024-02-16,7335.54,7294.162446780289,Latih,7291.922188279713,7104.080324165883
4,2024-02-19,7296.7,7316.93384032735,Latih,7313.594240719167,7104.080324165883
4,2024-02-20,7352.6,7301.321531479443,Latih,7298.113072990263,7104.080324165883
4,2024-02-21,7349.02,7331.028976742118,Latih,7328.607468390554,7104.080324165883
4,2024-02-22,7339.64,7341.767810638041,Latih,7338.1263692666,7104.080324165883
4,2024-02-23,7295.1,7334.349287849754,Latih,7330.787689493983,7104.080324165883
4,2024-02-26,7283.82,7301.567369365777,Latih,7298.352550325479,7104.080324165883
4,2024-02-27,7285.32,7279.737544231497,Latih,7276.78919608482,7104.080324165883
4,2024-02-28,7328.64,7277.121185826145,Latih,7274.210328732811,7104.080324165883
4,2024-02-29,7316.11,7306.559419469919,Latih,7303.343514481869,7104.080324165883
4,2024-03-01,7311.91,7312.082291177598,Latih,7308.769219721642,7104.080324165883
4,2024-03-04,7276.75,7305.254730813589,Latih,7302.023777692403,7104.080324165883
4,2024-03-05,7247.46,7280.404833269202,Latih,7277.433990490519,7104.080324165883
4,2024-03-06,7329.8,7249.545714559634,Latih,7246.92578804024,7104.080324165883
4,2024-03-07,7373.96,7316.425099661437,Latih,7313.974736126748,7104.080324165883
4,2024-03-08,7381.91,7351.123871063085,Latih,7347.407033890577,7104.080324165883
4,2024-03-13,7421.21,7370.605980581138,Latih,7366.647235618922,7104.080324165883
4,2024-03-14,7433.31,7399.42641337762,Latih,7395.163034215069,7104.080324165883
4,2024-03-15,7328.05,7420.123233023981,Latih,7415.609930743078,7104.080324165883
4,2024-03-18,7302.45,7353.64492462525,Latih,7342.787619000763,7104.080324165883
4,2024-03-19,7336.75,7302.762015316572,Latih,7299.545593210543,7104.080324165883
4,2024-03-20,7331.13,7317.476400508967,Latih,7314.131939991799,7104.080324165883
4,2024-03-21,7338.35,7324.724274364798,Latih,7321.27323583254,7104.080324165883
4,2024-03-22,7350.15,7327.747346059172,Latih,7324.2703999162595,7104.080324165883
4,2024-03-25,7377.76,7337.951324831337,Latih,7334.36247435817,7104.080324165883
4,2024-03-26,7365.66,7360.19282758722,Latih,7356.363672390075,7104.080324165883
4,2024-03-27,7310.09,7360.96291967878,Latih,7357.100100101324,7104.080324165883
4,2024-03-28,7288.81,7319.93550333747,Latih,7316.507011149017,7104.080324165883
4,2024-04-01,7205.06,7287.882359218681,Latih,7284.836068927133,7104.080324165883
4,2024-04-02,7236.98,7225.07289944418,Latih,7218.916661638097,7104.080324165883
4,2024-04-03,7166.84,7219.539995647744,Latih,7217.296013897732,7104.080324165883
4,2024-04-04,7254.4,7182.896291822266,Latih,7180.38568404324,7104.080324165883
4,2024-04-05,7286.88,7245.945849473555,Latih,7244.424384961207,7104.080324165883
4,2024-04-16,7164.81,7268.725103213868,Latih,7265.9281154991,7104.080324165883
4,2024-04-17,7130.84,7189.829602812601,Latih,7178.621329217028,7104.080324165883
4,2024-04-18,7166.81,7135.67788734681,Latih,7134.336276466912,7100.0616452301165
4,2024-04-19,7087.32,7148.823129749366,Latih,7148.792050958939,7103.613780326906
4,2024-04-22,7073.82,7107.22890039331,Latih,7100.420731953444,7083.741505295098
4,2024-04-23,7110.81,7072.702019007264,Latih,7072.08178770548,7056.832805948314
4,2024-04-24,7174.53,7095.3997749543805,Latih,7096.401380764308,7067.486315378009
4,2024-04-25,7155.29,7163.363763301441,Latih,7163.192390403817,7102.267256826224
4,2024-04-26,7036.08,7155.139829263755,Latih,7153.58842362053,7104.080324165883
4,2024-04-29,7155.78,7056.2161427605715,Latih,7049.074536649045,7060.74268326169
4,2024-04-30,7234.2,7160.591855808565,Latih,7159.969866305659,7074.6220780563945
4,2024-05-01,7234.2,7224.220585594254,Latih,7223.079357930498,7104.080324165883
4,2024-05-02,7117.42,7227.030708105641,Latih,7224.682475371437,7104.080324165883
4,2024-05-03,7134.72,7140.552499958343,Latih,7130.907939413852,7104.080324165883
4,2024-05-06,7135.89,7123.067241509025,Latih,7121.899589116638,7088.642025517285
4,2024-05-07,7123.61,7129.3997131217175,Latih,7128.150718071525,7093.813153576912
4,2024-05-08,7088.79,7121.566616851155,Latih,7120.3973096812415,7089.373282048763
4,2024-05-13,7099.26,7094.3516285265105,Latih,7093.474441301883,7072.530542686044
4,2024-05-14,7083.76,7090.178848433555,Latih,7089.377005298198,7067.09263346201
4,2024-05-15,7179.83,7083.177071023047,Latih,7082.437747451127,7063.941006238518
4,2024-05-16,7246.7,7177.145577933859,Latih,7176.501197222542,7096.944664911093
4,2024-05-17,7317.24,7233.021933565217,Latih,7231.8598660469825,7104.080324165883
4,2024-05-20,7266.69,7301.266148144092,Latih,7299.128537561978,7104.080324165883
4,2024-05-21,7186.04,7275.390340244852,Latih,7272.466193219505,7104.080324165883
4,2024-05-22,7222.38,7205.2623165870455,Latih,7199.761577528789,7104.080324165883
4,2024-05-27,7176.42,7203.678487646654,Latih,7201.61575574763,7104.080324165883
4,2024-05-28,7253.63,7184.615864231658,Latih,7182.716024495435,7104.080324165883
4,2024-05-29,7140.23,7242.419053157646,Latih,7241.036848516543,7104.080324165883
4,2024-05-30,7034.14,7164.145955953667,Latih,7153.841863141128,7104.080324165883
4,2024-05-31,6970.74,7053.926809763965,Latih,7047.052139952239,7055.883997883853
4,2024-06-03,7036.19,6986.737024596382,Latih,6983.028668158699,7002.3834373748805
4,2024-06-04,7099.31,7031.934764720255,Latih,7033.565547972971,7010.458493146948
4,2024-06-05,6947.67,7091.485812408985,Latih,7092.313511443199,7052.768000088986
4,2024-06-06,6974.9,6965.177419461058,Latih,6960.287939707682,7011.2148816121135
4,2024-06-07,6897.95,6963.187239214228,Latih,6966.102233251379,6980.415205614018
4,2024-06-10,6921.55,6912.019759882728,Latih,6909.858077458779,6958.019937827632
4,2024-06-11,6855.69,6911.342981730143,Latih,6915.006504039208,6946.181530121013
4,2024-06-12,6850.1,6867.942588559424,Latih,6867.275583936606,6927.094162610811
4,2024-06-13,6831.56,6848.843611750635,Latih,6850.747148880395,6906.967775805036
4,2024-06-14,6734.83,6834.657204012901,Latih,6836.712256709964,6898.258474834003
4,2024-06-19,6726.92,6743.205148314258,Latih,6745.8285265961495,6855.71626480225
4,2024-06-20,6819.32,6727.729022485632,Latih,6730.99385976227,6826.272601419717
4,2024-06-21,6879.98,6832.438664467365,Latih,6836.592543898256,6859.923846935068
4,2024-06-24,6889.17,6881.708915508426,Latih,6885.458641384281,6908.629250009695
4,2024-06-25,6882.7,6882.752718145288,Latih,6884.283982043303,6928.732702633184
4,2024-06-26,6905.64,6881.376305225528,Latih,6882.913257421292,6928.731461550039
4,2024-06-27,6967.95,6895.995954404511,Latih,6899.87749365274,6935.85714042787
4,2024-06-28,7063.58,6966.026320332335,Latih,6968.59577613716,6966.260264505194
4,2024-07-01,7139.63,7066.192072504817,Latih,7067.085704081116,7020.312227913194
4,2024-07-02,7125.14,7133.416323585576,Latih,7133.5514982248005,7075.862644083559
4,2024-07-03,7196.75,7123.789241628711,Latih,7122.59361315376,7090.986121307672
4,2024-07-04,7220.89,7186.677665318322,Latih,7186.114937535596,7104.080324165883
4,2024-07-05,7253.37,7206.1186122453955,Latih,7204.020768035724,7104.080324165883
4,2024-07-08,7250.98,7235.574531323988,Latih,7233.150489094334,7104.080324165883
4,2024-07-09,7269.8,7244.397546538193,Latih,7241.852395278293,7104.080324165883
4,2024-07-10,7287.04,7256.21089987882,Latih,7253.54608751901,7104.080324165883
4,2024-07-11,7300.41,7273.772898635946,Latih,7270.909512972913,7104.080324165883
4,2024-07-12,7327.58,7288.241135671222,Latih,7285.212530814492,7104.080324165883
4,2024-07-15,7278.86,7310.6922780550385,Latih,7307.419696936693,7104.080324165883
4,2024-07-16,7224.29,7286.842641813839,Latih,7283.790870071733,7104.080324165883
4,2024-07-17,7224.22,7234.734783440906,Latih,7232.265648523646,7104.080324165883
4,2024-07-18,7321.07,7217.1802311826505,Latih,7214.942816830949,7104.080324165883
4,2024-07-19,7294.5,7312.0168240416915,Latih,7309.500786523905,7104.080324165883
4,2024-07-22,7321.98,7295.208473024452,Latih,7292.076496284092,7104.080324165883
4,2024-07-23,7313.86,7305.052847955312,Latih,7301.843975771751,7104.080324165883
4,2024-07-24,7262.76,7308.441573771324,Latih,7305.1722504962345,7104.080324165883
4,2024-07-25,7240.28,7271.678881099306,Latih,7268.796258647523,7104.080324165883
4,2024-07-26,7288.17,7240.257758572179,Latih,7237.746685386974,7104.080324165883
4,2024-07-29,7288.9,7267.438979092917,Latih,7265.9667442119935,7104.080324165883
4,2024-07-30,7241.86,7280.909850685679,Latih,7277.955865953051,7104.080324165883
4,2024-07-31,7255.76,7249.70053968199,Latih,7247.067685213167,7104.080324165883
4,2024-08-01,7325.98,7243.9000273323845,Latih,7241.370648170788,7104.080324165883
4,2024-08-02,7308.12,7309.5127836609745,Latih,7307.263785866585,7104.080324165883
4,2024-08-05,7059.65,7305.887993488397,Latih,7302.641216557111,7104.080324165883
4,2024-08-06,7129.21,7083.394570844233,Latih,7073.483953100502,7104.080324165883
4,2024-08-07,7212.13,7121.730646673505,Latih,7122.083941675489,7070.752794504224
4,2024-08-08,7195.12,7204.392886132076,Latih,7203.48648174174,7104.080324165883
4,2024-08-13,7356.64,7276.744982497774,Uji,7273.862928875767,7104.080324165883
4,2024-08-14,7436.04,7335.719960759967,Uji,7333.206508832067,7104.080324165883
4,2024-08-15,7409.5,7416.92294499884,Uji,7413.10863108764,7104.080324165883
4,2024-08-16,7432.09,7408.965533566572,Uji,7404.553534697391,7104.080324165883
4,2024-08-19,7466.83,7415.55082415829,Uji,7411.095542514422,7104.080324165883
4,2024-08-20,7533.98,7446.020139336688,Uji,7441.229558396441,7104.080324165883
4,2024-08-21,7554.59,7506.9954850698605,Uji,7502.042632508386,7104.080324165883
4,2024-08-22,7488.68,7537.372132706754,Uji,7531.544937069528,7104.080324165883
4,2024-08-23,7544.3,7499.927413134683,Uji,7494.467267837632,7104.080324165883
4,2024-08-26,7606.19,7515.960242321601,Uji,7510.395846040358,7104.080324165883
4,2024-08-27,7597.88,7575.174801342604,Uji,7568.948183779833,7104.080324165883
4,2024-08-28,7658.88,7589.47631954205,Uji,7583.044716413139,7104.080324165883
4,2024-08-29,7627.6,7627.585225443963,Uji,7620.768369422081,7104.080324165883
4,2024-08-30,7670.73,7626.247234389904,Uji,7619.387354152324,7104.080324165883
4,2024-09-02,7694.53,7645.041576998359,Uji,7638.016942973261,7104.080324165883
4,2024-09-03,7616.52,7674.787961244711,Uji,7667.4164444805465,7104.080324165883
4,2024-09-04,7672.9,7630.278479292516,Uji,7623.344030642632,7104.080324165883
4,2024-09-05,7681.04,7642.937217102175,Uji,7635.944540968065,7104.080324165883
4,2024-09-06,7721.85,7666.466912450918,Uji,7659.17916879905,7104.080324165883
4,2024-09-09,7702.74,7696.357572612894,Uji,7688.754076724183,7104.080324165883
4,2024-09-10,7761.39,7696.676841251981,Uji,7689.03218277229,7104.080324165883
4,2024-09-11,7760.96,7729.749948868886,Uji,7721.781884806291,7104.080324165883
4,2024-09-12,7798.15,7748.279113378661,Uji,7740.0656251241135,7104.080324165883
4,2024-09-13,7812.13,7773.000662241122,Uji,7764.532441671034,7104.080324165883
4,2024-09-17,7831.78,7794.277274563455,Uji,7785.555149066589,7104.080324165883
4,2024-09-18,7829.13,7811.8974490930095,Uji,7802.980680389548,7104.080324165883
4,2024-09-19,7905.39,7816.430401857044,Uji,7807.448579712058,7104.080324165883
4,2024-09-20,7743.0,7866.55568161741,Uji,7857.059430508763,7104.080324165883
4,2024-09-23,7775.73,7782.473643040798,Uji,7760.627063284059,7104.080324165883
4,2024-09-24,7778.49,7752.252027373452,Uji,7744.014648268359,7104.080324165883
4,2024-09-25,7740.9,7764.597805383344,Uji,7756.202601871629,7104.080324165883
4,2024-09-26,7744.52,7740.356452274458,Uji,7732.208844850198,7104.080324165883
4,2024-09-27,7696.92,7730.716235520975,Uji,7722.702768499985,7104.080324165883
4,2024-09-30,7527.93,7700.059723634851,Uji,7692.359112990033,7104.080324165883
4,2024-10-01,7642.13,7567.543898201105,Uji,7544.2534216285885,7104.080324165883
4,2024-10-02,7563.26,7622.802608120564,Uji,7615.83785635722,7104.080324165883
4,2024-10-03,7543.83,7577.8655730248665,Uji,7571.520328598139,7104.080324165883
4,2024-10-04,7496.09,7539.573814206236,Uji,7533.696561548822,7104.080324165883
4,2024-10-07,7504.13,7501.428399775136,Uji,7495.962773027528,7104.080324165883
4,2024-10-08,7557.14,7491.486289546597,Uji,7486.167420880901,7104.080324165883
4,2024-10-09,7501.29,7529.49994231712,Uji,7523.781548302284,7104.080324165883
4,2024-10-10,7480.08,7509.174723649134,Uji,7503.616739630807,7104.080324165883
4,2024-10-11,7520.6,7477.078451891051,Uji,7471.903548870192,7104.080324165883
4,2024-10-14,7559.65,7497.358991565812,Uji,7491.994409670937,7104.080324165883
4,2024-10-15,7626.95,7536.461798219793,Uji,7530.656321537606,7104.080324165883
4,2024-10-16,7648.94,7595.675116157651,Uji,7589.494935789227,7104.080324165883
4,2024-10-17,7735.04,7630.267619814997,Uji,7623.395949287537,7104.080324165883
4,2024-10-18,7760.06,7703.802623553408,Uji,7695.963115019929,7104.080324165883
4,2024-10-21,7772.6,7739.223757057326,Uji,7731.127964854375,7104.080324165883
4,2024-10-22,7788.98,7755.633254978795,Uji,7747.344991464752,7104.080324165883
4,2024-10-23,7787.56,7770.60557861819,Uji,7762.151320233484,7104.080324165883
4,2024-10-24,7716.55,7774.9115165902585,Uji,7766.397789638182,7104.080324165883
4,2024-10-25,7694.66,7726.989883377687,Uji,7718.971555447712,7104.080324165883
4,2024-10-28,7634.63,7689.57536349548,Uji,7682.008893253933,7104.080324165883
4,2024-10-29,7606.6,7642.425683999187,Uji,7635.365885951643,7104.080324165883
4,2024-10-30,7569.85,7604.429613239886,Uji,7597.817329089761,7104.080324165883
4,2024-10-31,7574.02,7570.8715523840165,Uji,7564.631282906648,7104.080324165883
4,2024-11-01,7505.26,7561.868321554776,Uji,7555.755056252594,7104.080324165883
4,2024-11-04,7479.5,7517.244039411655,Uji,7511.587182436099,7104.080324165883
4,2024-11-05,7491.93,7477.964585256682,Uji,7472.776547439204,7104.080324165883
4,2024-11-06,7383.87,7478.008643708335,Uji,7472.844289894209,7104.080324165883
4,2024-11-07,7243.86,7409.764584264853,Uji,7398.970108474589,7104.080324165883
4,2024-11-08,7287.19,7272.219631368003,Uji,7258.25966959246,7104.080324165883
4,2024-11-11,7266.46,7265.550722799382,Uji,7263.871744151196,7104.080324165883
4,2024-11-12,7321.99,7265.595608639798,Uji,7262.80043083795,7104.080324165883
4,2024-11-13,7308.67,7301.744999390926,Uji,7299.731703970518,7104.080324165883
4,2024-11-14,7214.56,7304.975487105932,Uji,7301.741896683063,7104.080324165883
4,2024-11-15,7161.26,7237.794829070646,Uji,7228.531229339915,7104.080324165883
4,2024-11-18,7134.28,7171.9733639264805,Uji,7170.211180995772,7104.080324165883
4,2024-11-19,7195.71,7136.838403511113,Uji,7135.488053337402,7100.426730521979
4,2024-11-20,7180.33,7182.939264326167,Uji,7182.517296056819,7104.080324165883
4,2024-11-21,7140.91,7178.6728858793485,Uji,7176.859094574522,7104.080324165883
4,2024-11-22,7195.56,7147.388437633582,Uji,7145.911600402661,7104.080324165883
4,2024-11-25,7314.11,7180.966821225953,Uji,7180.63136679418,7104.080324165883
4,2024-11-26,7245.89,7311.236131031599,Uji,7308.54142925271,7104.080324165883
4,2024-11-28,7200.16,7260.482501217207,Uji,7257.715092650732,7104.080324165883
4,2024-11-29,7114.27,7208.027449834421,Uji,7205.864397047832,7104.080324165883
4,2024-12-02,7046.99,7135.943168869085,Uji,7127.572787020272,7102.45083370811
4,2024-12-03,7196.02,7063.41406301981,Uji,7059.7741730023,7053.784498896655
4,2024-12-04,7326.76,7206.871174037531,Uji,7205.35338106282,7093.191681191982
4,2024-12-05,7313.31,7326.586002506106,Uji,7323.5725492061065,7104.080324165883
4,2024-12-06,7382.79,7309.607467962589,Uji,7306.321648624029,7104.080324165883
4,2024-12-09,7437.73,7363.476785301063,Uji,7360.488153663966,7104.080324165883
4,2024-12-10,7453.29,7411.934359585145,Uji,7408.40270236025,7104.080324165883
4,2024-12-11,7464.75,7438.778936302763,Uji,7434.057752595048,7104.080324165883
4,2024-12-12,7394.24,7451.431468696697,Uji,7446.565388531787,7104.080324165883
4,2024-12-13,7324.79,7407.9761834527035,Uji,7403.547740231849,7104.080324165883
4,2024-12-16,7258.63,7338.930901415438,Uji,7335.280048496812,7104.080324165883
4,2024-12-17,7157.73,7272.424978916727,Uji,7269.524464182935,7104.080324165883
4,2024-12-18,7107.88,7182.038031115603,Uji,7171.383849432538,7104.080324165883
4,2024-12-19,6977.24,7118.058953900401,Uji,7116.90562567598,7089.233143076957
4,2024-12-20,6983.87,6995.412583619405,Uji,6989.92947828417,7025.0113306832845
4,2024-12-23,7096.44,6977.258381354856,Uji,6977.724666634846,6991.955158680131
4,2024-12-24,7065.75,7102.0921606791635,Uji,7102.3414115441465,7037.388032348211
4,2024-12-27,7036.57,7070.233659766971,Uji,7069.630441646634,7056.192407045421
4,2024-12-30,7079.9,7040.882146807964,Uji,7040.610142751987,7036.5149820674005
4,2025-01-02,7163.21,7067.640261399803,Uji,7068.9703922606095,7045.3494773007
4,2025-01-03,7164.43,7157.856973962852,Uji,7157.590658204624,7089.451211727918
4,2025-01-06,7080.47,7157.617651763031,Uji,7156.051146274874,7104.080324165883
4,2025-01-07,7083.28,7101.526123341384,Uji,7093.552060710253,7080.437845386326
4,2025-01-08,7080.35,7076.827793076098,Uji,7076.171363515913,7058.630928578434
4,2025-01-09,7064.59,7075.770803930818,Uji,7075.122648258268,7058.261706342754
4,2025-01-10,7088.87,7064.296059441624,Uji,7063.768961087523,7051.355130351838
4,2025-01-13,7016.88,7075.469634420931,Uji,7074.841904908478,7056.466789844093
4,2025-01-14,6956.67,7035.138155453259,Uji,7029.501983196789,7035.189246709401
4,2025-01-15,7079.56,6971.794486952471,Uji,6968.853998999046,6992.2240341723455
4,2025-01-16,7107.52,7088.783043589652,Uji,7089.126203079284,7023.429001385026
4,2025-01-17,7154.66,7092.738892691196,Uji,7091.919208985628,7067.776625410376
4,2025-01-20,7170.74,7139.94581714756,Uji,7140.242953137225,7093.66975676185
4,2025-01-21,7181.82,7159.092368810246,Uji,7157.518623670408,7104.080324165883
4,2025-01-22,7257.13,7171.657715113233,Uji,7169.939487210582,7104.080324165883
4,2025-01-23,7232.64,7245.243396413405,Uji,7243.838697140295,7104.080324165883
4,2025-01-24,7166.06,7233.344615182954,Uji,7230.910023746567,7104.080324165883
4,2025-01-30,7073.48,7180.98248990066,Uji,7179.110626247,7104.080324165883
4,2025-01-31,7109.2,7094.455982934298,Uji,7086.564710891307,7078.173489188015
4,2025-02-03,7030.06,7093.522016155781,Uji,7094.560751036466,7066.769693285285
4,2025-02-04,7073.46,7049.1257313287815,Uji,7042.802360992487,7045.840946226175
4,2025-02-05,7024.23,7061.519084192571,Uji,7062.933350148258,7041.078496503885
4,2025-02-06,6875.54,7035.107231798226,Uji,7034.887560081536,7033.835328421646
4,2025-02-07,6742.58,6890.282705713548,Uji,6887.693030595817,6962.787610441492
4,2025-02-10,6648.14,6752.009405073843,Uji,6753.820959843419,6870.713048121965
4,2025-02-11,6531.99,6653.218837665925,Uji,6658.586548124562,6797.855934339788
4,2025-02-12,6645.78,6534.3197337184065,Uji,6542.239096579511,6727.090485207456
4,2025-02-13,6613.57,6689.088040969088,Uji,6695.263088941589,6739.513443075438
4,2025-02-14,6638.46,6616.041545655733,Uji,6623.467838141626,6758.061456535481
4,2025-02-17,6830.88,6641.7879189252935,Uji,6649.167334666559,6758.923543915174
4,2025-02-18,6873.55,6870.447611464297,Uji,6873.202686767017,6840.280706878932
4,2025-02-19,6794.87,6870.724373005663,Uji,6874.783076872861,6909.289816513697
4,2025-02-20,6788.04,6805.114124699262,Uji,6806.145619928268,6890.434609119334
4,2025-02-21,6803.0,6787.8470383245,Uji,6790.43609290066,6866.3317143488275
4,2025-02-24,6749.6,6795.983967262533,Uji,6801.318039196756,6870.266671884095
4,2025-02-25,6587.09,6757.614976874016,Uji,6760.458298359536,6853.651878125701
4,2025-02-26,6606.18,6591.316624214465,Uji,6597.521223863367,6776.1112526804445
4,2025-02-27,6485.45,6609.446630205665,Uji,6617.32385926359,6739.192778217812
4,2025-02-28,6270.6,6525.672580632265,Uji,6533.374652135368,6697.610080592647
4,2025-03-03,6519.66,6539.645276437995,Uji,6550.586762405184,6581.404931834937
4,2025-03-04,6380.4,6878.381752587593,Uji,6881.012952278888,6619.332794733054
4,2025-03-05,6531.4,6545.655625566763,Uji,6555.257401062621,6633.293635609158
4,2025-03-06,6617.85,6759.219206118606,Uji,6763.463762186788,6653.833354814063
4,2025-03-07,6636.0,6656.1937268927795,Uji,6663.077691900145,6728.528667869587
4,2025-03-10,6598.21,6637.623916910001,Uji,6645.119755299846,6759.137372198723
4,2025-03-11,6545.85,6600.223695339862,Uji,6608.042105459874,6749.441901389381
4,2025-03-12,6665.04,6549.077147974482,Uji,6556.369146537705,6718.845582035798
4,2025-03-13,6647.42,6700.729724069253,Uji,6706.583577138202,6750.7569841170525
4,2025-03-14,6515.63,6650.852195531736,Uji,6656.305553655337,6776.431736546779
4,2025-03-17,6471.95,6523.811812391201,Uji,6530.779893101524,6720.554346679467
4,2025-03-18,6223.39,6578.35973557111,Uji,6587.218465861606,6667.678154416096
4,2025-03-19,6311.66,6536.032535114285,Uji,6547.536160642502,6559.4244702339165
4,2025-03-20,6381.67,6822.735514456063,Uji,6828.478419863016,6525.836778517956
4,2025-03-21,6258.18,6758.83814188125,Uji,6764.742310529374,6577.04940224886
4,2025-03-24,6161.22,6623.956488774127,Uji,6636.197324154534,6548.282853145597
4,2025-03-25,6235.62,6698.00025903435,Uji,6712.495761114971,6477.017687056054
4,2025-03-26,6472.36,6853.662039493952,Uji,6859.792550680671,6479.406254992475
4,2025-03-27,6510.62,6893.404288382568,Uji,6896.338260649481,6591.45827414036
