Fold,Date,Actual_Close,Predicted_GANN,Data,Predicted_GADAM,Predicted_ADAM
1,2022-01-05,6662.3,6701.53499334814,Latih,6703.796095761079,6792.014222431811
1,2022-01-06,6653.35,6676.999822930709,Latih,6678.876724885122,6792.014222431811
1,2022-01-07,6701.32,6665.122304158523,Latih,6667.737612469807,6792.014222431811
1,2022-01-10,6691.12,6705.1166793340635,Latih,6707.580843758901,6792.014222431811
1,2022-01-11,6647.97,6702.467842105348,Latih,6704.022368477305,6792.014222431811
1,2022-01-12,6647.06,6664.172353332354,Latih,6666.235953752114,6792.014222431811
1,2022-01-13,6658.36,6657.907531026913,Latih,6660.859616107656,6792.014222431811
1,2022-01-14,6693.4,6667.481070885076,Latih,6670.373050791934,6792.014222431811
1,2022-01-17,6645.05,6698.962456034738,Latih,6701.379365575631,6792.014222431811
1,2022-01-18,6614.06,6661.958389749838,Latih,6663.995709322108,6792.014222431811
1,2022-01-19,6591.98,6629.240496528455,Latih,6632.482114045033,6792.014222431811
1,2022-01-20,6626.87,6606.3690219207165,Latih,6610.397972903854,6792.014222431811
1,2022-01-21,6726.37,6634.754141314486,Latih,6638.671833896498,6792.014222431811
1,2022-01-24,6655.17,6727.718208175324,Latih,6730.346546131991,6791.61339466873
1,2022-01-25,6568.17,6674.826425329164,Latih,6676.119219358877,6792.014222431811
1,2022-01-26,6600.82,6599.748490296309,Latih,6601.151413842891,6792.014222431811
1,2022-01-27,6611.16,6611.371762178397,Latih,6615.8062938438425,6792.014222431811
1,2022-01-28,6645.51,6621.13208490447,Latih,6625.298121472456,6792.014222431811
1,2022-01-31,6631.15,6651.899788372529,Latih,6655.615194391174,6792.014222431811
1,2022-02-02,6707.65,6643.952812472295,Latih,6647.065990391385,6792.014222431811
1,2022-02-03,6683.85,6709.521132036765,Latih,6712.259573134502,6791.9279419136365
1,2022-02-04,6731.39,6697.038731759507,Latih,6698.514489441234,6792.014222431811
1,2022-02-07,6804.94,6734.776899870658,Latih,6736.408116519773,6792.014222431811
1,2022-02-08,6789.52,6803.884999549422,Latih,6804.032007710371,6791.9955272645075
1,2022-02-09,6834.61,6800.011576110754,Latih,6798.762354903253,6779.7156931341
1,2022-02-10,6823.64,6836.71411424581,Latih,6835.466095774807,6773.355495934516
1,2022-02-11,6815.61,6833.038973524011,Latih,6830.945579000152,6762.315915239481
1,2022-02-14,6734.49,6824.759314378536,Latih,6822.946094156539,6767.624962942033
1,2022-02-15,6807.5,6754.1822303235795,Latih,6753.0981638276835,6789.959315475853
1,2022-02-16,6850.2,6806.474090315137,Latih,6806.539903212223,6792.003735413583
1,2022-02-17,6835.12,6852.367117834728,Latih,6850.642921214144,6764.058427215842
1,2022-02-18,6892.82,6844.864088856021,Latih,6842.3719766331105,6754.75428978267
1,2022-02-21,6902.96,6892.422294505284,Latih,6889.836622043297,6745.19880152228
1,2022-02-22,6861.99,6908.4507417870045,Latih,6904.614835286784,6725.1438456565365
1,2022-02-23,6920.06,6874.609809187098,Latih,6870.851953955335,6732.101549687409
1,2022-02-24,6817.82,6919.194554806997,Latih,6915.86983241861,6730.338464586757
1,2022-02-25,6888.17,6838.909678069987,Latih,6835.109853664674,6737.724617118859
1,2022-03-01,6921.44,6886.236261990711,Latih,6884.036646843597,6751.606496263173
1,2022-03-02,6868.4,6923.705407488396,Latih,6919.835866567542,6722.028684277258
1,2022-03-04,6928.33,6882.454942846938,Latih,6878.274631695791,6724.903024048827
1,2022-03-07,6869.07,6927.1004161096125,Latih,6923.587075097611,6726.359052631878
1,2022-03-08,6814.18,6883.905189854547,Latih,6879.5793475872715,6722.640845503232
1,2022-03-09,6864.44,6829.307494092621,Latih,6826.575488690174,6754.142793226864
1,2022-03-10,6924.01,6865.426283013862,Latih,6863.466328939241,6758.533055748966
1,2022-03-11,6922.6,6922.892906233123,Latih,6919.490575689723,6728.62399536135
1,2022-03-14,6952.2,6929.25546670442,Latih,6924.645145604661,6710.831524000486
1,2022-03-15,6918.19,6954.4568054366655,Latih,6949.6691545558515,6704.003388451357
1,2022-03-16,6992.4,6929.057205088189,Latih,6923.901221430352,6703.329349597711
1,2022-03-17,6964.38,6988.36582980281,Latih,6983.388357561886,6695.489775956589
1,2022-03-18,6954.96,6973.772415967045,Latih,6967.472988611516,6679.763964608327
1,2022-03-21,6955.18,6962.13380919462,Latih,6956.472760610635,6690.605294237452
1,2022-03-22,7000.82,6961.125114185866,Latih,6955.655110799129,6693.419602687377
1,2022-03-23,6996.12,7000.2871851552145,Latih,6994.4947639847405,6682.162400538639
1,2022-03-24,7049.69,7002.0582040966165,Latih,6995.365460805953,6669.418046362414
1,2022-03-25,7002.53,7047.394491221972,Latih,7040.42473872549,6657.714639523638
1,2022-03-28,7049.6,7013.765978767935,Latih,7006.029555606904,6652.966225283456
1,2022-03-29,7011.69,7048.132043002912,Latih,7041.031888549394,6655.784943767202
1,2022-03-30,7053.19,7021.608791357343,Latih,7013.81045891768,6650.747735613596
1,2022-03-31,7071.44,7052.374537741014,Latih,7045.06215304739,6652.115658473086
1,2022-04-01,7078.76,7073.297848256898,Latih,7065.009896559785,6635.004906598935
1,2022-04-04,7116.22,7081.894038107467,Latih,7073.182005741667,6627.65331691564
1,2022-04-05,7148.3,7114.944561822491,Latih,7105.821995399074,6616.239853975184
1,2022-04-06,7104.22,7147.212884801707,Latih,7137.101078159889,6596.968364883665
1,2022-04-07,7127.37,7113.493935003357,Latih,7103.03333477743,6598.008183336859
1,2022-04-08,7210.83,7127.741213935692,Latih,7118.020486561138,6605.75389077962
1,2022-04-11,7203.79,7202.24656199345,Latih,7191.471309019415,6578.196433451177
1,2022-04-12,7214.78,7206.818184518904,Latih,7194.385771658509,6554.555719175933
1,2022-04-13,7262.78,7215.346767917963,Latih,7202.981666100115,6554.004739256499
1,2022-04-14,7235.53,7257.901357632973,Latih,7244.977215451097,6538.8895909887515
1,2022-04-18,7275.29,7240.636729339456,Latih,7226.921102140042,6530.95558143198
1,2022-04-19,7199.23,7271.265448165039,Latih,7257.830037468769,6529.504258291716
1,2022-04-20,7227.36,7211.101319090219,Latih,7197.382864405005,6536.046638419623
1,2022-04-21,7276.19,7225.553907252643,Latih,7213.194418205114,6552.308754191992
1,2022-04-22,7225.61,7270.998736071686,Latih,7257.724027851917,6531.771247783298
1,2022-04-25,7215.98,7233.835275549982,Latih,7219.914592328163,6529.304667335147
1,2022-04-26,7232.15,7219.149103299471,Latih,7206.329535890907,6547.0666166198225
1,2022-04-27,7196.76,7231.790117089842,Latih,7219.054825638625,6546.034204491374
1,2022-04-28,7228.91,7203.500193234771,Latih,7190.680752430049,6549.787712991235
1,2022-05-09,6909.75,7226.568974654767,Latih,7214.249197012277,6552.680800681708
1,2022-05-10,6819.79,6956.991203342731,Latih,6946.237051008993,6621.1445606580455
1,2022-05-11,6816.2,6839.288392362037,Latih,6835.685647937097,6740.380850121999
1,2022-05-12,6599.84,6824.77589948181,Latih,6823.037248922622,6768.652564124493
1,2022-05-13,6597.99,6638.8013760024405,Latih,6638.643089549253,6792.014222431811
1,2022-05-17,6644.47,6609.7148845131005,Latih,6613.99268326,6792.014222431811
1,2022-05-18,6793.41,6651.208568322521,Latih,6654.900162268591,6792.014222431811
1,2022-05-19,6823.33,6790.739553852112,Latih,6792.57127933565,6790.944588773878
1,2022-05-20,6918.14,6827.536496251858,Latih,6826.287507151402,6774.936735717088
1,2022-05-23,6840.77,6912.63440793996,Latih,6910.113430041123,6742.297379078889
1,2022-05-24,6914.14,6858.344127406519,Latih,6854.423733942549,6732.682270959341
1,2022-05-25,6883.5,6911.421311028648,Latih,6908.571606254625,6738.251141396189
1,2022-05-27,7026.26,6894.474627183125,Latih,6890.338374168919,6723.423489352486
1,2022-05-30,7037.56,7012.989897217813,Latih,7008.485754540028,6696.830320735294
1,2022-05-31,7148.97,7040.824469255275,Latih,7033.323065025872,6651.511557691705
1,2022-06-02,7148.72,7137.789465448936,Latih,7129.281054262002,6620.303985000856
1,2022-06-03,7182.96,7151.735722646796,Latih,7140.951480799994,6586.8934632617265
1,2022-06-06,7096.58,7181.063038381424,Latih,7170.045381251658,6578.574472522737
1,2022-06-07,7141.04,7111.348464099246,Latih,7100.232393583135,6589.327928535346
1,2022-06-08,7193.31,7138.491568154177,Latih,7128.8317794288,6604.728484063749
1,2022-06-09,7182.83,7188.9615566612165,Latih,7178.0288507092855,6578.375261377693
1,2022-06-10,7086.65,7186.619132380572,Latih,7174.690813816871,6565.029359597564
1,2022-06-13,6995.44,7102.817433025913,Latih,7091.773231290653,6591.802168515924
1,2022-06-14,7049.88,7012.384393243852,Latih,7003.941773853363,6643.4508176893105
1,2022-06-15,7007.05,7047.470917741128,Latih,7040.513867830105,6657.875099342776
1,2022-06-16,7050.33,7017.6657991076145,Latih,7009.894053474727,6651.8001511490465
1,2022-06-17,6936.97,7049.332458429404,Latih,7042.134861218996,6654.229678872836
1,2022-06-20,6976.38,6957.632789411599,Latih,6950.339943910891,6668.84563874276
1,2022-06-21,7044.07,6977.016428406296,Latih,6971.766631301698,6693.699386627394
1,2022-06-22,6984.31,7040.066492054529,Latih,7033.539515394038,6665.103102575852
1,2022-06-23,6998.27,6997.428892420591,Latih,6989.934282597363,6659.144703768803
1,2022-06-24,7042.94,7001.803181757988,Latih,6995.433067257464,6673.91799001278
1,2022-06-27,7016.06,7041.879923282929,Latih,7034.91329368121,6658.7149681285155
1,2022-06-28,6996.46,7024.509369775121,Latih,7016.816709342066,6651.704164336335
1,2022-06-29,6942.35,7004.286727120938,Latih,6997.280175107778,6664.6943304217
1,2022-06-30,6911.58,6955.398822422082,Latih,6949.169744601303,6683.929178251343
1,2022-07-01,6794.33,6922.137440008571,Latih,6917.228945760776,6707.949187086244
1,2022-07-04,6639.17,6817.690283369457,Latih,6814.227457290326,6746.066037838484
1,2022-07-05,6703.27,6669.745180139258,Latih,6669.760066640987,6792.014222431811
1,2022-07-06,6646.41,6704.98636177959,Latih,6707.726849639435,6792.014222431811
1,2022-07-07,6652.59,6664.379044654383,Latih,6666.205104616,6792.014222431811
1,2022-07-08,6740.22,6662.45096309693,Latih,6665.3964120263,6792.014222431811
1,2022-07-11,6722.15,6739.29870378437,Latih,6741.492674510206,6791.782157589825
1,2022-07-12,6718.29,6734.018912119591,Latih,6734.562042600834,6792.014222431811
1,2022-07-13,6640.99,6728.412377039813,Latih,6729.3518302974335,6792.014222431811
1,2022-07-14,6690.09,6661.640751261129,Latih,6663.197503750635,6792.014222431811
1,2022-07-15,6651.9,6693.916480565089,Latih,6696.711545231063,6792.014222431811
1,2022-07-18,6659.25,6667.411227765693,Latih,6669.4684979933645,6792.014222431811
1,2022-07-19,6736.09,6668.859385809913,Latih,6671.64621067585,6792.014222431811
1,2022-07-20,6874.74,6735.680176080489,Latih,6737.7815571967,6791.930980405839
1,2022-07-21,6864.13,6864.332468022149,Latih,6863.897246215385,6778.880529791147
1,2022-07-22,6886.96,6872.857865224523,Latih,6869.662046647711,6740.169421706224
1,2022-07-25,6858.41,6891.0848937219835,Latih,6887.946975302145,6737.802478481555
1,2022-07-26,6871.54,6869.506471626801,Latih,6866.100638377113,6737.851073256159
1,2022-07-27,6898.22,6877.135977843447,Latih,6874.222380330606,6743.324853657508
1,2022-07-28,6956.82,6901.6816774803865,Latih,6898.313783181952,6732.785463640713
1,2022-07-29,6951.12,6955.319441813285,Latih,6950.998030680472,6710.294006289561
1,2022-08-01,6968.78,6957.880257721002,Latih,6952.400505838448,6693.848715858775
1,2022-08-02,6988.16,6972.298367437181,Latih,6966.812200959977,6691.254328832346
1,2022-08-03,7046.63,6991.160440805018,Latih,6985.178198274432,6681.1254306718865
1,2022-08-04,7057.35,7043.75889310009,Latih,7036.973222589559,6660.888597837104
1,2022-08-05,7084.65,7060.3824839413855,Latih,7052.326850293943,6640.456963891099
1,2022-08-08,7086.85,7085.153496215416,Latih,7076.688552347493,6630.499371278891
1,2022-08-09,7102.88,7090.509809352233,Latih,7081.4714344836,6621.647526070483
1,2022-08-10,7086.24,7104.534434328155,Latih,7095.3394083059575,6617.047333278067
1,2022-08-11,7160.38,7092.303912394121,Latih,7082.897035943342,6616.246310771115
1,2022-08-12,7129.28,7153.760329083287,Latih,7144.177220084748,6603.135005909806
1,2022-08-15,7093.28,7136.517096839031,Latih,7125.634990222533,6588.185687574151
1,2022-08-16,7133.45,7101.6959339941295,Latih,7091.700265276506,6606.481799567943
1,2022-08-18,7186.56,7131.564016938289,Latih,7122.024628466445,6607.5942253243975
1,2022-08-19,7172.43,7182.209056357232,Latih,7171.478452338065,6582.341316627266
1,2022-08-22,7107.98,7176.843712146368,Latih,7165.125809167707,6569.63453214109
1,2022-08-23,7163.27,7119.785006505329,Latih,7108.804866314011,6589.739032310251
1,2022-08-24,7194.71,7159.001601529205,Latih,7148.95398303517,6595.806880138521
1,2022-08-25,7174.21,7192.987474427311,Latih,7181.5905543888475,6571.263311666251
1,2022-08-26,7135.25,7179.405920696345,Latih,7167.5089998854055,6566.716566795707
1,2022-08-29,7132.04,7143.393964316926,Latih,7132.187498657783,6582.510881372692
1,2022-08-30,7159.47,7135.6895297265855,Latih,7125.301895514805,6595.160694130067
1,2022-09-02,7177.18,7159.256201855027,Uji,7147.835860105834,6576.800710498096
1,2022-09-05,7231.88,7176.6637236846345,Uji,7165.596775459135,6578.657988857032
1,2022-09-06,7233.15,7226.6269592143035,Uji,7214.686739889475,6557.914434695838
1,2022-09-07,7186.76,7234.668582036589,Uji,7221.601208708378,6540.947684141393
1,2022-09-08,7232.02,7195.0527628982945,Uji,7182.282528786745,6551.935104053614
1,2022-09-09,7242.66,7227.9646554065675,Uji,7215.827567107768,6554.963130338786
1,2022-09-12,7254.46,7242.840649017191,Uji,7229.704234393928,6538.573355692621
1,2022-09-13,7318.02,7254.310957082606,Uji,7240.874871165847,6532.440475690956
1,2022-09-14,7278.08,7310.31041058074,Uji,7296.1904529119565,6513.26364407181
1,2022-09-15,7305.6,7284.142493717771,Uji,7269.001265058616,6503.70319716095
1,2022-09-16,7168.87,7302.6631165243225,Uji,7288.146720025641,6509.116861838094
1,2022-09-19,7195.49,7188.921592048494,Uji,7174.794882174816,6534.261482049222
1,2022-09-20,7196.95,7194.368047120659,Uji,7182.851191042748,6569.366954921485
1,2022-09-21,7188.31,7199.003435781091,Uji,7186.932223681299,6560.9035725009435
1,2022-09-22,7218.91,7191.780644406168,Uji,7179.739732825842,6562.577422993779
1,2022-09-23,7178.58,7216.920453671308,Uji,7204.84308018455,6557.705538356899
1,2022-09-26,7127.5,7186.228854937641,Uji,7173.806781390991,6558.276563884615
1,2022-09-27,7112.45,7137.304066319546,Uji,7126.062278188546,6583.080472056868
1,2022-09-28,7077.03,7117.90696511634,Uji,7107.81427565463,6602.323601887827
1,2022-09-29,7036.2,7085.623154267146,Uji,7076.084820827317,6615.590523971326
1,2022-09-30,7040.8,7046.111403486796,Uji,7037.5815540493195,6636.386260015975
1,2022-10-03,7009.72,7044.866043696471,Uji,7037.13882041461,6647.690548243534
1,2022-10-04,7072.26,7018.801140159432,Uji,7011.196384993854,6653.910246829701
1,2022-10-05,7075.38,7068.475761131119,Uji,7061.070786827872,6648.039827142369
1,2022-10-06,7076.62,7079.10006012447,Uji,7070.394864366125,6628.232329035708
1,2022-10-07,7026.78,7080.559886822773,Uji,7071.7822736669295,6626.9783074325405
1,2022-10-10,6994.4,7037.982086403436,Uji,7029.526258012122,6638.820725289594
1,2022-10-11,6939.15,7003.882945268216,Uji,6996.671548239053,6661.935347850634
1,2022-10-12,6909.21,6952.393120614344,Uji,6946.228484149033,6685.341032643931
1,2022-10-13,6880.63,6919.69856470113,Uji,6914.871962038327,6709.504641886373
1,2022-10-14,6814.53,6891.387075991676,Uji,6887.371624143168,6725.628274156474
1,2022-10-17,6831.12,6831.0769304860005,Uji,6828.106129137314,6750.537136913564
1,2022-10-18,6834.49,6836.900496201553,Uji,6835.165474952497,6766.596011318592
1,2022-10-19,6860.42,6841.898773673812,Uji,6839.801095719972,6760.718343561319
1,2022-10-20,6980.65,6864.560819151443,Uji,6862.213626126092,6753.334596502211
1,2022-10-21,7017.77,6970.948010860739,Uji,6967.233369740304,6715.341353300831
1,2022-10-24,7053.04,7018.058313218418,Uji,7011.627175666156,6670.2512895471
1,2022-10-25,7048.38,7053.01874028928,Uji,7045.58304345376,6650.301140561712
1,2022-10-26,7043.94,7053.505954073736,Uji,7045.381701144047,6640.704537703703
1,2022-10-27,7091.76,7049.106597175666,Uji,7041.108526074953,6643.21203229339
1,2022-10-28,7056.04,7089.545510090663,Uji,7081.30516143806,6632.839252932379
1,2022-10-31,7098.89,7064.995505923102,Uji,7056.026298953363,6627.036745655843
1,2022-11-01,7052.3,7097.1971086777,Uji,7088.659747412278,6627.406798135051
1,2022-11-02,7015.69,7062.6948609102465,Uji,7053.605971108744,6625.782745153316
1,2022-11-03,7034.57,7025.381839050119,Uji,7017.500370087687,6648.944907456946
1,2022-11-04,7045.53,7036.91717928893,Uji,7029.652693048781,6655.463021848512
1,2022-11-07,7102.4,7048.71458948023,Uji,7040.987788211174,6647.027144112598
1,2022-11-08,7050.13,7098.870938069895,Uji,7090.5239889825125,6629.7463738292545
1,2022-11-09,7070.08,7061.280358387301,Uji,7052.134834467241,6625.246050367364
1,2022-11-10,6966.84,7071.742773268294,Uji,7063.526859157155,6636.270090440819
1,2022-11-11,7089.21,6985.755216383993,Uji,6977.850536717234,6655.508409325791
1,2022-11-14,7019.39,7077.559333571267,Uji,7070.912969487977,6656.320752326263
1,2022-11-15,7035.5,7033.245794481105,Uji,7024.584023840492,6636.799167895625
1,2022-11-16,7014.38,7038.18490575797,Uji,7030.838338027065,6654.10841349305
1,2022-11-17,7044.99,7022.1231827665015,Uji,7014.594305503431,6654.381445228171
1,2022-11-18,7082.18,7045.68533935792,Uji,7038.375064728326,6653.307106127453
1,2022-11-21,7063.25,7081.464597876145,Uji,7073.269488996339,6634.8684171071745
1,2022-11-22,7030.59,7069.960064572167,Uji,7061.136536423037,6628.185939278015
1,2022-11-23,7054.12,7039.549610769815,Uji,7031.340533266132,6641.957557026456
1,2022-11-24,7080.52,7055.574238835642,Uji,7047.868960219689,6646.132867325853
1,2022-11-25,7053.15,7081.201683898044,Uji,7072.831524106336,6632.495481300661
1,2022-11-28,7017.36,7061.0888067746855,Uji,7052.369473587342,6631.167744610617
1,2022-11-29,7012.07,7026.92180598027,Uji,7019.011302536789,6648.276650178742
1,2022-11-30,7081.31,7017.836798696581,Uji,7010.694864975277,6660.47119552107
1,2022-12-01,7020.8,7076.534391069484,Uji,7069.018342995714,6645.105371646594
1,2022-12-02,7019.64,7033.450639497107,Uji,7024.940540258949,6638.85890689821
1,2022-12-05,6987.33,7024.764940730398,Uji,7017.500032477442,6657.567715765251
1,2022-12-06,6892.57,6996.913277174295,Uji,6989.897018866598,6665.842817172422
1,2022-12-07,6818.75,6911.554434968281,Uji,6905.858718032288,6698.914388776142
1,2022-12-08,6804.23,6836.212995139398,Uji,6832.968708391823,6745.866911096002
1,2022-12-09,6715.12,6814.379993819033,Uji,6812.745960234438,6771.9040883916905
1,2022-12-12,6734.45,6736.126939937496,Uji,6735.410446595573,6792.014222431811
1,2022-12-13,6810.32,6741.375249446953,Uji,6742.345847249651,6792.014222431811
1,2022-12-14,6801.75,6808.887032935653,Uji,6808.934002960954,6791.9647414303145
1,2022-12-15,6751.86,6811.182022976909,Uji,6809.737620846663,6775.078975133329
1,2022-12-16,6812.19,6767.314488120704,Uji,6766.392791051892,6789.920638002189
1,2022-12-19,6779.7,6812.703336941038,Uji,6812.381362270748,6790.319440103801
1,2022-12-20,6768.32,6792.512893863948,Uji,6791.183848934205,6779.915896009236
1,2022-12-21,6820.66,6778.625507452518,Uji,6778.039943583637,6792.014222431811
1,2022-12-22,6824.43,6822.0580737096425,Uji,6821.340609738267,6783.230912103088
1,2022-12-23,6800.67,6831.943259474672,Uji,6830.129553937949,6766.369791353969
1,2022-12-26,6835.81,6812.049406997596,Uji,6810.324070942436,6771.047465697556
1,2022-12-27,6923.03,6839.1602692741535,Uji,6837.675923631825,6769.666259984999
1,2022-12-28,6850.52,6918.413620109607,Uji,6915.603436834861,6737.405269478285
1,2022-12-29,6860.08,6867.325825955314,Uji,6863.237555797142,6728.802781086587
1,2022-12-30,6850.62,6866.306728330893,Uji,6863.634226734084,6748.537049421097
1,2023-01-02,6850.98,6859.410363861363,Uji,6856.608346534412,6747.945619574214
1,2023-01-03,6888.76,6858.516667342227,Uji,6855.905505306761,6750.737782902147
1,2023-01-04,6813.24,6890.956918338583,Uji,6888.075288295791,6741.36511058929
1,2023-01-05,6653.84,6831.004175478257,Uji,6827.876153258718,6748.377950593259
1,2023-01-06,6684.56,6684.727520976977,Uji,6684.253642797188,6792.014222431811
1,2023-01-09,6688.27,6690.808071390706,Uji,6693.378952303845,6792.014222431811
1,2023-01-10,6622.5,6697.893845757861,Uji,6699.810849479158,6792.014222431811
1,2023-01-11,6584.45,6641.970818778883,Uji,6644.270076424639,6792.014222431811
1,2023-01-12,6629.93,6600.985167173152,Uji,6604.89401858688,6792.014222431811
1,2023-01-13,6641.83,6638.173827134529,Uji,6642.156963352422,6792.014222431811
1,2023-01-16,6688.06,6651.130110866738,Uji,6654.487417918903,6792.014222431811
1,2023-01-17,6767.34,6692.282626335937,Uji,6695.074652509707,6792.014222431811
1,2023-01-18,6765.79,6766.137388901739,Uji,6767.432124190359,6791.905617436202
1,2023-01-19,6819.91,6774.885144651561,Uji,6774.569901085525,6792.014222431811
1,2023-01-20,6874.93,6821.093415737188,Uji,6820.432923494613,6784.185125258596
1,2023-01-24,6860.85,6875.149247056289,Uji,6872.999112910671,6754.2163711595795
1,2023-01-25,6829.93,6870.069584414406,Uji,6866.8927142125785,6740.915793554807
1,2023-01-26,6864.82,6841.767569892445,Uji,6839.09390776042,6752.784017494943
1,2023-01-27,6898.98,6867.753979047579,Uji,6865.469412722629,6753.644227297928
1,2023-01-30,6872.48,6901.479216836738,Uji,6898.243433647202,6734.645252975845
1,2023-01-31,6839.34,6883.098596778556,Uji,6879.349055199071,6730.741412964188
1,2023-02-01,6862.26,6851.314427990953,Uji,6848.337423054019,6746.9356796276825
1,2023-02-02,6890.57,6866.75496923272,Uji,6864.295858411235,6751.406715400841
1,2023-02-03,6911.73,6893.942637839959,Uji,6890.817738515184,6737.486739050471
1,2023-02-06,6873.79,6915.684632098723,Uji,6911.833638640691,6723.678669945918
1,2023-02-07,6935.3,6885.84246074085,Uji,6881.823126374527,6726.538028262876
1,2023-02-08,6940.12,6933.761930452637,Uji,6930.089828223041,6723.008946173213
1,2023-02-09,6897.37,6945.713037707859,Uji,6940.749871701055,6703.0982448348595
1,2023-02-10,6880.33,6909.669620273758,Uji,6904.905644311356,6712.112248463949
1,2023-02-13,6900.14,6889.624961520479,Uji,6885.853644080207,6729.306938685201
1,2023-02-14,6941.85,6904.445207239437,Uji,6900.884305384206,6729.638271489464
1,2023-02-15,6914.54,6942.727465910964,Uji,6938.471002548985,6713.379785027227
1,2023-02-16,6895.66,6924.611933196833,Uji,6919.693015232731,6707.375682233293
1,2023-02-17,6895.71,6904.95208682065,Uji,6900.722948787855,6720.320260385296
1,2023-02-20,6894.72,6902.595208601402,Uji,6898.751705870675,6726.056669906102
1,2023-02-21,6873.4,6901.752681134986,Uji,6897.915065482901,6726.284187560103
1,2023-02-22,6809.97,6883.346001786038,Uji,6879.677127954407,6731.812956230067
1,2023-02-23,6839.45,6826.247985652126,Uji,6823.456771853006,6753.856605242517
1,2023-02-24,6856.58,6843.46344945375,Uji,6841.76366627399,6765.94208137515
1,2023-02-27,6854.78,6861.8986357677395,Uji,6859.476830878299,6752.765849843648
1,2023-02-28,6843.24,6862.53249900226,Uji,6859.773041666787,6747.991365762378
1,2023-03-01,6844.94,6852.408707196752,Uji,6849.766442817489,6751.368860852148
1,2023-03-02,6857.42,6852.399612820785,Uji,6849.981416140835,6754.46580182853
1,2023-03-03,6813.64,6863.316683198255,Uji,6860.776778025072,6750.888272668745
1,2023-03-06,6807.0,6827.363724209106,Uji,6824.8736165470245,6757.822470586327
1,2023-03-07,6766.76,6816.105625283157,Uji,6814.556817184722,6772.780862197309
1,2023-03-08,6776.37,6780.757832657725,Uji,6779.625002582103,6784.668836336762
1,2023-03-09,6799.79,6783.883259498507,Uji,6783.506169955761,6792.014222431811
1,2023-03-10,6765.3,6805.186233835254,Uji,6804.449568281207,6785.896788098843
1,2023-03-13,6786.96,6778.5895097601715,Uji,6777.614301467567,6787.222140416534
1,2023-03-14,6641.81,6792.7781078118405,Uji,6792.357086735996,6792.014222431811
1,2023-03-15,6628.14,6671.072104454651,Uji,6671.219260320082,6792.014222431811
1,2023-03-16,6565.73,6640.901596583436,Uji,6644.111378508966,6792.014222431811
1,2023-03-17,6678.24,6593.758830890659,Uji,6595.428271349672,6792.014222431811
1,2023-03-20,6612.49,6685.634563651101,Uji,6689.427256039994,6791.41943758312
1,2023-03-21,6691.61,6632.112873940477,Uji,6634.68689884902,6792.014222431811
1,2023-03-24,6762.25,6695.384336057025,Uji,6698.489854443687,6791.887154375942
1,2023-03-27,6708.93,6762.224169655469,Uji,6763.4817889178075,6792.014222431811
1,2023-03-28,6760.33,6725.483492113076,Uji,6725.6683337220775,6792.014222431811
1,2023-03-29,6839.44,6762.779327501682,Uji,6763.696213624505,6792.014222431811
1,2023-03-30,6808.95,6837.14545353476,Uji,6836.460526750721,6780.972658276588
1,2023-03-31,6805.28,6821.0569538307545,Uji,6818.967083113825,6764.447016607551
1,2023-04-03,6827.17,6814.034702941214,Uji,6812.593740215336,6774.63060762766
1,2023-04-04,6833.18,6832.337841448225,Uji,6830.819439372457,6770.380980873137
1,2023-04-05,6819.67,6840.273433553019,Uji,6838.265665427484,6762.242231803564
1,2023-04-06,6792.77,6829.4531518125905,Uji,6827.416602413691,6763.724720589546
1,2023-04-10,6771.23,6804.670555287037,Uji,6803.0975447541805,6774.433759754329
1,2023-04-11,6811.31,6782.7819326788485,Uji,6781.908914787204,6787.905695658953
2,2022-01-05,6662.3,6701.414204688686,Latih,6707.793913479615,6749.144332492822
2,2022-01-06,6653.35,6673.3338297192895,Latih,6679.375512334421,6746.493325720602
2,2022-01-07,6701.32,6665.268866397007,Latih,6671.122882493301,6744.047876618528
2,2022-01-10,6691.12,6706.392473590392,Latih,6712.817717379202,6750.045941144848
2,2022-01-11,6647.97,6698.168485285359,Latih,6704.579828680921,6750.395827494884
2,2022-01-12,6647.06,6660.970853594852,Latih,6666.825732860727,6744.69138635593
2,2022-01-13,6658.36,6659.7015066764625,Latih,6665.444426121725,6742.715972325527
2,2022-01-14,6693.4,6669.402282849117,Latih,6675.282552752658,6743.95196390512
2,2022-01-17,6645.05,6699.642734089213,Latih,6705.981907539833,6748.397500235611
2,2022-01-18,6614.06,6658.487195226338,Latih,6664.311364712132,6744.460740717971
2,2022-01-19,6591.98,6638.529195566336,Latih,6636.6375986652165,6738.864386346512
2,2022-01-20,6626.87,6634.507699699858,Latih,6629.538230643877,6735.027160370521
2,2022-01-21,6726.37,6641.718220422204,Latih,6647.081205127026,6738.007079592966
2,2022-01-24,6655.17,6727.621019638202,Latih,6734.293656796835,6755.489245460654
2,2022-01-25,6568.17,6667.589996659471,Latih,6673.582557078465,6747.033927707994
2,2022-01-26,6600.82,6629.616678185769,Latih,6624.037318166054,6734.123780539356
2,2022-01-27,6611.16,6639.911892344663,Latih,6632.240422251233,6734.033360723279
2,2022-01-28,6645.51,6638.299783027777,Latih,6633.541235624337,6736.617477457993
2,2022-01-31,6631.15,6657.9537620304645,Latih,6663.59160459177,6740.943470406555
2,2022-02-02,6707.65,6646.000914766799,Latih,6651.541695590254,6740.813367209756
2,2022-02-03,6683.85,6711.581669749637,Latih,6718.033212185671,6750.351189296568
2,2022-02-04,6731.39,6691.9922491055895,Latih,6698.32862005757,6749.4587167901045
2,2022-02-07,6804.94,6732.57861730995,Latih,6739.446241113865,6762.571294040408
2,2022-02-08,6789.52,6796.323242444724,Latih,6804.209742653699,6802.120222088726
2,2022-02-09,6834.61,6789.032015366583,Latih,6791.770011696547,6815.743907830748
2,2022-02-10,6823.64,6822.477661879693,Latih,6830.866100804841,6828.703289295469
2,2022-02-11,6815.61,6821.758428629075,Latih,6823.813646610712,6841.139746934212
2,2022-02-14,6734.49,6813.282977726194,Latih,6815.337612788114,6833.659272728002
2,2022-02-15,6807.5,6747.601063752496,Latih,6749.3823543071985,6796.854439246685
2,2022-02-16,6850.2,6798.5582911590045,Latih,6806.483600369128,6803.646530107291
2,2022-02-17,6835.12,6837.495332864559,Latih,6844.701341564096,6841.975160568393
2,2022-02-18,6892.82,6833.857151551878,Latih,6835.913468112982,6851.799016876259
2,2022-02-21,6902.96,6876.543286256236,Latih,6882.230833933396,6870.137133088152
2,2022-02-22,6861.99,6895.750715125843,Latih,6897.9422466412625,6896.118784087046
2,2022-02-23,6920.06,6865.331251482705,Latih,6867.347794983129,6882.883704016251
2,2022-02-24,6817.82,6903.288046424434,Latih,6906.342882040486,6891.612366276128
2,2022-02-25,6888.17,6833.732227372562,Latih,6835.544121212399,6870.94093453769
2,2022-03-01,6921.44,6869.5118844318795,Latih,6877.9415312970095,6861.676882937888
2,2022-03-02,6868.4,6909.456951267765,Latih,6911.72762534474,6902.05987942104
2,2022-03-04,6928.33,6873.982788980048,Latih,6875.9745359725175,6892.521788294359
2,2022-03-07,6869.07,6911.068724284814,Latih,6913.639445076035,6897.473153209135
2,2022-03-08,6814.18,6875.848827093583,Latih,6877.825126713556,6895.399080016657
2,2022-03-09,6864.44,6820.964491974745,Latih,6822.895794676577,6850.196211854854
2,2022-03-10,6924.01,6850.04756732706,Latih,6857.205799029806,6850.423505704441
2,2022-03-11,6922.6,6906.885692396805,Latih,6909.819594591604,6894.181002008362
2,2022-03-14,6952.2,6917.325694845365,Latih,6919.507383985567,6916.058674000847
2,2022-03-15,6918.19,6940.450635671963,Latih,6942.743371018221,6927.851745212126
2,2022-03-16,6992.4,6919.307577042627,Latih,6921.399922526228,6924.853340708662
2,2022-03-17,6964.38,6971.372845150882,Latih,6973.822856720741,6942.927080408981
2,2022-03-18,6954.96,6963.61763639813,Latih,6965.773049311095,6959.24591788178
2,2022-03-21,6955.18,6950.736276495508,Latih,6952.930341469697,6944.756820560148
2,2022-03-22,7000.82,6949.083071338586,Latih,6951.302381220511,6941.296003781309
2,2022-03-23,6996.12,6985.203601912316,Latih,6987.587922914085,6960.382476809673
2,2022-03-24,7049.69,6990.340918216762,Latih,6992.589508604464,6975.637082239444
2,2022-03-25,7002.53,7031.775703648987,Latih,7034.230782136384,6996.169980865178
2,2022-03-28,7049.6,7004.887096830665,Latih,7007.031837828814,6996.735682030378
2,2022-03-29,7011.69,7032.947865519586,Latih,7035.385994495216,6998.549862709103
2,2022-03-30,7053.19,7012.110503441751,Latih,7014.288695063651,7000.51573703414
2,2022-03-31,7071.44,7037.562482197944,Latih,7039.989804738823,7003.4990304649455
2,2022-04-01,7078.76,7060.03847643978,Latih,7062.4240978009175,7026.072641339363
2,2022-04-04,7116.22,7069.36474350936,Latih,7071.729424600669,7034.3846281016495
2,2022-04-05,7148.3,7100.396250435185,Latih,7102.87778450973,7048.196686592166
2,2022-04-06,7104.22,7133.021101147012,Latih,7135.521557692366,7070.4340873099045
2,2022-04-07,7127.37,7104.398801410866,Latih,7106.656001074386,7067.761176208324
2,2022-04-08,7210.83,7114.148582074716,Latih,7116.604288321807,7060.077128501004
2,2022-04-11,7203.79,7184.612993605219,Latih,7187.311284134471,7093.13307076342
2,2022-04-12,7214.78,7195.23643640467,Latih,7197.69218749174,7118.848349871709
2,2022-04-13,7262.78,7202.558356447901,Latih,7205.0722201467415,7119.834470672681
2,2022-04-14,7235.53,7242.6334592206185,Latih,7245.292828648777,7138.070172374325
2,2022-04-18,7275.29,7230.403041281789,Latih,7232.838838578552,7145.818072210628
2,2022-04-19,7199.23,7256.547259621712,Latih,7259.198064614031,7148.79163536616
2,2022-04-20,7227.36,7204.134885242071,Latih,7206.4063888586425,7138.975670894461
2,2022-04-21,7276.19,7211.618274046865,Latih,7214.189622597781,7122.130815637186
2,2022-04-22,7225.61,7255.674001045915,Latih,7258.349288666341,7146.338305637913
2,2022-04-25,7215.98,7225.1625481874635,Latih,7227.527363798707,7147.282456219274
2,2022-04-26,7232.15,7207.739302051153,Latih,7210.200792655435,7127.480359558538
2,2022-04-27,7196.76,7218.653621789304,Latih,7221.198738952962,7129.17432425566
2,2022-04-28,7228.91,7193.8146503753305,Latih,7196.189420461738,7123.829533372
2,2022-05-09,6909.75,7212.364366444435,Latih,7214.947776949492,7121.777028209045
2,2022-05-10,6819.79,6966.308304131085,Latih,6967.650499199086,7025.690784084858
2,2022-05-11,6816.2,6833.2896567875505,Latih,6835.135539330876,6867.873162587921
2,2022-05-12,6599.84,6813.002593342397,Latih,6815.230086520347,6832.4530548939465
2,2022-05-13,6597.99,6654.772617800769,Latih,6642.700400910089,6771.338159961728
2,2022-05-17,6644.47,6635.770864306251,Latih,6631.009542429158,6735.088389360778
2,2022-05-18,6793.41,6656.911266166878,Latih,6662.505535479349,6740.254504141234
2,2022-05-19,6823.33,6785.432934514909,Latih,6792.974144471616,6787.685627760618
2,2022-05-20,6918.14,6813.521952390108,Latih,6821.086008315716,6825.473510504399
2,2022-05-23,6840.77,6894.643862683519,Latih,6904.142292849467,6876.233643786651
2,2022-05-24,6914.14,6851.501481200792,Latih,6853.401620117762,6879.772773587448
2,2022-05-25,6883.5,6894.492393237098,Latih,6900.893075927838,6881.145033860845
2,2022-05-27,7026.26,6884.5031895095535,Latih,6886.568698266191,6896.056165057465
2,2022-05-30,7037.56,6991.410082657394,Latih,6999.213584066687,6943.94346819525
2,2022-05-31,7148.97,7028.033224546971,Latih,7030.3659795737885,7002.485602117239
2,2022-06-02,7148.72,7118.293320621326,Latih,7121.000758506134,7044.387351082627
2,2022-06-03,7182.96,7139.7054863799385,Latih,7142.122361205893,7081.490684298942
2,2022-06-06,7096.58,7166.723322015485,Latih,7169.264986500821,7091.799260771345
2,2022-06-07,7141.04,7105.082342038822,Latih,7107.221747079564,7077.009062995979
2,2022-06-08,7193.31,7123.472651985362,Latih,7125.9978153587135,7061.676436004109
2,2022-06-09,7182.83,7173.4151955247735,Latih,7176.0143897021635,7092.377606810402
2,2022-06-10,7086.65,7175.269552823983,Latih,7177.694767885886,7106.640217402053
2,2022-06-13,6995.44,7097.207679584097,Latih,7099.311257482243,7073.95187328107
2,2022-06-14,7049.88,7006.451563670694,Latih,7008.474474448025,7007.721745733677
2,2022-06-15,7007.05,7031.794043200078,Latih,7034.251543046298,6995.992638751326
2,2022-06-16,7050.33,7008.496939277112,Latih,7010.657598467528,6998.689359881339
2,2022-06-17,6936.97,7034.401667293372,Latih,7036.830693753424,7000.5583350134475
2,2022-06-20,6976.38,6953.186870985082,Latih,6955.092166499548,6969.679284013563
2,2022-06-21,7044.07,6962.351938332968,Latih,6964.6949617147975,6943.338935608914
2,2022-06-22,6984.31,7023.504297066988,Latih,7025.990315139355,6986.385673418101
2,2022-06-23,6998.27,6989.3943014366,Latih,6991.487610979733,6987.029844545182
2,2022-06-24,7042.94,6988.838106346782,Latih,6991.13741074985,6970.306102069074
2,2022-06-27,7016.06,7026.856982238354,Latih,7029.282017940344,6994.170252356586
2,2022-06-28,6996.46,7014.273180431187,Latih,7016.484508796991,6999.823766490279
2,2022-06-29,6942.35,6993.56571977025,Latih,6995.775971976576,6981.525871738847
2,2022-06-30,6911.58,6946.990703434994,Latih,6949.055584431938,6951.604199113897
2,2022-07-01,6794.33,6912.171855008946,Latih,6914.265881991731,6918.38647421007
2,2022-07-04,6639.17,6813.518813591632,Latih,6815.267572742137,6857.962271882335
2,2022-07-05,6703.27,6668.124164109989,Latih,6669.61507096575,6766.709216910329
2,2022-07-06,6646.41,6707.908143324125,Latih,6714.324340647329,6749.633368505264
2,2022-07-07,6652.59,6659.767427049441,Latih,6665.631420040889,6745.042606695318
2,2022-07-08,6740.22,6664.4362888914475,Latih,6670.243817140325,6743.272458875203
2,2022-07-11,6722.15,6739.813951355241,Latih,6746.71759287166,6763.488607894805
2,2022-07-12,6718.29,6725.274498738071,Latih,6732.159677393458,6764.0629631758
2,2022-07-13,6640.99,6721.75320403861,Latih,6728.548545797637,6760.373440088059
2,2022-07-14,6690.09,6655.279180639695,Latih,6661.111337246609,6745.082693635845
2,2022-07-15,6651.9,6696.60200064631,Latih,6702.859767116475,6747.270032613302
2,2022-07-18,6659.25,6664.336609619869,Latih,6670.237595593347,6745.090282802158
2,2022-07-19,6736.09,6670.221789501025,Latih,6676.1243448737405,6744.26248075428
2,2022-07-20,6874.74,6736.339906782829,Latih,6743.208124716454,6762.234613063957
2,2022-07-21,6864.13,6856.3613725600035,Latih,6865.120436325113,6835.464619931018
2,2022-07-22,6886.96,6861.549156259934,Latih,6863.646882540921,6873.132578153055
2,2022-07-25,6858.41,6877.537993913036,Latih,6879.746093800408,6878.637290819031
2,2022-07-26,6871.54,6859.397846204975,Latih,6861.443020031491,6875.359219371419
2,2022-07-27,6898.22,6864.239173813204,Latih,6866.406245120505,6870.059627185802
2,2022-07-28,6956.82,6887.876187191052,Latih,6890.105899947925,6886.120119124097
2,2022-07-29,6951.12,6939.373781175067,Latih,6941.746623142411,6920.581323883878
2,2022-08-01,6968.78,6946.234477202347,Latih,6948.434281693748,6940.306945961764
2,2022-08-02,6988.16,6959.08888827806,Latih,6961.367566291146,6945.510625433973
2,2022-08-03,7046.63,6977.833972132261,Latih,6980.13699825352,6960.239930518918
2,2022-08-04,7057.35,7027.812791214051,Latih,7030.277555136742,6991.894040542302
2,2022-08-05,7084.65,7047.628115668361,Latih,7049.979613806074,7018.407560942829
2,2022-08-08,7086.85,7071.2877508152205,Latih,7073.710454838343,7031.470208877387
2,2022-08-09,7102.88,7078.322112078139,Latih,7080.681771091888,7041.248373247448
2,2022-08-10,7086.24,7091.4203181154235,Latih,7093.83239506371,7046.847675847475
2,2022-08-11,7160.38,7081.375938794681,Latih,7083.686004792521,7047.146803342168
2,2022-08-12,7129.28,7136.755060653167,Latih,7139.37730257936,7064.095597668953
2,2022-08-15,7093.28,7126.551589089707,Latih,7128.868201724366,7079.398316395351
2,2022-08-16,7133.45,7092.061664323877,Latih,7094.328594262671,7058.093587224549
2,2022-08-18,7186.56,7116.832792850806,Latih,7119.338988913371,7058.271601938075
2,2022-08-19,7172.43,7166.6071864719,Latih,7169.201627611598,7087.796037195991
2,2022-08-22,7107.98,7165.739129333576,Latih,7168.144256085237,7101.231170829606
2,2022-08-23,7163.27,7112.051505973412,Latih,7114.259516180827,7076.9549411422695
2,2022-08-24,7194.71,7143.256453934985,Latih,7145.83260036357,7072.227686438628
2,2022-08-25,7174.21,7178.833793012582,Latih,7181.380210535608,7100.221015800309
2,2022-08-26,7135.25,7168.727086122117,Latih,7171.117415680967,7104.491216605974
2,2022-08-29,7132.04,7133.953369134144,Latih,7136.25572265573,7085.825499513218
2,2022-08-30,7159.47,7123.858903557732,Latih,7126.250981875733,7071.849685422249
2,2022-08-31,7178.59,7144.919389367181,Latih,7147.419218152839,7079.103583218523
2,2022-09-01,7153.1,7165.353998760661,Latih,7167.851854587278,7094.060406352948
2,2022-09-02,7177.18,7148.913106867153,Latih,7151.2687751228395,7092.704714451503
2,2022-09-05,7231.88,7163.003845822295,Latih,7165.513135843357,7091.506679913472
2,2022-09-06,7233.15,7210.914241548862,Latih,7213.559351863947,7116.14423014529
2,2022-09-07,7186.76,7222.528154627173,Latih,7225.03556136915,7134.7838952106995
2,2022-09-08,7232.02,7186.103743521058,Latih,7188.4396373463505,7121.128238564208
2,2022-09-09,7242.66,7212.883164992419,Latih,7215.503837519374,7119.383694371655
2,2022-09-12,7254.46,7230.0728396821905,Latih,7232.6144593275485,7137.716967865901
2,2022-09-13,7318.02,7241.464391308517,Latih,7244.021122026534,7144.849080281335
2,2022-09-14,7278.08,7293.996622949936,Latih,7296.753160610892,7168.077579037627
2,2022-09-15,7305.6,7274.753008217906,Latih,7277.199477429485,7177.166597782455
2,2022-09-16,7168.87,7288.760210293628,Latih,7291.410297846295,7172.190436359725
2,2022-09-19,7195.49,7186.014781004274,Latih,7188.09741863259,7139.8762370169925
2,2022-09-20,7196.95,7180.536591185413,Latih,7183.071260634147,7102.326566657495
2,2022-09-21,7188.31,7186.854050876581,Latih,7189.324823356354,7111.653192446901
2,2022-09-22,7218.91,7180.3074140567405,Latih,7182.74303199359,7109.518092044068
2,2022-09-23,7178.58,7202.820490960564,Latih,7205.389597512569,7115.922003213241
2,2022-09-26,7127.5,7176.875451803885,Latih,7179.218744225584,7113.8934425986545
2,2022-09-27,7112.45,7128.674672378376,Latih,7130.937566719131,7084.931704227398
2,2022-09-28,7077.03,7106.8700671304,Latih,7109.211162393165,7063.317803406781
2,2022-09-29,7036.2,7075.951781149574,Latih,7078.203555175731,7047.545251388614
2,2022-09-30,7040.8,7036.80589724547,Latih,7039.001666138831,7021.0654954916845
2,2022-10-03,7009.72,7032.522468646231,Latih,7034.84109907991,7007.583190200984
2,2022-10-04,7072.26,7008.846377227365,Latih,7011.04030768162,6996.376872524676
2,2022-10-05,7075.38,7052.2549736607725,Latih,7054.7565960455595,7010.696429888665
2,2022-10-06,7076.62,7066.852000809975,Latih,7069.202243428297,7033.632437467041
2,2022-10-07,7026.78,7068.437318239875,Latih,7070.784018499919,7035.04996369845
2,2022-10-10,6994.4,7029.279910461369,Latih,7031.442587450805,7016.98855499214
2,2022-10-11,6939.15,6994.016630591211,Latih,6996.191548894702,6984.710810551699
2,2022-10-12,6909.21,6944.061576697877,Latih,6946.1202249378475,6949.4949265385185
2,2022-10-13,6880.63,6909.677720900521,Latih,6911.7714564234475,6916.192902475642
2,2022-10-14,6814.53,6881.278208596153,Latih,6883.346138711614,6893.001979621096
2,2022-10-17,6831.12,6823.4834225911245,Latih,6825.38591560695,6854.7014189863585
2,2022-10-18,6834.49,6823.776429428791,Latih,6828.164581797158,6836.681778719759
2,2022-10-19,6860.42,6829.658291151559,Latih,6831.761913889682,6844.341321378984
2,2022-10-20,6980.65,6850.809308877029,Latih,6853.978262237647,6856.408880516925
2,2022-10-21,7017.77,6950.879181506089,Latih,6959.1395126134685,6916.248683408546
2,2022-10-24,7053.04,7003.54270460373,Latih,7005.9222277278295,6977.0452369154045
2,2022-10-25,7048.38,7038.623216722671,Latih,7041.0341726715005,7005.729415821492
2,2022-10-26,7043.94,7041.7807583088315,Latih,7044.083066990439,7017.089938182891
2,2022-10-27,7091.76,7037.367069572869,Latih,7039.665432336394,7013.4838622946145
2,2022-10-28,7056.04,7074.307005908557,Latih,7076.790333582231,7029.152968483033
2,2022-10-31,7098.89,7055.346286599105,Latih,7057.57568547613,7034.270106797281
2,2022-11-01,7052.3,7082.29018111057,Latih,7084.767903786967,7035.354920390311
2,2022-11-02,7015.69,7053.7728069234545,Latih,7055.970145216053,7035.514371352854
2,2022-11-03,7034.57,7015.796125451387,Latih,7017.981895029605,7003.199499410449
2,2022-11-04,7045.53,7023.6194461310515,Latih,7025.968881629767,6997.254525418339
2,2022-11-07,7102.4,7035.94528354353,Latih,7038.285347486797,7008.937940462887
2,2022-11-08,7050.13,7083.0262293530195,Latih,7085.5439941299655,7032.912890336575
2,2022-11-09,7070.08,7052.738303785985,Latih,7054.9186477268395,7036.027161343756
2,2022-11-10,6966.84,7058.369891170329,Latih,7060.758516810007,7024.638703675927
2,2022-11-11,7089.21,6980.629565414246,Latih,6982.591852541025,6989.564558833894
2,2022-11-14,7019.39,7057.336509032315,Latih,7060.011034373111,7001.583332075535
2,2022-11-15,7035.5,7025.880277832808,Latih,7027.983452171149,7018.659427100481
2,2022-11-16,7014.38,7025.072261425318,Latih,7027.415419327082,6999.0370939124205
2,2022-11-17,7044.99,7011.501980097353,Latih,7013.726625936687,6996.318490873036
2,2022-11-18,7082.18,7031.602262613239,Latih,7033.99281637198,7001.099149990736
2,2022-11-21,7063.25,7066.937824528284,Latih,7069.383710820146,7026.595834205212
2,2022-11-22,7030.59,7059.187503333157,Latih,7061.468019785351,7033.261386647287
2,2022-11-23,7054.12,7029.6984019780775,Latih,7031.909640663925,7013.5329620707635
2,2022-11-24,7080.52,7041.9636157400055,Latih,7044.345156663124,7011.013717574537
2,2022-11-25,7053.15,7067.396537505455,Latih,7069.812605211802,7029.138799049916
2,2022-11-28,7017.36,7050.881569967931,Latih,7053.129756795829,7029.439226903977
2,2022-11-29,7012.07,7017.281180689991,Latih,7019.47071682638,7004.215393956958
2,2022-11-30,7081.31,7006.1574134135835,Latih,7008.420845834075,6988.515796583351
2,2022-12-01,7020.8,7059.864676684207,Latih,7062.392978856034,7015.34584239012
2,2022-12-02,7019.64,7025.462548595728,Latih,7027.59137140161,7016.267303942502
2,2022-12-05,6987.33,7012.808661902606,Latih,7015.090613234103,6992.96504342204
2,2022-12-06,6892.57,6987.0429826588,Latih,6989.210771405753,6979.074425289686
2,2022-12-07,6818.75,6905.869304610536,Latih,6907.777402623639,6927.433791775155
2,2022-12-08,6804.23,6829.135232805645,Latih,6831.0220094091055,6860.961281725506
2,2022-12-09,6715.12,6803.3387484968025,Latih,6805.364798072608,6827.076808765565
2,2022-12-12,6734.45,6730.081972162745,Latih,6731.822615277193,6784.497617409258
2,2022-12-13,6810.32,6735.561473550968,Latih,6742.5398745210705,6767.252072106627
2,2022-12-14,6801.75,6800.981286641986,Latih,6808.941324415239,6804.969869964452
2,2022-12-15,6751.86,6799.743210003407,Latih,6802.504545542033,6822.865101711486
2,2022-12-16,6812.19,6758.643446468438,Latih,6760.523788535024,6798.860109052391
2,2022-12-19,6779.7,6802.78495234582,Latih,6810.808707728121,6807.654237680467
2,2022-12-20,6768.32,6782.675679414301,Latih,6784.629805665045,6814.389179988834
2,2022-12-21,6820.66,6767.377937925485,Latih,6772.945404140976,6797.398303342492
2,2022-12-22,6824.43,6810.249799819621,Latih,6818.416572312448,6814.899952180716
2,2022-12-23,6800.67,6819.677091360126,Latih,6822.416253529523,6836.207932249939
2,2022-12-26,6835.81,6801.6263545686315,Latih,6803.624737877877,6827.736494525109
2,2022-12-27,6923.03,6824.795440353785,Latih,6832.064135342872,6833.407787710165
2,2022-12-28,6850.52,6900.557740150734,Latih,6908.575128256128,6882.976119211358
2,2022-12-29,6860.08,6860.157256076077,Latih,6862.080016762057,6885.676562059564
2,2022-12-30,6850.62,6853.64978697721,Latih,6855.795805914739,6862.312489629129
2,2023-01-02,6850.98,6848.026113849021,Latih,6850.112944015302,6861.978768091241
2,2023-01-03,6888.76,6846.475749182142,Latih,6848.588496855833,6858.561154631415
2,2023-01-04,6813.24,6876.410201200884,Latih,6878.9077431476535,6874.427691243928
2,2023-01-05,6653.84,6824.040626580451,Latih,6825.917336608802,6857.230214397946
2,2023-01-06,6684.56,6683.388533445016,Latih,6684.883464688824,6773.56007056239
2,2023-01-09,6688.27,6691.994726514386,Latih,6698.214233273136,6747.20352371561
2,2023-01-10,6622.5,6695.529966447072,Latih,6701.866987578737,6748.955522554541
2,2023-01-11,6584.45,6639.832996402988,Latih,6644.5839714551075,6741.692791282558
2,2023-01-12,6629.93,6632.994832464763,Latih,6627.896812796228,6734.543505155466
2,2023-01-13,6641.83,6644.262906001071,Latih,6649.646074301089,6738.025676973932
2,2023-01-16,6688.06,6655.003201783758,Latih,6660.639441315842,6741.34270315262
2,2023-01-17,6767.34,6694.866928899156,Latih,6701.101602780539,6747.077355226898
2,2023-01-18,6765.79,6763.521027199056,Latih,6770.842252222625,6779.930508687822
2,2023-01-19,6819.91,6763.08433065119,Latih,6770.571486014155,6791.683694738477
2,2023-01-20,6874.93,6809.57670690659,Latih,6817.72830106679,6813.633559095892
2,2023-01-24,6860.85,6859.451250619033,Latih,6866.428328809778,6856.952206532994
2,2023-01-25,6829.93,6858.993187821547,Latih,6861.078538268545,6871.838496381681
2,2023-01-26,6864.82,6831.820250701344,Latih,6833.830068205035,6853.654270975032
2,2023-01-27,6898.98,6853.402965317108,Latih,6857.751703344622,6856.521294342318
2,2023-01-30,6872.48,6887.173499892397,Latih,6889.423435479445,6883.90235622142
2,2023-01-31,6839.34,6872.851476329606,Latih,6874.916447006505,6885.750592863602
2,2023-02-01,6862.26,6841.514609152116,Latih,6843.528282893933,6861.958276221196
2,2023-02-02,6890.57,6853.204525993505,Latih,6855.648349646368,6859.004039096275
2,2023-02-03,6911.73,6880.028921963019,Latih,6882.255025101644,6879.435195811433
2,2023-02-06,6873.79,6902.24683971022,Latih,6904.476081647322,6898.921910485372
2,2023-02-07,6935.3,6876.360070105236,Latih,6878.396657075924,6891.10428448294
2,2023-02-08,6940.12,6917.623880700516,Latih,6919.982216934907,6902.407949751958
2,2023-02-09,6897.37,6933.364910213996,Latih,6935.580812257577,6927.611268408943
2,2023-02-10,6880.33,6900.506488055631,Latih,6902.554778260634,6911.628775612758
2,2023-02-13,6900.14,6878.744525626939,Latih,6880.84216222797,6888.4120025107695
2,2023-02-14,6941.85,6891.098926105543,Latih,6893.31267583017,6890.234411325498
2,2023-02-15,6914.54,6927.912593062568,Latih,6930.226178998698,6915.072216900037
2,2023-02-16,6895.66,6914.414728299425,Latih,6916.520794816362,6919.430416162955
2,2023-02-17,6895.71,6894.193086382493,Latih,6896.301686358198,6901.2701577246635
2,2023-02-20,6894.72,6890.570531802221,Latih,6892.728388493999,6894.171047533198
2,2023-02-21,6873.4,6889.797669937654,Latih,6891.951782491251,6893.777666404291
2,2023-02-22,6809.97,6872.752402397733,Latih,6874.831833967608,6884.5271564779105
2,2023-02-23,6839.45,6818.47641126338,Latih,6820.381168698106,6850.076175233164
2,2023-02-24,6856.58,6829.476689239776,Latih,6835.363954179918,6838.430560290253
2,2023-02-27,6854.78,6848.735885864236,Latih,6850.897979933955,6856.680476264992
2,2023-02-28,6843.24,6850.635643641391,Latih,6852.746687395908,6862.391004430989
2,2023-03-01,6844.94,6841.164274402297,Latih,6843.238168234862,6856.907187194863
2,2023-03-02,6857.42,6840.269739256835,Latih,6842.379796531834,6853.263131845036
2,2023-03-03,6813.64,6850.464780904391,Latih,6852.615642559566,6859.100624409357
2,2023-03-06,6807.0,6818.277904679809,Latih,6820.237546247874,6845.57796313826
2,2023-03-07,6766.76,6804.537231434615,Latih,6807.126381456884,6826.303094941412
2,2023-03-08,6776.37,6771.440058812228,Latih,6773.3607792792,6807.043987996908
2,2023-03-09,6799.79,6772.170053657619,Latih,6779.7864602577965,6795.870246564777
2,2023-03-10,6765.3,6792.405371767909,Latih,6800.333304116757,6809.245922387275
2,2023-03-13,6786.96,6768.887453372207,Latih,6770.821625832645,6803.717085813018
2,2023-03-14,6641.81,6781.25445388469,Latih,6788.998183603018,6799.729130250246
2,2023-03-15,6628.14,6668.781518190665,Latih,6670.301167472466,6764.528222789791
2,2023-03-16,6565.73,6643.37238403366,Latih,6648.86737202936,6740.313042732798
2,2023-03-17,6678.24,6629.347884936341,Latih,6624.146716502913,6732.675269882999
2,2023-03-20,6612.49,6723.389952923527,Latih,6691.504154732691,6742.666199949705
2,2023-03-21,6691.61,6637.979939463148,Latih,6635.72129371033,6740.127607002877
2,2023-03-24,6762.25,6697.586406318115,Latih,6703.796407001483,6746.204701990807
2,2023-03-27,6708.93,6759.1868621644635,Latih,6766.453516934541,6777.902329213051
2,2023-03-28,6760.33,6717.046138535162,Latih,6720.935647925755,6766.08890065166
2,2023-03-29,6839.44,6757.732432630982,Latih,6765.015835132923,6778.7932771602555
2,2023-03-30,6808.95,6826.2988351434815,Latih,6834.678754472769,6821.359487342868
2,2023-03-31,6805.28,6811.08299387488,Latih,6813.0723643485035,6836.844615100658
2,2023-04-03,6827.17,6802.267880136998,Latih,6805.563102876277,6823.818265128468
2,2023-04-04,6833.18,6818.859815497134,Latih,6824.595207431053,6831.548789473211
2,2023-04-05,6819.67,6827.856575986778,Latih,6830.132608441149,6842.306258967556
2,2023-04-06,6792.77,6818.342832968268,Latih,6820.3873566151005,6838.947475559152
2,2023-04-10,6771.23,6794.4582132307,Latih,6796.440297207862,6822.652066974972
2,2023-04-11,6811.31,6772.213391496566,Latih,6775.660240622191,6803.53886931959
2,2023-04-14,6818.57,6784.773338435321,Uji,6788.271327556103,6811.856550759109
2,2023-04-17,6787.58,6808.648855657311,Uji,6816.8301338830925,6820.546269497905
2,2023-04-18,6821.81,6790.142208387286,Uji,6792.108351752192,6820.076234426234
2,2023-04-26,6910.15,6811.455614093873,Uji,6819.68153051797,6822.642022819851
2,2023-04-27,6945.48,6887.760208587391,Uji,6897.156493282958,6872.333574581187
2,2023-04-28,6915.72,6932.723676105488,Uji,6935.024392967869,6920.35858129208
2,2023-05-02,6863.3,6916.051589284288,Uji,6918.15247678374,6921.2906699193
2,2023-05-03,6812.72,6868.8417733773995,Uji,6870.829933171611,6888.241162193758
2,2023-05-04,6844.03,6818.691194759045,Uji,6820.632182896171,6847.412344227172
2,2023-05-05,6787.63,6833.630530301964,Uji,6839.393947222269,6841.374663580096
2,2023-05-08,6769.63,6795.120118569166,Uji,6797.020257486136,6829.698400512075
2,2023-05-09,6779.98,6769.951640575257,Uji,6774.195430633751,6800.934271924825
2,2023-05-10,6811.9,6775.304838954834,Uji,6782.972520070105,6798.455719708831
2,2023-05-11,6755.94,6802.853310892613,Uji,6810.939147224757,6815.649654196533
2,2023-05-12,6707.76,6763.8374180853625,Uji,6765.70614659759,6804.38663636777
2,2023-05-15,6711.74,6714.897361938973,Uji,6719.829725912979,6763.298934786942
2,2023-05-16,6676.56,6715.961728501936,Uji,6722.642616216561,6756.825118091728
2,2023-05-17,6663.11,6685.773515836463,Uji,6692.029455077516,6748.8133798235895
2,2023-05-19,6700.56,6673.817507354333,Uji,6679.825279735937,6745.768409002745
2,2023-05-22,6729.65,6705.849573554117,Uji,6712.288213286419,6750.498892184818
2,2023-05-23,6736.68,6731.2719915546695,Uji,6738.157147790067,6763.483765177157
2,2023-05-24,6745.8,6737.641992490314,Uji,6744.68183544057,6769.807457625297
2,2023-05-25,6704.23,6745.558961464489,Uji,6752.727809032078,6774.829041945962
2,2023-05-26,6687.0,6710.140109289903,Uji,6716.614340754916,6758.993287978496
2,2023-05-29,6681.1,6694.660687419342,Uji,6701.027941906321,6749.665855069483
2,2023-05-30,6636.42,6689.395734116898,Uji,6695.649947018789,6748.252117816234
2,2023-05-31,6633.26,6650.931804626521,Uji,6656.620725528013,6742.952817090475
2,2023-06-05,6633.44,6647.7115599358185,Uji,6653.25716666193,6740.657032625698
2,2023-06-06,6618.92,6647.8305652380095,Uji,6653.371015366625,6740.540213272446
2,2023-06-07,6619.75,6639.551479809741,Uji,6640.715974044065,6738.909080594801
2,2023-06-08,6666.33,6639.819337024624,Uji,6641.241633108715,6738.372603885405
2,2023-06-09,6694.02,6675.943168941751,Uji,6681.858055308477,6743.666322033876
2,2023-06-12,6722.37,6700.265561386663,Uji,6706.631011064518,6748.822885898971
2,2023-06-13,6719.01,6724.9418309396715,Uji,6731.721859846137,6759.3791135710735
2,2023-06-14,6699.72,6722.3744507268275,Uji,6729.179175251296,6760.735164192344
2,2023-06-15,6713.79,6705.758974378127,Uji,6712.31777404206,6754.112725389326
2,2023-06-16,6698.55,6717.6326678702435,Uji,6724.320113431683,6756.865294712211
2,2023-06-19,6686.06,6704.694540555197,Uji,6711.226694062073,6753.412907849277
2,2023-06-20,6660.46,6693.7887179929185,Uji,6700.13111992197,6749.313233480776
2,2023-06-21,6702.63,6671.647431768491,Uji,6677.644666755214,6745.881585107767
2,2023-06-22,6652.26,6707.598556904513,Uji,6714.0565787174,6750.9168232018
2,2023-06-23,6639.73,6664.7875989107915,Uji,6670.7223045478895,6745.675153058046
2,2023-06-26,6664.67,6653.450667982932,Uji,6659.113116482285,6742.074783056998
2,2023-06-27,6661.88,6674.742208595141,Uji,6680.683259089157,6744.3460848936675
2,2023-07-03,6696.72,6672.62618760304,Uji,6678.591025705501,6745.113543540859
2,2023-07-04,6681.75,6702.535630123931,Uji,6708.924015450645,6749.299467607463
2,2023-07-05,6718.98,6690.064107622223,Uji,6696.349024699199,6748.747330535674
2,2023-07-06,6757.33,6721.889943552187,Uji,6728.599461592904,6757.1315769228595
2,2023-07-07,6716.46,6755.267780808235,Uji,6762.537619216766,6778.4224953803705
2,2023-07-10,6731.04,6722.044193077257,Uji,6727.432702939681,6767.368835409907
2,2023-07-11,6796.92,6732.6461014771685,Uji,6739.585536506199,6765.785715138939
2,2023-07-12,6808.21,6789.4270107347065,Uji,6797.213674732179,6798.3086445802755
2,2023-07-13,6810.21,6802.250616745384,Uji,6807.953320335182,6820.501564039621
2,2023-07-14,6869.57,6806.021457133623,Uji,6809.850634333524,6825.591932886873
2,2023-07-17,6867.14,6853.332745911219,Uji,6861.623680303732,6851.062385714092
2,2023-07-18,6830.2,6862.925698751251,Uji,6865.0477955604,6872.43616845135
2,2023-07-20,6864.19,6833.253762384987,Uji,6835.248177356159,6856.13876448814
2,2023-07-21,6880.8,6852.957323193588,Uji,6857.2062250096,6856.360812060276
2,2023-07-24,6899.4,6872.680210032802,Uji,6874.865867511075,6876.095020993989
2,2023-07-25,6917.71,6890.605081005438,Uji,6892.814974491937,6890.103523429079
2,2023-07-26,6948.28,6908.686690121935,Uji,6910.914631699668,6904.741780938253
2,2023-07-27,6896.66,6936.403424077977,Uji,6938.694612444987,6924.375436220813
2,2023-07-28,6900.23,6901.528010019407,Uji,6903.552490195975,6914.410423661517
2,2023-07-31,6931.36,6894.337493532344,Uji,6896.509138517424,6896.4301753157815
2,2023-08-01,6886.5,6919.637845902192,Uji,6921.913138496923,6910.7383433253035
2,2023-08-02,6854.51,6890.21472657506,Uji,6892.2463587281545,6903.79922217612
2,2023-08-03,6898.08,6856.225664365926,Uji,6858.2579466987045,6873.561876104515
2,2023-08-04,6852.84,6884.46225060944,Uji,6887.080367257638,6879.639531592173
2,2023-08-07,6886.37,6857.151744436064,Uji,6859.147796066442,6877.233530460935
2,2023-08-08,6868.81,6874.881718443376,Uji,6877.117058617514,6874.13396696661
2,2023-08-09,6875.11,6867.504465867023,Uji,6869.588919514458,6879.467077035945
2,2023-08-10,6893.28,6869.078461202424,Uji,6871.231452756565,6875.468090838533
2,2023-08-11,6879.98,6884.663649371607,Uji,6886.866144261701,6885.409517569286
2,2023-08-14,6910.17,6877.674509226721,Uji,6879.7815173832,6886.723889430804
2,2023-08-15,6915.1,6898.959598487064,Uji,6901.210677493557,6894.2787083209
2,2023-08-16,6900.54,6908.712517949389,Uji,6910.90299572532,6907.716577193187
2,2023-08-18,6859.91,6898.159294555828,Uji,6900.284149023637,6903.513277635023
2,2023-08-21,6866.03,6863.2176294294395,Uji,6865.232962250451,6881.105036600274
2,2023-08-22,6916.45,6860.17454188768,Uji,6862.31773590658,6868.331068445485
2,2023-08-23,6921.41,6901.218008829996,Uji,6903.528164507791,6891.632790886207
2,2023-08-24,6899.39,6914.91863997464,Uji,6917.115641967403,6912.7121991664635
2,2023-08-25,6895.44,6898.4741608828745,Uji,6900.578411380693,6905.414044311688
2,2023-08-28,6921.73,6891.080586554452,Uji,6893.227793751403,6895.465263824507
2,2023-08-29,6957.83,6911.096345711397,Uji,6913.349151057051,6904.922239430592
2,2023-08-30,6966.66,6944.732337932041,Uji,6947.047739887288,6929.867862732757
2,2023-08-31,6953.26,6958.714519299917,Uji,6960.968042085224,6947.158360113553
2,2023-09-01,6977.65,6949.834723893455,Uji,6952.016682073525,6944.908783246329
2,2023-09-04,6996.75,6966.515554510408,Uji,6968.820867470557,6950.010945007853
2,2023-09-05,6991.71,6986.34468967801,Uji,6988.655831835326,6967.161608916575
2,2023-09-06,6995.95,6986.065471133646,Uji,6988.308635883984,6972.26596783703
2,2023-09-07,6954.81,6988.439523780402,Uji,6990.711161916908,6972.130775302702
2,2023-09-08,6924.78,6956.741246378474,Uji,6958.852671272807,6956.5999107671305
2,2023-09-11,6963.39,6925.023149706173,Uji,6927.132601641464,6928.5815382776145
2,2023-09-12,6933.97,6949.719036749652,Uji,6952.046635178975,6933.333141089429
2,2023-09-13,6935.48,6933.951955208828,Uji,6936.072437778761,6935.643722747018
2,2023-09-14,6959.33,6929.439080441047,Uji,6931.64157533114,6925.177713111091
2,2023-09-15,6982.79,6948.585123380473,Uji,6950.870168670467,6935.677756290485
2,2023-09-18,6936.08,6971.756047604734,Uji,6974.06418548351,6954.440238056234
2,2023-09-19,6980.32,6939.3827940106885,Uji,6941.460499241402,6943.838318446329
2,2023-09-20,7011.68,6965.2938444638785,Uji,6967.653458637648,6944.643823815039
2,2023-09-21,6991.47,6998.664608213363,Uji,7001.022922027765,6974.3850155276605
2,2023-09-22,7016.84,6988.771608659085,Uji,6990.975134868679,6977.796396230514
2,2023-09-25,6998.38,7004.906243501364,Uji,7007.254288960754,6980.73839204138
2,2023-09-26,6923.8,6995.234753439484,Uji,6997.449893203435,6982.6194739676075
2,2023-09-27,6937.83,6932.699574617196,Uji,6934.692195989241,6944.604409474185
2,2023-09-29,6939.89,6929.324110736895,Uji,6931.561580809999,6922.320913258838
2,2023-10-02,6961.46,6933.673857663919,Uji,6935.882293851127,6928.469595271993
2,2023-10-03,6940.89,6951.124231987051,Uji,6953.405555558852,6938.2277385917805
2,2023-10-04,6886.58,6939.047772113432,Uji,6941.198409568718,6937.797207540919
2,2023-10-05,6874.83,6892.126479046388,Uji,6894.133606151386,6907.426440114126
2,2023-10-06,6888.52,6872.303935355585,Uji,6874.409687992674,6882.052864059848
2,2023-10-09,6891.46,6880.846623805804,Uji,6883.032572743935,6883.321969963355
2,2023-10-10,6922.19,6885.826036126954,Uji,6887.987031617207,6889.708841940804
2,2023-10-11,6931.75,6910.687965609775,Uji,6912.952810489582,6903.612867226646
2,2023-10-12,6935.15,6924.205672063279,Uji,6926.425250985074,6919.182204463529
2,2023-10-13,6926.78,6928.747603136945,Uji,6930.9546492848285,6924.203093764531
2,2023-10-16,6896.29,6922.790746550608,Uji,6924.958580137539,6922.000217734622
2,2023-10-17,6939.62,6897.065243927284,Uji,6899.144294357344,6906.148388634965
2,2023-10-18,6927.91,6925.4030564216255,Uji,6927.71854805683,6912.6917969763745
2,2023-10-19,6846.43,6924.551007155525,Uji,6926.711330046106,6924.156415347206
2,2023-10-20,6849.17,6857.870708646813,Uji,6859.765960006157,6885.813884492857
2,2023-10-23,6741.96,6844.232248131968,Uji,6846.3493452835455,6856.227413125077
2,2023-10-24,6806.76,6760.015527381923,Uji,6761.736620265868,6812.620780927869
2,2023-10-25,6834.39,6798.006692166955,Uji,6805.940319193038,6804.072263280483
2,2023-10-26,6714.52,6824.854180725251,Uji,6830.909259283876,6835.113164181745
2,2023-10-27,6758.79,6735.4577138413715,Uji,6737.117734674983,6795.621586465568
2,2023-10-30,6735.89,6756.472137783195,Uji,6763.749554148045,6778.647614491014
2,2023-10-31,6752.21,6737.6865746386575,Uji,6744.3902859021955,6776.009656152455
2,2023-11-01,6642.42,6751.058708102876,Uji,6758.304837372924,6777.764603219955
2,2023-11-02,6751.39,6662.52338179068,Uji,6664.135603207512,6753.551934201742
2,2023-11-03,6788.85,6749.298436287963,Uji,6756.316184338953,6767.6928715125
2,2023-11-06,6878.84,6782.721617971985,Uji,6790.456177914768,6796.618558541269
2,2023-11-07,6843.79,6860.480664418975,Uji,6869.413505519668,6846.867022832073
2,2023-11-08,6804.11,6846.265875664092,Uji,6848.279168266095,6866.20959939603
2,2023-11-09,6838.23,6808.100799023541,Uji,6810.061314971182,6836.469797722733
2,2023-11-10,6809.26,6827.3756448004,Uji,6834.220579575336,6835.71269711051
2,2023-11-13,6838.31,6811.093351909849,Uji,6813.087004601392,6836.517395359611
2,2023-11-14,6862.06,6828.437836624419,Uji,6834.360525147355,6837.6881447708965
2,2023-11-15,6958.21,6852.846658127346,Uji,6855.459932057896,6858.53234494541
2,2023-11-16,6958.01,6933.458715448429,Uji,6939.600245485058,6907.523608346924
2,2023-11-17,6977.67,6951.950498265675,Uji,6954.171691426686,6943.699987113526
2,2023-11-20,6994.89,6967.452710055166,Uji,6969.745736861283,6951.810552693657
2,2023-11-21,6961.79,6984.878243030365,Uji,6987.182569510993,6966.394665929132
2,2023-11-22,6906.95,6962.053259238058,Uji,6964.192753958755,6959.106465549521
2,2023-11-23,7004.34,6912.282587335156,Uji,6914.309287090646,6923.789781265306
2,2023-11-24,7009.63,6978.631092425044,Uji,6981.153655079658,6943.6598553330205
2,2023-11-27,7013.41,7001.703189337311,Uji,7003.991642465649,6982.589789902027
2,2023-11-28,7041.07,7005.717264187395,Uji,7008.005717315733,6986.158603768405
2,2023-11-29,7036.09,7028.315447369876,Uji,7030.694297894302,6999.101170241294
2,2023-11-30,7080.74,7029.7438697159905,Uji,7032.032771244111,7007.458579901516
2,2023-12-01,7059.91,7064.073222519822,Uji,7066.536999962993,7023.188713300289
2,2023-12-04,7093.6,7056.267972351378,Uji,7058.540103727645,7031.767139213147
2,2023-12-05,7100.85,7078.859115657278,Uji,7081.307602667877,7035.040861182872
2,2023-12-06,7087.4,7091.124957178901,Uji,7093.512103099298,7048.484155692522
3,2022-01-05,6662.3,6688.621919402794,Latih,6698.730801032203,6813.891994310352
3,2022-01-06,6653.35,6667.81347911091,Latih,6677.796808801308,6810.915314776334
3,2022-01-07,6701.32,6654.351105190527,Latih,6665.068532584322,6810.915314776334
3,2022-01-10,6691.12,6691.120705658959,Latih,6701.374297108072,6817.058010652397
3,2022-01-11,6647.97,6692.056998034136,Latih,6701.550540642458,6810.915314776334
3,2022-01-12,6647.06,6655.513564810839,Latih,6665.7645275162295,6810.915314776334
3,2022-01-13,6658.36,6646.583391688849,Latih,6657.6506045427295,6810.915314776334
3,2022-01-14,6693.4,6655.472715590682,Latih,6666.40832871349,6810.915314776334
3,2022-01-17,6645.05,6685.721232421861,Latih,6695.985563045757,6813.362523847553
3,2022-01-18,6614.06,6653.605102472913,Latih,6663.851956715299,6810.915314776334
3,2022-01-19,6591.98,6619.563454179323,Latih,6631.118951976009,6810.915314776334
3,2022-01-20,6626.87,6595.96651092701,Latih,6608.389931342085,6810.915314776334
3,2022-01-21,6726.37,6619.751087068177,Latih,6632.1273694561505,6810.915314776334
3,2022-01-24,6655.17,6706.177701304722,Latih,6716.595530384054,6829.25210820887
3,2022-01-25,6568.17,6667.9867632067335,Latih,6677.486045332267,6810.915314776334
3,2022-01-26,6600.82,6584.698330895754,Latih,6597.242269962285,6810.915314776334
3,2022-01-27,6611.16,6594.334831762131,Latih,6607.497397180652,6810.915314776334
3,2022-01-28,6645.51,6608.832120787283,Latih,6621.250160404972,6810.915314776334
3,2022-01-31,6631.15,6638.344835995892,Latih,6650.118558756571,6810.915314776334
3,2022-02-02,6707.65,6633.356539754057,Latih,6644.67878558905,6810.915314776334
3,2022-02-03,6683.85,6691.978225402401,Latih,6702.562377170938,6820.876829817329
3,2022-02-04,6731.39,6687.429669221953,Latih,6696.900791841166,6810.915314776334
3,2022-02-07,6804.94,6721.032278078815,Latih,6730.322022986135,6828.7340719405165
3,2022-02-08,6789.52,6789.051857056946,Latih,6796.488522604436,6858.580032262245
3,2022-02-09,6834.61,6790.663114414245,Latih,6796.9316536891765,6848.35151757095
3,2022-02-10,6823.64,6823.893529031907,Latih,6829.856618375217,6868.767675313394
3,2022-02-11,6815.61,6823.664957242941,Latih,6828.931838664447,6861.834966281096
3,2022-02-14,6734.49,6815.140339303944,Latih,6820.7172219148615,6858.851291710475
3,2022-02-15,6807.5,6748.558509387398,Latih,6755.351564307536,6823.822143786584
3,2022-02-16,6850.2,6791.694030353457,Latih,6799.0392671853615,6859.550145190993
3,2022-02-17,6835.12,6839.813201018608,Latih,6845.236192824282,6874.718187042814
3,2022-02-18,6892.82,6835.834370391404,Latih,6840.659690127409,6866.104987726848
3,2022-02-21,6902.96,6879.242137285215,Latih,6883.589978513164,6892.009581223174
3,2022-02-22,6861.99,6898.33964094822,Latih,6901.4786187834,6893.692335925742
3,2022-02-23,6920.06,6867.409965612928,Latih,6870.8986728582195,6875.325701487702
3,2022-02-24,6817.82,6906.1942823526715,Latih,6909.683124117897,6902.622890187547
3,2022-02-25,6888.17,6835.236698321736,Latih,6838.987338299788,6855.231248168984
3,2022-03-01,6921.44,6872.225218773823,Latih,6876.956666015428,6890.802354489608
3,2022-03-02,6868.4,6912.276354578184,Latih,6915.25913234924,6901.980422979638
3,2022-03-04,6928.33,6876.0626465297155,Latih,6879.122549063307,6877.245121595305
3,2022-03-07,6869.07,6914.044753639148,Latih,6917.305427175211,6905.928179501936
3,2022-03-08,6814.18,6877.909291352671,Latih,6880.831983552915,6877.209967052382
3,2022-03-09,6864.44,6822.6272256270395,Latih,6827.37613804016,6856.066863583067
3,2022-03-10,6924.01,6852.502735494413,Latih,6857.6139997715145,6880.616661977512
3,2022-03-11,6922.6,6909.827688207672,Latih,6913.218935760306,6904.230672446534
3,2022-03-14,6952.2,6920.017797457623,Latih,6922.317236380624,6900.782612641498
3,2022-03-15,6918.19,6943.488118216445,Latih,6945.424712035707,6913.770826212214
3,2022-03-16,6992.4,6921.838412673223,Latih,6923.670462083268,6897.517096387788
3,2022-03-17,6964.38,6974.889285922701,Latih,6976.379587438757,6931.528892465878
3,2022-03-18,6954.96,6966.5211146677075,Latih,6966.996597796732,6915.768738701689
3,2022-03-21,6955.18,6953.641593204192,Latih,6954.763130739383,6912.988996352004
3,2022-03-22,7000.82,6952.027757548145,Latih,6953.32206351941,6913.532950127767
3,2022-03-23,6996.12,6988.671615507659,Latih,6989.361657932457,6933.445577334811
3,2022-03-24,7049.69,6993.575808765349,Latih,6993.4769814533565,6929.223691605675
3,2022-03-25,7002.53,7035.644138249818,Latih,7034.928716397348,6952.83187287753
3,2022-03-28,7049.6,7008.003923716604,Latih,7006.909873088061,6929.698076155234
3,2022-03-29,7011.69,7036.790203253094,Latih,7035.956403858128,6952.487815724663
3,2022-03-30,7053.19,7015.3328387964375,Latih,7014.120141585529,6933.700896170784
3,2022-03-31,7071.44,7041.410066208903,Latih,7040.358344519797,6953.619352574996
3,2022-04-01,7078.76,7063.932828548021,Latih,7061.867633671231,6959.612619223647
3,2022-04-04,7116.22,7073.2715162915665,Latih,7070.769938746758,6961.940262492948
3,2022-04-05,7148.3,7104.704430702401,Latih,7101.573927623105,6977.944412998612
3,2022-04-06,7104.22,7137.55065638669,Latih,7133.300140331463,6990.166939101276
3,2022-04-07,7127.37,7108.296426837516,Latih,7104.027481551242,6969.399482549483
3,2022-04-08,7210.83,7118.4848770082735,Latih,7114.733250550701,6981.601068382319
3,2022-04-11,7203.79,7189.816852437341,Latih,7184.536406922423,7015.2621261507875
3,2022-04-12,7214.78,7200.031937555159,Latih,7193.28849807092,7008.296908134281
3,2022-04-13,7262.78,7207.507658723678,Latih,7200.750946605886,7012.9225554472805
3,2022-04-14,7235.53,7248.090888129564,Latih,7240.498179457873,7031.009881661001
3,2022-04-18,7275.29,7235.35929375419,Latih,7227.230119583099,7017.992118544639
3,2022-04-19,7199.23,7262.066881580446,Latih,7253.922999896499,7034.81719937152
3,2022-04-20,7227.36,7208.625205500808,Latih,7200.740095331157,7003.25810526198
3,2022-04-21,7276.19,7216.72994188377,Latih,7209.892786845055,7018.040097321332
3,2022-04-22,7225.61,7261.236041624043,Latih,7253.232553911897,7035.5809587205085
3,2022-04-25,7215.98,7229.952220140784,Latih,7221.703502587764,7013.459155466616
3,2022-04-26,7232.15,7212.616860361782,Latih,7205.4375314492845,7012.282554438174
3,2022-04-27,7196.76,7223.754617711394,Latih,7216.542152054993,7019.051597549976
3,2022-04-28,7228.91,7198.445813005651,Latih,7191.39741682955,7004.485509985744
3,2022-05-09,6909.75,7217.503521187989,Latih,7210.692014616814,7018.767356928051
3,2022-05-10,6819.79,6967.65668711608,Latih,6964.441929717713,6880.675290249032
3,2022-05-11,6816.2,6834.857217586076,Latih,6838.774124203361,6856.581447173097
3,2022-05-12,6599.84,6814.881859249505,Latih,6820.522773349319,6859.291911756435
3,2022-05-13,6597.99,6640.686659908304,Latih,6649.529680927631,6810.915314776334
3,2022-05-17,6644.47,6598.08393316843,Latih,6610.693394653133,6810.915314776334
3,2022-05-18,6793.41,6635.007917681867,Latih,6647.040781886662,6810.915314776334
3,2022-05-19,6823.33,6763.286536532964,Latih,6772.494919299808,6857.679936959485
3,2022-05-20,6918.14,6815.586541927192,Latih,6821.6254556736685,6863.658697875182
3,2022-05-23,6840.77,6897.307379809662,Latih,6901.542157032534,6903.623045901701
3,2022-05-24,6914.14,6853.277009818294,Latih,6856.761703885534,6865.340824818055
3,2022-05-25,6883.5,6897.413919597908,Latih,6901.3761370131815,6901.047661752746
3,2022-05-27,7026.26,6886.785051161093,Latih,6889.782491605027,6884.183771924717
3,2022-05-30,7037.56,6995.451330534277,Latih,6997.1430532324885,6947.959112444571
3,2022-05-31,7148.97,7031.644187992873,Latih,7030.5264170158525,6946.1036789858845
3,2022-06-02,7148.72,7123.139221907332,Latih,7120.346049984171,6994.199712222276
3,2022-06-03,7182.96,7144.111372959691,Latih,7139.244934963661,6988.793042168673
3,2022-06-06,7096.58,7171.523396843752,Latih,7166.2113839841695,7003.354466375171
3,2022-06-07,7141.04,7108.756260814143,Latih,7103.941702672911,6964.4163260901505
3,2022-06-08,7193.31,7127.9959296280895,Latih,7124.206951468661,6987.931666187104
3,2022-06-09,7182.83,7178.364183920704,Latih,7173.059345457635,7007.763940153181
3,2022-06-10,7086.65,7179.893137497984,Latih,7173.751764401279,7001.043638097702
3,2022-06-13,6995.44,7100.767973854613,Latih,7096.086455928754,6960.087833312802
3,2022-06-14,7049.88,7009.341948666632,Latih,7007.652243767439,6924.845628232408
3,2022-06-15,7007.05,7035.667320518556,Latih,7034.961942821207,6952.947156461529
3,2022-06-16,7050.33,7011.664928578198,Latih,7010.507967460215,6931.662156881142
3,2022-06-17,6936.97,7038.234588631454,Latih,7037.306939162078,6952.591530594281
3,2022-06-20,6976.38,6955.548368437938,Latih,6955.3043492764755,6901.048984532103
3,2022-06-21,7044.07,6965.610683749967,Latih,6966.961532933766,6923.642728556741
3,2022-06-22,6984.31,7027.385735261501,Latih,7027.11198719448,6951.317223253302
3,2022-06-23,6998.27,6992.324011093435,Latih,6991.574241817651,6922.011786449003
3,2022-06-24,7042.94,6992.162452651915,Latih,6992.343112924156,6930.9472731084115
3,2022-06-27,7016.06,7030.639413760962,Latih,7029.972643284859,6949.7830682385475
3,2022-06-28,6996.46,7017.5717885888225,Latih,7016.425678745568,6935.925228130271
3,2022-06-29,6942.35,6996.744784545956,Latih,6996.35741197413,6928.647453045595
3,2022-06-30,6911.58,6949.625366035155,Latih,6950.31473586028,6905.959006986961
3,2022-07-01,6794.33,6914.665451037632,Latih,6916.7679527763,6895.100042201921
3,2022-07-04,6639.17,6814.786865755651,Latih,6819.004379586909,6845.380487874188
3,2022-07-05,6703.27,6668.070591546012,Latih,6676.513488624706,6810.915314776334
3,2022-07-06,6646.41,6689.989729308353,Latih,6700.481981541532,6818.583511551354
3,2022-07-07,6652.59,6656.571502441925,Latih,6666.616509522361,6810.915314776334
3,2022-07-08,6740.22,6650.721813403528,Latih,6661.745408168596,6810.915314776334
3,2022-07-11,6722.15,6722.172917444726,Latih,6731.929244745395,6834.07502900604
3,2022-07-12,6718.29,6724.334832154534,Latih,6732.69535819324,6822.020204421911
3,2022-07-13,6640.99,6717.80512242647,Latih,6726.553222816906,6821.194431383047
3,2022-07-14,6690.09,6655.079300831791,Latih,6664.91558341862,6810.915314776334
3,2022-07-15,6651.9,6679.765664984897,Latih,6690.397279870377,6812.743552788231
3,2022-07-18,6659.25,6658.469561904904,Latih,6668.688060466065,6810.915314776334
3,2022-07-19,6736.09,6657.106280837145,Latih,6667.939983899458,6810.915314776334
3,2022-07-20,6874.74,6720.126476888826,Latih,6729.81296592342,6831.95548807565
3,2022-07-21,6864.13,6845.922535950876,Latih,6852.353978866675,6888.826077289625
3,2022-07-22,6886.96,6863.763197444419,Latih,6867.749718127887,6877.601733942073
3,2022-07-25,6858.41,6880.055758689981,Latih,6883.939909703177,6888.072115475876
3,2022-07-26,6871.54,6861.498218044678,Latih,6865.332170702259,6874.523738477271
3,2022-07-27,6898.22,6866.602352765242,Latih,6870.795832368176,6881.612871773583
3,2022-07-28,6956.82,6890.494191739304,Latih,6894.092174011513,6892.635054079337
3,2022-07-29,6951.12,6942.55997550731,Latih,6944.890174655368,6916.946841869401
3,2022-08-01,6968.78,6949.125310598067,Latih,6950.438225160292,6911.67224797164
3,2022-08-02,6988.16,6962.204818364435,Latih,6963.391867107802,6919.6523067951675
3,2022-08-03,7046.63,6981.103210104163,Latih,6981.70621813124,6927.272412693548
3,2022-08-04,7057.35,7031.677414416733,Latih,7031.150499832692,6951.874584182552
3,2022-08-05,7084.65,7051.386378442709,Latih,7049.6286961365395,6953.773915979914
3,2022-08-08,7086.85,7075.317429977724,Latih,7073.001041542955,6965.181340958529
3,2022-08-09,7102.88,7082.269913440416,Latih,7079.415759146878,6964.843606242591
3,2022-08-10,7086.24,7095.543623152445,Latih,7092.4376475412355,6971.736452534253
3,2022-08-11,7160.38,7085.24518051512,Latih,7082.059255222747,6963.71049999302
3,2022-08-12,7129.28,7141.54092120834,Latih,7137.6904225987955,6996.86571796721
3,2022-08-15,7093.28,7130.68946711965,Latih,7125.865985822752,6979.764422874506
3,2022-08-16,7133.45,7095.908217015337,Latih,7092.137668086956,6965.528312709981
3,2022-08-18,7186.56,7121.281815489605,Latih,7117.654126731827,6984.775335280355
3,2022-08-19,7172.43,7171.508509970984,Latih,7166.433835116109,7005.52687363988
3,2022-08-22,7107.98,7170.269850412687,Latih,7164.390925708493,6997.346178333817
3,2022-08-23,7163.27,7115.89761026509,Latih,7111.129416661335,6969.893439749533
3,2022-08-24,7194.71,7147.99016559549,Latih,7143.696468641239,6997.093549896536
3,2022-08-25,7174.21,7183.711620363079,Latih,7177.974031270228,7007.180885916411
3,2022-08-26,7135.25,7173.246238486848,Latih,7167.192079147777,6997.62441039866
3,2022-08-29,7132.04,7138.105595957117,Latih,7132.945725143627,6981.7128544480165
3,2022-08-30,7159.47,7128.127131404355,Latih,7123.735683297589,6982.164168828781
3,2022-08-31,7178.59,7149.515128414709,Latih,7144.822848894078,6994.29069253808
3,2022-09-01,7153.1,7170.061748073777,Latih,7164.606785363635,7001.112108744441
3,2022-09-02,7177.18,7153.253123518903,Latih,7147.776996339041,6989.296550284084
3,2022-09-05,7231.88,7167.7203389311635,Latih,7162.402721074303,7000.887325933633
3,2022-09-06,7233.15,7216.164330398527,Latih,7209.67876562902,7020.913532805504
3,2022-09-07,7186.76,7227.578212334006,Latih,7220.0563508279,7018.63400283283
3,2022-09-08,7232.02,7190.616259569013,Latih,7183.680501418196,7000.550622537194
3,2022-09-09,7242.66,7218.097337019531,Latih,7211.431291337695,7020.482261895002
3,2022-09-12,7254.46,7235.231634336204,Latih,7227.582023732155,7022.320835521878
3,2022-09-13,7318.02,7246.716901517006,Latih,7238.71390704462,7026.364908317389
3,2022-09-14,7278.08,7299.932539266446,Latih,7290.874101386763,7050.455007255142
3,2022-09-15,7305.6,7279.981080638266,Latih,7270.262956999039,7031.719384636345
3,2022-09-16,7168.87,7294.460896084406,Latih,7285.125436819292,7044.433446580235
3,2022-09-19,7195.49,7190.037644490087,Latih,7181.986760920964,6989.929063016829
3,2022-09-20,7196.95,7185.401414942228,Latih,7179.549080345117,7007.20003258711
3,2022-09-21,7188.31,7191.63121247598,Latih,7185.263532009208,7006.417664647161
3,2022-09-22,7218.91,7184.979650107109,Latih,7178.698421118341,7002.987675353347
3,2022-09-23,7178.58,7207.87803694376,Latih,7201.355479192222,7015.311450126827
3,2022-09-26,7127.5,7181.349943550311,Latih,7174.787164338312,6998.0950956500155
3,2022-09-27,7112.45,7132.720852652864,Latih,7127.581339189485,6978.1219793123555
3,2022-09-28,7077.03,7110.943734311534,Latih,7106.954276609493,6973.98114184385
3,2022-09-29,7036.2,7079.6778039795845,Latih,7076.43452835507,6959.234976927094
3,2022-09-30,7040.8,7040.202077195708,Latih,7038.155804789725,6943.0959029269725
3,2022-10-03,7009.72,7036.131638493004,Latih,7034.785945906701,6947.045363368443
3,2022-10-04,7072.26,7012.0805951762795,Latih,7011.057795273125,6933.259401745249
3,2022-10-05,7075.38,7056.329223761624,Latih,7055.063525696462,6962.037565245681
3,2022-10-06,7076.62,7070.716668852635,Latih,7068.24419245369,6960.425747388654
3,2022-10-07,7026.78,7072.3040937615115,Latih,7069.757138158746,6960.818680117779
3,2022-10-10,6994.4,7032.569505783382,Latih,7030.654749033513,6939.0033132750295
3,2022-10-11,6939.15,6997.129959958849,Latih,6996.569908630905,6927.238468830037
3,2022-10-12,6909.21,6946.667541711977,Latih,6947.437399298004,6904.660104917929
3,2022-10-13,6880.63,6912.156676676319,Latih,6914.349979370879,6894.217636270567
3,2022-10-14,6814.53,6883.546483734292,Latih,6886.673601395232,6883.165366339427
3,2022-10-17,6831.12,6825.104791363512,Latih,6829.6336067435495,6855.669962515869
3,2022-10-18,6834.49,6825.847610442673,Latih,6831.390414670145,6866.054991151134
3,2022-10-19,6860.42,6831.70306141827,Latih,6836.892324837482,6866.737231419723
3,2022-10-20,6980.65,6853.138588805535,Latih,6857.924157900849,6877.896108399075
3,2022-10-21,7017.77,6954.487275193385,Latih,6957.208837671332,6929.146634103108
3,2022-10-24,7053.04,7007.1052408731575,Latih,7007.097842276751,6939.633539168884
3,2022-10-25,7048.38,7042.445241946046,Latih,7041.2820929110685,6953.264758027248
3,2022-10-26,7043.94,7045.410868425433,Latih,7043.6515718800465,6949.553487550072
3,2022-10-27,7091.76,7040.964536185328,Latih,7039.350521169368,6947.8368786639485
3,2022-10-28,7056.04,7078.470935965845,Latih,7076.311039055058,6968.92269906109
3,2022-10-31,7098.89,7058.912454906767,Latih,7056.3307931608615,6951.056164900116
3,2022-11-01,7052.3,7086.488503431151,Latih,7084.009345875452,6971.459745028669
3,2022-11-02,7015.69,7057.268083225554,Latih,7054.602660400336,6949.084506217889
3,2022-11-03,7034.57,7019.053839548887,Latih,7017.73818974799,6935.318632904937
3,2022-11-04,7045.53,7027.237539133491,Latih,7026.35607484168,6945.301043375781
3,2022-11-07,7102.4,7039.615166720811,Latih,7038.237637749973,6949.18763816779
3,2022-11-08,7050.13,7087.3061155939795,Latih,7084.976633885572,6973.4917134816
3,2022-11-09,7070.08,7056.194883186882,Latih,7053.492601899569,6947.970367279104
3,2022-11-10,6966.84,7062.260656080312,Latih,7060.270343967146,6959.164443641357
3,2022-11-11,7089.21,6983.256605218108,Latih,6982.2517413062415,6913.148895714329
3,2022-11-14,7019.39,7061.773604236907,Latih,7061.084324091739,6971.475663220936
3,2022-11-15,7035.5,7029.035622260036,Latih,7026.983386136951,6935.178709752907
3,2022-11-16,7014.38,7028.686453349652,Latih,7027.723873537245,6945.531072464039
3,2022-11-17,7044.99,7014.8105427301525,Latih,7013.825229048789,6935.545612874676
3,2022-11-18,7082.18,7035.345055595103,Latih,7034.3510877979425,6949.911938335947
3,2022-11-21,7063.25,7070.987592001029,Latih,7068.934010678597,6964.690836436802
3,2022-11-22,7030.59,7062.8740669823355,Latih,7060.376166315741,6954.65901230996
3,2022-11-23,7054.12,7033.084223893347,Latih,7031.36846696681,6941.302191698303
3,2022-11-24,7080.52,7045.747706341807,Latih,7044.331435629789,6953.126650894335
3,2022-11-25,7053.15,7071.391465684839,Latih,7069.189464034505,6963.532036879712
3,2022-11-28,7017.36,7054.458679230278,Latih,7052.124489324157,6950.329039813331
3,2022-11-29,7012.07,7020.554723299802,Latih,7019.201183717311,6936.007240450432
3,2022-11-30,7081.31,7009.510636664688,Latih,7008.893773084342,6935.399793265511
3,2022-12-01,7020.8,7064.033673659033,Latih,7062.605161632961,6965.876405460887
3,2022-12-02,7019.64,7028.665064680042,Latih,7026.741519294443,6936.169875051429
3,2022-12-05,6987.33,7016.235288198054,Latih,7015.45480353719,6938.540744059732
3,2022-12-06,6892.57,6990.103221492228,Latih,6989.769073974547,6924.49175112431
3,2022-12-07,6818.75,6907.96812947099,Latih,6909.4821961755015,6884.662864671988
3,2022-12-08,6804.23,6830.758260657227,Latih,6835.0090233323335,6856.944359536806
3,2022-12-09,6715.12,6805.084615468712,Latih,6810.902311182651,6854.116145170668
3,2022-12-12,6734.45,6730.8616721239905,Latih,6738.1215000073835,6815.907753111157
3,2022-12-13,6810.32,6729.428956349961,Latih,6738.095638549947,6828.582961213921
3,2022-12-14,6801.75,6793.947934278578,Latih,6801.256828308136,6860.783042812089
3,2022-12-15,6751.86,6801.493673073084,Latih,6807.501109154852,6853.434420561829
3,2022-12-16,6812.19,6759.854731220033,Latih,6766.677761665609,6832.063642103111
3,2022-12-19,6779.7,6798.756326922805,Latih,6805.7161193019465,6860.771518937687
3,2022-12-20,6768.32,6784.165644630521,Latih,6790.428040828437,6843.720085900761
3,2022-12-21,6820.66,6768.8646970832615,Latih,6775.882333034305,6840.297338263429
3,2022-12-22,6824.43,6808.677127263578,Latih,6815.218764425847,6863.686229621808
3,2022-12-23,6800.67,6821.647404843006,Latih,6827.163865583276,6862.843148351351
3,2022-12-26,6835.81,6803.309042011233,Latih,6809.0676610538685,6852.292032436766
3,2022-12-27,6923.03,6826.974865075086,Latih,6832.714337447023,6868.761352876465
3,2022-12-28,6850.52,6903.600827692494,Latih,6907.538629739628,6905.1642183730455
3,2022-12-29,6860.08,6862.025536188523,Latih,6865.29087308232,6869.364428163509
3,2022-12-30,6850.62,6855.912322598138,Latih,6860.403562076429,6876.985453281444
3,2023-01-02,6850.98,6850.142515980937,Latih,6854.5798802253985,6872.4013502082635
3,2023-01-03,6888.76,6848.633404094018,Latih,6853.242370935121,6873.0083041534235
3,2023-01-04,6813.24,6879.000248022717,Latih,6883.105841268343,6889.483162330432
3,2023-01-05,6653.84,6825.615339355503,Latih,6830.009567540919,6854.7202741972
3,2023-01-06,6684.56,6683.429225725249,Latih,6691.326778988855,6810.915314776334
3,2023-01-09,6688.27,6677.772819412961,Latih,6688.237607159482,6810.915314776334
3,2023-01-10,6622.5,6686.586262861655,Latih,6696.429680610018,6810.915314776334
3,2023-01-11,6584.45,6634.54575763137,Latih,6645.184698248292,6810.915314776334
3,2023-01-12,6629.93,6591.531643708836,Latih,6604.046316282083,6810.915314776334
3,2023-01-13,6641.83,6620.774083146236,Latih,6633.250493205571,6810.915314776334
3,2023-01-16,6688.06,6638.960701886723,Latih,6650.432937448855,6810.915314776334
3,2023-01-17,6767.34,6678.297290218189,Latih,6688.939935738312,6811.817450298104
3,2023-01-18,6765.79,6750.663185865009,Latih,6759.40184744003,6844.227001854516
3,2023-01-19,6819.91,6764.486768229928,Latih,6771.768063252894,6839.780624774433
3,2023-01-20,6874.93,6807.59477986935,Latih,6814.193475903901,6863.479113762418
3,2023-01-24,6860.85,6862.004349298814,Latih,6866.87089939479,6884.923362525446
3,2023-01-25,6829.93,6861.168823564688,Latih,6865.194870688955,6876.160868502003
3,2023-01-26,6864.82,6833.69606393013,Latih,6838.391123529411,6863.3330026933945
3,2023-01-27,6898.98,6855.800671052375,Latih,6860.6133683345115,6880.03365258072
3,2023-01-30,6872.48,6889.826591723604,Latih,6893.539812739833,6893.286354762955
3,2023-01-31,6839.34,6875.066279793721,Latih,6878.491179750007,6880.094119291347
3,2023-02-01,6862.26,6843.452817210592,Latih,6847.807406855263,6866.887714386622
3,2023-02-02,6890.57,6855.535935820975,Latih,6860.206893931964,6878.468692500931
3,2023-02-03,6911.73,6882.595517476243,Latih,6886.467046035571,6889.736911767168
3,2023-02-06,6873.79,6904.945332019374,Latih,6908.010996490167,6897.627671774074
3,2023-02-07,6935.3,6878.539875966352,Latih,6881.709950326425,6880.059704608065
3,2023-02-08,6940.12,6920.65880736624,Latih,6923.727408855605,6908.714446068452
3,2023-02-09,6897.37,6936.213907910039,Latih,6938.072614687135,6907.893717527137
3,2023-02-10,6880.33,6902.845677619323,Latih,6905.176526947067,6889.003038263661
3,2023-02-13,6900.14,6881.055757464213,Latih,6884.407500996036,6883.597399529559
3,2023-02-14,6941.85,6893.70446513985,Latih,6897.113402063891,6893.05522709523
3,2023-02-15,6914.54,6930.91938264196,Latih,6933.410691831757,6910.320748608158
3,2023-02-16,6895.66,6916.944285990642,Latih,6919.017238183665,6896.4159386226975
3,2023-02-17,6895.71,6896.613010326966,Latih,6899.443152812168,6889.47289397542
3,2023-02-20,6894.72,6893.065069470449,Latih,6896.246465925022,6890.392472248716
3,2023-02-21,6873.4,6892.28068373148,Latih,6895.474119720205,6889.957950439794
3,2023-02-22,6809.97,6874.994513408583,Latih,6878.486763012153,6880.698293157858
3,2023-02-23,6839.45,6820.07381306741,Latih,6824.79734605286,6854.02321431581
3,2023-02-24,6856.58,6831.661449918484,Latih,6837.179659417903,6869.908090479415
3,2023-02-27,6854.78,6851.001627543606,Latih,6855.7452039993195,6875.983997207921
3,2023-02-28,6843.24,6852.813566223421,Latih,6857.261490282753,6874.383725645285
3,2023-03-01,6844.94,6843.216757145263,Latih,6847.849959994592,6869.431800230782
3,2023-03-02,6857.42,6842.387015768326,Latih,6847.212963264026,6870.722631103735
3,2023-03-03,6813.64,6852.718639989534,Latih,6857.348816140333,6876.089640196603
3,2023-03-06,6807.0,6819.9801423529125,Latih,6824.953277077113,6856.38509290848
3,2023-03-07,6766.76,6806.334955841335,Latih,6812.211414346728,6855.568310285249
3,2023-03-08,6776.37,6772.801804110733,Latih,6779.331087859003,6838.318236144817
3,2023-03-09,6799.79,6772.861374021796,Latih,6780.0143818670795,6844.426651857532
3,2023-03-10,6765.3,6793.469828010828,Latih,6800.135806432695,6854.193135413268
3,2023-03-13,6786.96,6770.260700125125,Latih,6776.94362805876,6838.02374958787
3,2023-03-14,6641.81,6781.07679789099,Latih,6788.117773050695,6849.1188865381855
3,2023-03-15,6628.14,6668.787179237916,Latih,6677.33273744674,6810.915314776334
3,2023-03-16,6565.73,6630.239449433246,Latih,6641.670230435515,6810.915314776334
3,2023-03-17,6678.24,6577.602782680058,Latih,6590.671032809394,6810.915314776334
3,2023-03-20,6612.49,6660.634621018184,Latih,6668.149846207512,6811.149312202665
3,2023-03-21,6691.61,6624.611903251938,Latih,6635.569403889113,6810.915314776334
3,2023-03-24,6762.25,6675.568407613799,Latih,6686.711265510932,6814.762248607609
3,2023-03-27,6708.93,6747.255795920217,Latih,6755.995197354879,6841.8362911558515
3,2023-03-28,6760.33,6717.919441950938,Latih,6726.043134434692,6815.201792494092
3,2023-03-29,6839.44,6749.007581769252,Latih,6757.449357848491,6840.174588823057
3,2023-03-30,6808.95,6822.219652645026,Latih,6828.663314454889,6872.264095034938
3,2023-03-31,6805.28,6812.801934439871,Latih,6818.171858131323,6855.192730627695
3,2023-04-03,6827.17,6804.06428176436,Latih,6810.050799996289,6855.040498901644
3,2023-04-04,6833.18,6820.921961255405,Latih,6826.6890998939025,6864.770549975077
3,2023-04-05,6819.67,6829.901794653272,Latih,6835.181903868353,6866.353199426274
3,2023-04-06,6792.77,6820.209386741552,Latih,6825.555096844767,6860.1699682099015
3,2023-04-10,6771.23,6796.0688876682825,Latih,6802.020094417365,6849.069809182026
3,2023-04-11,6811.31,6773.682304343012,Latih,6780.418053770988,6840.946127908266
3,2023-04-12,6798.96,6801.731706097456,Latih,6808.342038106354,6859.4663168517145
3,2023-04-13,6785.6,6799.4442842886165,Latih,6805.469970241519,6852.169417516329
3,2023-04-14,6818.57,6786.382959133416,Latih,6792.814446889192,6846.924687044062
3,2023-04-17,6787.58,6810.284954362544,Latih,6816.53199286792,6861.952200404146
3,2023-04-18,6821.81,6791.697617551714,Latih,6797.737585037679,6846.85655269716
3,2023-04-26,6910.15,6813.259593677553,Latih,6819.427153321538,6863.272401462833
3,2023-04-27,6945.48,6890.610820522649,Latih,6894.978907000765,6900.207472660884
3,2023-04-28,6915.72,6935.732909463693,Latih,6937.989884927322,6911.4293722296225
3,2023-05-02,6863.3,6918.580451955842,Latih,6920.570158729302,6896.758426376327
3,2023-05-03,6812.72,6870.885489904623,Latih,6874.119080093842,6875.290815984647
3,2023-05-04,6844.03,6820.359780028496,Latih,6825.235432640051,6855.703906379381
3,2023-05-05,6787.63,6835.857059420383,Latih,6841.26386399392,6871.77661721174
3,2023-05-08,6769.63,6796.57625202182,Latih,6802.140893318684,6845.667755194641
3,2023-05-09,6779.98,6771.422324600843,Latih,6778.274949432043,6840.492100708819
3,2023-05-10,6811.9,6776.301923130481,Latih,6783.353928924827,6845.866037578322
3,2023-05-11,6755.94,6803.867770559819,Latih,6810.307239831718,6859.307807528714
3,2023-05-12,6707.76,6765.055720293548,Latih,6771.635919837085,6833.362028512394
3,2023-05-15,6711.74,6715.781953819265,Latih,6724.038652888408,6814.991111856434
3,2023-05-16,6676.56,6709.817508066613,Latih,6718.9199339649285,6819.019423399601
3,2023-05-17,6663.11,6682.360576944367,Latih,6691.85131705405,6810.915314776334
3,2023-05-19,6700.56,6664.888343131853,Latih,6675.211660747095,6810.915314776334
3,2023-05-22,6729.65,6692.36604637401,Latih,6702.44771013664,6816.262168298993
3,2023-05-23,6736.68,6722.812447634062,Latih,6731.8136472815495,6827.179963135456
3,2023-05-24,6745.8,6733.978678369842,Latih,6742.345212965631,6828.8655203366625
3,2023-05-25,6704.23,6742.628657677942,Latih,6750.744256545628,6832.51235576514
3,2023-05-26,6687.0,6711.023961310555,Latih,6719.516081475338,6813.93232787076
3,2023-05-29,6681.1,6689.305908430533,Latih,6698.799394988882,6810.915314776334
3,2023-05-30,6636.42,6681.299853629634,Latih,6691.192034854309,6810.915314776334
3,2023-05-31,6633.26,6644.346571795429,Latih,6654.93614920133,6810.915314776334
3,2023-06-05,6633.44,6633.321205851221,Latih,6644.785129202391,6810.915314776334
3,2023-06-06,6618.92,6632.8650207278215,Latih,6644.385492896522,6810.915314776334
3,2023-06-07,6619.75,6621.254616377808,Latih,6632.962631755406,6810.915314776334
3,2023-06-08,6666.33,6619.160836014903,Latih,6631.12856454634,6810.915314776334
3,2023-06-09,6694.02,6656.674326116976,Latih,6668.014216483398,6810.915314776334
3,2023-06-12,6722.37,6687.73311256455,Latih,6697.840727464574,6813.2541904601785
3,2023-06-13,6719.01,6715.7312510138945,Latih,6724.950025445691,6824.313029448126
3,2023-06-14,6699.72,6718.424362525662,Latih,6727.158898822687,6821.498267075453
3,2023-06-15,6713.79,6702.315824550707,Latih,6711.366572374124,6813.237442728314
3,2023-06-16,6698.55,6709.93359877022,Latih,6719.158931048831,6820.296600499187
3,2023-06-19,6686.06,6700.3854746984125,Latih,6709.548916597088,6812.974927075836
3,2023-06-20,6660.46,6687.472603501097,Latih,6697.084310662019,6810.915314776334
3,2023-06-21,6702.63,6664.568544407201,Latih,6674.749629611536,6810.915314776334
3,2023-06-22,6652.26,6693.522514252232,Latih,6703.626351384091,6817.291783878836
3,2023-06-23,6639.73,6661.1414024520045,Latih,6671.121436404003,6810.915314776334
3,2023-06-26,6664.67,6641.520240708376,Latih,6652.603859389286,6810.915314776334
3,2023-06-27,6661.88,6659.140121359167,Latih,6670.129419145896,6810.915314776334
3,2023-07-03,6696.72,6661.642309848678,Latih,6672.203413868411,6810.915314776334
3,2023-07-04,6681.75,6689.052719493525,Latih,6699.207797510492,6814.644409144852
3,2023-07-05,6718.98,6683.668346119091,Latih,6693.370820605921,6810.915314776334
3,2023-07-06,6757.33,6710.68072248729,Latih,6720.1727853763305,6823.416655863558
3,2023-07-07,6716.46,6748.511584350193,Latih,6756.805523021247,6838.38713277135
3,2023-07-10,6731.04,6723.023274001649,Latih,6731.139657568953,6818.722784523699
3,2023-07-11,6796.92,6726.948901994697,Latih,6735.635448305033,6827.030690847968
3,2023-07-12,6808.21,6782.553512893646,Latih,6790.102121446758,6855.095741754809
3,2023-07-13,6810.21,6804.127842433484,Latih,6810.300065435204,6856.891538042465
3,2023-07-14,6869.57,6807.87736141208,Latih,6813.812896588775,6857.227748199144
3,2023-07-17,6867.14,6855.862370862404,Latih,6860.980204196313,6883.044814057988
3,2023-07-18,6830.2,6865.194556809108,Latih,6869.2379121649665,6879.161515004378
3,2023-07-20,6864.19,6835.10800758425,Latih,6839.682245862222,6863.151781921426
3,2023-07-21,6880.8,6855.346778372863,Latih,6860.16270413343,6879.745802340549
3,2023-07-24,6899.4,6875.127015544217,Latih,6879.09102655862,6885.380259483499
3,2023-07-25,6917.71,6893.200284424765,Latih,6896.610162988349,6892.709847163005
3,2023-07-26,6948.28,6911.419148714588,Latih,6914.241645983504,6899.818194389984
3,2023-07-27,6896.66,6939.415123634984,Latih,6941.494353424957,6912.292183090494
3,2023-07-28,6900.23,6903.827067802593,Latih,6906.01514663969,6888.305104002698
3,2023-07-31,6931.36,6896.880032397255,Latih,6899.983384869739,6892.318035433335
3,2023-08-01,6886.5,6922.5237917402865,Latih,6925.15130236392,6905.7373405546405
3,2023-08-02,6854.51,6892.463473902686,Latih,6895.100513021692,6884.674545486314
3,2023-08-03,6898.08,6858.283124346473,Latih,6862.176938374976,6872.843158513646
3,2023-08-04,6852.84,6887.145497326,Latih,6891.062717823132,6893.3837247756555
3,2023-08-07,6886.37,6859.144522748033,Latih,6862.844493550698,6871.5635376352475
3,2023-08-08,6868.81,6877.4369918621,Latih,6881.539356629294,6888.351401280208
3,2023-08-09,6875.11,6869.726578247588,Latih,6873.434844446223,6879.091676738304
3,2023-08-10,6893.28,6871.441841934364,Latih,6875.394530854266,6882.676767516774
3,2023-08-11,6879.98,6887.21091885422,Latih,6890.8073541471795,6890.308868109329
3,2023-08-14,6910.17,6879.997803018135,Latih,6883.430348190707,6883.639100709302
3,2023-08-15,6915.1,6901.681654204771,Latih,6904.965196129725,6897.450217560276
3,2023-08-16,6900.54,6911.372829017089,Latih,6914.028813026892,6898.1667604122
3,2023-08-18,6859.91,6900.633026474163,Latih,6903.388622495577,6891.576516713543
3,2023-08-21,6866.03,6865.281994766633,Latih,6868.843118576746,6874.532796152871
3,2023-08-22,6916.45,6862.468555173317,Latih,6866.706516034643,6879.13629251663
3,2023-08-23,6921.41,6904.066916846082,Latih,6907.5279354048225,6900.854939526364
3,2023-08-24,6899.39,6917.626660779165,Latih,6920.0826809061045,6900.622623599216
3,2023-08-25,6895.44,6900.909913339659,Latih,6903.563005170867,6890.774486443145
3,2023-08-28,6921.73,6893.557412431283,Latih,6896.672826857909,6890.0972458321285
3,2023-08-29,6957.83,6913.890504114078,Latih,6916.7339640728105,6901.7613348460645
3,2023-08-30,6966.66,6947.837909983447,Latih,6949.716660230807,6916.269847878264
3,2023-08-31,6953.26,6961.779825050883,Latih,6962.869660721474,6918.407818039703
3,2023-09-01,6977.65,6952.711567215971,Latih,6953.812926760964,6912.138516485141
3,2023-09-04,6996.75,6969.724975951368,Latih,6970.755578010732,6923.4225194237115
3,2023-09-05,6991.71,6989.677779778895,Latih,6990.00251090115,6930.600435876895
3,2023-09-06,6995.95,6989.26570037907,Latih,6989.3007652420365,6927.4921734267955
3,2023-09-07,6954.81,6991.7082236725655,Latih,6991.781492196974,6929.5826580513
3,2023-09-08,6924.78,6959.52096630817,Latih,6960.055996928268,6911.422354773031
3,2023-09-11,6963.39,6927.619451704967,Latih,6929.316129220772,6900.26971055065
3,2023-09-12,6933.97,6952.876488655857,Latih,6954.625337486319,6918.551888889717
3,2023-09-13,6935.48,6936.620090852727,Latih,6938.036070104887,6903.873387500093
3,2023-09-14,6959.33,6932.2400096804395,Latih,6934.184495335866,6905.931452820346
3,2023-09-15,6982.79,6951.653926649741,Latih,6953.256686831168,6916.270789517806
3,2023-09-18,6936.08,6975.000713268573,Latih,6975.850475695784,6925.377654573966
3,2023-09-19,6980.32,6941.99907221978,Latih,6943.025683521082,6903.8719974607675
3,2023-09-20,7011.68,6968.601286097222,Latih,6969.916935898119,6925.4049621207
3,2023-09-21,6991.47,7002.158673836051,Latih,7002.237367997824,6936.990827792634
3,2023-09-22,7016.84,6991.910541654286,Latih,6991.670468410906,6926.677453442562
3,2023-09-25,6998.38,7008.415734076559,Latih,7008.218841732203,6938.713108936002
3,2023-09-26,6923.8,6998.432830365954,Latih,6998.00563989347,6929.448496836472
3,2023-09-27,6937.83,6935.113669364501,Latih,6936.011163948526,6897.770173224851
3,2023-09-29,6939.89,6932.191896383811,Latih,6934.295048302163,6907.440901007101
3,2023-10-02,6961.46,6936.510255326082,Latih,6938.324772304644,6907.673015154348
3,2023-10-03,6940.89,6954.200209652833,Latih,6955.6927531678,6916.990919567989
3,2023-10-04,6886.58,6941.802964575043,Latih,6943.163880333951,6906.9859321681115
3,2023-10-05,6874.83,6894.338726631745,Latih,6896.797123277529,6884.256300589484
3,2023-10-06,6888.52,6874.594383862954,Latih,6878.219494321984,6881.709569186611
3,2023-10-09,6891.46,6883.340331934434,Latih,6887.004542854471,6888.244323412223
3,2023-10-10,6922.19,6888.299812885268,Latih,6891.670187428041,6888.876746465011
3,2023-10-11,6931.75,6913.503064282285,Latih,6916.414613747941,6902.151397816583
3,2023-10-12,6935.15,6927.00991946106,Latih,6929.222996586013,6904.863364539191
3,2023-10-13,6926.78,6931.553419933964,Latih,6933.543597527195,6905.892980119035
3,2023-10-16,6896.29,6925.487131380784,Latih,6927.523964971352,6902.077591212436
3,2023-10-17,6939.62,6899.4444083315575,Latih,6902.038109611615,6889.165919484539
3,2023-10-18,6927.91,6928.399331026126,Latih,6930.991687106836,6909.530354312108
3,2023-10-19,6846.43,6927.242795887935,Latih,6929.181452346194,6902.3583118960705
3,2023-10-20,6849.17,6859.672894631365,Latih,6862.901059183219,6867.3469878635215
3,2023-10-23,6741.96,6846.385575985945,Latih,6851.096464097538,6872.417425340454
3,2023-10-24,6806.76,6760.927101719107,Latih,6766.996394550827,6825.487209117745
3,2023-10-25,6834.39,6792.520162112147,Latih,6799.735878666968,6858.871895680466
3,2023-10-26,6714.52,6826.993451246058,Latih,6832.638064644074,6867.851908438246
3,2023-10-27,6758.79,6736.112186953448,Latih,6742.817714236104,6814.211725775036
3,2023-10-30,6735.89,6748.83489180314,Latih,6757.192738653149,6839.236536478735
3,2023-10-31,6752.21,6738.882983727478,Latih,6746.716763332063,6827.135055897271
3,2023-11-01,6642.42,6747.619145473713,Latih,6755.665175115193,6835.348058407641
3,2023-11-02,6751.39,6662.672385038299,Latih,6671.857619166388,6810.915314776334
3,2023-11-03,6788.85,6729.198164982072,Latih,6738.997224781983,6839.4345946625235
3,2023-11-06,6878.84,6779.949005178837,Latih,6787.224403744667,6850.605354236104
3,2023-11-07,6843.79,6859.237341502944,Latih,6864.631366682688,6888.107090658887
3,2023-11-08,6804.11,6848.23024784986,Latih,6852.407764420547,6868.527826269905
3,2023-11-09,6838.23,6809.74705398384,Latih,6815.099557343754,6852.873113714495
3,2023-11-10,6809.26,6829.569373474752,Latih,6835.212910713291,6869.654161682765
3,2023-11-13,6838.31,6812.820610290799,Latih,6818.209075313244,6855.385609794
3,2023-11-14,6862.06,6830.6122616881485,Latih,6836.158787633813,6869.444198484759
3,2023-11-15,6958.21,6855.179794293978,Latih,6859.872611894349,6878.430376739543
3,2023-11-16,6958.01,6936.80270166402,Latih,6939.788730333497,6919.273005419421
3,2023-11-17,6977.67,6954.9150037456075,Latih,6956.111468884401,6914.613772962735
3,2023-11-20,6994.89,6970.643747105056,Latih,6971.585476327593,6923.20538182919
3,2023-11-21,6961.79,6988.189899621662,Latih,6988.538754652199,6929.787531911779
3,2023-11-22,6906.95,6964.917233486824,Latih,6965.380251101905,6914.519721108423
3,2023-11-23,7004.34,6914.646797606693,Latih,6916.447817751812,6892.1545488727525
3,2023-11-24,7009.63,6982.328686708864,Latih,6983.871495839413,6937.275449554373
3,2023-11-27,7013.41,7005.079370657264,Latih,7004.737376143395,6934.953814842154
3,2023-11-28,7041.07,7009.116224216282,Latih,7008.625809374511,6936.352328922798
3,2023-11-29,7036.09,7032.017077251735,Latih,7031.092611420812,6948.246895424774
3,2023-11-30,7080.74,7033.279860718312,Latih,7031.905336026015,6944.757762199691
3,2023-12-01,7059.91,7068.141464063592,Latih,7066.272668291397,6964.4854244965845
3,2023-12-04,7093.6,7059.921802816457,Latih,7057.49465963549,6953.269511064938
3,2023-12-05,7100.85,7082.9815687347145,Latih,7080.499720780322,6968.966507719809
3,2023-12-06,7087.4,7095.198400160145,Latih,7091.9933281970725,6970.529360320622
3,2023-12-11,7088.79,7150.109751365859,Uji,7145.367654629427,6994.2247777700995
3,2023-12-12,7125.31,7098.069503965449,Uji,7093.792801362943,6962.126572602444
3,2023-12-13,7075.34,7113.9005273152125,Uji,7110.46345330484,6981.435519182737
3,2023-12-14,7176.02,7080.766428970763,Uji,7077.305634611913,6957.885741982513
3,2023-12-15,7190.99,7152.012221961696,Uji,7148.159301993329,7004.211268678962
3,2023-12-18,7119.52,7183.1512999952665,Uji,7177.224979434095,7005.089594172297
3,2023-12-19,7187.85,7128.679515096024,Uji,7123.413732253984,6974.048401811177
3,2023-12-20,7219.67,7169.895705634436,Uji,7165.063704741677,7006.734055533468
3,2023-12-21,7209.62,7208.400063970174,Uji,7201.876116179313,7015.62994849211
3,2023-12-22,7237.52,7206.387466387834,Uji,7199.402473940934,7010.113285971939
3,2023-12-26,7237.52,7226.852477286546,Uji,7219.688035246817,7021.459773420156
3,2023-12-27,7245.92,7232.1546701909,Uji,7224.4703086037325,7020.045520507158
3,2023-12-28,7303.89,7238.891249158472,Uji,7231.096401864975,7023.308256682219
3,2023-12-29,7272.8,7286.977821159459,Uji,7278.264202712273,7045.399479070966
3,2024-01-02,7323.59,7273.061285519694,Uji,7263.6760538787585,7030.384767524662
3,2024-01-03,7279.09,7307.88499908338,Uji,7298.411387845375,7051.688913775747
3,2024-01-04,7359.76,7281.84965221057,Uji,7272.014361708259,7031.829332262936
3,2024-01-05,7350.62,7338.087594171866,Uji,7328.021108741862,7065.419363505907
3,2024-01-08,7283.58,7346.088391485318,Uji,7334.63850304733,7057.779886736936
3,2024-01-09,7200.2,7290.587349726058,Uji,7280.1892278171545,7032.20316316134
3,2024-01-10,7227.3,7210.978542077628,Uji,7202.926223629202,7003.214655323087
3,2024-01-11,7219.96,7216.866165737597,Uji,7210.011657627311,7017.967635916531
3,2024-01-12,7241.14,7216.129848455277,Uji,7208.866713623491,7013.742813168824
3,2024-01-15,7224.0,7231.720664041727,Uji,7224.315834878771,7022.341775791706
3,2024-01-16,7242.79,7221.999939683763,Uji,7214.425884443012,7014.6105115873215
3,2024-01-17,7200.63,7233.811686745971,Uji,7226.309913550107,7022.777889419855
3,2024-01-18,7252.97,7203.571560595717,Uji,7196.273898980702,7005.44939015752
3,2024-01-19,7227.4,7237.5344362575715,Uji,7230.334436115115,7027.9166854435825
3,2024-01-22,7247.93,7226.974980107038,Uji,7219.135561875192,7015.33149359709
3,2024-01-23,7256.23,7238.579970029682,Uji,7230.9473089374,7024.601979733767
3,2024-01-24,7227.82,7249.1379464609345,Uji,7241.013480487556,7026.785283113183
3,2024-01-25,7178.04,7227.931237482517,Uji,7220.025590602843,7015.329341278136
3,2024-01-26,7137.09,7182.610036618196,Uji,7175.888434203349,6997.433705971299
3,2024-01-29,7157.17,7140.3090324867535,Uji,7135.053652519659,6982.333932986315
3,2024-01-30,7192.22,7148.630301124531,Uji,7143.874214314896,6993.046562502441
3,2024-01-31,7207.94,7180.555379136287,Uji,7174.964237412296,7006.522948916017
3,2024-02-01,7201.7,7199.823476496424,Uji,7193.372214310253,7010.852248812973
3,2024-02-02,7238.79,7197.806619116152,Uji,7191.144429672444,7007.631572537481
3,2024-02-05,7198.62,7226.365829002945,Uji,7219.332319699613,7022.354600025476
3,2024-02-06,7247.41,7201.199391228045,Uji,7194.002664403999,7004.871402838288
3,2024-02-07,7235.15,7232.6934673691685,Uji,7225.60399777302,7025.858934003176
3,2024-02-12,7297.67,7232.133505721181,Uji,7224.295925928443,7018.623599957884
3,2024-02-13,7209.74,7279.942787296867,Uji,7271.5116607124555,7043.529427779381
3,2024-02-15,7303.28,7221.307072340338,Uji,7212.866708720413,7006.206019949972
3,2024-02-16,7335.54,7279.612854737139,Uji,7271.581655918454,7046.996589415137
3,2024-02-19,7296.7,7323.260986334187,Uji,7313.062088448505,7054.785472991532
3,2024-02-20,7352.6,7298.243327607014,Uji,7287.953763285375,7038.063748314444
3,2024-02-21,7349.02,7335.692152855499,Uji,7325.391602739197,7061.745534410543
3,2024-02-22,7339.64,7343.444536689623,Uji,7332.149077136619,7057.52133942253
3,2024-02-23,7295.1,7335.24169043432,Uji,7324.13635238896,7054.059424064224
3,2024-02-26,7283.82,7297.739371091821,Uji,7287.394384557105,7037.2344329173
3,2024-02-27,7285.32,7280.22859731803,Uji,7270.862153627967,7035.110811548891
3,2024-02-28,7328.64,7279.287854575014,Uji,7270.112025632357,7036.265216788116
3,2024-02-29,7316.11,7314.314244840245,Uji,7304.540878347853,7053.01572873122
3,2024-03-01,7311.91,7312.498225722413,Uji,7302.082122982243,7045.952849242155
3,2024-03-04,7276.75,7306.748798875312,Uji,7296.621420754888,7044.9566394460835
3,2024-03-05,7247.46,7277.753340840434,Uji,7268.16650865743,7031.512492976847
3,2024-03-06,7329.8,7247.581640496941,Uji,7239.035275168509,7021.917813797654
3,2024-03-07,7373.96,7308.049427283506,Uji,7298.966596455672,7055.385521580046
3,2024-03-08,7381.91,7359.1127012384995,Uji,7347.914365078315,7068.3644532752705
3,2024-03-13,7421.21,7373.880568704713,Uji,7361.754672755109,7069.213856982656
3,2024-03-14,7433.31,7406.908889540547,Uji,7394.118196073881,7084.075933243105
3,2024-03-15,7328.05,7424.081525038596,Uji,7410.399233445042,7086.783729847739
3,2024-03-18,7302.45,7341.965624528035,Uji,7329.441549571855,7045.284733566706
3,2024-03-19,7336.75,7301.431225858429,Uji,7291.205737865665,7040.676842885081
3,2024-03-20,7331.13,7324.073755779367,Uji,7313.874364653926,7055.297545542782
3,2024-03-21,7338.35,7326.085097842318,Uji,7315.3203642715025,7051.375930727785
3,2024-03-22,7350.15,7330.807285628421,Uji,7320.052327172857,7054.4652258670985
3,2024-03-25,7377.76,7341.642597324952,Uji,7330.597972610099,7058.682605178422
3,2024-03-26,7365.66,7366.027563959467,Uji,7354.399929847823,7068.808907139368
3,2024-03-27,7310.09,7361.570739164459,Uji,7349.587613705501,7062.709324902362
3,2024-03-28,7288.81,7314.705787530045,Uji,7303.678784926632,7041.737936129633
3,2024-04-01,7205.06,7287.079159510232,Uji,7277.3677618677375,7036.2891613364845
3,2024-04-02,7236.98,7215.870045621482,Uji,7207.656392931428,7004.837279614865
3,2024-04-03,7166.84,7225.552790517895,Uji,7218.480494633404,7021.481206929744
3,2024-04-04,7254.4,7175.368783695779,Uji,7168.623685132346,6992.517988839207
3,2024-04-05,7286.88,7232.259685419887,Uji,7225.670764500587,7030.1850054217
3,2024-04-16,7164.81,7274.947793083285,Uji,7266.299820364211,7038.362517089311
3,2024-04-17,7130.84,7183.2240304399365,Uji,7175.57536147543,6989.259108902273
3,2024-04-18,7166.81,7132.782507622914,Uji,7127.855804696158,6980.234749406035
3,2024-04-19,7087.32,7155.173574946005,Uji,7150.4072197813575,6997.551859313903
3,2024-04-22,7073.82,7098.260836152505,Uji,7093.869029325913,6961.1420660406875
3,2024-04-23,7110.81,7072.327679590055,Uji,7069.595041637488,6959.028668187313
3,2024-04-24,7174.53,7099.426944626045,Uji,7096.459614227485,6975.817742511685
3,2024-04-25,7155.29,7157.558164987643,Uji,7153.063629770953,7001.874253854214
3,2024-04-26,7036.08,7154.23785428055,Uji,7148.808540037948,6990.445619565901
3,2024-04-29,7155.78,7054.978553937739,Uji,7051.475161599582,6939.322237620106
3,2024-04-30,7234.2,7128.319315550998,Uji,7125.464174777941,6997.242777344046
3,2024-05-01,7234.2,7213.958024110285,Uji,7207.84077492186,7022.899495440783
3,2024-05-02,7117.42,7228.861173790781,Uji,7221.2823206723615,7018.924252011836
3,2024-05-03,7134.72,7135.2071846050785,Uji,7129.16351782091,6971.077125494534
3,2024-05-06,7135.89,7126.88793376632,Uji,7122.793595355228,6984.181878168639
3,2024-05-07,7123.61,7131.114056873397,Uji,7126.68184922643,6983.869971280154
3,2024-05-08,7088.79,7121.488169069365,Uji,7117.195682794525,6978.453839991148
3,2024-05-13,7099.26,7091.229793047975,Uji,7087.623986199567,6963.837890371137
3,2024-05-14,7083.76,7093.009133063625,Uji,7089.914591646861,6970.064011026675
3,2024-05-15,7179.83,7082.5683683354355,Uji,7079.482525874445,6962.800024235301
3,2024-05-16,7246.7,7156.668001740058,Uji,7152.607965912301,7005.431588686167
3,2024-05-17,7317.24,7228.55321282038,Uji,7221.823315009562,7026.5356589544435
3,2024-05-20,7266.69,7297.832324366667,Uji,7288.928674091793,7050.54540465123
3,2024-05-21,7186.04,7270.6983980275145,Uji,7261.1445232285,7027.334797046246
3,2024-05-22,7222.38,7196.412813233222,Uji,7188.861447021448,6998.570713298975
3,2024-05-27,7176.42,7210.229400561538,Uji,7203.703614331569,7016.774354416192
3,2024-05-28,7253.63,7180.277012551509,Uji,7173.678092317066,6997.080232423005
3,2024-05-29,7140.23,7233.462786875456,Uji,7226.705446997969,7029.400305802884
3,2024-05-30,7034.14,7157.192629485209,Uji,7150.486945262629,6980.11031846648
3,2024-05-31,6970.74,7050.560695083802,Uji,7047.363514956896,6939.191461823632
3,2024-06-03,7036.19,6979.554123376663,Uji,6979.167916644271,6916.560321257161
3,2024-06-04,7099.31,7019.994313252033,Uji,7019.929384963573,6948.14560191398
3,2024-06-05,6947.67,7083.052953980038,Uji,7080.938255767295,6972.586977241093
3,2024-06-06,6974.9,6973.437726147825,Uji,6972.140057178194,6903.39081965451
3,2024-06-07,6897.95,6966.457217698747,Uji,6967.628079209977,6922.487897337723
3,2024-06-10,6921.55,6909.920506962583,Uji,6911.59552676891,6887.602439124031
3,2024-06-11,6855.69,6914.223216752456,Uji,6917.022173032808,6901.56341118221
3,2024-06-12,6850.1,6865.8904732710525,Uji,6869.115476604442,6871.6916454530165
3,2024-06-13,6831.56,6848.891189128794,Uji,6853.417246850171,6872.383100337129
3,2024-06-14,6734.83,6832.9603071475385,Uji,6837.8343455198765,6864.5557216394345
3,2024-06-19,6726.92,6751.86237503248,Uji,6758.353645689215,6823.212140722905
3,2024-06-20,6819.32,6727.135907123855,Uji,6735.534177214227,6824.35872138593
3,2024-06-21,6879.98,6799.734667987556,Uji,6807.0656232863985,6865.069834409694
3,2024-06-24,6889.17,6865.942196185927,Uji,6870.753346488815,6887.155877780957
3,2024-06-25,6882.7,6884.840296465797,Uji,6888.399962976618,6888.283177253349
3,2024-06-26,6905.64,6881.398065857929,Uji,6884.871505090637,6885.021875957591
3,2024-06-27,6967.95,6898.565701698407,Uji,6901.858121939048,6895.343433603688
3,2024-06-28,7063.58,6952.895994046382,Uji,6954.94163869267,6921.452564660656
3,2024-07-01,7139.63,7041.430019999209,Uji,7041.056951380436,6960.234684241466
3,2024-07-02,7125.14,7120.59370118387,Uji,7117.438311916663,6988.885322843847
3,2024-07-03,7196.75,7123.425928728058,Uji,7119.04358313687,6978.943851273115
3,2024-07-04,7220.89,7178.101242288432,Uji,7173.047552543363,7009.906125272571
3,2024-07-05,7253.37,7211.069881113258,Uji,7204.364017530765,7015.652727201044
3,2024-07-08,7250.98,7241.705451031417,Uji,7234.122696834892,7027.0450411070005
3,2024-07-09,7269.8,7245.961347884031,Uji,7237.804552286357,7024.4702847177405
3,2024-07-10,7287.04,7260.600300412867,Uji,7252.2405142338,7031.901569467846
3,2024-07-11,7300.41,7278.002875319218,Uji,7269.065684740637,7037.644001278344
3,2024-07-12,7327.58,7292.001557799079,Uji,7282.567271221972,7041.963301860157
3,2024-07-15,7278.86,7316.331909340124,Uji,7306.291162057618,7051.839127702778
3,2024-07-16,7224.29,7282.423424571848,Uji,7272.516793664192,7031.537737884583
3,2024-07-17,7224.22,7229.400957448571,Uji,7221.119910271255,7012.81108326143
3,2024-07-18,7321.07,7218.974227633564,Uji,7211.711227321711,7015.550133330882
3,2024-07-19,7294.5,7296.6316891098995,Uji,7288.0967579759135,7053.172623815006
3,2024-07-22,7321.98,7293.72901795993,Uji,7283.738132733202,7037.942680373255
3,2024-07-23,7313.86,7310.717630187372,Uji,7300.860861335495,7049.963471413916
3,2024-07-24,7262.76,7309.428211773733,Uji,7299.165730798939,7045.416473422711
3,2024-07-25,7240.28,7266.904308110569,Uji,7257.465133975837,7025.979553544583
3,2024-07-26,7288.17,7239.164728185624,Uji,7230.973630004614,7019.838090767921
3,2024-07-29,7288.9,7273.298982244229,Uji,7264.8972706855275,7039.579339578215
3,2024-07-30,7241.86,7282.985628218747,Uji,7273.681601778363,7037.435271179739
3,2024-07-31,7255.76,7245.399727156849,Uji,7236.700502342672,7019.126749353469
3,2024-08-01,7325.98,7247.607468324395,Uji,7239.602231853099,7026.910386652412
3,2024-08-02,7308.12,7306.563295885423,Uji,7297.375898228385,7053.480988345211
3,2024-08-05,7059.65,7305.58502208064,Uji,7295.323482745387,7042.984128804271
3,2024-08-06,7129.21,7102.92535972662,Uji,7096.263394482803,6942.344115852167
3,2024-08-07,7212.13,7111.490288806034,Uji,7108.545199036671,6984.523558802661
3,2024-08-08,7195.12,7191.209044081056,Uji,7185.877301631057,7015.673801990807
4,2022-01-05,6662.3,6697.374365290716,Latih,6696.778541957453,6811.775173074631
4,2022-01-06,6653.35,6670.634252868455,Latih,6670.760429654878,6806.540956621794
4,2022-01-07,6701.32,6657.0598736485945,Latih,6657.560450314442,6801.106046682027
4,2022-01-10,6691.12,6703.792316505031,Latih,6703.249782179311,6812.078023217945
4,2022-01-11,6647.97,6694.362217713609,Latih,6694.508213046505,6814.237456178694
4,2022-01-12,6647.06,6658.579431288402,Latih,6658.711516147713,6802.588132660416
4,2022-01-13,6658.36,6649.291119782338,Latih,6649.946198371807,6798.155449072149
4,2022-01-14,6693.4,6660.484674907486,Latih,6660.23526890711,6800.856925096538
4,2022-01-17,6645.05,6695.606390638664,Latih,6695.0727507421525,6810.61098537269
4,2022-01-18,6614.06,6656.748335923265,Latih,6656.843285247843,6802.089475795057
4,2022-01-19,6591.98,6622.895446716702,Latih,6623.4804170364205,6789.722289100911
4,2022-01-20,6626.87,6623.710256585336,Latih,6624.397842503644,6781.248160457933
4,2022-01-21,6726.37,6669.974455577445,Latih,6669.1251022279375,6787.709976204659
4,2022-01-24,6655.17,6735.7704785171345,Latih,6733.504764884134,6815.681068579584
4,2022-01-25,6568.17,6671.218111384523,Latih,6670.943625162256,6807.803526018885
4,2022-01-26,6600.82,6589.007970397437,Latih,6589.322626990566,6779.378003293598
4,2022-01-27,6611.16,6656.985324628215,Latih,6654.131712494949,6778.955763537312
4,2022-01-28,6645.51,6647.74101339803,Latih,6647.333666639486,6784.6929547906175
4,2022-01-31,6631.15,6671.8629575020195,Latih,6670.94068405376,6794.183026339438
4,2022-02-02,6707.65,6636.356072909542,Latih,6636.990175901064,6793.987038626101
4,2022-02-03,6683.85,6714.439620519,Latih,6712.605454765873,6811.476097892551
4,2022-02-04,6731.39,6689.933166879132,Latih,6689.978724972918,6813.059616562156
4,2022-02-07,6804.94,6733.251855409462,Latih,6732.313118217607,6822.477265738278
4,2022-02-08,6789.52,6806.193970459131,Latih,6804.484300859001,6845.274411760601
4,2022-02-09,6834.61,6791.934080256846,Latih,6791.132366400983,6850.925502870712
4,2022-02-10,6823.64,6834.34434763673,Latih,6832.038596144349,6858.2693279672
4,2022-02-11,6815.61,6824.522725896865,Latih,6823.468632612258,6872.818674957191
4,2022-02-14,6734.49,6816.0606073189065,Latih,6815.114488267927,6865.805520951186
4,2022-02-15,6807.5,6751.00589885535,Latih,6749.897883093676,6842.9253257817345
4,2022-02-16,6850.2,6808.685496584801,Latih,6806.938439354924,6846.208818089398
4,2022-02-17,6835.12,6849.546918055447,Latih,6847.019943492445,6866.43211280409
4,2022-02-18,6892.82,6836.60195544544,Latih,6835.394640104206,6882.801508226431
4,2022-02-21,6902.96,6891.812340689935,Latih,6888.838033220805,6889.373457174338
4,2022-02-22,6861.99,6900.195210937896,Latih,6896.740345732608,6918.691073049944
4,2022-02-23,6920.06,6868.108350726997,Latih,6866.34409932438,6913.759784308116
4,2022-02-24,6817.82,6918.524147366922,Latih,6915.196570751707,6908.3373110556995
4,2022-02-25,6888.17,6836.9537249493915,Latih,6834.83959152344,6911.3216247576875
4,2022-03-01,6921.44,6887.668441636003,Latih,6884.847485502995,6880.203610932863
4,2022-03-02,6868.4,6919.065388897698,Latih,6915.538256455104,6920.879800744097
4,2022-03-04,6928.33,6876.795855175293,Latih,6874.826876765525,6923.895400083702
4,2022-03-07,6869.07,6926.690939868134,Latih,6923.268885798496,6913.2791231483625
4,2022-03-08,6814.18,6878.689386072195,Latih,6876.638599598444,6927.268689928096
4,2022-03-09,6864.44,6823.971555700928,Latih,6822.467233649521,6886.668361324108
4,2022-03-10,6924.01,6863.751812760864,Latih,6861.094033205543,6872.908007087743
4,2022-03-11,6922.6,6922.444884157818,Latih,6919.076610357802,6910.412246938983
4,2022-03-14,6952.2,6919.706304918568,Latih,6917.879637376111,6937.87832189743
4,2022-03-15,6918.19,6949.0952313632215,Latih,6945.139227126285,6944.201795657321
4,2022-03-16,6992.4,6921.859454895895,Latih,6919.675096848648,6949.9931808746305
4,2022-03-17,6964.38,6989.957402654935,Latih,6985.802437276293,6951.625412057682
4,2022-03-18,6954.96,6965.983166837143,Latih,6963.456761103915,6979.647078570772
4,2022-03-21,6955.18,6953.044823337242,Latih,6950.829722626254,6964.349591147349
4,2022-03-22,7000.82,6951.344591140195,Latih,6949.245092152997,6960.005593292162
4,2022-03-23,6996.12,6997.275578699758,Latih,6992.80149981742,6970.872905149507
4,2022-03-24,7049.69,6992.486290554453,Latih,6989.959005720664,6991.062483772089
4,2022-03-25,7002.53,7045.435784291084,Latih,7040.38090435272,7001.504233390143
4,2022-03-28,7049.6,7007.214094958356,Latih,7004.1116456544905,7015.379801511816
4,2022-03-29,7011.69,7045.134873340186,Latih,7040.033711342866,7004.474248780063
4,2022-03-30,7053.19,7014.3618547738115,Latih,7011.289915430597,7017.498227016978
4,2022-03-31,7071.44,7048.471473664101,Latih,7043.282608457859,7009.59557837849
4,2022-04-01,7078.76,7065.598834761438,Latih,7060.001291217861,7033.266188376004
4,2022-04-04,7116.22,7072.416001054107,Latih,7068.047026400624,7043.509106131847
4,2022-04-05,7148.3,7110.1190727675585,Latih,7104.076911187234,7055.760354975519
4,2022-04-06,7104.22,7141.386818102665,Latih,7134.885869453019,7074.045026105701
4,2022-04-07,7127.37,7106.363865441146,Latih,7102.385418284001,7085.381234688819
4,2022-04-08,7210.83,7120.579800615375,Latih,7114.287095375124,7069.846907231866
4,2022-04-11,7203.79,7204.357618686035,Latih,7197.415361554696,7077.46932963854
4,2022-04-12,7214.78,7196.684001599623,Latih,7192.262177488877,7108.355131635729
4,2022-04-13,7262.78,7205.858191632106,Latih,7199.581258490159,7105.634884228769
4,2022-04-14,7235.53,7254.116985765775,Latih,7246.236366353114,7109.160749732318
4,2022-04-18,7275.29,7231.839129616099,Latih,7226.885915072041,7127.180656458204
4,2022-04-19,7199.23,7266.109261926494,Latih,7258.004833853325,7116.681972150866
4,2022-04-20,7227.36,7205.928829947784,Latih,7200.706920902802,7132.200062103337
4,2022-04-21,7276.19,7218.749529107885,Latih,7211.186316709593,7103.812457053724
4,2022-04-22,7225.61,7267.288290914378,Latih,7259.238367076,7113.656159731213
4,2022-04-25,7215.98,7226.744328169899,Latih,7221.595798165874,7132.240500729149
4,2022-04-26,7232.15,7209.157714597061,Latih,7204.594924125745,7113.676120485131
4,2022-04-27,7196.76,7223.053191760854,Latih,7215.499494333342,7109.942528690162
4,2022-04-28,7228.91,7195.4221303118,Latih,7190.7180632091295,7116.3029246736205
4,2022-05-09,6909.75,7220.400273114518,Latih,7212.846368839815,7102.88360974318
4,2022-05-10,6819.79,6970.255414573001,Latih,6964.671626367615,7077.130565651714
4,2022-05-11,6816.2,6836.44563068095,Latih,6834.463465762765,6906.975041312615
4,2022-05-12,6599.84,6815.75692978683,Latih,6814.859652528791,6864.14805441085
4,2022-05-13,6597.99,6645.788912426242,Latih,6644.242438795724,6811.442097385554
4,2022-05-17,6644.47,6636.485313619979,Latih,6636.961908939637,6781.345417421485
4,2022-05-18,6793.41,6681.746064569367,Latih,6680.643737105442,6792.641885488059
4,2022-05-19,6823.33,6797.359216666844,Latih,6796.351948415067,6833.950975991518
4,2022-05-20,6918.14,6822.791751036078,Latih,6820.522456361085,6855.863436578546
4,2022-05-23,6840.77,6917.844266506474,Latih,6914.810619749467,6889.843569127359
4,2022-05-24,6914.14,6854.525445524488,Latih,6852.5082458633515,6915.838624432127
4,2022-05-25,6883.5,6913.222136747281,Latih,6910.083902879397,6897.038593525925
4,2022-05-27,7026.26,6887.157373939193,Latih,6885.325716208256,6924.050302773755
4,2022-05-30,7037.56,7025.388619959407,Latih,7021.292683597856,6943.423377966328
4,2022-05-31,7148.97,7032.163434289748,Latih,7027.255829551274,7012.708214906505
4,2022-06-02,7148.72,7144.6389730609135,Latih,7138.709853470392,7044.2586169279175
4,2022-06-03,7182.96,7141.308526440926,Latih,7137.464426534242,7086.129607825339
4,2022-06-06,7096.58,7175.430039044689,Latih,7168.49186714537,7085.65856505996
4,2022-06-07,7141.04,7107.276164976421,Latih,7102.850721039834,7099.253182984652
4,2022-06-08,7193.31,7134.675867842501,Latih,7128.360409411257,7066.875547335206
4,2022-06-09,7182.83,7186.164580861402,Latih,7179.223202830624,7082.7091826773285
4,2022-06-10,7086.65,7176.805262593101,Latih,7172.5298862934815,7102.119774779143
4,2022-06-13,6995.44,7099.482266248526,Latih,7095.026622622074,7097.350757658543
4,2022-06-14,7049.88,7009.013820654205,Latih,7005.438208401254,7030.955084712559
4,2022-06-15,7007.05,7045.650491675194,Latih,7040.599541833455,7001.231712216189
4,2022-06-16,7050.33,7010.787742162995,Latih,7007.697548555187,7016.534525954776
4,2022-06-17,6936.97,7045.726404594238,Latih,7040.587906678969,7006.755721583418
4,2022-06-20,6976.38,6956.054811946795,Latih,6952.73470768635,7000.215471967509
4,2022-06-21,7044.07,6973.116576628732,Latih,6968.916311715292,6956.610713772223
4,2022-06-22,6984.31,7040.389281663949,Latih,7035.511152650172,6990.966946225812
4,2022-06-23,6998.27,6991.84387489145,Latih,6988.751586955835,7008.459832165292
4,2022-06-24,7042.94,6993.739784531047,Latih,6989.067132345487,6983.865132342625
4,2022-06-27,7016.06,7038.528536046798,Latih,7033.496771282012,7000.915494573166
4,2022-06-28,6996.46,7016.456803122811,Latih,7013.479910063796,7015.421067526392
4,2022-06-29,6942.35,6995.781392160704,Latih,6993.069341073681,6998.254508886387
4,2022-06-30,6911.58,6949.556371319338,Latih,6946.909968359514,6976.3456939810985
4,2022-07-01,6794.33,6914.7308025896955,Latih,6912.64526578788,6943.837589466019
4,2022-07-04,6639.17,6816.892443296938,Latih,6814.806441088944,6901.824029142299
4,2022-07-05,6703.27,6672.209226163489,Latih,6671.055251541597,6810.512732957033
4,2022-07-06,6646.41,6706.231381011919,Latih,6705.78138494821,6811.176686583785
4,2022-07-07,6652.59,6659.773993207525,Latih,6659.753011145603,6803.38777804437
4,2022-07-08,6740.22,6654.661622678052,Latih,6654.450153745273,6799.368788837817
4,2022-07-11,6722.15,6743.218321894726,Latih,6742.457576710602,6821.609128078251
4,2022-07-12,6718.29,6726.368136033136,Latih,6726.139414751846,6825.69291216734
4,2022-07-13,6640.99,6719.7569378307635,Latih,6719.736097976285,6822.977629092961
4,2022-07-14,6690.09,6658.5193615713815,Latih,6658.297983365367,6803.51423924568
4,2022-07-15,6651.9,6692.822046458437,Latih,6692.434531174316,6808.099757052091
4,2022-07-18,6659.25,6661.449080542932,Latih,6661.606297335933,6803.458080233363
4,2022-07-19,6736.09,6661.2277863685895,Latih,6660.937838318806,6801.548673814562
4,2022-07-20,6874.74,6738.817234214862,Latih,6738.031499304493,6821.23881989482
4,2022-07-21,6864.13,6876.739411748087,Latih,6874.593811693227,6862.967810195719
4,2022-07-22,6886.96,6864.1734449035275,Latih,6862.7600063366035,6901.095487480202
4,2022-07-25,6858.41,6884.927690501249,Latih,6881.77487390641,6901.52898748044
4,2022-07-26,6871.54,6862.127674474154,Latih,6860.546922385726,6905.4488968825735
4,2022-07-27,6898.22,6869.496191954052,Latih,6866.473921792542,6895.2227337491895
4,2022-07-28,6956.82,6896.090354291238,Latih,6892.818497138061,6907.642666477004
4,2022-07-29,6951.12,6954.5723639858215,Latih,6950.768185586973,6933.914431611342
4,2022-08-01,6968.78,6948.538217734143,Latih,6946.403037606522,6959.915976746724
4,2022-08-02,6988.16,6964.955730984257,Latih,6960.695635520861,6961.4213330340845
4,2022-08-03,7046.63,6984.007598345328,Latih,6979.50683617537,6974.233422179866
4,2022-08-04,7057.35,7042.596806596573,Latih,7037.617839577252,6997.067955831935
4,2022-08-05,7084.65,7051.541913365181,Latih,7046.601006228979,7026.881642983013
4,2022-08-08,7086.85,7078.842846697628,Latih,7073.13898369795,7038.323136786277
4,2022-08-09,7102.88,7080.178045314609,Latih,7076.8662666535965,7051.581731449422
4,2022-08-10,7086.24,7096.342532738508,Latih,7090.317901457609,7056.389222147522
4,2022-08-11,7160.38,7083.270876224101,Latih,7079.78824178344,7059.94497707015
4,2022-08-12,7129.28,7154.603267650672,Latih,7148.2523349261955,7062.844767838774
4,2022-08-15,7093.28,7128.368786722487,Latih,7124.323321075504,7090.556447980464
4,2022-08-16,7133.45,7094.0253270829335,Latih,7090.243591604293,7073.925106446802
4,2022-08-18,7186.56,7127.096055957144,Latih,7120.8483916927025,7065.7413524759395
4,2022-08-19,7172.43,7179.576084138226,Latih,7172.728925002883,7079.982057601273
4,2022-08-22,7107.98,7167.327834578822,Latih,7163.101429351637,7099.743152267994
4,2022-08-23,7163.27,7114.101294885937,Latih,7109.840708160464,7095.2400889230385
4,2022-08-24,7194.71,7156.81927331812,Latih,7150.292572193213,7070.837808699666
4,2022-08-25,7174.21,7186.855347055269,Latih,7179.743216668438,7090.899555758298
4,2022-08-26,7135.25,7170.340150219272,Latih,7166.020146638224,7102.731887328687
4,2022-08-29,7132.04,7135.787878340549,Latih,7131.592965598172,7095.595555820526
4,2022-08-30,7159.47,7125.533170294826,Latih,7121.802836343114,7081.249565475046
4,2022-08-31,7178.59,7152.183155517646,Latih,7145.502249811954,7079.7611965132355
4,2022-09-01,7153.1,7170.652075783084,Latih,7163.6603821731305,7089.6751238120205
4,2022-09-02,7177.18,7150.622234903642,Latih,7146.431097122498,7097.014941244187
4,2022-09-05,7231.88,7169.432194475005,Latih,7162.495418794224,7087.339301909268
4,2022-09-06,7233.15,7224.049057561235,Latih,7216.621278361157,7095.62306649691
4,2022-09-07,7186.76,7223.835694683867,Latih,7219.251495528297,7115.80069969422
4,2022-09-08,7232.02,7187.798156551195,Latih,7183.04982414968,7116.782655021016
4,2022-09-09,7242.66,7223.877426104622,Latih,7216.3788017416755,7099.157826429667
4,2022-09-12,7254.46,7233.173759403306,Latih,7226.7475343013575,7115.747229695384
4,2022-09-13,7318.02,7244.777628251392,Latih,7238.001417702514,7119.544271866147
4,2022-09-14,7278.08,7308.770460804787,Latih,7300.281607227411,7123.197038121288
4,2022-09-15,7305.6,7276.104635306679,Latih,7270.6145488787515,7147.101023461886
4,2022-09-16,7168.87,7295.417698958005,Latih,7286.827541968906,7132.05340744502
4,2022-09-19,7195.49,7188.203059927297,Latih,7182.51455533154,7143.724346494741
4,2022-09-20,7196.95,7187.462133289648,Latih,7180.304548232626,7092.958047289909
4,2022-09-21,7188.31,7188.284247449708,Latih,7184.0275908208605,7102.768292434277
4,2022-09-22,7218.91,7181.815566961836,Latih,7177.5133522392025,7103.402796192231
4,2022-09-23,7178.58,7210.547882855013,Latih,7203.1132776976365,7099.875017352166
4,2022-09-26,7127.5,7178.568634895157,Latih,7173.967681117128,7111.616646429364
4,2022-09-27,7112.45,7130.59373853094,Latih,7126.320844397609,7097.294391799034
4,2022-09-28,7077.03,7108.667884588304,Latih,7104.969094833198,7077.6158808732625
4,2022-09-29,7036.2,7077.968089927494,Latih,7074.3394213700885,7062.23855043417
4,2022-09-30,7040.8,7038.9875299633095,Latih,7035.659824068601,7036.079517018849
4,2022-10-03,7009.72,7035.1199011886665,Latih,7031.655365877205,7018.110960108094
4,2022-10-04,7072.26,7011.071743356041,Latih,7008.100642018369,7012.927007522635
4,2022-10-05,7075.38,7067.851607517062,Latih,7062.567437467633,7013.174086492113
4,2022-10-06,7076.62,7068.965686487018,Latih,7065.545106203614,7043.09458436137
4,2022-10-07,7026.78,7070.279476419745,Latih,7067.10121762043,7044.843011953886
4,2022-10-10,6994.4,7031.53694586044,Latih,7028.183952896648,7033.666385978514
4,2022-10-11,6939.15,6996.300552753855,Latih,6993.451232699801,7002.771172434142
4,2022-10-12,6909.21,6946.643730168982,Latih,6944.0120909274065,6974.629612118053
4,2022-10-13,6880.63,6912.24075025026,Latih,6910.186680077354,6941.785303350134
4,2022-10-14,6814.53,6883.9323159629475,Latih,6882.151594352758,6921.072789173167
4,2022-10-17,6831.12,6826.542976554066,Latih,6824.8988775134385,6892.145442234912
4,2022-10-18,6834.49,6829.991119225651,Latih,6827.5224238586725,6865.2124641991
4,2022-10-19,6860.42,6832.861744540364,Latih,6831.339995613129,6873.749125333464
4,2022-10-20,6980.65,6859.015555064116,Latih,6856.232296831641,6881.437609561718
4,2022-10-21,7017.77,6979.946024473357,Latih,6976.281467928337,6921.895420451206
4,2022-10-24,7053.04,7013.61079262381,Latih,7008.852686692528,6986.756442376423
4,2022-10-25,7048.38,7048.120660828407,Latih,7042.888047441299,7012.397427002243
4,2022-10-26,7043.94,7043.747549231108,Latih,7040.751109112556,7027.75722714191
4,2022-10-27,7091.76,7039.348012905176,Latih,7036.394131596143,7024.53542700892
4,2022-10-28,7056.04,7086.483264809907,Latih,7080.8364916349055,7033.742298897559
4,2022-10-31,7098.89,7057.435765509662,Latih,7053.991966629084,7047.632811728771
4,2022-11-01,7052.3,7093.309273819985,Latih,7087.532910879911,7041.070532887037
4,2022-11-02,7015.69,7055.927228946743,Latih,7052.384505397137,7050.077952371892
4,2022-11-03,7034.57,7018.027652401976,Latih,7014.935597169451,7019.701666717581
4,2022-11-04,7045.53,7029.4807296479285,Latih,7024.369690697246,7007.070491296104
4,2022-11-07,7102.4,7039.964158974941,Latih,7035.0665863252225,7018.465961599402
4,2022-11-08,7050.13,7097.208343367638,Latih,7091.488708269657,7036.9938333142345
4,2022-11-09,7070.08,7054.927277914342,Latih,7051.334859327134,7051.204080190714
4,2022-11-10,6966.84,7064.321398222504,Latih,7058.7542095041845,7031.5174505127015
4,2022-11-11,7089.21,6983.347161120821,Latih,6979.881901844192,7016.477022435717
4,2022-11-14,7019.39,7086.422865430177,Latih,7081.354954118789,6997.161786888888
4,2022-11-15,7035.5,7028.258314461761,Latih,7024.728260302597,7037.798572310264
4,2022-11-16,7014.38,7030.301602724844,Latih,7025.158140476995,7009.016457955889
4,2022-11-17,7044.99,7013.663745504669,Latih,7010.7721769118825,7011.552869921974
4,2022-11-18,7082.18,7040.0778215063165,Latih,7034.916415264661,7008.916809321693
4,2022-11-21,7063.25,7076.745519605934,Latih,7071.146114437638,7031.972721179777
4,2022-11-22,7030.59,7061.1718394709205,Latih,7057.867972714957,7044.862817572411
4,2022-11-23,7054.12,7031.860092884356,Latih,7028.682247779423,7028.3258500695765
4,2022-11-24,7080.52,7048.795137805994,Latih,7043.462617225702,7018.6346971953435
4,2022-11-25,7053.15,7074.765423159658,Latih,7069.108824743091,7035.8417978847565
4,2022-11-28,7017.36,7052.940872628745,Latih,7049.624905312117,7041.705967457349
4,2022-11-29,7012.07,7019.502938278966,Latih,7016.405970425658,7020.492184969239
4,2022-11-30,7081.31,7008.251175061515,Latih,7005.573331328681,7002.542916559031
4,2022-12-01,7020.8,7076.94130047208,Latih,7071.587940037309,7016.405298172287
4,2022-12-02,7019.64,7027.791098369413,Latih,7024.361830503994,7034.444545110518
4,2022-12-05,6987.33,7014.856788389735,Latih,7012.161207510284,7005.933659135154
4,2022-12-06,6892.57,6989.350668132354,Latih,6986.565858545948,6997.771727542927
4,2022-12-07,6818.75,6908.799821374456,Latih,6906.105171307365,6960.344021152303
4,2022-12-08,6804.23,6832.217363829047,Latih,6830.441244568855,6898.712633697429
4,2022-12-09,6715.12,6806.1862912571705,Latih,6805.263416659263,6860.839507737193
4,2022-12-12,6734.45,6733.591201154013,Latih,6732.559873988349,6833.0461746669125
4,2022-12-13,6810.32,6735.328187511284,Latih,6734.143069459219,6826.282297381788
4,2022-12-14,6801.75,6811.5431680941865,Latih,6809.780157774715,6846.901239060791
4,2022-12-15,6751.86,6802.570679928687,Latih,6801.74259305599,6856.320672293935
4,2022-12-16,6812.19,6761.839300701343,Latih,6760.955882205091,6840.554365712435
4,2022-12-19,6779.7,6812.867662369041,Latih,6810.966478126077,6849.060801301035
4,2022-12-20,6768.32,6785.693086814309,Latih,6784.771530867244,6851.992601672444
4,2022-12-21,6820.66,6770.333066899502,Latih,6769.771076009893,6840.943341854842
4,2022-12-22,6824.43,6820.908252227931,Latih,6818.837892838746,6852.757393304739
4,2022-12-23,6800.67,6823.014396181136,Latih,6821.486519405871,6866.4951753414025
4,2022-12-26,6835.81,6804.530350214866,Latih,6803.526805212525,6862.650429037248
4,2022-12-27,6923.03,6835.195006709129,Latih,6832.80075047496,6859.850829876695
4,2022-12-28,6850.52,6922.38895784859,Latih,6919.235830982964,6896.820783433952
4,2022-12-29,6860.08,6863.1246779340845,Latih,6861.0790367842055,6920.420212141912
4,2022-12-30,6850.62,6858.146693438921,Latih,6855.248117897544,6888.837878085412
4,2023-01-02,6850.98,6850.691041579876,Latih,6849.412958643469,6891.067871794142
4,2023-01-03,6888.76,6849.092423065337,Latih,6847.930795097383,6886.7382239628205
4,2023-01-04,6813.24,6887.181135510244,Latih,6884.114160499609,6895.81703158442
4,2023-01-05,6653.84,6827.149711076647,Latih,6825.4023952877815,6895.635083624163
4,2023-01-06,6684.56,6687.443812648966,Latih,6686.106364568784,6822.797258342534
4,2023-01-09,6688.27,6686.800375677957,Latih,6686.350651101186,6807.987413171558
4,2023-01-10,6622.5,6689.553111021831,Latih,6689.142648627474,6811.899307245044
4,2023-01-11,6584.45,6638.088243605652,Latih,6638.173509896107,6796.0211221891905
4,2023-01-12,6629.93,6613.274078913485,Latih,6614.128952497398,6780.211920671488
4,2023-01-13,6641.83,6678.200600294484,Latih,6675.0736783823495,6787.73122975352
4,2023-01-16,6688.06,6652.869569720188,Latih,6652.304993240694,6795.104814989593
4,2023-01-17,6767.34,6690.738397137239,Latih,6690.356427943422,6807.680426084427
4,2023-01-18,6765.79,6769.5272419557205,Latih,6768.350901981317,6831.764652895958
4,2023-01-19,6819.91,6765.897228891575,Latih,6765.477768644415,6839.113261333735
4,2023-01-20,6874.93,6820.231344795852,Latih,6818.183842021256,6852.32547051433
4,2023-01-24,6860.85,6874.189503002798,Latih,6871.429411655699,6878.056123397386
4,2023-01-25,6829.93,6861.645358536874,Latih,6860.219069588218,6900.410538863578
4,2023-01-26,6864.82,6834.658677799136,Latih,6833.304940502674,6886.547278149761
4,2023-01-27,6898.98,6863.621421462928,Latih,6860.846204414997,6880.347447298205
4,2023-01-30,6872.48,6897.080040531792,Latih,6893.852965795435,6904.685992730895
4,2023-01-31,6839.34,6875.523382968938,Latih,6873.84127575699,6914.376654343049
4,2023-02-01,6862.26,6844.331524696978,Latih,6842.866141629251,6894.193875821867
4,2023-02-02,6890.57,6860.72059645835,Latih,6857.891263014111,6884.134871074594
4,2023-02-03,6911.73,6888.645432630218,Latih,6885.485453951395,6901.507785643378
4,2023-02-06,6873.79,6909.151797725598,Latih,6905.66298372511,6919.709562761825
4,2023-02-07,6935.3,6879.082421590721,Latih,6877.249005658662,6920.635488355797
4,2023-02-08,6940.12,6933.5744265413705,Latih,6930.072813870949,6917.438328894417
4,2023-02-09,6897.37,6936.444095187826,Latih,6933.7476869196125,6947.279113027497
4,2023-02-10,6880.33,6903.171328319946,Latih,6901.06748554174,6939.445370359464
4,2023-02-13,6900.14,6881.3443473345405,Latih,6879.706919115818,6915.47682283942
4,2023-02-14,6941.85,6897.747536416688,Latih,6894.400309318342,6912.197415763776
4,2023-02-15,6914.54,6939.346678393526,Latih,6935.6146120965905,6931.279560382408
4,2023-02-16,6895.66,6916.946963392536,Latih,6914.877043553631,6944.302400959774
4,2023-02-17,6895.71,6896.749395297208,Latih,6894.951867352762,6927.105047944229
4,2023-02-20,6894.72,6893.03591939155,Latih,6891.468689938225,6918.306388986747
4,2023-02-21,6873.4,6892.271463885941,Latih,6890.700330191888,6918.096206384937
4,2023-02-22,6809.97,6875.396404649651,Latih,6873.769163655078,6912.605680406729
4,2023-02-23,6839.45,6821.538774177461,Latih,6819.968157601385,6887.696004024185
4,2023-02-24,6856.58,6838.57765638891,Latih,6836.094404150875,6865.0492617655145
4,2023-02-27,6854.78,6854.9638064337105,Latih,6852.166301600966,6882.846523346341
4,2023-02-28,6843.24,6853.249715474877,Latih,6852.027584703597,6890.415760169067
4,2023-03-01,6844.94,6843.864360316427,Latih,6842.627284835608,6886.853954966105
4,2023-03-02,6857.42,6843.04984779063,Latih,6841.809566178354,6881.869713343418
4,2023-03-03,6813.64,6855.635025568042,Latih,6852.792479759488,6885.606562981642
4,2023-03-06,6807.0,6821.2335711473515,Latih,6819.869491491347,6881.104482160843
4,2023-03-07,6766.76,6807.3375768655815,Latih,6806.485805989531,6859.10822260562
4,2023-03-08,6776.37,6774.53880033555,Latih,6773.639092623019,6846.518623469504
4,2023-03-09,6799.79,6776.0986996415495,Latih,6774.294552586996,6841.669116935762
4,2023-03-10,6765.3,6799.506031948951,Latih,6797.496795904663,6848.389168472322
4,2023-03-13,6786.96,6771.963630377078,Latih,6771.14711401912,6842.809698202046
4,2023-03-14,6641.81,6786.87289147916,Latih,6785.018506413127,6844.1416389757715
4,2023-03-15,6628.14,6672.809574279052,Latih,6671.75389732064,6810.413368737725
4,2023-03-16,6565.73,6633.266002117254,Latih,6633.935547082134,6792.882991744902
4,2023-03-17,6678.24,6596.44291652948,Latih,6597.5549011716275,6776.139564889693
4,2023-03-20,6612.49,6707.80798322858,Latih,6703.141277899757,6797.834422231939
4,2023-03-21,6691.61,6628.264055667824,Latih,6628.439494405545,6792.571324740078
4,2023-03-24,6762.25,6714.5937733879855,Latih,6712.789522909837,6805.695753144053
4,2023-03-27,6708.93,6764.255495665692,Latih,6763.082478174291,6830.85400813821
4,2023-03-28,6760.33,6720.404990079718,Latih,6719.865467966217,6824.576971572667
4,2023-03-29,6839.44,6761.744099281751,Latih,6760.455389570914,6832.068950969608
4,2023-03-30,6808.95,6840.191581595572,Latih,6838.071682304175,6856.615377829108
4,2023-03-31,6805.28,6813.990997750788,Latih,6812.830998704461,6871.607843213713
4,2023-04-03,6827.17,6805.059827311662,Latih,6804.259742377428,6856.513919281993
4,2023-04-04,6833.18,6826.292924156219,Latih,6823.914621011644,6859.96428556088
4,2023-04-05,6819.67,6831.664125161202,Latih,6829.574089432985,6871.596880312597
4,2023-04-06,6792.77,6821.132784853607,Latih,6820.083474910289,6871.215014542377
4,2023-04-10,6771.23,6797.404154219058,Latih,6796.433368640568,6858.565843415294
4,2023-04-11,6811.31,6775.207291672552,Latih,6774.495297785723,6842.936443818244
4,2023-04-12,6798.96,6811.342552174954,Latih,6809.30471950653,6850.7324368739455
4,2023-04-13,6785.6,6800.584946896461,Latih,6799.735761610296,6856.124607012901
4,2023-04-14,6818.57,6787.678974981929,Latih,6786.937582938101,6847.210346331629
4,2023-04-17,6787.58,6818.225961280494,Latih,6816.041163682967,6853.926467771564
4,2023-04-18,6821.81,6793.125520076182,Latih,6792.151476654436,6856.828430435691
4,2023-04-26,6910.15,6821.442900504499,Latih,6819.225007356435,6854.919566990767
4,2023-04-27,6945.48,6909.801091057698,Latih,6906.82448241357,6887.24975706581
4,2023-04-28,6915.72,6942.6959739637805,Latih,6938.869766339107,6936.806956872387
4,2023-05-02,6863.3,6918.591527839344,Latih,6916.481143518727,6946.274663068696
4,2023-05-03,6812.72,6871.669276829397,Latih,6869.753742562567,6920.023246526759
4,2023-05-04,6844.03,6821.682558831006,Latih,6820.243884906798,6883.631430867947
4,2023-05-05,6787.63,6843.126639810236,Latih,6840.596976233753,6867.412801191841
4,2023-05-08,6769.63,6798.225053151873,Latih,6796.940842367437,6868.721264809405
4,2023-05-09,6779.98,6772.933989333236,Latih,6772.279550677264,6842.040123228462
4,2023-05-10,6811.9,6779.661332233274,Latih,6777.815402046168,6842.840389153989
4,2023-05-11,6755.94,6811.653908908991,Latih,6809.54861820045,6851.731431238088
4,2023-05-12,6707.76,6767.048449860238,Latih,6766.054381044828,6846.2532385236345
4,2023-05-15,6711.74,6718.235563814062,Latih,6717.769188038426,6823.672739077836
4,2023-05-16,6676.56,6712.566438214498,Latih,6711.9064405402705,6819.956987853079
4,2023-05-17,6663.11,6685.0432734313745,Latih,6685.015633475496,6811.658433691291
4,2023-05-19,6700.56,6667.529263222527,Latih,6667.887283390027,6804.906631110934
4,2023-05-22,6729.65,6702.703214333371,Latih,6702.0936098060165,6812.842168452768
4,2023-05-23,6736.68,6730.94271679433,Latih,6729.891726217586,6823.67718629244
4,2023-05-24,6745.8,6737.111533495207,Latih,6735.80724560531,6828.2499054289165
4,2023-05-25,6704.23,6746.119017619809,Latih,6744.710827800354,6831.187368242175
4,2023-05-26,6687.0,6713.458712356107,Latih,6713.10460289331,6821.812252019673
4,2023-05-29,6681.1,6691.717624666705,Latih,6691.814959197953,6813.503924328117
4,2023-05-30,6636.42,6683.677538997842,Latih,6683.965961549593,6810.366828119782
4,2023-05-31,6633.26,6647.552510967413,Latih,6647.7697199097365,6798.759029175069
4,2023-06-05,6633.44,6640.154808641681,Latih,6640.635553833105,6793.621591351654
4,2023-06-06,6618.92,6642.161568983653,Latih,6642.607693126508,6793.357861183312
4,2023-06-07,6619.75,6631.598341888793,Latih,6632.200480525352,6789.790134979512
4,2023-06-08,6666.33,6640.966192603715,Latih,6641.264375757285,6788.579096388842
4,2023-06-09,6694.02,6684.566115745915,Latih,6683.367126004113,6800.161608264473
4,2023-06-12,6722.37,6695.973621970132,Latih,6695.378083051755,6811.5413064694685
4,2023-06-13,6719.01,6723.782908130008,Latih,6722.821650450247,6821.2418191790875
4,2023-06-14,6699.72,6720.363917984384,Latih,6720.342703219371,6823.1768746495545
4,2023-06-15,6713.79,6704.60587236257,Latih,6704.563817743078,6818.0861067235755
4,2023-06-16,6698.55,6714.9058799430895,Latih,6713.95228853734,6819.6791145080615
4,2023-06-19,6686.06,6702.653079745487,Latih,6702.6708944597995,6817.2881419730475
4,2023-06-20,6660.46,6689.853323863461,Latih,6690.016862423732,6812.717905002861
4,2023-06-21,6702.63,6667.344419401597,Latih,6667.578182583165,6805.178712734608
4,2023-06-22,6652.26,6704.886576928512,Latih,6704.2844835397755,6813.0948322963995
4,2023-06-23,6639.73,6664.22312761144,Latih,6664.228699557643,6804.76985340598
4,2023-06-26,6664.67,6644.409668285557,Latih,6644.98899555535,6796.763884595659
4,2023-06-27,6661.88,6667.1157886159535,Latih,6666.883725459736,6801.700163525966
4,2023-07-03,6696.72,6664.203806791019,Latih,6664.702812711012,6803.443394082812
4,2023-07-04,6681.75,6698.853994958714,Latih,6698.275495077684,6811.774035415082
4,2023-07-05,6718.98,6686.1179480114715,Latih,6686.289980234517,6811.475218791989
4,2023-07-06,6757.33,6720.7506575915395,Latih,6719.8987057241975,6819.2082010221775
4,2023-07-07,6716.46,6758.376652870498,Latih,6757.031654867849,6832.3082731694285
4,2023-07-10,6731.04,6725.3176884302675,Latih,6724.8622367719,6825.95648720029
4,2023-07-11,6796.92,6731.830401513894,Latih,6730.655069919545,6825.57097574833
4,2023-07-12,6808.21,6798.082095887092,Latih,6796.42111294451,6843.259952824744
4,2023-07-13,6810.21,6807.362139969496,Latih,6805.154123774794,6852.472280308041
4,2023-07-14,6869.57,6809.018572273878,Latih,6807.99413570526,6857.331405236158
4,2023-07-17,6867.14,6869.077791798745,Latih,6866.419572693144,6872.265358721649
4,2023-07-18,6830.2,6865.500550624167,Latih,6864.1597412771325,6899.392824828663
4,2023-07-20,6864.19,6836.120104914338,Latih,6834.690583978326,6889.546200434603
4,2023-07-21,6880.8,6862.974455161725,Latih,6860.20091874722,6880.324849242605
4,2023-07-24,6899.4,6878.686438499725,Latih,6875.568579080141,6900.104068894425
4,2023-07-25,6917.71,6896.982615504899,Latih,6893.636267507114,6912.242224036495
4,2023-07-26,6948.28,6914.919886778037,Latih,6911.332096396724,6925.240579077643
4,2023-07-27,6896.66,6945.284692413255,Latih,6941.3869932282405,6940.995276360555
4,2023-07-28,6900.23,6904.2377807242065,Latih,6902.032194983998,6943.085803350849
4,2023-07-31,6931.36,6897.304340454378,Latih,6895.205617144145,6919.839126670998
4,2023-08-01,6886.5,6928.718611168307,Latih,6925.046194430035,6928.847399400514
4,2023-08-02,6854.51,6892.926781642474,Latih,6890.894921686687,6932.793681819481
4,2023-08-03,6898.08,6858.985303662453,Latih,6857.397725616727,6904.31439175252
4,2023-08-04,6852.84,6896.50567759458,Latih,6893.359299118556,6899.662527709642
4,2023-08-07,6886.37,6859.9804972094635,Latih,6858.246419640813,6909.324385850469
4,2023-08-08,6868.81,6884.699538049735,Latih,6881.632666462696,6896.121303802171
4,2023-08-09,6875.11,6870.146079971825,Latih,6868.605895788704,6907.626532396118
4,2023-08-10,6893.28,6872.771979203855,Latih,6870.2782553267825,6900.917986734548
4,2023-08-11,6879.98,6890.969877937474,Latih,6887.700321959294,6908.143495237867
4,2023-08-14,6910.17,6880.257623905576,Latih,6878.668959912097,6913.485685924332
4,2023-08-15,6915.1,6907.918161079327,Latih,6904.515809204618,6914.399769516627
4,2023-08-16,6900.54,6911.923963777463,Latih,6909.4063490498465,6929.650871457499
4,2023-08-18,6859.91,6900.6782249844455,Latih,6898.8894621897125,6928.517348851603
4,2023-08-21,6866.03,6866.000215869581,Latih,6864.2587952256545,6912.139886388819
4,2023-08-22,6916.45,6863.86614754561,Latih,6861.485543226037,6894.623135454693
4,2023-08-23,6921.41,6914.73545665149,Latih,6911.399063174765,6909.3711333156025
4,2023-08-24,6899.39,6918.10972902004,Latih,6915.534455637972,6934.069747995776
4,2023-08-25,6895.44,6901.032786925473,Latih,6899.163457149902,6931.190719513936
4,2023-08-28,6921.73,6893.5661204535145,Latih,6891.9525313735385,6919.983325018923
4,2023-08-29,6957.83,6919.121263495128,Latih,6915.53926483516,6924.340793797415
4,2023-08-30,6966.66,6954.826217200801,Latih,6950.8442019296135,6945.123687731071
4,2023-08-31,6953.26,6962.588856146977,Latih,6958.797838400647,6964.052584437178
4,2023-09-01,6977.65,6952.168101518795,Latih,6949.919801833674,6965.012613961742
4,2023-09-04,6996.75,6973.86996580963,Latih,6969.543187983082,6964.512069615767
4,2023-09-05,6991.71,6992.4180568373695,Latih,6987.802908170868,6980.398683694649
4,2023-09-06,6995.95,6988.227462030101,Latih,6985.735651489545,6988.123081766415
4,2023-09-07,6954.81,6991.14773067062,Latih,6988.125822491695,6986.771154382874
4,2023-09-08,6924.78,6959.202302226469,Latih,6956.602026190207,6979.046497752118
4,2023-09-11,6963.39,6927.533480188292,Latih,6925.338340231222,6952.765476205989
4,2023-09-12,6933.97,6960.358035049484,Latih,6956.321722390697,6947.858388585492
4,2023-09-13,6935.48,6936.427961106939,Latih,6934.157735619588,6958.9369172806
4,2023-09-14,6959.33,6931.7878356421415,Latih,6929.854900355381,6945.5640654004055
4,2023-09-15,6982.79,6955.895668889329,Latih,6951.80441244547,6951.893977279112
4,2023-09-18,6936.08,6978.877555308985,Latih,6974.476855467605,6968.556966432975
4,2023-09-19,6980.32,6941.934466030641,Latih,6939.434536737843,6968.487672624038
4,2023-09-20,7011.68,6977.136419079947,Latih,6972.92002008562,6957.124677329704
4,2023-09-21,6991.47,7007.453003463796,Latih,7002.732388585856,6985.166071893621
4,2023-09-22,7016.84,6991.007203860332,Latih,6988.332566258956,6995.033587853958
4,2023-09-25,6998.38,7012.314791549496,Latih,7007.482841171077,6991.586298427035
4,2023-09-26,6923.8,6997.438367438962,Latih,6994.722980940987,6999.071348443082
4,2023-09-27,6937.83,6935.426691423697,Latih,6932.697446163935,6972.866472519087
4,2023-09-29,6939.89,6934.500817541522,Latih,6930.618709463519,6941.372462213083
4,2023-10-02,6961.46,6936.128394662781,Latih,6934.039057043833,6948.405499405309
4,2023-10-03,6940.89,6957.908809174344,Latih,6953.773003016755,6954.45430595164
4,2023-10-04,6886.58,6941.457734967514,Latih,6939.233222709341,6959.668406515167
4,2023-10-05,6874.83,6894.88358192388,Latih,6892.735784117617,6937.259771229072
4,2023-10-06,6888.52,6874.897178954518,Latih,6873.373723537958,6909.144428794423
4,2023-10-09,6891.46,6886.157784889378,Latih,6882.917652924098,6906.890130540768
4,2023-10-10,6922.19,6888.687732880749,Latih,6886.798209648169,6913.972061237733
4,2023-10-11,6931.75,6919.717397099178,Latih,6916.161926591437,6922.592004222315
4,2023-10-12,6935.15,6928.395205585402,Latih,6924.727287773531,6939.1871216416785
4,2023-10-13,6926.78,6931.526199801607,Latih,6929.181509325546,6944.450270845337
4,2023-10-16,6896.29,6925.190366922062,Latih,6923.241323410313,6944.062742633267
4,2023-10-17,6939.62,6899.675067820587,Latih,6897.73029053215,6932.965468411488
4,2023-10-18,6927.91,6937.213902864499,Latih,6933.522818167252,6928.956976699871
4,2023-10-19,6846.43,6926.962840500515,Latih,6924.9629125798165,6946.4152157348835
4,2023-10-20,6849.17,6860.894994496141,Latih,6858.776879261765,6921.732812703292
4,2023-10-23,6741.96,6847.2299709588615,Latih,6845.727303684982,6884.356042433417
4,2023-10-24,6806.76,6763.519856559359,Latih,6762.026755968057,6860.3481422353125
4,2023-10-25,6834.39,6807.691595832734,Latih,6805.894119600085,6846.754558546575
4,2023-10-26,6714.52,6833.557475066812,Latih,6831.12683958295,6862.357843685781
4,2023-10-27,6758.79,6739.116399892589,Latih,6737.715527292509,6846.978961892756
4,2023-10-30,6735.89,6760.001372914932,Latih,6758.680627745412,6832.23383403662
4,2023-10-31,6752.21,6740.807621308883,Latih,6740.396590084752,6830.896566947729
4,2023-11-01,6642.42,6752.637444857082,Latih,6751.198163319251,6832.693086512119
4,2023-11-02,6751.39,6666.379903878581,Latih,6665.749711591761,6807.17517596486
4,2023-11-03,6788.85,6754.864956399522,Latih,6754.114385511599,6823.375447952777
4,2023-11-06,6878.84,6789.2423260504265,Latih,6787.478876180674,6843.251808216603
4,2023-11-07,6843.79,6879.166039567625,Latih,6876.610830363071,6869.125314940845
4,2023-11-08,6804.11,6849.0767543906295,Latih,6847.548179506096,6898.211391242185
4,2023-11-09,6838.23,6811.06935874763,Latih,6809.840841569332,6872.496226042545
4,2023-11-10,6809.26,6837.533595193059,Latih,6835.100296551616,6862.026914036308
4,2023-11-13,6838.31,6813.992988655,Latih,6812.848735851077,6871.11629672054
4,2023-11-14,6862.06,6837.4461505431245,Latih,6834.974714450867,6864.449042929446
4,2023-11-15,6958.21,6860.551731582914,Latih,6857.731034008894,6883.607048755324
4,2023-11-16,6958.01,6957.163357754394,Latih,6953.615799151704,6917.368052561324
4,2023-11-17,6977.67,6954.204434545085,Latih,6952.074348029539,6962.18971863632
4,2023-11-20,6994.89,6973.734817026305,Latih,6969.373159592198,6966.733401598381
4,2023-11-21,6961.79,6990.533472081472,Latih,6985.928898477603,6979.9693464941265
4,2023-11-22,6906.95,6964.451902939127,Latih,6961.886894348905,6980.198171199012
4,2023-11-23,7004.34,6914.972710379402,Latih,6912.635414690415,6951.817314539
4,2023-11-24,7009.63,7002.418963379911,Latih,6998.27752063637,6949.19640549545
4,2023-11-27,7013.41,7004.5908071721105,Latih,7001.22762698417,6995.891590001633
4,2023-11-28,7041.07,7008.246417576125,Latih,7005.183682932904,6999.251745049407
4,2023-11-29,7036.09,7036.139140721614,Latih,7031.00731362825,7007.53956901317
4,2023-11-30,7080.74,7031.754187122637,Latih,7028.864273307377,7019.272665643744
4,2023-12-01,7059.91,7075.578074060737,Latih,7070.052203068792,7027.479896770769
4,2023-12-04,7093.6,7058.272824379263,Latih,7054.9758352923955,7043.403045234735
4,2023-12-05,7100.85,7087.824461995424,Latih,7082.050270950854,7041.628761743362
4,2023-12-06,7087.4,7094.0655588615555,Latih,7089.532761232914,7059.060343346653
4,2023-12-07,7134.62,7083.774859404623,Latih,7080.320718164503,7059.271275769529
4,2023-12-08,7159.6,7128.473554824655,Latih,7122.2621922422095,7063.557925241051
4,2023-12-11,7088.79,7152.230471812554,Latih,7145.529812200137,7080.7121764732
4,2023-12-12,7125.31,7096.539244417014,Latih,7092.373548840345,7087.015120649398
4,2023-12-13,7075.34,7118.99809185869,Latih,7112.830063762728,7062.584864343462
4,2023-12-14,7176.02,7079.202088556349,Latih,7075.411303513109,7067.841161733923
4,2023-12-15,7190.99,7170.801419454883,Latih,7164.440196082661,7058.64820031887
4,2023-12-18,7119.52,7182.670311266255,Latih,7175.713574831556,7095.647164194645
4,2023-12-19,7187.85,7126.817794773643,Latih,7122.367994580333,7101.963656861844
4,2023-12-20,7219.67,7181.338473916125,Latih,7174.585792235206,7074.825719115793
4,2023-12-21,7209.62,7211.33276452072,Latih,7203.897125127389,7099.696818497243
4,2023-12-22,7237.52,7203.001735349967,Latih,7198.4910186589495,7111.55381659514
4,2023-12-26,7237.52,7228.700430342035,Latih,7221.002767269687,7107.53544793016
4,2023-12-27,7245.92,7228.375266558009,Latih,7223.736201185064,7117.83431785113
4,2023-12-28,7303.89,7236.295859190303,Latih,7230.334368014413,7117.741391750638
4,2023-12-29,7272.8,7294.737895665253,Latih,7286.392749173725,7120.200908273522
4,2024-01-02,7323.59,7269.1658428657865,Latih,7263.830891831002,7141.943547316856
4,2024-01-03,7279.09,7313.812102522937,Latih,7305.157047227706,7129.905402791565
4,2024-01-04,7359.76,7278.001837741219,Latih,7272.447008142553,7149.145914790698
4,2024-01-05,7350.62,7350.242288335652,Latih,7341.33322469005,7131.827168330019
4,2024-01-08,7283.58,7341.147527624458,Latih,7335.381041637748,7161.7064001847
4,2024-01-09,7200.2,7286.886803689086,Latih,7281.016894106948,7159.074011122057
4,2024-01-10,7227.3,7208.335341878012,Latih,7203.015542399957,7135.249455102748
4,2024-01-11,7219.96,7218.657068413571,Latih,7211.087133481577,7104.171233506265
4,2024-01-12,7241.14,7212.607046639994,Latih,7208.036395975426,7114.2559648729
4,2024-01-15,7224.0,7232.028705066519,Latih,7224.234651203232,7111.31221907622
4,2024-01-16,7242.79,7218.518377372102,Latih,7213.79191906102,7119.320101223056
4,2024-01-17,7200.63,7233.567855013686,Latih,7225.734655319528,7112.785281345908
4,2024-01-18,7252.97,7200.564351476504,Latih,7195.7430020166175,7120.187670053308
4,2024-01-19,7227.4,7244.64353955992,Latih,7236.9228647375885,7104.045987532201
4,2024-01-22,7247.93,7223.529353994207,Latih,7218.669737804012,7123.649361215894
4,2024-01-23,7256.23,7238.662811595279,Latih,7230.775262801724,7113.983495410745
4,2024-01-24,7227.82,7246.398017432768,Latih,7240.374834082205,7121.470070924823
4,2024-01-25,7178.04,7224.505879582242,Latih,7219.607789814548,7124.848092398708
4,2024-01-26,7137.09,7179.917175155949,Latih,7175.205971825193,7114.911567044322
4,2024-01-29,7157.17,7137.988577315873,Latih,7133.7528639651,7096.988981921734
4,2024-01-30,7192.22,7149.688319836922,Latih,7142.983523280687,7081.650797313511
4,2024-01-31,7207.94,7184.532866796327,Latih,7177.479636147093,7088.675327915013
4,2024-02-01,7201.7,7199.308582180812,Latih,7192.049952271057,7101.439661215605
4,2024-02-02,7238.79,7194.47466675408,Latih,7190.081490979267,7107.311484134259
4,2024-02-05,7198.62,7230.245889128523,Latih,7222.59900704153,7104.597855837407
4,2024-02-06,7247.41,7198.196933665348,Latih,7193.417832744194,7118.73337916619
4,2024-02-07,7235.15,7239.077643636543,Latih,7231.403767991143,7103.365563697877
4,2024-02-12,7297.67,7228.486964041072,Latih,7223.719911968784,7121.511285227602
4,2024-02-13,7209.74,7288.790056403959,Latih,7280.5596583915585,7116.29413366801
4,2024-02-15,7303.28,7218.598840929345,Latih,7213.137816531733,7140.345032225914
4,2024-02-16,7335.54,7295.303674444044,Latih,7287.226912182653,7106.852335082355
4,2024-02-19,7296.7,7324.918865859597,Latih,7315.9721043134605,7141.024473536081
4,2024-02-20,7352.6,7294.1530869449025,Latih,7288.5088993597865,7153.362339640924
4,2024-02-21,7349.02,7342.4139495504805,Latih,7333.417182695955,7138.406822335786
4,2024-02-22,7339.64,7338.472786599487,Latih,7332.788367235749,7159.081095638344
4,2024-02-23,7295.1,7330.423483302682,Latih,7324.752664141743,7157.863282802174
4,2024-02-26,7283.82,7293.716225677813,Latih,7288.017171875322,7154.893474259445
4,2024-02-27,7285.32,7276.039375017964,Latih,7270.847045121274,7138.576954150266
4,2024-02-28,7328.64,7274.970802429996,Latih,7269.920679977022,7134.396572423047
4,2024-02-29,7316.11,7318.517617555944,Latih,7309.741763501253,7134.471089123554
4,2024-03-01,7311.91,7307.965721808758,Latih,7302.467982034768,7150.600619372197
4,2024-03-04,7276.75,7302.18966913947,Latih,7296.830982389534,7146.021849955388
4,2024-03-05,7247.46,7273.84974236735,Latih,7268.4299322725155,7144.860351266928
4,2024-03-06,7329.8,7243.948481286842,Latih,7238.8632465232195,7132.205543553895
4,2024-03-07,7373.96,7320.931214002459,Latih,7312.425864361611,7120.48284099466
4,2024-03-08,7381.91,7362.9661312986345,Latih,7353.604330864044,7150.388962984152
4,2024-03-13,7421.21,7369.57386481056,Latih,7362.608130523058,7166.602007786105
4,2024-03-14,7433.31,7409.119996706345,Latih,7399.104972843028,7169.101962934802
4,2024-03-15,7328.05,7420.090085761646,Latih,7411.797530168393,7183.475153685879
4,2024-03-18,7302.45,7338.110235185713,Latih,7331.374980380624,7189.1058962035895
4,2024-03-19,7336.75,7297.162403301085,Latih,7291.628154997909,7150.5339628649435
4,2024-03-20,7331.13,7326.171635871022,Latih,7317.223943512527,7140.704687779016
4,2024-03-21,7338.35,7321.327481508342,Latih,7315.778960748998,7153.428168759414
4,2024-03-22,7350.15,7326.853973041861,Latih,7320.401685193864,7151.273751843043
4,2024-03-25,7377.76,7338.569642796606,Latih,7331.017393299429,7153.808405608007
4,2024-03-26,7365.66,7366.149406142327,Latih,7356.616698216291,7157.858783875772
4,2024-03-27,7310.09,7356.490728277059,Latih,7350.55297281632,7168.184440507958
4,2024-03-28,7288.81,7310.614451799479,Latih,7304.646186378088,7164.332583831618
4,2024-04-01,7205.06,7282.9224221409195,Latih,7277.563269984805,7144.055095152922
4,2024-04-02,7236.98,7213.176755515412,Latih,7207.80870893009,7137.126283088988
4,2024-04-03,7166.84,7228.302663194017,Latih,7220.641508650855,7105.858175771299
4,2024-04-04,7254.4,7172.976262531351,Latih,7168.117525441716,7118.416747828785
4,2024-04-05,7286.88,7247.197533537228,Latih,7239.715870643932,7091.557122978033
4,2024-04-16,7164.81,7277.231228531681,Latih,7268.9219183159685,7123.5193577564405
4,2024-04-17,7130.84,7181.306309177947,Latih,7175.832925660681,7136.859036518401
4,2024-04-18,7166.81,7130.4696819282235,Latih,7126.375245208805,7092.174458419146
4,2024-04-19,7087.32,7159.656906505892,Latih,7152.942594978877,7079.237045731604
4,2024-04-22,7073.82,7096.822314797701,Latih,7092.564106814922,7090.0329177404055
4,2024-04-23,7110.81,7070.462225912867,Latih,7067.129452261983,7049.754443365391
4,2024-04-24,7174.53,7104.801031490627,Latih,7098.826043535532,7052.179054424819
4,2024-04-25,7155.29,7168.13169447429,Latih,7161.519410324166,7071.757916716396
4,2024-04-26,7036.08,7151.528380734988,Latih,7147.393763948746,7095.492028801502
4,2024-04-29,7155.78,7054.448530091104,Latih,7050.166534681376,7072.5716018534295
4,2024-04-30,7234.2,7151.585212000677,Latih,7145.627650921411,7044.37982938176
4,2024-05-01,7234.2,7227.0991228140165,Latih,7219.814637005405,7087.697923226417
4,2024-05-02,7117.42,7225.118250690775,Latih,7220.509023025112,7116.64546362168
4,2024-05-03,7134.72,7133.763361460036,Latih,7128.7801540733035,7117.937172616784
4,2024-05-06,7135.89,7127.592592638795,Latih,7121.161041221683,7074.638212137281
4,2024-05-07,7123.61,7128.439580173557,Latih,7124.72791418082,7081.011329222977
4,2024-05-08,7088.79,7119.065730890099,Latih,7115.300543186728,7081.579073050081
4,2024-05-13,7099.26,7089.386003151,Latih,7085.658927042545,7070.220162987767
4,2024-05-14,7083.76,7092.61256076938,Latih,7087.386463068784,7056.440727098045
4,2024-05-15,7179.83,7080.6112867558595,Latih,7077.164902285396,7057.670743918476
4,2024-05-16,7246.7,7174.384995324682,Latih,7167.940360822748,7061.714192805348
4,2024-05-17,7317.24,7238.973392652351,Latih,7231.4408970619015,7096.437372175516
4,2024-05-20,7266.69,7308.234312886086,Latih,7299.806686077203,7120.341202380721
4,2024-05-21,7186.04,7267.039350320182,Latih,7261.522270333848,7146.939062111445
4,2024-05-22,7222.38,7193.901182917429,Latih,7188.7418451476815,7129.1713538230115
4,2024-05-27,7176.42,7214.136836751774,Latih,7206.6988703275465,7098.998709228101
4,2024-05-28,7253.63,7177.568632150959,Latih,7172.918500453304,7112.921386797491
4,2024-05-29,7140.23,7246.104242709954,Latih,7238.556854121763,7095.101966711344
4,2024-05-30,7034.14,7155.469181703397,Latih,7150.322203053303,7124.857193675106
4,2024-05-31,6970.74,7049.937606552895,Latih,7045.832982609328,7065.086215710698
4,2024-06-03,7036.19,6979.254663593817,Latih,6976.239891642976,7000.625287964394
4,2024-06-04,7099.31,7032.592280228192,Latih,7027.800768475586,6986.476422991801
4,2024-06-05,6947.67,7094.3840518236775,Latih,7088.750672004283,7031.9064783669055
4,2024-06-06,6974.9,6974.160482689189,Latih,6970.27759893422,7025.595932556444
4,2024-06-07,6897.95,6971.2673885983695,Latih,6966.997338613914,6961.254846901343
4,2024-06-10,6921.55,6910.537854895631,Latih,6908.011992136279,6955.812412895009
4,2024-06-11,6855.69,6918.8568610734155,Latih,6915.257538961212,6925.469636485618
4,2024-06-12,6850.1,6866.874895072018,Latih,6864.863874970709,6920.94896527354
4,2024-06-13,6831.56,6849.411691704425,Latih,6848.185475701126,6888.8966226876155
4,2024-06-14,6734.83,6833.797159249218,Latih,6832.579682539732,6881.915168013609
4,2024-06-19,6726.92,6754.442070245765,Latih,6753.140742856285,6850.448668383989
4,2024-06-20,6819.32,6729.028320187051,Latih,6728.880553725083,6826.3451013601125
4,2024-06-21,6879.98,6820.905459790855,Latih,6819.145784882336,6848.3891943282215
4,2024-06-24,6889.17,6879.323863974249,Latih,6876.539106099642,6878.971887623107
4,2024-06-25,6882.7,6886.647650749124,Latih,6883.406174277104,6909.446710107962
4,2024-06-26,6905.64,6881.568517977632,Latih,6880.038650298155,6912.209257765452
4,2024-06-27,6967.95,6903.240777264276,Latih,6899.844630805293,6914.600618138949
4,2024-06-28,7063.58,6965.602981700347,Latih,6961.680512564228,6940.002099573655
4,2024-07-01,7139.63,7060.42641390687,Latih,7055.497814178523,6991.634674813797
4,2024-07-02,7125.14,7134.3273303259075,Latih,7128.26148474223,7054.198038142976
4,2024-07-03,7196.75,7121.0059575403375,Latih,7117.2001243639625,7082.942713155806
4,2024-07-04,7220.89,7190.169142476392,Latih,7183.324206948351,7076.801833753645
4,2024-07-05,7253.37,7212.27728050597,Latih,7204.769503154828,7102.968623938623
4,2024-07-08,7250.98,7244.385859671909,Latih,7236.514600094634,7111.520255638424
4,2024-07-09,7269.8,7242.055105525334,Latih,7237.2660242272195,7123.5362158024955
4,2024-07-10,7287.04,7260.043157783827,Latih,7251.857180205663,7122.445820835893
4,2024-07-11,7300.41,7276.8895169723855,Latih,7268.655912828527,7129.202225766247
4,2024-07-12,7327.58,7289.867730268324,Latih,7282.374328796946,7135.418294122285
4,2024-07-15,7278.86,7316.950232967225,Latih,7308.070231351939,7140.053067416019
4,2024-07-16,7224.29,7278.615036238514,Latih,7273.010770161234,7150.62135580308
4,2024-07-17,7224.22,7226.242361749487,Latih,7221.057168080883,7133.240710320539
4,2024-07-18,7321.07,7215.341359655932,Latih,7210.820972858742,7113.097775739495
4,2024-07-19,7294.5,7312.849073714105,Latih,7304.56401633152,7112.000709950987
4,2024-07-22,7321.98,7289.555959839905,Latih,7284.081231815898,7148.045280888148
4,2024-07-23,7313.86,7311.471471422997,Latih,7302.666865608778,7137.93345253951
4,2024-07-24,7262.76,7304.881837040271,Latih,7299.457993425216,7148.167062171765
4,2024-07-25,7240.28,7263.293244270167,Latih,7257.804709196171,7145.734901189871
4,2024-07-26,7288.17,7235.551002456027,Latih,7230.613301451283,7127.120722484653
4,2024-07-29,7288.9,7278.999772013508,Latih,7270.786542317949,7118.29289807326
4,2024-07-30,7241.86,7278.636031228387,Latih,7273.544229066454,7135.962664216822
4,2024-07-31,7255.76,7241.982605584938,Latih,7236.73122081526,7136.7524585033125
4,2024-08-01,7325.98,7246.120583638031,Latih,7238.873330323774,7119.234569909637
4,2024-08-02,7308.12,7316.790443512288,Latih,7308.246361734953,7123.5889101243665
4,2024-08-05,7059.65,7301.186511975612,Latih,7295.695546447123,7149.707091219492
4,2024-08-06,7129.21,7103.263122626605,Latih,7097.194070911469,7145.862629330225
4,2024-08-07,7212.13,7123.901663076942,Latih,7117.924554938141,7049.906424338874
4,2024-08-08,7195.12,7205.614060235097,Latih,7198.65096324928,7078.134136509954
4,2024-08-13,7356.64,7288.03465046295,Uji,7279.644462995611,7124.360191587274
4,2024-08-14,7436.04,7346.4756009901475,Uji,7337.448686157554,7138.705457967586
4,2024-08-15,7409.5,7424.967749369244,Uji,7415.052322428325,7159.60990048177
4,2024-08-16,7432.09,7402.369538632728,Uji,7395.861970872975,7189.212732777668
4,2024-08-19,7466.83,7419.237461640933,Uji,7408.957931932308,7179.16606129415
4,2024-08-20,7533.98,7453.685999653442,Uji,7443.041126093966,7187.120576865745
4,2024-08-21,7554.59,7520.564350519291,Uji,7509.279181480517,7199.201590471341
4,2024-08-22,7488.68,7539.24275527727,Uji,7528.100621070973,7223.761074559765
4,2024-08-23,7544.3,7487.873496511089,Uji,7480.174540643798,7232.097947163659
4,2024-08-26,7606.19,7530.302302570455,Uji,7518.798082356563,7207.153003335074
4,2024-08-27,7597.88,7591.169984340786,Uji,7578.902601416228,7226.999784450607
4,2024-08-28,7658.88,7583.554491315006,Uji,7575.576602010844,7249.937431427319
4,2024-08-29,7627.6,7642.785701534873,Uji,7629.82320862544,7246.195307185729
4,2024-08-30,7670.73,7617.276478569629,Uji,7608.751581869246,7269.058437461934
4,2024-09-02,7694.53,7653.816241681702,Uji,7640.567885954504,7257.034823951801
4,2024-09-03,7616.52,7676.511722309719,Uji,7663.534956944116,7272.692432334505
4,2024-09-04,7672.9,7615.6947181011465,Uji,7606.699761159541,7282.340716128432
4,2024-09-05,7681.04,7656.37659621013,Uji,7643.197017173892,7252.920840172847
4,2024-09-06,7721.85,7662.776861989625,Uji,7653.343699274189,7273.642636617504
4,2024-09-09,7702.74,7703.846371734275,Uji,7689.913041534554,7276.19601005324
4,2024-09-10,7761.39,7688.573085432183,Uji,7679.521245513091,7291.4718302334195
4,2024-09-11,7760.96,7743.185811574595,Uji,7728.865987398759,7283.768892557704
4,2024-09-12,7798.15,7741.97647947325,Uji,7732.629261765615,7305.42346640953
4,2024-09-13,7812.13,7778.514484384201,Uji,7763.557364013333,7304.853343839731
4,2024-09-17,7831.78,7791.45784392848,Uji,7779.680792269847,7318.4268633509555
4,2024-09-18,7829.13,7810.903444917347,Uji,7797.723762457514,7323.3700975180545
4,2024-09-19,7905.39,7809.295001161243,Uji,7799.308522210264,7330.652825125544
4,2024-09-20,7743.0,7884.905923307095,Uji,7868.83296576515,7328.8311736274645
4,2024-09-23,7775.73,7756.547933256764,Uji,7745.388217039245,7358.777579107376
4,2024-09-24,7778.49,7756.393211558003,Uji,7741.6968220712115,7298.471694307412
4,2024-09-25,7740.9,7758.5398717047165,Uji,7749.074233980316,7310.522973629322
4,2024-09-26,7744.52,7729.682620108262,Uji,7720.062881226673,7311.957510609713
4,2024-09-27,7696.92,7725.0431410409365,Uji,7715.893152129784,7298.041762421216
4,2024-09-30,7527.93,7688.526027696263,Uji,7679.179327106605,7299.904473086681
4,2024-10-01,7642.13,7546.867246155853,Uji,7537.559536261671,7284.202754540526
4,2024-10-02,7563.26,7628.108548836832,Uji,7615.754393515708,7220.559493739681
4,2024-10-03,7543.83,7563.615249505158,Uji,7555.088387756462,7263.587122416577
4,2024-10-04,7496.09,7532.739479596727,Uji,7525.11167916309,7234.688294534761
4,2024-10-07,7504.13,7491.5315890813945,Uji,7483.9875617600555,7228.044052493648
4,2024-10-08,7557.14,7489.372621526825,Uji,7481.396076729404,7210.332658352926
4,2024-10-09,7501.29,7542.802388584727,Uji,7531.111075086706,7212.714193484858
4,2024-10-10,7480.08,7498.244918084252,Uji,7490.555373764145,7232.899790299016
4,2024-10-11,7520.6,7470.551905901537,Uji,7463.4753532315335,7212.518154059723
4,2024-10-14,7559.65,7506.578584556689,Uji,7495.273351340402,7204.240594887808
4,2024-10-15,7626.95,7544.805910475367,Uji,7532.979732608907,7218.766076883153
4,2024-10-16,7648.94,7611.695327665927,Uji,7599.1960690404185,7232.4363491679005
4,2024-10-17,7735.04,7631.766744830732,Uji,7619.556658578042,7257.035961611351
4,2024-10-18,7760.06,7718.25648470892,Uji,7704.482116575373,7264.200889743647
4,2024-10-21,7772.6,7740.7818335224565,Uji,7727.006120882169,7295.706664483631
4,2024-10-22,7788.98,7752.664790942807,Uji,7741.524104666846,7304.803700513925
4,2024-10-23,7787.56,7768.845515871188,Uji,7756.730062208314,7309.251535658923
4,2024-10-24,7716.55,7768.268929326674,Uji,7758.670599129338,7315.313657993165
4,2024-10-25,7694.66,7712.4367355705635,Uji,7702.628352050913,7315.574957707015
4,2024-10-28,7634.63,7681.198672807346,Uji,7672.185823583732,7289.604775776947
4,2024-10-29,7606.6,7629.887744948987,Uji,7620.949050443294,7282.1883731723665
4,2024-10-30,7569.85,7596.028721430421,Uji,7587.732080605148,7260.339207825741
4,2024-10-31,7574.02,7561.7088423706255,Uji,7553.635906782265,7250.398855798324
4,2024-11-01,7505.26,7557.749580290432,Uji,7550.054968214149,7236.787069556791
4,2024-11-04,7479.5,7504.705479819883,Uji,7496.823050494302,7239.086848336536
4,2024-11-05,7491.93,7470.887308621512,Uji,7463.760388660535,7213.990026958064
4,2024-11-06,7383.87,7477.558130526648,Uji,7468.717688436613,7204.343656500651
4,2024-11-07,7243.86,7393.428361960745,Uji,7386.157424643135,7210.12715566881
4,2024-11-08,7287.19,7262.423244985423,Uji,7256.020910734018,7171.7870980311145
4,2024-11-11,7266.46,7277.89003683456,Uji,7269.656174131713,7119.62520082957
4,2024-11-12,7321.99,7260.886835763535,Uji,7255.735099628051,7135.84915682084
4,2024-11-13,7308.67,7312.3989742267995,Uji,7303.799509114113,7127.58276739723
4,2024-11-14,7214.56,7300.823805426444,Uji,7295.383155477131,7148.228185516663
4,2024-11-15,7161.26,7224.55572975524,Uji,7218.976026781873,7144.352231142588
4,2024-11-18,7134.28,7164.154953806469,Uji,7159.551672997543,7110.202483897272
4,2024-11-19,7195.71,7132.455156401461,Uji,7128.414965357845,7090.825969870151
4,2024-11-20,7180.33,7188.816672118975,Uji,7181.910923516822,7080.187250014603
4,2024-11-21,7140.91,7175.326512025666,Uji,7171.013903231691,7103.03336710936
4,2024-11-22,7195.56,7141.432014213867,Uji,7137.180632188386,7097.792066140237
4,2024-11-25,7314.11,7188.4479670012715,Uji,7181.494488409829,7082.636269042551
4,2024-11-26,7245.89,7306.737204630461,Uji,7298.701760095442,7101.498250682416
4,2024-11-28,7200.16,7250.145933395704,Uji,7244.600308497031,7146.013782914944
4,2024-11-29,7114.27,7200.812878376319,Uji,7195.952176238371,7121.337171604698
4,2024-12-02,7046.99,7124.533477821415,Uji,7119.955018675391,7105.4066800654555
4,2024-12-03,7196.02,7054.830163158234,Uji,7051.083074584063,7056.002676459608
4,2024-12-04,7326.76,7191.986553607059,Uji,7185.717842640948,7047.96200903302
4,2024-12-05,7313.31,7319.534995464173,Uji,7311.423638010111,7101.5281401014945
4,2024-12-06,7382.79,7305.401592319097,Uji,7299.917763018693,7149.937622413703
4,2024-12-09,7437.73,7372.449506169651,Uji,7363.157309814784,7144.20423197753
4,2024-12-10,7453.29,7425.824045027594,Uji,7415.70761432896,7169.244118666718
4,2024-12-11,7464.75,7439.786902663809,Uji,7430.573566800456,7189.352251207901
4,2024-12-12,7394.24,7450.885702383621,Uji,7442.478294887645,7194.969238387419
4,2024-12-13,7324.79,7396.13831871996,Uji,7389.231897864437,7199.979439332558
4,2024-12-16,7258.63,7327.79445550689,Uji,7321.524865440218,7174.719880926679
4,2024-12-17,7157.73,7262.234910618147,Uji,7256.599927733025,7149.8152205885135
4,2024-12-18,7107.88,7170.152850087951,Uji,7165.000958817074,7126.50928218848
4,2024-12-19,6977.24,7111.101286653343,Uji,7107.019519324365,7089.814900801242
4,2024-12-20,6983.87,6998.9959009302165,Uji,6995.103372924973,7036.56953801399
4,2024-12-23,7096.44,6979.385520297933,Uji,6975.937377626347,6977.169488774585
4,2024-12-24,7065.75,7093.188837043108,Uji,7087.954724013865,7006.814155914834
4,2024-12-27,7036.57,7065.961851581393,Uji,7062.49214509016,7052.106968178805
4,2024-12-30,7079.9,7037.035047617013,Uji,7033.845877628381,7030.902959220463
4,2025-01-02,7163.21,7074.711487754642,Uji,7069.186961269437,7027.505752669626
4,2025-01-03,7164.43,7157.6771720422,Uji,7151.356335583992,7060.473161372003
4,2025-01-06,7080.47,7156.42859068639,Uji,7152.461158142158,7091.212308710874
4,2025-01-07,7083.28,7090.990671945871,Uji,7086.739393343985,7087.306671764911
4,2025-01-08,7080.35,7076.698823852598,Uji,7073.282121954023,7048.789087525662
4,2025-01-09,7064.59,7074.767439919769,Uji,7071.50489089018,7049.409318827446
4,2025-01-10,7088.87,7061.856451960859,Uji,7058.579113357124,7044.324859740789
4,2025-01-13,7016.88,7082.880400439561,Uji,7077.099176590502,7042.69707577234
4,2025-01-14,6956.67,7026.227230182939,Uji,7022.693297638946,7037.047923854644
4,2025-01-15,7079.56,6964.817376069473,Uji,6961.967926735923,6989.252312293102
4,2025-01-16,7107.52,7076.981221979915,Uji,7072.043314127981,6990.139841877271
4,2025-01-17,7154.66,7101.280802573027,Uji,7095.2828028679505,7054.081686598119
4,2025-01-20,7170.74,7148.113437037535,Uji,7141.639637081689,7070.763240287362
4,2025-01-21,7181.82,7162.858280478785,Uji,7155.946947002479,7087.986371634067
4,2025-01-22,7257.13,7173.554865835975,Uji,7167.525580493281,7093.799553374113
4,2025-01-23,7232.64,7249.472645789464,Uji,7241.865633498508,7097.056569241347
4,2025-01-24,7166.06,7228.455419844466,Uji,7223.561673867778,7125.127025835579
4,2025-01-30,7073.48,7171.50351053245,Uji,7166.695037310193,7116.823300494019
4,2025-01-31,7109.2,7085.846485732854,Uji,7081.5530620158315,7086.418676774562
4,2025-02-03,7030.06,7103.181417986217,Uji,7097.2181686092035,7051.640682898816
4,2025-02-04,7073.46,7040.578391708191,Uji,7036.838853056485,7049.643624982889
4,2025-02-05,7024.23,7068.401665909349,Uji,7062.961688213406,7022.948909055047
4,2025-02-06,6875.54,7028.914071768576,Uji,7025.591433630043,7031.590312435681
4,2025-02-07,6742.58,6902.811698622742,Uji,6899.612910239735,6973.546896353411
4,2025-02-10,6648.14,6769.246162479245,Uji,6767.433612257563,6872.800032854116
4,2025-02-11,6531.99,6668.940536357921,Uji,6668.44601643638,6807.64846819344
4,2025-02-12,6645.78,6560.265147313363,Uji,6561.942319280616,6769.758846169733
4,2025-02-13,6613.57,6687.4194305363435,Uji,6682.881229024841,6786.529059736158
4,2025-02-14,6638.46,6622.657229856557,Uji,6623.231722073263,6789.672490639712
4,2025-02-17,6830.88,6663.170824847828,Uji,6662.423233852248,6792.677256357696
4,2025-02-18,6873.55,6827.448889682323,Uji,6824.0049615222515,6842.616994187863
4,2025-02-19,6794.87,6872.432801522647,Uji,6869.600417082344,6882.849832901395
4,2025-02-20,6788.04,6809.756085932879,Uji,6808.13530891302,6884.204526866115
4,2025-02-21,6803.0,6788.774799687292,Uji,6788.091066297914,6847.291973404321
4,2025-02-24,6749.6,6802.375545460013,Uji,6800.262472125914,6850.319828439983
4,2025-02-25,6587.09,6760.319852949105,Uji,6759.41388810905,6840.604655435713
4,2025-02-26,6606.18,6622.577496728456,Uji,6621.8019102583885,6793.258548675802
4,2025-02-27,6485.45,6654.3405182701445,Uji,6653.821687339703,6782.1243263745555
4,2025-02-28,6270.6,6555.236420616692,Uji,6557.147596548571,6754.174254845402
4,2025-03-03,6519.66,6705.894194234924,Uji,6708.833583312647,6689.338054583087
4,2025-03-04,6380.4,6928.045918247742,Uji,6919.324309868854,6729.883594537396
4,2025-03-05,6531.4,6671.4072214287635,Uji,6673.648669300687,6719.791002977508
4,2025-03-06,6617.85,6817.559654766946,Uji,6811.579935182361,6743.494837805053
4,2025-03-07,6636.0,6677.458678204728,Uji,6673.648598196965,6779.57502524289
4,2025-03-10,6598.21,6657.29887264968,Uji,6656.664556346993,6792.487215501096
4,2025-03-11,6545.85,6615.16371849761,Uji,6616.012218602454,6784.926071574713
4,2025-03-12,6665.04,6599.905945734832,Uji,6600.919219019119,6768.312014709436
4,2025-03-13,6647.42,6696.657458783105,Uji,6691.817867986574,6792.636378181603
4,2025-03-14,6515.63,6652.965540352771,Uji,6653.413732967536,6799.908996132639
4,2025-03-17,6471.95,6548.911495694479,Uji,6550.754914627409,6765.649025190495
4,2025-03-18,6223.39,6679.0632047921545,Uji,6678.066214260173,6742.006391275545
4,2025-03-19,6311.66,6718.61768814327,Uji,6721.874070540983,6676.362349309337
4,2025-03-20,6381.67,6941.363645351572,Uji,6936.085267023487,6673.911597936166
4,2025-03-21,6258.18,6862.745294330154,Uji,6858.291667463813,6699.812330921904
4,2025-03-24,6161.22,6798.550734053877,Uji,6797.488806431916,6676.146219850791
4,2025-03-25,6235.62,6902.4780282479915,Uji,6899.9728760636235,6640.154084676512
4,2025-03-26,6472.36,6992.233032025148,Uji,6986.982526356031,6649.068035086999
4,2025-03-27,6510.62,6955.9068903494335,Uji,6947.303805410906,6714.790084300058
